phase	design	scenario	temperature	aggregation	method	repetitions	n_perm	rejection_rate	wilson_low	wilson_high	median_p_value	mean_profile_weight	sd_profile_weight	total_rooms	minimum_rooms	maximum_rooms	size_cv	mean_positive_probability	mean_radius_product	mean_dyad_product	covariate_center_correlation	scale_ratio
seed1	balanced	conditional_null	0.0	building_equal	profile	300	199	0.03333333333333333	0.01820494733885481	0.06026182580405482	0.515	0.4999999999999999	5.551115123125783e-17	72.0	12.0	12.0	0.0	0.5005092592592593	-0.0036141886584853933	-0.004993862077028639	0.8989859030451303	1.8048711320065514
seed1	balanced	conditional_null	0.0	building_equal	mantel	300	199	0.03	0.01586185380943231	0.05602253914164096	0.52	0.4999999999999999	5.551115123125783e-17	72.0	12.0	12.0	0.0	0.5005092592592593	-0.0036141886584853933	-0.004993862077028639	0.8989859030451303	1.8048711320065514
seed1	balanced	conditional_null	0.0	building_equal	nested_max	300	199	0.03333333333333333	0.01820494733885481	0.06026182580405482	0.5125	0.4999999999999999	5.551115123125783e-17	72.0	12.0	12.0	0.0	0.5005092592592593	-0.0036141886584853933	-0.004993862077028639	0.8989859030451303	1.8048711320065514
seed1	balanced	conditional_null	0.0	building_equal	standardized_max	300	199	0.03	0.01586185380943231	0.05602253914164096	0.5225	0.4999999999999999	5.551115123125783e-17	72.0	12.0	12.0	0.0	0.5005092592592593	-0.0036141886584853933	-0.004993862077028639	0.8989859030451303	1.8048711320065514
seed1	balanced	conditional_null	0.0	building_equal	cv_retrained	300	199	0.04666666666666667	0.027998933682334012	0.07679736022792105	0.4825	0.4999999999999999	5.551115123125783e-17	72.0	12.0	12.0	0.0	0.5005092592592593	-0.0036141886584853933	-0.004993862077028639	0.8989859030451303	1.8048711320065514
seed1	balanced	conditional_null	0.0	building_equal	cv_standardized	300	199	0.04666666666666667	0.027998933682334012	0.07679736022792105	0.48	0.4999999999999999	5.551115123125783e-17	72.0	12.0	12.0	0.0	0.5005092592592593	-0.0036141886584853933	-0.004993862077028639	0.8989859030451303	1.8048711320065514
seed1	balanced	conditional_null	0.0	sqrt_rooms	profile	300	199	0.03333333333333333	0.01820494733885481	0.06026182580405482	0.515	0.5000000000000001	0.0	72.0	12.0	12.0	0.0	0.5005092592592593	-0.0036141886584853933	-0.004993862077028639	0.8989859030451303	1.8048711320065514
seed1	balanced	conditional_null	0.0	sqrt_rooms	mantel	300	199	0.03	0.01586185380943231	0.05602253914164096	0.52	0.5000000000000001	0.0	72.0	12.0	12.0	0.0	0.5005092592592593	-0.0036141886584853933	-0.004993862077028639	0.8989859030451303	1.8048711320065514
seed1	balanced	conditional_null	0.0	sqrt_rooms	nested_max	300	199	0.03333333333333333	0.01820494733885481	0.06026182580405482	0.5125	0.5000000000000001	0.0	72.0	12.0	12.0	0.0	0.5005092592592593	-0.0036141886584853933	-0.004993862077028639	0.8989859030451303	1.8048711320065514
seed1	balanced	conditional_null	0.0	sqrt_rooms	standardized_max	300	199	0.03	0.01586185380943231	0.05602253914164096	0.5225	0.5000000000000001	0.0	72.0	12.0	12.0	0.0	0.5005092592592593	-0.0036141886584853933	-0.004993862077028639	0.8989859030451303	1.8048711320065514
seed1	balanced	conditional_null	0.0	sqrt_rooms	cv_retrained	300	199	0.04666666666666667	0.027998933682334012	0.07679736022792105	0.4825	0.5000000000000001	0.0	72.0	12.0	12.0	0.0	0.5005092592592593	-0.0036141886584853933	-0.004993862077028639	0.8989859030451303	1.8048711320065514
seed1	balanced	conditional_null	0.0	sqrt_rooms	cv_standardized	300	199	0.04666666666666667	0.027998933682334012	0.07679736022792105	0.48	0.5000000000000001	0.0	72.0	12.0	12.0	0.0	0.5005092592592593	-0.0036141886584853933	-0.004993862077028639	0.8989859030451303	1.8048711320065514
seed1	balanced	conditional_null	0.0	room_equal	profile	300	199	0.03333333333333333	0.01820494733885481	0.06026182580405482	0.515	0.4999999999999999	5.551115123125783e-17	72.0	12.0	12.0	0.0	0.5005092592592593	-0.0036141886584853933	-0.004993862077028639	0.8989859030451303	1.8048711320065514
seed1	balanced	conditional_null	0.0	room_equal	mantel	300	199	0.03	0.01586185380943231	0.05602253914164096	0.52	0.4999999999999999	5.551115123125783e-17	72.0	12.0	12.0	0.0	0.5005092592592593	-0.0036141886584853933	-0.004993862077028639	0.8989859030451303	1.8048711320065514
seed1	balanced	conditional_null	0.0	room_equal	nested_max	300	199	0.03333333333333333	0.01820494733885481	0.06026182580405482	0.5125	0.4999999999999999	5.551115123125783e-17	72.0	12.0	12.0	0.0	0.5005092592592593	-0.0036141886584853933	-0.004993862077028639	0.8989859030451303	1.8048711320065514
seed1	balanced	conditional_null	0.0	room_equal	standardized_max	300	199	0.03	0.01586185380943231	0.05602253914164096	0.5225	0.4999999999999999	5.551115123125783e-17	72.0	12.0	12.0	0.0	0.5005092592592593	-0.0036141886584853933	-0.004993862077028639	0.8989859030451303	1.8048711320065514
seed1	balanced	conditional_null	0.0	room_equal	cv_retrained	300	199	0.04666666666666667	0.027998933682334012	0.07679736022792105	0.4825	0.4999999999999999	5.551115123125783e-17	72.0	12.0	12.0	0.0	0.5005092592592593	-0.0036141886584853933	-0.004993862077028639	0.8989859030451303	1.8048711320065514
seed1	balanced	conditional_null	0.0	room_equal	cv_standardized	300	199	0.04666666666666667	0.027998933682334012	0.07679736022792105	0.48	0.4999999999999999	5.551115123125783e-17	72.0	12.0	12.0	0.0	0.5005092592592593	-0.0036141886584853933	-0.004993862077028639	0.8989859030451303	1.8048711320065514
seed1	balanced	conditional_null	0.1	building_equal	profile	300	199	0.03333333333333333	0.01820494733885481	0.06026182580405482	0.515	0.49994034679820565	0.002956160470056034	72.0	12.0	12.0	0.0	0.5005092592592593	-0.0036141886584853933	-0.004993862077028639	0.8989859030451303	1.8048711320065514
seed1	balanced	conditional_null	0.1	building_equal	mantel	300	199	0.03	0.01586185380943231	0.05602253914164096	0.52	0.49994034679820565	0.002956160470056034	72.0	12.0	12.0	0.0	0.5005092592592593	-0.0036141886584853933	-0.004993862077028639	0.8989859030451303	1.8048711320065514
seed1	balanced	conditional_null	0.1	building_equal	nested_max	300	199	0.03333333333333333	0.01820494733885481	0.06026182580405482	0.5125	0.49994034679820565	0.002956160470056034	72.0	12.0	12.0	0.0	0.5005092592592593	-0.0036141886584853933	-0.004993862077028639	0.8989859030451303	1.8048711320065514
seed1	balanced	conditional_null	0.1	building_equal	standardized_max	300	199	0.03	0.01586185380943231	0.05602253914164096	0.5225	0.49994034679820565	0.002956160470056034	72.0	12.0	12.0	0.0	0.5005092592592593	-0.0036141886584853933	-0.004993862077028639	0.8989859030451303	1.8048711320065514
seed1	balanced	conditional_null	0.1	building_equal	cv_retrained	300	199	0.04666666666666667	0.027998933682334012	0.07679736022792105	0.48	0.49994034679820565	0.002956160470056034	72.0	12.0	12.0	0.0	0.5005092592592593	-0.0036141886584853933	-0.004993862077028639	0.8989859030451303	1.8048711320065514
seed1	balanced	conditional_null	0.1	building_equal	cv_standardized	300	199	0.04666666666666667	0.027998933682334012	0.07679736022792105	0.48	0.4999283635645591	0.012041601716744064	72.0	12.0	12.0	0.0	0.5005092592592593	-0.0036141886584853933	-0.004993862077028639	0.8989859030451303	1.8048711320065514
seed1	balanced	conditional_null	0.1	sqrt_rooms	profile	300	199	0.03333333333333333	0.01820494733885481	0.06026182580405482	0.515	0.4999403467982057	0.002956160470056041	72.0	12.0	12.0	0.0	0.5005092592592593	-0.0036141886584853933	-0.004993862077028639	0.8989859030451303	1.8048711320065514
seed1	balanced	conditional_null	0.1	sqrt_rooms	mantel	300	199	0.03	0.01586185380943231	0.05602253914164096	0.52	0.4999403467982057	0.002956160470056041	72.0	12.0	12.0	0.0	0.5005092592592593	-0.0036141886584853933	-0.004993862077028639	0.8989859030451303	1.8048711320065514
seed1	balanced	conditional_null	0.1	sqrt_rooms	nested_max	300	199	0.03333333333333333	0.01820494733885481	0.06026182580405482	0.5125	0.4999403467982057	0.002956160470056041	72.0	12.0	12.0	0.0	0.5005092592592593	-0.0036141886584853933	-0.004993862077028639	0.8989859030451303	1.8048711320065514
seed1	balanced	conditional_null	0.1	sqrt_rooms	standardized_max	300	199	0.03	0.01586185380943231	0.05602253914164096	0.5225	0.4999403467982057	0.002956160470056041	72.0	12.0	12.0	0.0	0.5005092592592593	-0.0036141886584853933	-0.004993862077028639	0.8989859030451303	1.8048711320065514
seed1	balanced	conditional_null	0.1	sqrt_rooms	cv_retrained	300	199	0.04666666666666667	0.027998933682334012	0.07679736022792105	0.48	0.4999403467982057	0.002956160470056041	72.0	12.0	12.0	0.0	0.5005092592592593	-0.0036141886584853933	-0.004993862077028639	0.8989859030451303	1.8048711320065514
seed1	balanced	conditional_null	0.1	sqrt_rooms	cv_standardized	300	199	0.04666666666666667	0.027998933682334012	0.07679736022792105	0.48	0.4999283635645592	0.012041601716744071	72.0	12.0	12.0	0.0	0.5005092592592593	-0.0036141886584853933	-0.004993862077028639	0.8989859030451303	1.8048711320065514
seed1	balanced	conditional_null	0.1	room_equal	profile	300	199	0.03333333333333333	0.01820494733885481	0.06026182580405482	0.515	0.49994034679820565	0.0029561604700560342	72.0	12.0	12.0	0.0	0.5005092592592593	-0.0036141886584853933	-0.004993862077028639	0.8989859030451303	1.8048711320065514
seed1	balanced	conditional_null	0.1	room_equal	mantel	300	199	0.03	0.01586185380943231	0.05602253914164096	0.52	0.49994034679820565	0.0029561604700560342	72.0	12.0	12.0	0.0	0.5005092592592593	-0.0036141886584853933	-0.004993862077028639	0.8989859030451303	1.8048711320065514
seed1	balanced	conditional_null	0.1	room_equal	nested_max	300	199	0.03333333333333333	0.01820494733885481	0.06026182580405482	0.5125	0.49994034679820565	0.0029561604700560342	72.0	12.0	12.0	0.0	0.5005092592592593	-0.0036141886584853933	-0.004993862077028639	0.8989859030451303	1.8048711320065514
seed1	balanced	conditional_null	0.1	room_equal	standardized_max	300	199	0.03	0.01586185380943231	0.05602253914164096	0.5225	0.49994034679820565	0.0029561604700560342	72.0	12.0	12.0	0.0	0.5005092592592593	-0.0036141886584853933	-0.004993862077028639	0.8989859030451303	1.8048711320065514
seed1	balanced	conditional_null	0.1	room_equal	cv_retrained	300	199	0.04666666666666667	0.027998933682334012	0.07679736022792105	0.48	0.49994034679820565	0.0029561604700560342	72.0	12.0	12.0	0.0	0.5005092592592593	-0.0036141886584853933	-0.004993862077028639	0.8989859030451303	1.8048711320065514
seed1	balanced	conditional_null	0.1	room_equal	cv_standardized	300	199	0.04666666666666667	0.027998933682334012	0.07679736022792105	0.48	0.4999283635645591	0.012041601716744068	72.0	12.0	12.0	0.0	0.5005092592592593	-0.0036141886584853933	-0.004993862077028639	0.8989859030451303	1.8048711320065514
seed1	balanced	conditional_null	0.25	building_equal	profile	300	199	0.03333333333333333	0.01820494733885481	0.06026182580405482	0.515	0.4998510276004455	0.00738876669485885	72.0	12.0	12.0	0.0	0.5005092592592593	-0.0036141886584853933	-0.004993862077028639	0.8989859030451303	1.8048711320065514
seed1	balanced	conditional_null	0.25	building_equal	mantel	300	199	0.03	0.01586185380943231	0.05602253914164096	0.52	0.4998510276004455	0.00738876669485885	72.0	12.0	12.0	0.0	0.5005092592592593	-0.0036141886584853933	-0.004993862077028639	0.8989859030451303	1.8048711320065514
seed1	balanced	conditional_null	0.25	building_equal	nested_max	300	199	0.03333333333333333	0.01820494733885481	0.06026182580405482	0.5125	0.4998510276004455	0.00738876669485885	72.0	12.0	12.0	0.0	0.5005092592592593	-0.0036141886584853933	-0.004993862077028639	0.8989859030451303	1.8048711320065514
seed1	balanced	conditional_null	0.25	building_equal	standardized_max	300	199	0.03	0.01586185380943231	0.05602253914164096	0.5225	0.4998510276004455	0.00738876669485885	72.0	12.0	12.0	0.0	0.5005092592592593	-0.0036141886584853933	-0.004993862077028639	0.8989859030451303	1.8048711320065514
seed1	balanced	conditional_null	0.25	building_equal	cv_retrained	300	199	0.04666666666666667	0.027998933682334012	0.07679736022792105	0.48	0.4998510276004455	0.00738876669485885	72.0	12.0	12.0	0.0	0.5005092592592593	-0.0036141886584853933	-0.004993862077028639	0.8989859030451303	1.8048711320065514
seed1	balanced	conditional_null	0.25	building_equal	cv_standardized	300	199	0.04666666666666667	0.027998933682334012	0.07679736022792105	0.48	0.4998373334166801	0.029984210988863683	72.0	12.0	12.0	0.0	0.5005092592592593	-0.0036141886584853933	-0.004993862077028639	0.8989859030451303	1.8048711320065514
seed1	balanced	conditional_null	0.25	sqrt_rooms	profile	300	199	0.03333333333333333	0.01820494733885481	0.06026182580405482	0.515	0.4998510276004455	0.007388766694858848	72.0	12.0	12.0	0.0	0.5005092592592593	-0.0036141886584853933	-0.004993862077028639	0.8989859030451303	1.8048711320065514
seed1	balanced	conditional_null	0.25	sqrt_rooms	mantel	300	199	0.03	0.01586185380943231	0.05602253914164096	0.52	0.4998510276004455	0.007388766694858848	72.0	12.0	12.0	0.0	0.5005092592592593	-0.0036141886584853933	-0.004993862077028639	0.8989859030451303	1.8048711320065514
seed1	balanced	conditional_null	0.25	sqrt_rooms	nested_max	300	199	0.03333333333333333	0.01820494733885481	0.06026182580405482	0.5125	0.4998510276004455	0.007388766694858848	72.0	12.0	12.0	0.0	0.5005092592592593	-0.0036141886584853933	-0.004993862077028639	0.8989859030451303	1.8048711320065514
seed1	balanced	conditional_null	0.25	sqrt_rooms	standardized_max	300	199	0.03	0.01586185380943231	0.05602253914164096	0.5225	0.4998510276004455	0.007388766694858848	72.0	12.0	12.0	0.0	0.5005092592592593	-0.0036141886584853933	-0.004993862077028639	0.8989859030451303	1.8048711320065514
seed1	balanced	conditional_null	0.25	sqrt_rooms	cv_retrained	300	199	0.04666666666666667	0.027998933682334012	0.07679736022792105	0.48	0.4998510276004455	0.007388766694858848	72.0	12.0	12.0	0.0	0.5005092592592593	-0.0036141886584853933	-0.004993862077028639	0.8989859030451303	1.8048711320065514
seed1	balanced	conditional_null	0.25	sqrt_rooms	cv_standardized	300	199	0.04666666666666667	0.027998933682334012	0.07679736022792105	0.48	0.4998373334166801	0.029984210988863686	72.0	12.0	12.0	0.0	0.5005092592592593	-0.0036141886584853933	-0.004993862077028639	0.8989859030451303	1.8048711320065514
seed1	balanced	conditional_null	0.25	room_equal	profile	300	199	0.03333333333333333	0.01820494733885481	0.06026182580405482	0.515	0.4998510276004455	0.00738876669485885	72.0	12.0	12.0	0.0	0.5005092592592593	-0.0036141886584853933	-0.004993862077028639	0.8989859030451303	1.8048711320065514
seed1	balanced	conditional_null	0.25	room_equal	mantel	300	199	0.03	0.01586185380943231	0.05602253914164096	0.52	0.4998510276004455	0.00738876669485885	72.0	12.0	12.0	0.0	0.5005092592592593	-0.0036141886584853933	-0.004993862077028639	0.8989859030451303	1.8048711320065514
seed1	balanced	conditional_null	0.25	room_equal	nested_max	300	199	0.03333333333333333	0.01820494733885481	0.06026182580405482	0.5125	0.4998510276004455	0.00738876669485885	72.0	12.0	12.0	0.0	0.5005092592592593	-0.0036141886584853933	-0.004993862077028639	0.8989859030451303	1.8048711320065514
seed1	balanced	conditional_null	0.25	room_equal	standardized_max	300	199	0.03	0.01586185380943231	0.05602253914164096	0.5225	0.4998510276004455	0.00738876669485885	72.0	12.0	12.0	0.0	0.5005092592592593	-0.0036141886584853933	-0.004993862077028639	0.8989859030451303	1.8048711320065514
seed1	balanced	conditional_null	0.25	room_equal	cv_retrained	300	199	0.04666666666666667	0.027998933682334012	0.07679736022792105	0.48	0.4998510276004455	0.00738876669485885	72.0	12.0	12.0	0.0	0.5005092592592593	-0.0036141886584853933	-0.004993862077028639	0.8989859030451303	1.8048711320065514
seed1	balanced	conditional_null	0.25	room_equal	cv_standardized	300	199	0.04666666666666667	0.027998933682334012	0.07679736022792105	0.48	0.4998373334166801	0.029984210988863686	72.0	12.0	12.0	0.0	0.5005092592592593	-0.0036141886584853933	-0.004993862077028639	0.8989859030451303	1.8048711320065514
seed1	balanced	conditional_null	0.5	building_equal	profile	300	199	0.03333333333333333	0.01820494733885481	0.06026182580405482	0.515	0.49970319875715424	0.014765885514411003	72.0	12.0	12.0	0.0	0.5005092592592593	-0.0036141886584853933	-0.004993862077028639	0.8989859030451303	1.8048711320065514
seed1	balanced	conditional_null	0.5	building_equal	mantel	300	199	0.03	0.01586185380943231	0.05602253914164096	0.52	0.49970319875715424	0.014765885514411003	72.0	12.0	12.0	0.0	0.5005092592592593	-0.0036141886584853933	-0.004993862077028639	0.8989859030451303	1.8048711320065514
seed1	balanced	conditional_null	0.5	building_equal	nested_max	300	199	0.03333333333333333	0.01820494733885481	0.06026182580405482	0.5125	0.49970319875715424	0.014765885514411003	72.0	12.0	12.0	0.0	0.5005092592592593	-0.0036141886584853933	-0.004993862077028639	0.8989859030451303	1.8048711320065514
seed1	balanced	conditional_null	0.5	building_equal	standardized_max	300	199	0.03	0.01586185380943231	0.05602253914164096	0.5225	0.49970319875715424	0.014765885514411003	72.0	12.0	12.0	0.0	0.5005092592592593	-0.0036141886584853933	-0.004993862077028639	0.8989859030451303	1.8048711320065514
seed1	balanced	conditional_null	0.5	building_equal	cv_retrained	300	199	0.05	0.03053164062934728	0.08084703347274415	0.48	0.49970319875715424	0.014765885514411003	72.0	12.0	12.0	0.0	0.5005092592592593	-0.0036141886584853933	-0.004993862077028639	0.8989859030451303	1.8048711320065514
seed1	balanced	conditional_null	0.5	building_equal	cv_standardized	300	199	0.04666666666666667	0.027998933682334012	0.07679736022792105	0.485	0.49978534007396735	0.05914667039419292	72.0	12.0	12.0	0.0	0.5005092592592593	-0.0036141886584853933	-0.004993862077028639	0.8989859030451303	1.8048711320065514
seed1	balanced	conditional_null	0.5	sqrt_rooms	profile	300	199	0.03333333333333333	0.01820494733885481	0.06026182580405482	0.515	0.49970319875715424	0.014765885514411003	72.0	12.0	12.0	0.0	0.5005092592592593	-0.0036141886584853933	-0.004993862077028639	0.8989859030451303	1.8048711320065514
seed1	balanced	conditional_null	0.5	sqrt_rooms	mantel	300	199	0.03	0.01586185380943231	0.05602253914164096	0.52	0.49970319875715424	0.014765885514411003	72.0	12.0	12.0	0.0	0.5005092592592593	-0.0036141886584853933	-0.004993862077028639	0.8989859030451303	1.8048711320065514
seed1	balanced	conditional_null	0.5	sqrt_rooms	nested_max	300	199	0.03333333333333333	0.01820494733885481	0.06026182580405482	0.5125	0.49970319875715424	0.014765885514411003	72.0	12.0	12.0	0.0	0.5005092592592593	-0.0036141886584853933	-0.004993862077028639	0.8989859030451303	1.8048711320065514
seed1	balanced	conditional_null	0.5	sqrt_rooms	standardized_max	300	199	0.03	0.01586185380943231	0.05602253914164096	0.5225	0.49970319875715424	0.014765885514411003	72.0	12.0	12.0	0.0	0.5005092592592593	-0.0036141886584853933	-0.004993862077028639	0.8989859030451303	1.8048711320065514
seed1	balanced	conditional_null	0.5	sqrt_rooms	cv_retrained	300	199	0.05	0.03053164062934728	0.08084703347274415	0.48	0.49970319875715424	0.014765885514411003	72.0	12.0	12.0	0.0	0.5005092592592593	-0.0036141886584853933	-0.004993862077028639	0.8989859030451303	1.8048711320065514
seed1	balanced	conditional_null	0.5	sqrt_rooms	cv_standardized	300	199	0.04666666666666667	0.027998933682334012	0.07679736022792105	0.485	0.4997853400739676	0.05914667039419293	72.0	12.0	12.0	0.0	0.5005092592592593	-0.0036141886584853933	-0.004993862077028639	0.8989859030451303	1.8048711320065514
seed1	balanced	conditional_null	0.5	room_equal	profile	300	199	0.03333333333333333	0.01820494733885481	0.06026182580405482	0.515	0.49970319875715424	0.014765885514411003	72.0	12.0	12.0	0.0	0.5005092592592593	-0.0036141886584853933	-0.004993862077028639	0.8989859030451303	1.8048711320065514
seed1	balanced	conditional_null	0.5	room_equal	mantel	300	199	0.03	0.01586185380943231	0.05602253914164096	0.52	0.49970319875715424	0.014765885514411003	72.0	12.0	12.0	0.0	0.5005092592592593	-0.0036141886584853933	-0.004993862077028639	0.8989859030451303	1.8048711320065514
seed1	balanced	conditional_null	0.5	room_equal	nested_max	300	199	0.03333333333333333	0.01820494733885481	0.06026182580405482	0.5125	0.49970319875715424	0.014765885514411003	72.0	12.0	12.0	0.0	0.5005092592592593	-0.0036141886584853933	-0.004993862077028639	0.8989859030451303	1.8048711320065514
seed1	balanced	conditional_null	0.5	room_equal	standardized_max	300	199	0.03	0.01586185380943231	0.05602253914164096	0.5225	0.49970319875715424	0.014765885514411003	72.0	12.0	12.0	0.0	0.5005092592592593	-0.0036141886584853933	-0.004993862077028639	0.8989859030451303	1.8048711320065514
seed1	balanced	conditional_null	0.5	room_equal	cv_retrained	300	199	0.05	0.03053164062934728	0.08084703347274415	0.48	0.49970319875715424	0.014765885514411003	72.0	12.0	12.0	0.0	0.5005092592592593	-0.0036141886584853933	-0.004993862077028639	0.8989859030451303	1.8048711320065514
seed1	balanced	conditional_null	0.5	room_equal	cv_standardized	300	199	0.04666666666666667	0.027998933682334012	0.07679736022792105	0.485	0.49978534007396735	0.05914667039419292	72.0	12.0	12.0	0.0	0.5005092592592593	-0.0036141886584853933	-0.004993862077028639	0.8989859030451303	1.8048711320065514
seed1	balanced	conditional_null	1.0	building_equal	profile	300	199	0.03333333333333333	0.01820494733885481	0.06026182580405482	0.515	0.4994154344289734	0.029439419646540326	72.0	12.0	12.0	0.0	0.5005092592592593	-0.0036141886584853933	-0.004993862077028639	0.8989859030451303	1.8048711320065514
seed1	balanced	conditional_null	1.0	building_equal	mantel	300	199	0.03	0.01586185380943231	0.05602253914164096	0.52	0.4994154344289734	0.029439419646540326	72.0	12.0	12.0	0.0	0.5005092592592593	-0.0036141886584853933	-0.004993862077028639	0.8989859030451303	1.8048711320065514
seed1	balanced	conditional_null	1.0	building_equal	nested_max	300	199	0.03333333333333333	0.01820494733885481	0.06026182580405482	0.5125	0.4994154344289734	0.029439419646540326	72.0	12.0	12.0	0.0	0.5005092592592593	-0.0036141886584853933	-0.004993862077028639	0.8989859030451303	1.8048711320065514
seed1	balanced	conditional_null	1.0	building_equal	standardized_max	300	199	0.03	0.01586185380943231	0.05602253914164096	0.5225	0.4994154344289734	0.029439419646540326	72.0	12.0	12.0	0.0	0.5005092592592593	-0.0036141886584853933	-0.004993862077028639	0.8989859030451303	1.8048711320065514
seed1	balanced	conditional_null	1.0	building_equal	cv_retrained	300	199	0.04666666666666667	0.027998933682334012	0.07679736022792105	0.4775	0.4994154344289734	0.029439419646540326	72.0	12.0	12.0	0.0	0.5005092592592593	-0.0036141886584853933	-0.004993862077028639	0.8989859030451303	1.8048711320065514
seed1	balanced	conditional_null	1.0	building_equal	cv_standardized	300	199	0.04666666666666667	0.027998933682334012	0.07679736022792105	0.46	0.5002905728225594	0.11257615865127574	72.0	12.0	12.0	0.0	0.5005092592592593	-0.0036141886584853933	-0.004993862077028639	0.8989859030451303	1.8048711320065514
seed1	balanced	conditional_null	1.0	sqrt_rooms	profile	300	199	0.03333333333333333	0.01820494733885481	0.06026182580405482	0.515	0.4994154344289734	0.02943941964654033	72.0	12.0	12.0	0.0	0.5005092592592593	-0.0036141886584853933	-0.004993862077028639	0.8989859030451303	1.8048711320065514
seed1	balanced	conditional_null	1.0	sqrt_rooms	mantel	300	199	0.03	0.01586185380943231	0.05602253914164096	0.52	0.4994154344289734	0.02943941964654033	72.0	12.0	12.0	0.0	0.5005092592592593	-0.0036141886584853933	-0.004993862077028639	0.8989859030451303	1.8048711320065514
seed1	balanced	conditional_null	1.0	sqrt_rooms	nested_max	300	199	0.03333333333333333	0.01820494733885481	0.06026182580405482	0.5125	0.4994154344289734	0.02943941964654033	72.0	12.0	12.0	0.0	0.5005092592592593	-0.0036141886584853933	-0.004993862077028639	0.8989859030451303	1.8048711320065514
seed1	balanced	conditional_null	1.0	sqrt_rooms	standardized_max	300	199	0.03	0.01586185380943231	0.05602253914164096	0.5225	0.4994154344289734	0.02943941964654033	72.0	12.0	12.0	0.0	0.5005092592592593	-0.0036141886584853933	-0.004993862077028639	0.8989859030451303	1.8048711320065514
seed1	balanced	conditional_null	1.0	sqrt_rooms	cv_retrained	300	199	0.04666666666666667	0.027998933682334012	0.07679736022792105	0.4775	0.4994154344289734	0.02943941964654033	72.0	12.0	12.0	0.0	0.5005092592592593	-0.0036141886584853933	-0.004993862077028639	0.8989859030451303	1.8048711320065514
seed1	balanced	conditional_null	1.0	sqrt_rooms	cv_standardized	300	199	0.04666666666666667	0.027998933682334012	0.07679736022792105	0.46	0.5002905728225596	0.11257615865127575	72.0	12.0	12.0	0.0	0.5005092592592593	-0.0036141886584853933	-0.004993862077028639	0.8989859030451303	1.8048711320065514
seed1	balanced	conditional_null	1.0	room_equal	profile	300	199	0.03333333333333333	0.01820494733885481	0.06026182580405482	0.515	0.4994154344289733	0.029439419646540326	72.0	12.0	12.0	0.0	0.5005092592592593	-0.0036141886584853933	-0.004993862077028639	0.8989859030451303	1.8048711320065514
seed1	balanced	conditional_null	1.0	room_equal	mantel	300	199	0.03	0.01586185380943231	0.05602253914164096	0.52	0.4994154344289733	0.029439419646540326	72.0	12.0	12.0	0.0	0.5005092592592593	-0.0036141886584853933	-0.004993862077028639	0.8989859030451303	1.8048711320065514
seed1	balanced	conditional_null	1.0	room_equal	nested_max	300	199	0.03333333333333333	0.01820494733885481	0.06026182580405482	0.5125	0.4994154344289733	0.029439419646540326	72.0	12.0	12.0	0.0	0.5005092592592593	-0.0036141886584853933	-0.004993862077028639	0.8989859030451303	1.8048711320065514
seed1	balanced	conditional_null	1.0	room_equal	standardized_max	300	199	0.03	0.01586185380943231	0.05602253914164096	0.5225	0.4994154344289733	0.029439419646540326	72.0	12.0	12.0	0.0	0.5005092592592593	-0.0036141886584853933	-0.004993862077028639	0.8989859030451303	1.8048711320065514
seed1	balanced	conditional_null	1.0	room_equal	cv_retrained	300	199	0.04666666666666667	0.027998933682334012	0.07679736022792105	0.4775	0.4994154344289733	0.029439419646540326	72.0	12.0	12.0	0.0	0.5005092592592593	-0.0036141886584853933	-0.004993862077028639	0.8989859030451303	1.8048711320065514
seed1	balanced	conditional_null	1.0	room_equal	cv_standardized	300	199	0.04666666666666667	0.027998933682334012	0.07679736022792105	0.46	0.5002905728225594	0.11257615865127574	72.0	12.0	12.0	0.0	0.5005092592592593	-0.0036141886584853933	-0.004993862077028639	0.8989859030451303	1.8048711320065514
seed1	balanced	conditional_null	2.0	building_equal	profile	300	199	0.03333333333333333	0.01820494733885481	0.06026182580405482	0.515	0.49889979135631424	0.05816525596765204	72.0	12.0	12.0	0.0	0.5005092592592593	-0.0036141886584853933	-0.004993862077028639	0.8989859030451303	1.8048711320065514
seed1	balanced	conditional_null	2.0	building_equal	mantel	300	199	0.03	0.01586185380943231	0.05602253914164096	0.52	0.49889979135631424	0.05816525596765204	72.0	12.0	12.0	0.0	0.5005092592592593	-0.0036141886584853933	-0.004993862077028639	0.8989859030451303	1.8048711320065514
seed1	balanced	conditional_null	2.0	building_equal	nested_max	300	199	0.03333333333333333	0.01820494733885481	0.06026182580405482	0.5125	0.49889979135631424	0.05816525596765204	72.0	12.0	12.0	0.0	0.5005092592592593	-0.0036141886584853933	-0.004993862077028639	0.8989859030451303	1.8048711320065514
seed1	balanced	conditional_null	2.0	building_equal	standardized_max	300	199	0.03	0.01586185380943231	0.05602253914164096	0.5225	0.49889979135631424	0.05816525596765204	72.0	12.0	12.0	0.0	0.5005092592592593	-0.0036141886584853933	-0.004993862077028639	0.8989859030451303	1.8048711320065514
seed1	balanced	conditional_null	2.0	building_equal	cv_retrained	300	199	0.04	0.023027321487942308	0.06860421203864003	0.4825	0.49889979135631424	0.05816525596765204	72.0	12.0	12.0	0.0	0.5005092592592593	-0.0036141886584853933	-0.004993862077028639	0.8989859030451303	1.8048711320065514
seed1	balanced	conditional_null	2.0	building_equal	cv_standardized	300	199	0.04666666666666667	0.027998933682334012	0.07679736022792105	0.4875	0.5036297958009914	0.19453102726463384	72.0	12.0	12.0	0.0	0.5005092592592593	-0.0036141886584853933	-0.004993862077028639	0.8989859030451303	1.8048711320065514
seed1	balanced	conditional_null	2.0	sqrt_rooms	profile	300	199	0.03333333333333333	0.01820494733885481	0.06026182580405482	0.515	0.4988997913563143	0.05816525596765205	72.0	12.0	12.0	0.0	0.5005092592592593	-0.0036141886584853933	-0.004993862077028639	0.8989859030451303	1.8048711320065514
seed1	balanced	conditional_null	2.0	sqrt_rooms	mantel	300	199	0.03	0.01586185380943231	0.05602253914164096	0.52	0.4988997913563143	0.05816525596765205	72.0	12.0	12.0	0.0	0.5005092592592593	-0.0036141886584853933	-0.004993862077028639	0.8989859030451303	1.8048711320065514
seed1	balanced	conditional_null	2.0	sqrt_rooms	nested_max	300	199	0.03333333333333333	0.01820494733885481	0.06026182580405482	0.5125	0.4988997913563143	0.05816525596765205	72.0	12.0	12.0	0.0	0.5005092592592593	-0.0036141886584853933	-0.004993862077028639	0.8989859030451303	1.8048711320065514
seed1	balanced	conditional_null	2.0	sqrt_rooms	standardized_max	300	199	0.03	0.01586185380943231	0.05602253914164096	0.5225	0.4988997913563143	0.05816525596765205	72.0	12.0	12.0	0.0	0.5005092592592593	-0.0036141886584853933	-0.004993862077028639	0.8989859030451303	1.8048711320065514
seed1	balanced	conditional_null	2.0	sqrt_rooms	cv_retrained	300	199	0.04	0.023027321487942308	0.06860421203864003	0.4825	0.4988997913563143	0.05816525596765205	72.0	12.0	12.0	0.0	0.5005092592592593	-0.0036141886584853933	-0.004993862077028639	0.8989859030451303	1.8048711320065514
seed1	balanced	conditional_null	2.0	sqrt_rooms	cv_standardized	300	199	0.04666666666666667	0.027998933682334012	0.07679736022792105	0.4875	0.5036297958009915	0.1945310272646339	72.0	12.0	12.0	0.0	0.5005092592592593	-0.0036141886584853933	-0.004993862077028639	0.8989859030451303	1.8048711320065514
seed1	balanced	conditional_null	2.0	room_equal	profile	300	199	0.03333333333333333	0.01820494733885481	0.06026182580405482	0.515	0.49889979135631424	0.05816525596765204	72.0	12.0	12.0	0.0	0.5005092592592593	-0.0036141886584853933	-0.004993862077028639	0.8989859030451303	1.8048711320065514
seed1	balanced	conditional_null	2.0	room_equal	mantel	300	199	0.03	0.01586185380943231	0.05602253914164096	0.52	0.49889979135631424	0.05816525596765204	72.0	12.0	12.0	0.0	0.5005092592592593	-0.0036141886584853933	-0.004993862077028639	0.8989859030451303	1.8048711320065514
seed1	balanced	conditional_null	2.0	room_equal	nested_max	300	199	0.03333333333333333	0.01820494733885481	0.06026182580405482	0.5125	0.49889979135631424	0.05816525596765204	72.0	12.0	12.0	0.0	0.5005092592592593	-0.0036141886584853933	-0.004993862077028639	0.8989859030451303	1.8048711320065514
seed1	balanced	conditional_null	2.0	room_equal	standardized_max	300	199	0.03	0.01586185380943231	0.05602253914164096	0.5225	0.49889979135631424	0.05816525596765204	72.0	12.0	12.0	0.0	0.5005092592592593	-0.0036141886584853933	-0.004993862077028639	0.8989859030451303	1.8048711320065514
seed1	balanced	conditional_null	2.0	room_equal	cv_retrained	300	199	0.04	0.023027321487942308	0.06860421203864003	0.4825	0.49889979135631424	0.05816525596765204	72.0	12.0	12.0	0.0	0.5005092592592593	-0.0036141886584853933	-0.004993862077028639	0.8989859030451303	1.8048711320065514
seed1	balanced	conditional_null	2.0	room_equal	cv_standardized	300	199	0.04666666666666667	0.027998933682334012	0.07679736022792105	0.4875	0.5036297958009914	0.19453102726463387	72.0	12.0	12.0	0.0	0.5005092592592593	-0.0036141886584853933	-0.004993862077028639	0.8989859030451303	1.8048711320065514
seed1	balanced	conditional_null	4.0	building_equal	profile	300	199	0.03333333333333333	0.01820494733885481	0.06026182580405482	0.515	0.4982629245438388	0.11128937717253949	72.0	12.0	12.0	0.0	0.5005092592592593	-0.0036141886584853933	-0.004993862077028639	0.8989859030451303	1.8048711320065514
seed1	balanced	conditional_null	4.0	building_equal	mantel	300	199	0.03	0.01586185380943231	0.05602253914164096	0.52	0.4982629245438388	0.11128937717253949	72.0	12.0	12.0	0.0	0.5005092592592593	-0.0036141886584853933	-0.004993862077028639	0.8989859030451303	1.8048711320065514
seed1	balanced	conditional_null	4.0	building_equal	nested_max	300	199	0.03333333333333333	0.01820494733885481	0.06026182580405482	0.5125	0.4982629245438388	0.11128937717253949	72.0	12.0	12.0	0.0	0.5005092592592593	-0.0036141886584853933	-0.004993862077028639	0.8989859030451303	1.8048711320065514
seed1	balanced	conditional_null	4.0	building_equal	standardized_max	300	199	0.03	0.01586185380943231	0.05602253914164096	0.5225	0.4982629245438388	0.11128937717253949	72.0	12.0	12.0	0.0	0.5005092592592593	-0.0036141886584853933	-0.004993862077028639	0.8989859030451303	1.8048711320065514
seed1	balanced	conditional_null	4.0	building_equal	cv_retrained	300	199	0.03333333333333333	0.01820494733885481	0.06026182580405482	0.49	0.4982629245438388	0.11128937717253949	72.0	12.0	12.0	0.0	0.5005092592592593	-0.0036141886584853933	-0.004993862077028639	0.8989859030451303	1.8048711320065514
seed1	balanced	conditional_null	4.0	building_equal	cv_standardized	300	199	0.05	0.03053164062934728	0.08084703347274415	0.515	0.5123278195146657	0.28422419287126416	72.0	12.0	12.0	0.0	0.5005092592592593	-0.0036141886584853933	-0.004993862077028639	0.8989859030451303	1.8048711320065514
seed1	balanced	conditional_null	4.0	sqrt_rooms	profile	300	199	0.03333333333333333	0.01820494733885481	0.06026182580405482	0.515	0.4982629245438388	0.1112893771725395	72.0	12.0	12.0	0.0	0.5005092592592593	-0.0036141886584853933	-0.004993862077028639	0.8989859030451303	1.8048711320065514
seed1	balanced	conditional_null	4.0	sqrt_rooms	mantel	300	199	0.03	0.01586185380943231	0.05602253914164096	0.52	0.4982629245438388	0.1112893771725395	72.0	12.0	12.0	0.0	0.5005092592592593	-0.0036141886584853933	-0.004993862077028639	0.8989859030451303	1.8048711320065514
seed1	balanced	conditional_null	4.0	sqrt_rooms	nested_max	300	199	0.03333333333333333	0.01820494733885481	0.06026182580405482	0.5125	0.4982629245438388	0.1112893771725395	72.0	12.0	12.0	0.0	0.5005092592592593	-0.0036141886584853933	-0.004993862077028639	0.8989859030451303	1.8048711320065514
seed1	balanced	conditional_null	4.0	sqrt_rooms	standardized_max	300	199	0.03	0.01586185380943231	0.05602253914164096	0.5225	0.4982629245438388	0.1112893771725395	72.0	12.0	12.0	0.0	0.5005092592592593	-0.0036141886584853933	-0.004993862077028639	0.8989859030451303	1.8048711320065514
seed1	balanced	conditional_null	4.0	sqrt_rooms	cv_retrained	300	199	0.03333333333333333	0.01820494733885481	0.06026182580405482	0.49	0.4982629245438388	0.1112893771725395	72.0	12.0	12.0	0.0	0.5005092592592593	-0.0036141886584853933	-0.004993862077028639	0.8989859030451303	1.8048711320065514
seed1	balanced	conditional_null	4.0	sqrt_rooms	cv_standardized	300	199	0.05	0.03053164062934728	0.08084703347274415	0.515	0.5123278195146658	0.2842241928712642	72.0	12.0	12.0	0.0	0.5005092592592593	-0.0036141886584853933	-0.004993862077028639	0.8989859030451303	1.8048711320065514
seed1	balanced	conditional_null	4.0	room_equal	profile	300	199	0.03333333333333333	0.01820494733885481	0.06026182580405482	0.515	0.4982629245438388	0.11128937717253949	72.0	12.0	12.0	0.0	0.5005092592592593	-0.0036141886584853933	-0.004993862077028639	0.8989859030451303	1.8048711320065514
seed1	balanced	conditional_null	4.0	room_equal	mantel	300	199	0.03	0.01586185380943231	0.05602253914164096	0.52	0.4982629245438388	0.11128937717253949	72.0	12.0	12.0	0.0	0.5005092592592593	-0.0036141886584853933	-0.004993862077028639	0.8989859030451303	1.8048711320065514
seed1	balanced	conditional_null	4.0	room_equal	nested_max	300	199	0.03333333333333333	0.01820494733885481	0.06026182580405482	0.5125	0.4982629245438388	0.11128937717253949	72.0	12.0	12.0	0.0	0.5005092592592593	-0.0036141886584853933	-0.004993862077028639	0.8989859030451303	1.8048711320065514
seed1	balanced	conditional_null	4.0	room_equal	standardized_max	300	199	0.03	0.01586185380943231	0.05602253914164096	0.5225	0.4982629245438388	0.11128937717253949	72.0	12.0	12.0	0.0	0.5005092592592593	-0.0036141886584853933	-0.004993862077028639	0.8989859030451303	1.8048711320065514
seed1	balanced	conditional_null	4.0	room_equal	cv_retrained	300	199	0.03333333333333333	0.01820494733885481	0.06026182580405482	0.49	0.4982629245438388	0.11128937717253949	72.0	12.0	12.0	0.0	0.5005092592592593	-0.0036141886584853933	-0.004993862077028639	0.8989859030451303	1.8048711320065514
seed1	balanced	conditional_null	4.0	room_equal	cv_standardized	300	199	0.05	0.03053164062934728	0.08084703347274415	0.515	0.5123278195146657	0.28422419287126416	72.0	12.0	12.0	0.0	0.5005092592592593	-0.0036141886584853933	-0.004993862077028639	0.8989859030451303	1.8048711320065514
seed1	balanced	conditional_null	8.0	building_equal	profile	300	199	0.03333333333333333	0.01820494733885481	0.06026182580405482	0.515	0.4986952522836863	0.19458895921385896	72.0	12.0	12.0	0.0	0.5005092592592593	-0.0036141886584853933	-0.004993862077028639	0.8989859030451303	1.8048711320065514
seed1	balanced	conditional_null	8.0	building_equal	mantel	300	199	0.03	0.01586185380943231	0.05602253914164096	0.52	0.4986952522836863	0.19458895921385896	72.0	12.0	12.0	0.0	0.5005092592592593	-0.0036141886584853933	-0.004993862077028639	0.8989859030451303	1.8048711320065514
seed1	balanced	conditional_null	8.0	building_equal	nested_max	300	199	0.03333333333333333	0.01820494733885481	0.06026182580405482	0.5125	0.4986952522836863	0.19458895921385896	72.0	12.0	12.0	0.0	0.5005092592592593	-0.0036141886584853933	-0.004993862077028639	0.8989859030451303	1.8048711320065514
seed1	balanced	conditional_null	8.0	building_equal	standardized_max	300	199	0.03	0.01586185380943231	0.05602253914164096	0.5225	0.4986952522836863	0.19458895921385896	72.0	12.0	12.0	0.0	0.5005092592592593	-0.0036141886584853933	-0.004993862077028639	0.8989859030451303	1.8048711320065514
seed1	balanced	conditional_null	8.0	building_equal	cv_retrained	300	199	0.03	0.01586185380943231	0.05602253914164096	0.5075000000000001	0.4986952522836863	0.19458895921385896	72.0	12.0	12.0	0.0	0.5005092592592593	-0.0036141886584853933	-0.004993862077028639	0.8989859030451303	1.8048711320065514
seed1	balanced	conditional_null	8.0	building_equal	cv_standardized	300	199	0.04666666666666667	0.027998933682334012	0.07679736022792105	0.5	0.5226862589842637	0.3487332593054289	72.0	12.0	12.0	0.0	0.5005092592592593	-0.0036141886584853933	-0.004993862077028639	0.8989859030451303	1.8048711320065514
seed1	balanced	conditional_null	8.0	sqrt_rooms	profile	300	199	0.03333333333333333	0.01820494733885481	0.06026182580405482	0.515	0.49869525228368644	0.19458895921385902	72.0	12.0	12.0	0.0	0.5005092592592593	-0.0036141886584853933	-0.004993862077028639	0.8989859030451303	1.8048711320065514
seed1	balanced	conditional_null	8.0	sqrt_rooms	mantel	300	199	0.03	0.01586185380943231	0.05602253914164096	0.52	0.49869525228368644	0.19458895921385902	72.0	12.0	12.0	0.0	0.5005092592592593	-0.0036141886584853933	-0.004993862077028639	0.8989859030451303	1.8048711320065514
seed1	balanced	conditional_null	8.0	sqrt_rooms	nested_max	300	199	0.03333333333333333	0.01820494733885481	0.06026182580405482	0.5125	0.49869525228368644	0.19458895921385902	72.0	12.0	12.0	0.0	0.5005092592592593	-0.0036141886584853933	-0.004993862077028639	0.8989859030451303	1.8048711320065514
seed1	balanced	conditional_null	8.0	sqrt_rooms	standardized_max	300	199	0.03	0.01586185380943231	0.05602253914164096	0.5225	0.49869525228368644	0.19458895921385902	72.0	12.0	12.0	0.0	0.5005092592592593	-0.0036141886584853933	-0.004993862077028639	0.8989859030451303	1.8048711320065514
seed1	balanced	conditional_null	8.0	sqrt_rooms	cv_retrained	300	199	0.03	0.01586185380943231	0.05602253914164096	0.5075000000000001	0.49869525228368644	0.19458895921385902	72.0	12.0	12.0	0.0	0.5005092592592593	-0.0036141886584853933	-0.004993862077028639	0.8989859030451303	1.8048711320065514
seed1	balanced	conditional_null	8.0	sqrt_rooms	cv_standardized	300	199	0.04666666666666667	0.027998933682334012	0.07679736022792105	0.5	0.5226862589842637	0.348733259305429	72.0	12.0	12.0	0.0	0.5005092592592593	-0.0036141886584853933	-0.004993862077028639	0.8989859030451303	1.8048711320065514
seed1	balanced	conditional_null	8.0	room_equal	profile	300	199	0.03333333333333333	0.01820494733885481	0.06026182580405482	0.515	0.4986952522836863	0.19458895921385896	72.0	12.0	12.0	0.0	0.5005092592592593	-0.0036141886584853933	-0.004993862077028639	0.8989859030451303	1.8048711320065514
seed1	balanced	conditional_null	8.0	room_equal	mantel	300	199	0.03	0.01586185380943231	0.05602253914164096	0.52	0.4986952522836863	0.19458895921385896	72.0	12.0	12.0	0.0	0.5005092592592593	-0.0036141886584853933	-0.004993862077028639	0.8989859030451303	1.8048711320065514
seed1	balanced	conditional_null	8.0	room_equal	nested_max	300	199	0.03333333333333333	0.01820494733885481	0.06026182580405482	0.5125	0.4986952522836863	0.19458895921385896	72.0	12.0	12.0	0.0	0.5005092592592593	-0.0036141886584853933	-0.004993862077028639	0.8989859030451303	1.8048711320065514
seed1	balanced	conditional_null	8.0	room_equal	standardized_max	300	199	0.03	0.01586185380943231	0.05602253914164096	0.5225	0.4986952522836863	0.19458895921385896	72.0	12.0	12.0	0.0	0.5005092592592593	-0.0036141886584853933	-0.004993862077028639	0.8989859030451303	1.8048711320065514
seed1	balanced	conditional_null	8.0	room_equal	cv_retrained	300	199	0.03	0.01586185380943231	0.05602253914164096	0.5075000000000001	0.4986952522836863	0.19458895921385896	72.0	12.0	12.0	0.0	0.5005092592592593	-0.0036141886584853933	-0.004993862077028639	0.8989859030451303	1.8048711320065514
seed1	balanced	conditional_null	8.0	room_equal	cv_standardized	300	199	0.04666666666666667	0.027998933682334012	0.07679736022792105	0.5	0.5226862589842637	0.3487332593054289	72.0	12.0	12.0	0.0	0.5005092592592593	-0.0036141886584853933	-0.004993862077028639	0.8989859030451303	1.8048711320065514
seed1	balanced	conditional_null	16.0	building_equal	profile	300	199	0.03333333333333333	0.01820494733885481	0.06026182580405482	0.515	0.5021002265987474	0.2881522184198863	72.0	12.0	12.0	0.0	0.5005092592592593	-0.0036141886584853933	-0.004993862077028639	0.8989859030451303	1.8048711320065514
seed1	balanced	conditional_null	16.0	building_equal	mantel	300	199	0.03	0.01586185380943231	0.05602253914164096	0.52	0.5021002265987474	0.2881522184198863	72.0	12.0	12.0	0.0	0.5005092592592593	-0.0036141886584853933	-0.004993862077028639	0.8989859030451303	1.8048711320065514
seed1	balanced	conditional_null	16.0	building_equal	nested_max	300	199	0.03333333333333333	0.01820494733885481	0.06026182580405482	0.5125	0.5021002265987474	0.2881522184198863	72.0	12.0	12.0	0.0	0.5005092592592593	-0.0036141886584853933	-0.004993862077028639	0.8989859030451303	1.8048711320065514
seed1	balanced	conditional_null	16.0	building_equal	standardized_max	300	199	0.03	0.01586185380943231	0.05602253914164096	0.5225	0.5021002265987474	0.2881522184198863	72.0	12.0	12.0	0.0	0.5005092592592593	-0.0036141886584853933	-0.004993862077028639	0.8989859030451303	1.8048711320065514
seed1	balanced	conditional_null	16.0	building_equal	cv_retrained	300	199	0.03333333333333333	0.01820494733885481	0.06026182580405482	0.4975	0.5021002265987474	0.2881522184198863	72.0	12.0	12.0	0.0	0.5005092592592593	-0.0036141886584853933	-0.004993862077028639	0.8989859030451303	1.8048711320065514
seed1	balanced	conditional_null	16.0	building_equal	cv_standardized	300	199	0.04666666666666667	0.027998933682334012	0.07679736022792105	0.5225	0.5298081023131298	0.3806044778046906	72.0	12.0	12.0	0.0	0.5005092592592593	-0.0036141886584853933	-0.004993862077028639	0.8989859030451303	1.8048711320065514
seed1	balanced	conditional_null	16.0	sqrt_rooms	profile	300	199	0.03333333333333333	0.01820494733885481	0.06026182580405482	0.515	0.5021002265987474	0.28815221841988636	72.0	12.0	12.0	0.0	0.5005092592592593	-0.0036141886584853933	-0.004993862077028639	0.8989859030451303	1.8048711320065514
seed1	balanced	conditional_null	16.0	sqrt_rooms	mantel	300	199	0.03	0.01586185380943231	0.05602253914164096	0.52	0.5021002265987474	0.28815221841988636	72.0	12.0	12.0	0.0	0.5005092592592593	-0.0036141886584853933	-0.004993862077028639	0.8989859030451303	1.8048711320065514
seed1	balanced	conditional_null	16.0	sqrt_rooms	nested_max	300	199	0.03333333333333333	0.01820494733885481	0.06026182580405482	0.5125	0.5021002265987474	0.28815221841988636	72.0	12.0	12.0	0.0	0.5005092592592593	-0.0036141886584853933	-0.004993862077028639	0.8989859030451303	1.8048711320065514
seed1	balanced	conditional_null	16.0	sqrt_rooms	standardized_max	300	199	0.03	0.01586185380943231	0.05602253914164096	0.5225	0.5021002265987474	0.28815221841988636	72.0	12.0	12.0	0.0	0.5005092592592593	-0.0036141886584853933	-0.004993862077028639	0.8989859030451303	1.8048711320065514
seed1	balanced	conditional_null	16.0	sqrt_rooms	cv_retrained	300	199	0.03333333333333333	0.01820494733885481	0.06026182580405482	0.4975	0.5021002265987474	0.28815221841988636	72.0	12.0	12.0	0.0	0.5005092592592593	-0.0036141886584853933	-0.004993862077028639	0.8989859030451303	1.8048711320065514
seed1	balanced	conditional_null	16.0	sqrt_rooms	cv_standardized	300	199	0.04666666666666667	0.027998933682334012	0.07679736022792105	0.5225	0.52980810231313	0.38060447780469064	72.0	12.0	12.0	0.0	0.5005092592592593	-0.0036141886584853933	-0.004993862077028639	0.8989859030451303	1.8048711320065514
seed1	balanced	conditional_null	16.0	room_equal	profile	300	199	0.03333333333333333	0.01820494733885481	0.06026182580405482	0.515	0.5021002265987474	0.2881522184198863	72.0	12.0	12.0	0.0	0.5005092592592593	-0.0036141886584853933	-0.004993862077028639	0.8989859030451303	1.8048711320065514
seed1	balanced	conditional_null	16.0	room_equal	mantel	300	199	0.03	0.01586185380943231	0.05602253914164096	0.52	0.5021002265987474	0.2881522184198863	72.0	12.0	12.0	0.0	0.5005092592592593	-0.0036141886584853933	-0.004993862077028639	0.8989859030451303	1.8048711320065514
seed1	balanced	conditional_null	16.0	room_equal	nested_max	300	199	0.03333333333333333	0.01820494733885481	0.06026182580405482	0.5125	0.5021002265987474	0.2881522184198863	72.0	12.0	12.0	0.0	0.5005092592592593	-0.0036141886584853933	-0.004993862077028639	0.8989859030451303	1.8048711320065514
seed1	balanced	conditional_null	16.0	room_equal	standardized_max	300	199	0.03	0.01586185380943231	0.05602253914164096	0.5225	0.5021002265987474	0.2881522184198863	72.0	12.0	12.0	0.0	0.5005092592592593	-0.0036141886584853933	-0.004993862077028639	0.8989859030451303	1.8048711320065514
seed1	balanced	conditional_null	16.0	room_equal	cv_retrained	300	199	0.03333333333333333	0.01820494733885481	0.06026182580405482	0.4975	0.5021002265987474	0.2881522184198863	72.0	12.0	12.0	0.0	0.5005092592592593	-0.0036141886584853933	-0.004993862077028639	0.8989859030451303	1.8048711320065514
seed1	balanced	conditional_null	16.0	room_equal	cv_standardized	300	199	0.04666666666666667	0.027998933682334012	0.07679736022792105	0.5225	0.5298081023131298	0.3806044778046906	72.0	12.0	12.0	0.0	0.5005092592592593	-0.0036141886584853933	-0.004993862077028639	0.8989859030451303	1.8048711320065514
seed1	balanced	radial_node_size_only	0.0	building_equal	profile	300	199	0.6833333333333333	0.628659261236736	0.7333716493142638	0.02	0.4999999999999999	5.551115123125783e-17	72.0	12.0	12.0	0.0	0.5037731481481482	0.6497834719699023	0.011752027363081603	0.0	1.0
seed1	balanced	radial_node_size_only	0.0	building_equal	mantel	300	199	0.64	0.584229303230313	0.6922306648268142	0.02	0.4999999999999999	5.551115123125783e-17	72.0	12.0	12.0	0.0	0.5037731481481482	0.6497834719699023	0.011752027363081603	0.0	1.0
seed1	balanced	radial_node_size_only	0.0	building_equal	nested_max	300	199	0.6833333333333333	0.628659261236736	0.7333716493142638	0.02	0.4999999999999999	5.551115123125783e-17	72.0	12.0	12.0	0.0	0.5037731481481482	0.6497834719699023	0.011752027363081603	0.0	1.0
seed1	balanced	radial_node_size_only	0.0	building_equal	standardized_max	300	199	0.67	0.6149358533991501	0.7207655363845044	0.02	0.4999999999999999	5.551115123125783e-17	72.0	12.0	12.0	0.0	0.5037731481481482	0.6497834719699023	0.011752027363081603	0.0	1.0
seed1	balanced	radial_node_size_only	0.0	building_equal	cv_retrained	300	199	0.6266666666666667	0.5706551328853308	0.6794753144044509	0.02	0.4999999999999999	5.551115123125783e-17	72.0	12.0	12.0	0.0	0.5037731481481482	0.6497834719699023	0.011752027363081603	0.0	1.0
seed1	balanced	radial_node_size_only	0.0	building_equal	cv_standardized	300	199	0.6033333333333334	0.5470046178899679	0.6570491680569592	0.0275	0.4999999999999999	5.551115123125783e-17	72.0	12.0	12.0	0.0	0.5037731481481482	0.6497834719699023	0.011752027363081603	0.0	1.0
seed1	balanced	radial_node_size_only	0.0	sqrt_rooms	profile	300	199	0.6833333333333333	0.628659261236736	0.7333716493142638	0.02	0.5000000000000001	0.0	72.0	12.0	12.0	0.0	0.5037731481481482	0.6497834719699023	0.011752027363081603	0.0	1.0
seed1	balanced	radial_node_size_only	0.0	sqrt_rooms	mantel	300	199	0.64	0.584229303230313	0.6922306648268142	0.02	0.5000000000000001	0.0	72.0	12.0	12.0	0.0	0.5037731481481482	0.6497834719699023	0.011752027363081603	0.0	1.0
seed1	balanced	radial_node_size_only	0.0	sqrt_rooms	nested_max	300	199	0.6833333333333333	0.628659261236736	0.7333716493142638	0.02	0.5000000000000001	0.0	72.0	12.0	12.0	0.0	0.5037731481481482	0.6497834719699023	0.011752027363081603	0.0	1.0
seed1	balanced	radial_node_size_only	0.0	sqrt_rooms	standardized_max	300	199	0.67	0.6149358533991501	0.7207655363845044	0.02	0.5000000000000001	0.0	72.0	12.0	12.0	0.0	0.5037731481481482	0.6497834719699023	0.011752027363081603	0.0	1.0
seed1	balanced	radial_node_size_only	0.0	sqrt_rooms	cv_retrained	300	199	0.6266666666666667	0.5706551328853308	0.6794753144044509	0.02	0.5000000000000001	0.0	72.0	12.0	12.0	0.0	0.5037731481481482	0.6497834719699023	0.011752027363081603	0.0	1.0
seed1	balanced	radial_node_size_only	0.0	sqrt_rooms	cv_standardized	300	199	0.6033333333333334	0.5470046178899679	0.6570491680569592	0.0275	0.5000000000000001	0.0	72.0	12.0	12.0	0.0	0.5037731481481482	0.6497834719699023	0.011752027363081603	0.0	1.0
seed1	balanced	radial_node_size_only	0.0	room_equal	profile	300	199	0.6833333333333333	0.628659261236736	0.7333716493142638	0.02	0.4999999999999999	5.551115123125783e-17	72.0	12.0	12.0	0.0	0.5037731481481482	0.6497834719699023	0.011752027363081603	0.0	1.0
seed1	balanced	radial_node_size_only	0.0	room_equal	mantel	300	199	0.64	0.584229303230313	0.6922306648268142	0.02	0.4999999999999999	5.551115123125783e-17	72.0	12.0	12.0	0.0	0.5037731481481482	0.6497834719699023	0.011752027363081603	0.0	1.0
seed1	balanced	radial_node_size_only	0.0	room_equal	nested_max	300	199	0.6833333333333333	0.628659261236736	0.7333716493142638	0.02	0.4999999999999999	5.551115123125783e-17	72.0	12.0	12.0	0.0	0.5037731481481482	0.6497834719699023	0.011752027363081603	0.0	1.0
seed1	balanced	radial_node_size_only	0.0	room_equal	standardized_max	300	199	0.67	0.6149358533991501	0.7207655363845044	0.02	0.4999999999999999	5.551115123125783e-17	72.0	12.0	12.0	0.0	0.5037731481481482	0.6497834719699023	0.011752027363081603	0.0	1.0
seed1	balanced	radial_node_size_only	0.0	room_equal	cv_retrained	300	199	0.6266666666666667	0.5706551328853308	0.6794753144044509	0.02	0.4999999999999999	5.551115123125783e-17	72.0	12.0	12.0	0.0	0.5037731481481482	0.6497834719699023	0.011752027363081603	0.0	1.0
seed1	balanced	radial_node_size_only	0.0	room_equal	cv_standardized	300	199	0.6033333333333334	0.5470046178899679	0.6570491680569592	0.0275	0.4999999999999999	5.551115123125783e-17	72.0	12.0	12.0	0.0	0.5037731481481482	0.6497834719699023	0.011752027363081603	0.0	1.0
seed1	balanced	radial_node_size_only	0.1	building_equal	profile	300	199	0.6833333333333333	0.628659261236736	0.7333716493142638	0.02	0.503203406017261	0.0022773024086641808	72.0	12.0	12.0	0.0	0.5037731481481482	0.6497834719699023	0.011752027363081603	0.0	1.0
seed1	balanced	radial_node_size_only	0.1	building_equal	mantel	300	199	0.64	0.584229303230313	0.6922306648268142	0.02	0.503203406017261	0.0022773024086641808	72.0	12.0	12.0	0.0	0.5037731481481482	0.6497834719699023	0.011752027363081603	0.0	1.0
seed1	balanced	radial_node_size_only	0.1	building_equal	nested_max	300	199	0.6833333333333333	0.628659261236736	0.7333716493142638	0.02	0.503203406017261	0.0022773024086641808	72.0	12.0	12.0	0.0	0.5037731481481482	0.6497834719699023	0.011752027363081603	0.0	1.0
seed1	balanced	radial_node_size_only	0.1	building_equal	standardized_max	300	199	0.67	0.6149358533991501	0.7207655363845044	0.02	0.503203406017261	0.0022773024086641808	72.0	12.0	12.0	0.0	0.5037731481481482	0.6497834719699023	0.011752027363081603	0.0	1.0
seed1	balanced	radial_node_size_only	0.1	building_equal	cv_retrained	300	199	0.6266666666666667	0.5706551328853308	0.6794753144044509	0.02	0.503203406017261	0.0022773024086641808	72.0	12.0	12.0	0.0	0.5037731481481482	0.6497834719699023	0.011752027363081603	0.0	1.0
seed1	balanced	radial_node_size_only	0.1	building_equal	cv_standardized	300	199	0.6066666666666667	0.5503752712846574	0.6602608948541061	0.03	0.5034558293059996	0.007839049589593963	72.0	12.0	12.0	0.0	0.5037731481481482	0.6497834719699023	0.011752027363081603	0.0	1.0
seed1	balanced	radial_node_size_only	0.1	sqrt_rooms	profile	300	199	0.6833333333333333	0.628659261236736	0.7333716493142638	0.02	0.503203406017261	0.0022773024086641764	72.0	12.0	12.0	0.0	0.5037731481481482	0.6497834719699023	0.011752027363081603	0.0	1.0
seed1	balanced	radial_node_size_only	0.1	sqrt_rooms	mantel	300	199	0.64	0.584229303230313	0.6922306648268142	0.02	0.503203406017261	0.0022773024086641764	72.0	12.0	12.0	0.0	0.5037731481481482	0.6497834719699023	0.011752027363081603	0.0	1.0
seed1	balanced	radial_node_size_only	0.1	sqrt_rooms	nested_max	300	199	0.6833333333333333	0.628659261236736	0.7333716493142638	0.02	0.503203406017261	0.0022773024086641764	72.0	12.0	12.0	0.0	0.5037731481481482	0.6497834719699023	0.011752027363081603	0.0	1.0
seed1	balanced	radial_node_size_only	0.1	sqrt_rooms	standardized_max	300	199	0.67	0.6149358533991501	0.7207655363845044	0.02	0.503203406017261	0.0022773024086641764	72.0	12.0	12.0	0.0	0.5037731481481482	0.6497834719699023	0.011752027363081603	0.0	1.0
seed1	balanced	radial_node_size_only	0.1	sqrt_rooms	cv_retrained	300	199	0.6266666666666667	0.5706551328853308	0.6794753144044509	0.02	0.503203406017261	0.0022773024086641764	72.0	12.0	12.0	0.0	0.5037731481481482	0.6497834719699023	0.011752027363081603	0.0	1.0
seed1	balanced	radial_node_size_only	0.1	sqrt_rooms	cv_standardized	300	199	0.6066666666666667	0.5503752712846574	0.6602608948541061	0.03	0.5034558293059997	0.00783904958959397	72.0	12.0	12.0	0.0	0.5037731481481482	0.6497834719699023	0.011752027363081603	0.0	1.0
seed1	balanced	radial_node_size_only	0.1	room_equal	profile	300	199	0.6833333333333333	0.628659261236736	0.7333716493142638	0.02	0.503203406017261	0.0022773024086641803	72.0	12.0	12.0	0.0	0.5037731481481482	0.6497834719699023	0.011752027363081603	0.0	1.0
seed1	balanced	radial_node_size_only	0.1	room_equal	mantel	300	199	0.64	0.584229303230313	0.6922306648268142	0.02	0.503203406017261	0.0022773024086641803	72.0	12.0	12.0	0.0	0.5037731481481482	0.6497834719699023	0.011752027363081603	0.0	1.0
seed1	balanced	radial_node_size_only	0.1	room_equal	nested_max	300	199	0.6833333333333333	0.628659261236736	0.7333716493142638	0.02	0.503203406017261	0.0022773024086641803	72.0	12.0	12.0	0.0	0.5037731481481482	0.6497834719699023	0.011752027363081603	0.0	1.0
seed1	balanced	radial_node_size_only	0.1	room_equal	standardized_max	300	199	0.67	0.6149358533991501	0.7207655363845044	0.02	0.503203406017261	0.0022773024086641803	72.0	12.0	12.0	0.0	0.5037731481481482	0.6497834719699023	0.011752027363081603	0.0	1.0
seed1	balanced	radial_node_size_only	0.1	room_equal	cv_retrained	300	199	0.6266666666666667	0.5706551328853308	0.6794753144044509	0.02	0.503203406017261	0.0022773024086641803	72.0	12.0	12.0	0.0	0.5037731481481482	0.6497834719699023	0.011752027363081603	0.0	1.0
seed1	balanced	radial_node_size_only	0.1	room_equal	cv_standardized	300	199	0.6066666666666667	0.5503752712846574	0.6602608948541061	0.03	0.5034558293059996	0.007839049589593965	72.0	12.0	12.0	0.0	0.5037731481481482	0.6497834719699023	0.011752027363081603	0.0	1.0
seed1	balanced	radial_node_size_only	0.25	building_equal	profile	300	199	0.6833333333333333	0.628659261236736	0.7333716493142638	0.02	0.5080069791099171	0.00569159446255801	72.0	12.0	12.0	0.0	0.5037731481481482	0.6497834719699023	0.011752027363081603	0.0	1.0
seed1	balanced	radial_node_size_only	0.25	building_equal	mantel	300	199	0.64	0.584229303230313	0.6922306648268142	0.02	0.5080069791099171	0.00569159446255801	72.0	12.0	12.0	0.0	0.5037731481481482	0.6497834719699023	0.011752027363081603	0.0	1.0
seed1	balanced	radial_node_size_only	0.25	building_equal	nested_max	300	199	0.6833333333333333	0.628659261236736	0.7333716493142638	0.02	0.5080069791099171	0.00569159446255801	72.0	12.0	12.0	0.0	0.5037731481481482	0.6497834719699023	0.011752027363081603	0.0	1.0
seed1	balanced	radial_node_size_only	0.25	building_equal	standardized_max	300	199	0.67	0.6149358533991501	0.7207655363845044	0.02	0.5080069791099171	0.00569159446255801	72.0	12.0	12.0	0.0	0.5037731481481482	0.6497834719699023	0.011752027363081603	0.0	1.0
seed1	balanced	radial_node_size_only	0.25	building_equal	cv_retrained	300	199	0.63	0.5740445552913591	0.6826682721902588	0.02	0.5080069791099171	0.00569159446255801	72.0	12.0	12.0	0.0	0.5037731481481482	0.6497834719699023	0.011752027363081603	0.0	1.0
seed1	balanced	radial_node_size_only	0.25	building_equal	cv_standardized	300	199	0.6066666666666667	0.5503752712846574	0.6602608948541061	0.03	0.5086269557395828	0.019566027047345072	72.0	12.0	12.0	0.0	0.5037731481481482	0.6497834719699023	0.011752027363081603	0.0	1.0
seed1	balanced	radial_node_size_only	0.25	sqrt_rooms	profile	300	199	0.6833333333333333	0.628659261236736	0.7333716493142638	0.02	0.5080069791099171	0.005691594462558012	72.0	12.0	12.0	0.0	0.5037731481481482	0.6497834719699023	0.011752027363081603	0.0	1.0
seed1	balanced	radial_node_size_only	0.25	sqrt_rooms	mantel	300	199	0.64	0.584229303230313	0.6922306648268142	0.02	0.5080069791099171	0.005691594462558012	72.0	12.0	12.0	0.0	0.5037731481481482	0.6497834719699023	0.011752027363081603	0.0	1.0
seed1	balanced	radial_node_size_only	0.25	sqrt_rooms	nested_max	300	199	0.6833333333333333	0.628659261236736	0.7333716493142638	0.02	0.5080069791099171	0.005691594462558012	72.0	12.0	12.0	0.0	0.5037731481481482	0.6497834719699023	0.011752027363081603	0.0	1.0
seed1	balanced	radial_node_size_only	0.25	sqrt_rooms	standardized_max	300	199	0.67	0.6149358533991501	0.7207655363845044	0.02	0.5080069791099171	0.005691594462558012	72.0	12.0	12.0	0.0	0.5037731481481482	0.6497834719699023	0.011752027363081603	0.0	1.0
seed1	balanced	radial_node_size_only	0.25	sqrt_rooms	cv_retrained	300	199	0.63	0.5740445552913591	0.6826682721902588	0.02	0.5080069791099171	0.005691594462558012	72.0	12.0	12.0	0.0	0.5037731481481482	0.6497834719699023	0.011752027363081603	0.0	1.0
seed1	balanced	radial_node_size_only	0.25	sqrt_rooms	cv_standardized	300	199	0.6066666666666667	0.5503752712846574	0.6602608948541061	0.03	0.5086269557395829	0.019566027047345072	72.0	12.0	12.0	0.0	0.5037731481481482	0.6497834719699023	0.011752027363081603	0.0	1.0
seed1	balanced	radial_node_size_only	0.25	room_equal	profile	300	199	0.6833333333333333	0.628659261236736	0.7333716493142638	0.02	0.5080069791099171	0.005691594462558009	72.0	12.0	12.0	0.0	0.5037731481481482	0.6497834719699023	0.011752027363081603	0.0	1.0
seed1	balanced	radial_node_size_only	0.25	room_equal	mantel	300	199	0.64	0.584229303230313	0.6922306648268142	0.02	0.5080069791099171	0.005691594462558009	72.0	12.0	12.0	0.0	0.5037731481481482	0.6497834719699023	0.011752027363081603	0.0	1.0
seed1	balanced	radial_node_size_only	0.25	room_equal	nested_max	300	199	0.6833333333333333	0.628659261236736	0.7333716493142638	0.02	0.5080069791099171	0.005691594462558009	72.0	12.0	12.0	0.0	0.5037731481481482	0.6497834719699023	0.011752027363081603	0.0	1.0
seed1	balanced	radial_node_size_only	0.25	room_equal	standardized_max	300	199	0.67	0.6149358533991501	0.7207655363845044	0.02	0.5080069791099171	0.005691594462558009	72.0	12.0	12.0	0.0	0.5037731481481482	0.6497834719699023	0.011752027363081603	0.0	1.0
seed1	balanced	radial_node_size_only	0.25	room_equal	cv_retrained	300	199	0.63	0.5740445552913591	0.6826682721902588	0.02	0.5080069791099171	0.005691594462558009	72.0	12.0	12.0	0.0	0.5037731481481482	0.6497834719699023	0.011752027363081603	0.0	1.0
seed1	balanced	radial_node_size_only	0.25	room_equal	cv_standardized	300	199	0.6066666666666667	0.5503752712846574	0.6602608948541061	0.03	0.5086269557395828	0.019566027047345072	72.0	12.0	12.0	0.0	0.5037731481481482	0.6497834719699023	0.011752027363081603	0.0	1.0
seed1	balanced	radial_node_size_only	0.5	building_equal	profile	300	199	0.6833333333333333	0.628659261236736	0.7333716493142638	0.02	0.5160030039435297	0.011371347081554583	72.0	12.0	12.0	0.0	0.5037731481481482	0.6497834719699023	0.011752027363081603	0.0	1.0
seed1	balanced	radial_node_size_only	0.5	building_equal	mantel	300	199	0.64	0.584229303230313	0.6922306648268142	0.02	0.5160030039435297	0.011371347081554583	72.0	12.0	12.0	0.0	0.5037731481481482	0.6497834719699023	0.011752027363081603	0.0	1.0
seed1	balanced	radial_node_size_only	0.5	building_equal	nested_max	300	199	0.6833333333333333	0.628659261236736	0.7333716493142638	0.02	0.5160030039435297	0.011371347081554583	72.0	12.0	12.0	0.0	0.5037731481481482	0.6497834719699023	0.011752027363081603	0.0	1.0
seed1	balanced	radial_node_size_only	0.5	building_equal	standardized_max	300	199	0.67	0.6149358533991501	0.7207655363845044	0.02	0.5160030039435297	0.011371347081554583	72.0	12.0	12.0	0.0	0.5037731481481482	0.6497834719699023	0.011752027363081603	0.0	1.0
seed1	balanced	radial_node_size_only	0.5	building_equal	cv_retrained	300	199	0.63	0.5740445552913591	0.6826682721902588	0.02	0.5160030039435297	0.011371347081554583	72.0	12.0	12.0	0.0	0.5037731481481482	0.6497834719699023	0.011752027363081603	0.0	1.0
seed1	balanced	radial_node_size_only	0.5	building_equal	cv_standardized	300	199	0.6033333333333334	0.5470046178899679	0.6570491680569592	0.03	0.517164869355614	0.0389095166088727	72.0	12.0	12.0	0.0	0.5037731481481482	0.6497834719699023	0.011752027363081603	0.0	1.0
seed1	balanced	radial_node_size_only	0.5	sqrt_rooms	profile	300	199	0.6833333333333333	0.628659261236736	0.7333716493142638	0.02	0.5160030039435298	0.011371347081554581	72.0	12.0	12.0	0.0	0.5037731481481482	0.6497834719699023	0.011752027363081603	0.0	1.0
seed1	balanced	radial_node_size_only	0.5	sqrt_rooms	mantel	300	199	0.64	0.584229303230313	0.6922306648268142	0.02	0.5160030039435298	0.011371347081554581	72.0	12.0	12.0	0.0	0.5037731481481482	0.6497834719699023	0.011752027363081603	0.0	1.0
seed1	balanced	radial_node_size_only	0.5	sqrt_rooms	nested_max	300	199	0.6833333333333333	0.628659261236736	0.7333716493142638	0.02	0.5160030039435298	0.011371347081554581	72.0	12.0	12.0	0.0	0.5037731481481482	0.6497834719699023	0.011752027363081603	0.0	1.0
seed1	balanced	radial_node_size_only	0.5	sqrt_rooms	standardized_max	300	199	0.67	0.6149358533991501	0.7207655363845044	0.02	0.5160030039435298	0.011371347081554581	72.0	12.0	12.0	0.0	0.5037731481481482	0.6497834719699023	0.011752027363081603	0.0	1.0
seed1	balanced	radial_node_size_only	0.5	sqrt_rooms	cv_retrained	300	199	0.63	0.5740445552913591	0.6826682721902588	0.02	0.5160030039435298	0.011371347081554581	72.0	12.0	12.0	0.0	0.5037731481481482	0.6497834719699023	0.011752027363081603	0.0	1.0
seed1	balanced	radial_node_size_only	0.5	sqrt_rooms	cv_standardized	300	199	0.6033333333333334	0.5470046178899679	0.6570491680569592	0.03	0.517164869355614	0.0389095166088727	72.0	12.0	12.0	0.0	0.5037731481481482	0.6497834719699023	0.011752027363081603	0.0	1.0
seed1	balanced	radial_node_size_only	0.5	room_equal	profile	300	199	0.6833333333333333	0.628659261236736	0.7333716493142638	0.02	0.5160030039435297	0.011371347081554581	72.0	12.0	12.0	0.0	0.5037731481481482	0.6497834719699023	0.011752027363081603	0.0	1.0
seed1	balanced	radial_node_size_only	0.5	room_equal	mantel	300	199	0.64	0.584229303230313	0.6922306648268142	0.02	0.5160030039435297	0.011371347081554581	72.0	12.0	12.0	0.0	0.5037731481481482	0.6497834719699023	0.011752027363081603	0.0	1.0
seed1	balanced	radial_node_size_only	0.5	room_equal	nested_max	300	199	0.6833333333333333	0.628659261236736	0.7333716493142638	0.02	0.5160030039435297	0.011371347081554581	72.0	12.0	12.0	0.0	0.5037731481481482	0.6497834719699023	0.011752027363081603	0.0	1.0
seed1	balanced	radial_node_size_only	0.5	room_equal	standardized_max	300	199	0.67	0.6149358533991501	0.7207655363845044	0.02	0.5160030039435297	0.011371347081554581	72.0	12.0	12.0	0.0	0.5037731481481482	0.6497834719699023	0.011752027363081603	0.0	1.0
seed1	balanced	radial_node_size_only	0.5	room_equal	cv_retrained	300	199	0.63	0.5740445552913591	0.6826682721902588	0.02	0.5160030039435297	0.011371347081554581	72.0	12.0	12.0	0.0	0.5037731481481482	0.6497834719699023	0.011752027363081603	0.0	1.0
seed1	balanced	radial_node_size_only	0.5	room_equal	cv_standardized	300	199	0.6033333333333334	0.5470046178899679	0.6570491680569592	0.03	0.517164869355614	0.0389095166088727	72.0	12.0	12.0	0.0	0.5037731481481482	0.6497834719699023	0.011752027363081603	0.0	1.0
seed1	balanced	radial_node_size_only	1.0	building_equal	profile	300	199	0.6833333333333333	0.628659261236736	0.7333716493142638	0.02	0.5319188906269149	0.022648776487039373	72.0	12.0	12.0	0.0	0.5037731481481482	0.6497834719699023	0.011752027363081603	0.0	1.0
seed1	balanced	radial_node_size_only	1.0	building_equal	mantel	300	199	0.64	0.584229303230313	0.6922306648268142	0.02	0.5319188906269149	0.022648776487039373	72.0	12.0	12.0	0.0	0.5037731481481482	0.6497834719699023	0.011752027363081603	0.0	1.0
seed1	balanced	radial_node_size_only	1.0	building_equal	nested_max	300	199	0.6833333333333333	0.628659261236736	0.7333716493142638	0.02	0.5319188906269149	0.022648776487039373	72.0	12.0	12.0	0.0	0.5037731481481482	0.6497834719699023	0.011752027363081603	0.0	1.0
seed1	balanced	radial_node_size_only	1.0	building_equal	standardized_max	300	199	0.67	0.6149358533991501	0.7207655363845044	0.02	0.5319188906269149	0.022648776487039373	72.0	12.0	12.0	0.0	0.5037731481481482	0.6497834719699023	0.011752027363081603	0.0	1.0
seed1	balanced	radial_node_size_only	1.0	building_equal	cv_retrained	300	199	0.6233333333333333	0.5672684321681708	0.6762796349297745	0.02	0.5319188906269149	0.022648776487039373	72.0	12.0	12.0	0.0	0.5037731481481482	0.6497834719699023	0.011752027363081603	0.0	1.0
seed1	balanced	radial_node_size_only	1.0	building_equal	cv_standardized	300	199	0.6033333333333334	0.5470046178899679	0.6570491680569592	0.03	0.5336491906424693	0.07613046311859266	72.0	12.0	12.0	0.0	0.5037731481481482	0.6497834719699023	0.011752027363081603	0.0	1.0
seed1	balanced	radial_node_size_only	1.0	sqrt_rooms	profile	300	199	0.6833333333333333	0.628659261236736	0.7333716493142638	0.02	0.531918890626915	0.022648776487039373	72.0	12.0	12.0	0.0	0.5037731481481482	0.6497834719699023	0.011752027363081603	0.0	1.0
seed1	balanced	radial_node_size_only	1.0	sqrt_rooms	mantel	300	199	0.64	0.584229303230313	0.6922306648268142	0.02	0.531918890626915	0.022648776487039373	72.0	12.0	12.0	0.0	0.5037731481481482	0.6497834719699023	0.011752027363081603	0.0	1.0
seed1	balanced	radial_node_size_only	1.0	sqrt_rooms	nested_max	300	199	0.6833333333333333	0.628659261236736	0.7333716493142638	0.02	0.531918890626915	0.022648776487039373	72.0	12.0	12.0	0.0	0.5037731481481482	0.6497834719699023	0.011752027363081603	0.0	1.0
seed1	balanced	radial_node_size_only	1.0	sqrt_rooms	standardized_max	300	199	0.67	0.6149358533991501	0.7207655363845044	0.02	0.531918890626915	0.022648776487039373	72.0	12.0	12.0	0.0	0.5037731481481482	0.6497834719699023	0.011752027363081603	0.0	1.0
seed1	balanced	radial_node_size_only	1.0	sqrt_rooms	cv_retrained	300	199	0.6233333333333333	0.5672684321681708	0.6762796349297745	0.02	0.531918890626915	0.022648776487039373	72.0	12.0	12.0	0.0	0.5037731481481482	0.6497834719699023	0.011752027363081603	0.0	1.0
seed1	balanced	radial_node_size_only	1.0	sqrt_rooms	cv_standardized	300	199	0.6033333333333334	0.5470046178899679	0.6570491680569592	0.03	0.5336491906424694	0.07613046311859266	72.0	12.0	12.0	0.0	0.5037731481481482	0.6497834719699023	0.011752027363081603	0.0	1.0
seed1	balanced	radial_node_size_only	1.0	room_equal	profile	300	199	0.6833333333333333	0.628659261236736	0.7333716493142638	0.02	0.5319188906269149	0.022648776487039373	72.0	12.0	12.0	0.0	0.5037731481481482	0.6497834719699023	0.011752027363081603	0.0	1.0
seed1	balanced	radial_node_size_only	1.0	room_equal	mantel	300	199	0.64	0.584229303230313	0.6922306648268142	0.02	0.5319188906269149	0.022648776487039373	72.0	12.0	12.0	0.0	0.5037731481481482	0.6497834719699023	0.011752027363081603	0.0	1.0
seed1	balanced	radial_node_size_only	1.0	room_equal	nested_max	300	199	0.6833333333333333	0.628659261236736	0.7333716493142638	0.02	0.5319188906269149	0.022648776487039373	72.0	12.0	12.0	0.0	0.5037731481481482	0.6497834719699023	0.011752027363081603	0.0	1.0
seed1	balanced	radial_node_size_only	1.0	room_equal	standardized_max	300	199	0.67	0.6149358533991501	0.7207655363845044	0.02	0.5319188906269149	0.022648776487039373	72.0	12.0	12.0	0.0	0.5037731481481482	0.6497834719699023	0.011752027363081603	0.0	1.0
seed1	balanced	radial_node_size_only	1.0	room_equal	cv_retrained	300	199	0.6233333333333333	0.5672684321681708	0.6762796349297745	0.02	0.5319188906269149	0.022648776487039373	72.0	12.0	12.0	0.0	0.5037731481481482	0.6497834719699023	0.011752027363081603	0.0	1.0
seed1	balanced	radial_node_size_only	1.0	room_equal	cv_standardized	300	199	0.6033333333333334	0.5470046178899679	0.6570491680569592	0.03	0.5336491906424693	0.07613046311859266	72.0	12.0	12.0	0.0	0.5037731481481482	0.6497834719699023	0.011752027363081603	0.0	1.0
seed1	balanced	radial_node_size_only	2.0	building_equal	profile	300	199	0.6833333333333333	0.628659261236736	0.7333716493142638	0.02	0.5631568763140083	0.04457126170182879	72.0	12.0	12.0	0.0	0.5037731481481482	0.6497834719699023	0.011752027363081603	0.0	1.0
seed1	balanced	radial_node_size_only	2.0	building_equal	mantel	300	199	0.64	0.584229303230313	0.6922306648268142	0.02	0.5631568763140083	0.04457126170182879	72.0	12.0	12.0	0.0	0.5037731481481482	0.6497834719699023	0.011752027363081603	0.0	1.0
seed1	balanced	radial_node_size_only	2.0	building_equal	nested_max	300	199	0.6833333333333333	0.628659261236736	0.7333716493142638	0.02	0.5631568763140083	0.04457126170182879	72.0	12.0	12.0	0.0	0.5037731481481482	0.6497834719699023	0.011752027363081603	0.0	1.0
seed1	balanced	radial_node_size_only	2.0	building_equal	standardized_max	300	199	0.67	0.6149358533991501	0.7207655363845044	0.02	0.5631568763140083	0.04457126170182879	72.0	12.0	12.0	0.0	0.5037731481481482	0.6497834719699023	0.011752027363081603	0.0	1.0
seed1	balanced	radial_node_size_only	2.0	building_equal	cv_retrained	300	199	0.6166666666666667	0.5605031391673366	0.669880167546936	0.02	0.5631568763140083	0.04457126170182879	72.0	12.0	12.0	0.0	0.5037731481481482	0.6497834719699023	0.011752027363081603	0.0	1.0
seed1	balanced	radial_node_size_only	2.0	building_equal	cv_standardized	300	199	0.59	0.5335482149789318	0.6441760502006498	0.03	0.5626702239301705	0.1410375979805094	72.0	12.0	12.0	0.0	0.5037731481481482	0.6497834719699023	0.011752027363081603	0.0	1.0
seed1	balanced	radial_node_size_only	2.0	sqrt_rooms	profile	300	199	0.6833333333333333	0.628659261236736	0.7333716493142638	0.02	0.5631568763140083	0.0445712617018288	72.0	12.0	12.0	0.0	0.5037731481481482	0.6497834719699023	0.011752027363081603	0.0	1.0
seed1	balanced	radial_node_size_only	2.0	sqrt_rooms	mantel	300	199	0.64	0.584229303230313	0.6922306648268142	0.02	0.5631568763140083	0.0445712617018288	72.0	12.0	12.0	0.0	0.5037731481481482	0.6497834719699023	0.011752027363081603	0.0	1.0
seed1	balanced	radial_node_size_only	2.0	sqrt_rooms	nested_max	300	199	0.6833333333333333	0.628659261236736	0.7333716493142638	0.02	0.5631568763140083	0.0445712617018288	72.0	12.0	12.0	0.0	0.5037731481481482	0.6497834719699023	0.011752027363081603	0.0	1.0
seed1	balanced	radial_node_size_only	2.0	sqrt_rooms	standardized_max	300	199	0.67	0.6149358533991501	0.7207655363845044	0.02	0.5631568763140083	0.0445712617018288	72.0	12.0	12.0	0.0	0.5037731481481482	0.6497834719699023	0.011752027363081603	0.0	1.0
seed1	balanced	radial_node_size_only	2.0	sqrt_rooms	cv_retrained	300	199	0.6166666666666667	0.5605031391673366	0.669880167546936	0.02	0.5631568763140083	0.0445712617018288	72.0	12.0	12.0	0.0	0.5037731481481482	0.6497834719699023	0.011752027363081603	0.0	1.0
seed1	balanced	radial_node_size_only	2.0	sqrt_rooms	cv_standardized	300	199	0.59	0.5335482149789318	0.6441760502006498	0.03	0.5626702239301706	0.14103759798050944	72.0	12.0	12.0	0.0	0.5037731481481482	0.6497834719699023	0.011752027363081603	0.0	1.0
seed1	balanced	radial_node_size_only	2.0	room_equal	profile	300	199	0.6833333333333333	0.628659261236736	0.7333716493142638	0.02	0.5631568763140082	0.04457126170182879	72.0	12.0	12.0	0.0	0.5037731481481482	0.6497834719699023	0.011752027363081603	0.0	1.0
seed1	balanced	radial_node_size_only	2.0	room_equal	mantel	300	199	0.64	0.584229303230313	0.6922306648268142	0.02	0.5631568763140082	0.04457126170182879	72.0	12.0	12.0	0.0	0.5037731481481482	0.6497834719699023	0.011752027363081603	0.0	1.0
seed1	balanced	radial_node_size_only	2.0	room_equal	nested_max	300	199	0.6833333333333333	0.628659261236736	0.7333716493142638	0.02	0.5631568763140082	0.04457126170182879	72.0	12.0	12.0	0.0	0.5037731481481482	0.6497834719699023	0.011752027363081603	0.0	1.0
seed1	balanced	radial_node_size_only	2.0	room_equal	standardized_max	300	199	0.67	0.6149358533991501	0.7207655363845044	0.02	0.5631568763140082	0.04457126170182879	72.0	12.0	12.0	0.0	0.5037731481481482	0.6497834719699023	0.011752027363081603	0.0	1.0
seed1	balanced	radial_node_size_only	2.0	room_equal	cv_retrained	300	199	0.6166666666666667	0.5605031391673366	0.669880167546936	0.02	0.5631568763140082	0.04457126170182879	72.0	12.0	12.0	0.0	0.5037731481481482	0.6497834719699023	0.011752027363081603	0.0	1.0
seed1	balanced	radial_node_size_only	2.0	room_equal	cv_standardized	300	199	0.59	0.5335482149789318	0.6441760502006498	0.03	0.5626702239301706	0.1410375979805094	72.0	12.0	12.0	0.0	0.5037731481481482	0.6497834719699023	0.011752027363081603	0.0	1.0
seed1	balanced	radial_node_size_only	4.0	building_equal	profile	300	199	0.6833333333333333	0.628659261236736	0.7333716493142638	0.02	0.6213229184589711	0.08401659220425706	72.0	12.0	12.0	0.0	0.5037731481481482	0.6497834719699023	0.011752027363081603	0.0	1.0
seed1	balanced	radial_node_size_only	4.0	building_equal	mantel	300	199	0.64	0.584229303230313	0.6922306648268142	0.02	0.6213229184589711	0.08401659220425706	72.0	12.0	12.0	0.0	0.5037731481481482	0.6497834719699023	0.011752027363081603	0.0	1.0
seed1	balanced	radial_node_size_only	4.0	building_equal	nested_max	300	199	0.6833333333333333	0.628659261236736	0.7333716493142638	0.02	0.6213229184589711	0.08401659220425706	72.0	12.0	12.0	0.0	0.5037731481481482	0.6497834719699023	0.011752027363081603	0.0	1.0
seed1	balanced	radial_node_size_only	4.0	building_equal	standardized_max	300	199	0.67	0.6149358533991501	0.7207655363845044	0.02	0.6213229184589711	0.08401659220425706	72.0	12.0	12.0	0.0	0.5037731481481482	0.6497834719699023	0.011752027363081603	0.0	1.0
seed1	balanced	radial_node_size_only	4.0	building_equal	cv_retrained	300	199	0.6266666666666667	0.5706551328853308	0.6794753144044509	0.025	0.6213229184589711	0.08401659220425706	72.0	12.0	12.0	0.0	0.5037731481481482	0.6497834719699023	0.011752027363081603	0.0	1.0
seed1	balanced	radial_node_size_only	4.0	building_equal	cv_standardized	300	199	0.5766666666666667	0.5201332672229635	0.6312614771892728	0.035	0.6022131280110509	0.22861899337809818	72.0	12.0	12.0	0.0	0.5037731481481482	0.6497834719699023	0.011752027363081603	0.0	1.0
seed1	balanced	radial_node_size_only	4.0	sqrt_rooms	profile	300	199	0.6833333333333333	0.628659261236736	0.7333716493142638	0.02	0.6213229184589711	0.08401659220425707	72.0	12.0	12.0	0.0	0.5037731481481482	0.6497834719699023	0.011752027363081603	0.0	1.0
seed1	balanced	radial_node_size_only	4.0	sqrt_rooms	mantel	300	199	0.64	0.584229303230313	0.6922306648268142	0.02	0.6213229184589711	0.08401659220425707	72.0	12.0	12.0	0.0	0.5037731481481482	0.6497834719699023	0.011752027363081603	0.0	1.0
seed1	balanced	radial_node_size_only	4.0	sqrt_rooms	nested_max	300	199	0.6833333333333333	0.628659261236736	0.7333716493142638	0.02	0.6213229184589711	0.08401659220425707	72.0	12.0	12.0	0.0	0.5037731481481482	0.6497834719699023	0.011752027363081603	0.0	1.0
seed1	balanced	radial_node_size_only	4.0	sqrt_rooms	standardized_max	300	199	0.67	0.6149358533991501	0.7207655363845044	0.02	0.6213229184589711	0.08401659220425707	72.0	12.0	12.0	0.0	0.5037731481481482	0.6497834719699023	0.011752027363081603	0.0	1.0
seed1	balanced	radial_node_size_only	4.0	sqrt_rooms	cv_retrained	300	199	0.6266666666666667	0.5706551328853308	0.6794753144044509	0.025	0.6213229184589711	0.08401659220425707	72.0	12.0	12.0	0.0	0.5037731481481482	0.6497834719699023	0.011752027363081603	0.0	1.0
seed1	balanced	radial_node_size_only	4.0	sqrt_rooms	cv_standardized	300	199	0.5766666666666667	0.5201332672229635	0.6312614771892728	0.035	0.602213128011051	0.22861899337809824	72.0	12.0	12.0	0.0	0.5037731481481482	0.6497834719699023	0.011752027363081603	0.0	1.0
seed1	balanced	radial_node_size_only	4.0	room_equal	profile	300	199	0.6833333333333333	0.628659261236736	0.7333716493142638	0.02	0.6213229184589711	0.08401659220425706	72.0	12.0	12.0	0.0	0.5037731481481482	0.6497834719699023	0.011752027363081603	0.0	1.0
seed1	balanced	radial_node_size_only	4.0	room_equal	mantel	300	199	0.64	0.584229303230313	0.6922306648268142	0.02	0.6213229184589711	0.08401659220425706	72.0	12.0	12.0	0.0	0.5037731481481482	0.6497834719699023	0.011752027363081603	0.0	1.0
seed1	balanced	radial_node_size_only	4.0	room_equal	nested_max	300	199	0.6833333333333333	0.628659261236736	0.7333716493142638	0.02	0.6213229184589711	0.08401659220425706	72.0	12.0	12.0	0.0	0.5037731481481482	0.6497834719699023	0.011752027363081603	0.0	1.0
seed1	balanced	radial_node_size_only	4.0	room_equal	standardized_max	300	199	0.67	0.6149358533991501	0.7207655363845044	0.02	0.6213229184589711	0.08401659220425706	72.0	12.0	12.0	0.0	0.5037731481481482	0.6497834719699023	0.011752027363081603	0.0	1.0
seed1	balanced	radial_node_size_only	4.0	room_equal	cv_retrained	300	199	0.6266666666666667	0.5706551328853308	0.6794753144044509	0.025	0.6213229184589711	0.08401659220425706	72.0	12.0	12.0	0.0	0.5037731481481482	0.6497834719699023	0.011752027363081603	0.0	1.0
seed1	balanced	radial_node_size_only	4.0	room_equal	cv_standardized	300	199	0.5766666666666667	0.5201332672229635	0.6312614771892728	0.035	0.6022131280110508	0.22861899337809818	72.0	12.0	12.0	0.0	0.5037731481481482	0.6497834719699023	0.011752027363081603	0.0	1.0
seed1	balanced	radial_node_size_only	8.0	building_equal	profile	300	199	0.6833333333333333	0.628659261236736	0.7333716493142638	0.02	0.7127013766166955	0.14036857704211772	72.0	12.0	12.0	0.0	0.5037731481481482	0.6497834719699023	0.011752027363081603	0.0	1.0
seed1	balanced	radial_node_size_only	8.0	building_equal	mantel	300	199	0.64	0.584229303230313	0.6922306648268142	0.02	0.7127013766166955	0.14036857704211772	72.0	12.0	12.0	0.0	0.5037731481481482	0.6497834719699023	0.011752027363081603	0.0	1.0
seed1	balanced	radial_node_size_only	8.0	building_equal	nested_max	300	199	0.6833333333333333	0.628659261236736	0.7333716493142638	0.02	0.7127013766166955	0.14036857704211772	72.0	12.0	12.0	0.0	0.5037731481481482	0.6497834719699023	0.011752027363081603	0.0	1.0
seed1	balanced	radial_node_size_only	8.0	building_equal	standardized_max	300	199	0.67	0.6149358533991501	0.7207655363845044	0.02	0.7127013766166955	0.14036857704211772	72.0	12.0	12.0	0.0	0.5037731481481482	0.6497834719699023	0.011752027363081603	0.0	1.0
seed1	balanced	radial_node_size_only	8.0	building_equal	cv_retrained	300	199	0.6233333333333333	0.5672684321681708	0.6762796349297745	0.025	0.7127013766166955	0.14036857704211772	72.0	12.0	12.0	0.0	0.5037731481481482	0.6497834719699023	0.011752027363081603	0.0	1.0
seed1	balanced	radial_node_size_only	8.0	building_equal	cv_standardized	300	199	0.5533333333333333	0.496755238029873	0.6085628450395089	0.04	0.6358210589373297	0.3063393663488961	72.0	12.0	12.0	0.0	0.5037731481481482	0.6497834719699023	0.011752027363081603	0.0	1.0
seed1	balanced	radial_node_size_only	8.0	sqrt_rooms	profile	300	199	0.6833333333333333	0.628659261236736	0.7333716493142638	0.02	0.7127013766166957	0.14036857704211775	72.0	12.0	12.0	0.0	0.5037731481481482	0.6497834719699023	0.011752027363081603	0.0	1.0
seed1	balanced	radial_node_size_only	8.0	sqrt_rooms	mantel	300	199	0.64	0.584229303230313	0.6922306648268142	0.02	0.7127013766166957	0.14036857704211775	72.0	12.0	12.0	0.0	0.5037731481481482	0.6497834719699023	0.011752027363081603	0.0	1.0
seed1	balanced	radial_node_size_only	8.0	sqrt_rooms	nested_max	300	199	0.6833333333333333	0.628659261236736	0.7333716493142638	0.02	0.7127013766166957	0.14036857704211775	72.0	12.0	12.0	0.0	0.5037731481481482	0.6497834719699023	0.011752027363081603	0.0	1.0
seed1	balanced	radial_node_size_only	8.0	sqrt_rooms	standardized_max	300	199	0.67	0.6149358533991501	0.7207655363845044	0.02	0.7127013766166957	0.14036857704211775	72.0	12.0	12.0	0.0	0.5037731481481482	0.6497834719699023	0.011752027363081603	0.0	1.0
seed1	balanced	radial_node_size_only	8.0	sqrt_rooms	cv_retrained	300	199	0.6233333333333333	0.5672684321681708	0.6762796349297745	0.025	0.7127013766166957	0.14036857704211775	72.0	12.0	12.0	0.0	0.5037731481481482	0.6497834719699023	0.011752027363081603	0.0	1.0
seed1	balanced	radial_node_size_only	8.0	sqrt_rooms	cv_standardized	300	199	0.5533333333333333	0.496755238029873	0.6085628450395089	0.04	0.6358210589373298	0.3063393663488962	72.0	12.0	12.0	0.0	0.5037731481481482	0.6497834719699023	0.011752027363081603	0.0	1.0
seed1	balanced	radial_node_size_only	8.0	room_equal	profile	300	199	0.6833333333333333	0.628659261236736	0.7333716493142638	0.02	0.7127013766166955	0.14036857704211772	72.0	12.0	12.0	0.0	0.5037731481481482	0.6497834719699023	0.011752027363081603	0.0	1.0
seed1	balanced	radial_node_size_only	8.0	room_equal	mantel	300	199	0.64	0.584229303230313	0.6922306648268142	0.02	0.7127013766166955	0.14036857704211772	72.0	12.0	12.0	0.0	0.5037731481481482	0.6497834719699023	0.011752027363081603	0.0	1.0
seed1	balanced	radial_node_size_only	8.0	room_equal	nested_max	300	199	0.6833333333333333	0.628659261236736	0.7333716493142638	0.02	0.7127013766166955	0.14036857704211772	72.0	12.0	12.0	0.0	0.5037731481481482	0.6497834719699023	0.011752027363081603	0.0	1.0
seed1	balanced	radial_node_size_only	8.0	room_equal	standardized_max	300	199	0.67	0.6149358533991501	0.7207655363845044	0.02	0.7127013766166955	0.14036857704211772	72.0	12.0	12.0	0.0	0.5037731481481482	0.6497834719699023	0.011752027363081603	0.0	1.0
seed1	balanced	radial_node_size_only	8.0	room_equal	cv_retrained	300	199	0.6233333333333333	0.5672684321681708	0.6762796349297745	0.025	0.7127013766166955	0.14036857704211772	72.0	12.0	12.0	0.0	0.5037731481481482	0.6497834719699023	0.011752027363081603	0.0	1.0
seed1	balanced	radial_node_size_only	8.0	room_equal	cv_standardized	300	199	0.5533333333333333	0.496755238029873	0.6085628450395089	0.04	0.6358210589373297	0.3063393663488961	72.0	12.0	12.0	0.0	0.5037731481481482	0.6497834719699023	0.011752027363081603	0.0	1.0
seed1	balanced	radial_node_size_only	16.0	building_equal	profile	300	199	0.6833333333333333	0.628659261236736	0.7333716493142638	0.02	0.8092374395647796	0.1921313850418609	72.0	12.0	12.0	0.0	0.5037731481481482	0.6497834719699023	0.011752027363081603	0.0	1.0
seed1	balanced	radial_node_size_only	16.0	building_equal	mantel	300	199	0.64	0.584229303230313	0.6922306648268142	0.02	0.8092374395647796	0.1921313850418609	72.0	12.0	12.0	0.0	0.5037731481481482	0.6497834719699023	0.011752027363081603	0.0	1.0
seed1	balanced	radial_node_size_only	16.0	building_equal	nested_max	300	199	0.6833333333333333	0.628659261236736	0.7333716493142638	0.02	0.8092374395647796	0.1921313850418609	72.0	12.0	12.0	0.0	0.5037731481481482	0.6497834719699023	0.011752027363081603	0.0	1.0
seed1	balanced	radial_node_size_only	16.0	building_equal	standardized_max	300	199	0.67	0.6149358533991501	0.7207655363845044	0.02	0.8092374395647796	0.1921313850418609	72.0	12.0	12.0	0.0	0.5037731481481482	0.6497834719699023	0.011752027363081603	0.0	1.0
seed1	balanced	radial_node_size_only	16.0	building_equal	cv_retrained	300	199	0.5966666666666667	0.540271195643406	0.6506178299198485	0.025	0.8092374395647796	0.1921313850418609	72.0	12.0	12.0	0.0	0.5037731481481482	0.6497834719699023	0.011752027363081603	0.0	1.0
seed1	balanced	radial_node_size_only	16.0	building_equal	cv_standardized	300	199	0.5266666666666666	0.4701880395241621	0.5824710020105287	0.04	0.6520575197729638	0.35186709286797796	72.0	12.0	12.0	0.0	0.5037731481481482	0.6497834719699023	0.011752027363081603	0.0	1.0
seed1	balanced	radial_node_size_only	16.0	sqrt_rooms	profile	300	199	0.6833333333333333	0.628659261236736	0.7333716493142638	0.02	0.8092374395647797	0.19213138504186095	72.0	12.0	12.0	0.0	0.5037731481481482	0.6497834719699023	0.011752027363081603	0.0	1.0
seed1	balanced	radial_node_size_only	16.0	sqrt_rooms	mantel	300	199	0.64	0.584229303230313	0.6922306648268142	0.02	0.8092374395647797	0.19213138504186095	72.0	12.0	12.0	0.0	0.5037731481481482	0.6497834719699023	0.011752027363081603	0.0	1.0
seed1	balanced	radial_node_size_only	16.0	sqrt_rooms	nested_max	300	199	0.6833333333333333	0.628659261236736	0.7333716493142638	0.02	0.8092374395647797	0.19213138504186095	72.0	12.0	12.0	0.0	0.5037731481481482	0.6497834719699023	0.011752027363081603	0.0	1.0
seed1	balanced	radial_node_size_only	16.0	sqrt_rooms	standardized_max	300	199	0.67	0.6149358533991501	0.7207655363845044	0.02	0.8092374395647797	0.19213138504186095	72.0	12.0	12.0	0.0	0.5037731481481482	0.6497834719699023	0.011752027363081603	0.0	1.0
seed1	balanced	radial_node_size_only	16.0	sqrt_rooms	cv_retrained	300	199	0.5966666666666667	0.540271195643406	0.6506178299198485	0.025	0.8092374395647797	0.19213138504186095	72.0	12.0	12.0	0.0	0.5037731481481482	0.6497834719699023	0.011752027363081603	0.0	1.0
seed1	balanced	radial_node_size_only	16.0	sqrt_rooms	cv_standardized	300	199	0.5266666666666666	0.4701880395241621	0.5824710020105287	0.04	0.6520575197729638	0.35186709286797807	72.0	12.0	12.0	0.0	0.5037731481481482	0.6497834719699023	0.011752027363081603	0.0	1.0
seed1	balanced	radial_node_size_only	16.0	room_equal	profile	300	199	0.6833333333333333	0.628659261236736	0.7333716493142638	0.02	0.8092374395647796	0.1921313850418609	72.0	12.0	12.0	0.0	0.5037731481481482	0.6497834719699023	0.011752027363081603	0.0	1.0
seed1	balanced	radial_node_size_only	16.0	room_equal	mantel	300	199	0.64	0.584229303230313	0.6922306648268142	0.02	0.8092374395647796	0.1921313850418609	72.0	12.0	12.0	0.0	0.5037731481481482	0.6497834719699023	0.011752027363081603	0.0	1.0
seed1	balanced	radial_node_size_only	16.0	room_equal	nested_max	300	199	0.6833333333333333	0.628659261236736	0.7333716493142638	0.02	0.8092374395647796	0.1921313850418609	72.0	12.0	12.0	0.0	0.5037731481481482	0.6497834719699023	0.011752027363081603	0.0	1.0
seed1	balanced	radial_node_size_only	16.0	room_equal	standardized_max	300	199	0.67	0.6149358533991501	0.7207655363845044	0.02	0.8092374395647796	0.1921313850418609	72.0	12.0	12.0	0.0	0.5037731481481482	0.6497834719699023	0.011752027363081603	0.0	1.0
seed1	balanced	radial_node_size_only	16.0	room_equal	cv_retrained	300	199	0.5966666666666667	0.540271195643406	0.6506178299198485	0.025	0.8092374395647796	0.1921313850418609	72.0	12.0	12.0	0.0	0.5037731481481482	0.6497834719699023	0.011752027363081603	0.0	1.0
seed1	balanced	radial_node_size_only	16.0	room_equal	cv_standardized	300	199	0.5266666666666666	0.4701880395241621	0.5824710020105287	0.04	0.6520575197729637	0.351867092867978	72.0	12.0	12.0	0.0	0.5037731481481482	0.6497834719699023	0.011752027363081603	0.0	1.0
seed1	balanced	radial_node	0.0	building_equal	profile	300	199	0.2966666666666667	0.24781139053784687	0.35066341776013515	0.13	0.4999999999999999	5.551115123125783e-17	72.0	12.0	12.0	0.0	0.4977777777777778	0.6284806597943559	-0.006441073100206101	0.9000892028293496	1.8048711320065514
seed1	balanced	radial_node	0.0	building_equal	mantel	300	199	0.2966666666666667	0.24781139053784687	0.35066341776013515	0.145	0.4999999999999999	5.551115123125783e-17	72.0	12.0	12.0	0.0	0.4977777777777778	0.6284806597943559	-0.006441073100206101	0.9000892028293496	1.8048711320065514
seed1	balanced	radial_node	0.0	building_equal	nested_max	300	199	0.2966666666666667	0.24781139053784687	0.35066341776013515	0.135	0.4999999999999999	5.551115123125783e-17	72.0	12.0	12.0	0.0	0.4977777777777778	0.6284806597943559	-0.006441073100206101	0.9000892028293496	1.8048711320065514
seed1	balanced	radial_node	0.0	building_equal	standardized_max	300	199	0.3233333333333333	0.2729253960837475	0.37820845374892526	0.115	0.4999999999999999	5.551115123125783e-17	72.0	12.0	12.0	0.0	0.4977777777777778	0.6284806597943559	-0.006441073100206101	0.9000892028293496	1.8048711320065514
seed1	balanced	radial_node	0.0	building_equal	cv_retrained	300	199	0.38	0.3269187519503734	0.4361155611435176	0.085	0.4999999999999999	5.551115123125783e-17	72.0	12.0	12.0	0.0	0.4977777777777778	0.6284806597943559	-0.006441073100206101	0.9000892028293496	1.8048711320065514
seed1	balanced	radial_node	0.0	building_equal	cv_standardized	300	199	0.38333333333333336	0.330119832453064	0.43949686083266337	0.085	0.4999999999999999	5.551115123125783e-17	72.0	12.0	12.0	0.0	0.4977777777777778	0.6284806597943559	-0.006441073100206101	0.9000892028293496	1.8048711320065514
seed1	balanced	radial_node	0.0	sqrt_rooms	profile	300	199	0.2966666666666667	0.24781139053784687	0.35066341776013515	0.13	0.5000000000000001	0.0	72.0	12.0	12.0	0.0	0.4977777777777778	0.6284806597943559	-0.006441073100206101	0.9000892028293496	1.8048711320065514
seed1	balanced	radial_node	0.0	sqrt_rooms	mantel	300	199	0.2966666666666667	0.24781139053784687	0.35066341776013515	0.145	0.5000000000000001	0.0	72.0	12.0	12.0	0.0	0.4977777777777778	0.6284806597943559	-0.006441073100206101	0.9000892028293496	1.8048711320065514
seed1	balanced	radial_node	0.0	sqrt_rooms	nested_max	300	199	0.2966666666666667	0.24781139053784687	0.35066341776013515	0.135	0.5000000000000001	0.0	72.0	12.0	12.0	0.0	0.4977777777777778	0.6284806597943559	-0.006441073100206101	0.9000892028293496	1.8048711320065514
seed1	balanced	radial_node	0.0	sqrt_rooms	standardized_max	300	199	0.3233333333333333	0.2729253960837475	0.37820845374892526	0.115	0.5000000000000001	0.0	72.0	12.0	12.0	0.0	0.4977777777777778	0.6284806597943559	-0.006441073100206101	0.9000892028293496	1.8048711320065514
seed1	balanced	radial_node	0.0	sqrt_rooms	cv_retrained	300	199	0.38	0.3269187519503734	0.4361155611435176	0.085	0.5000000000000001	0.0	72.0	12.0	12.0	0.0	0.4977777777777778	0.6284806597943559	-0.006441073100206101	0.9000892028293496	1.8048711320065514
seed1	balanced	radial_node	0.0	sqrt_rooms	cv_standardized	300	199	0.38333333333333336	0.330119832453064	0.43949686083266337	0.085	0.5000000000000001	0.0	72.0	12.0	12.0	0.0	0.4977777777777778	0.6284806597943559	-0.006441073100206101	0.9000892028293496	1.8048711320065514
seed1	balanced	radial_node	0.0	room_equal	profile	300	199	0.2966666666666667	0.24781139053784687	0.35066341776013515	0.13	0.4999999999999999	5.551115123125783e-17	72.0	12.0	12.0	0.0	0.4977777777777778	0.6284806597943559	-0.006441073100206101	0.9000892028293496	1.8048711320065514
seed1	balanced	radial_node	0.0	room_equal	mantel	300	199	0.2966666666666667	0.24781139053784687	0.35066341776013515	0.145	0.4999999999999999	5.551115123125783e-17	72.0	12.0	12.0	0.0	0.4977777777777778	0.6284806597943559	-0.006441073100206101	0.9000892028293496	1.8048711320065514
seed1	balanced	radial_node	0.0	room_equal	nested_max	300	199	0.2966666666666667	0.24781139053784687	0.35066341776013515	0.135	0.4999999999999999	5.551115123125783e-17	72.0	12.0	12.0	0.0	0.4977777777777778	0.6284806597943559	-0.006441073100206101	0.9000892028293496	1.8048711320065514
seed1	balanced	radial_node	0.0	room_equal	standardized_max	300	199	0.3233333333333333	0.2729253960837475	0.37820845374892526	0.115	0.4999999999999999	5.551115123125783e-17	72.0	12.0	12.0	0.0	0.4977777777777778	0.6284806597943559	-0.006441073100206101	0.9000892028293496	1.8048711320065514
seed1	balanced	radial_node	0.0	room_equal	cv_retrained	300	199	0.38	0.3269187519503734	0.4361155611435176	0.085	0.4999999999999999	5.551115123125783e-17	72.0	12.0	12.0	0.0	0.4977777777777778	0.6284806597943559	-0.006441073100206101	0.9000892028293496	1.8048711320065514
seed1	balanced	radial_node	0.0	room_equal	cv_standardized	300	199	0.38333333333333336	0.330119832453064	0.43949686083266337	0.085	0.4999999999999999	5.551115123125783e-17	72.0	12.0	12.0	0.0	0.4977777777777778	0.6284806597943559	-0.006441073100206101	0.9000892028293496	1.8048711320065514
seed1	balanced	radial_node	0.1	building_equal	profile	300	199	0.2966666666666667	0.24781139053784687	0.35066341776013515	0.13	0.5008346802017442	0.0031102481811904567	72.0	12.0	12.0	0.0	0.4977777777777778	0.6284806597943559	-0.006441073100206101	0.9000892028293496	1.8048711320065514
seed1	balanced	radial_node	0.1	building_equal	mantel	300	199	0.2966666666666667	0.24781139053784687	0.35066341776013515	0.145	0.5008346802017442	0.0031102481811904567	72.0	12.0	12.0	0.0	0.4977777777777778	0.6284806597943559	-0.006441073100206101	0.9000892028293496	1.8048711320065514
seed1	balanced	radial_node	0.1	building_equal	nested_max	300	199	0.2966666666666667	0.24781139053784687	0.35066341776013515	0.135	0.5008346802017442	0.0031102481811904567	72.0	12.0	12.0	0.0	0.4977777777777778	0.6284806597943559	-0.006441073100206101	0.9000892028293496	1.8048711320065514
seed1	balanced	radial_node	0.1	building_equal	standardized_max	300	199	0.3233333333333333	0.2729253960837475	0.37820845374892526	0.115	0.5008346802017442	0.0031102481811904567	72.0	12.0	12.0	0.0	0.4977777777777778	0.6284806597943559	-0.006441073100206101	0.9000892028293496	1.8048711320065514
seed1	balanced	radial_node	0.1	building_equal	cv_retrained	300	199	0.37666666666666665	0.3237203650702255	0.4327315678318291	0.0825	0.5008346802017442	0.0031102481811904567	72.0	12.0	12.0	0.0	0.4977777777777778	0.6284806597943559	-0.006441073100206101	0.9000892028293496	1.8048711320065514
seed1	balanced	radial_node	0.1	building_equal	cv_standardized	300	199	0.38666666666666666	0.3333235932848012	0.44287548019276246	0.085	0.49715488487138315	0.01259236420527988	72.0	12.0	12.0	0.0	0.4977777777777778	0.6284806597943559	-0.006441073100206101	0.9000892028293496	1.8048711320065514
seed1	balanced	radial_node	0.1	sqrt_rooms	profile	300	199	0.2966666666666667	0.24781139053784687	0.35066341776013515	0.13	0.5008346802017443	0.0031102481811904584	72.0	12.0	12.0	0.0	0.4977777777777778	0.6284806597943559	-0.006441073100206101	0.9000892028293496	1.8048711320065514
seed1	balanced	radial_node	0.1	sqrt_rooms	mantel	300	199	0.2966666666666667	0.24781139053784687	0.35066341776013515	0.145	0.5008346802017443	0.0031102481811904584	72.0	12.0	12.0	0.0	0.4977777777777778	0.6284806597943559	-0.006441073100206101	0.9000892028293496	1.8048711320065514
seed1	balanced	radial_node	0.1	sqrt_rooms	nested_max	300	199	0.2966666666666667	0.24781139053784687	0.35066341776013515	0.135	0.5008346802017443	0.0031102481811904584	72.0	12.0	12.0	0.0	0.4977777777777778	0.6284806597943559	-0.006441073100206101	0.9000892028293496	1.8048711320065514
seed1	balanced	radial_node	0.1	sqrt_rooms	standardized_max	300	199	0.3233333333333333	0.2729253960837475	0.37820845374892526	0.115	0.5008346802017443	0.0031102481811904584	72.0	12.0	12.0	0.0	0.4977777777777778	0.6284806597943559	-0.006441073100206101	0.9000892028293496	1.8048711320065514
seed1	balanced	radial_node	0.1	sqrt_rooms	cv_retrained	300	199	0.37666666666666665	0.3237203650702255	0.4327315678318291	0.0825	0.5008346802017443	0.0031102481811904584	72.0	12.0	12.0	0.0	0.4977777777777778	0.6284806597943559	-0.006441073100206101	0.9000892028293496	1.8048711320065514
seed1	balanced	radial_node	0.1	sqrt_rooms	cv_standardized	300	199	0.38666666666666666	0.3333235932848012	0.44287548019276246	0.085	0.4971548848713834	0.012592364205279885	72.0	12.0	12.0	0.0	0.4977777777777778	0.6284806597943559	-0.006441073100206101	0.9000892028293496	1.8048711320065514
seed1	balanced	radial_node	0.1	room_equal	profile	300	199	0.2966666666666667	0.24781139053784687	0.35066341776013515	0.13	0.5008346802017442	0.0031102481811904575	72.0	12.0	12.0	0.0	0.4977777777777778	0.6284806597943559	-0.006441073100206101	0.9000892028293496	1.8048711320065514
seed1	balanced	radial_node	0.1	room_equal	mantel	300	199	0.2966666666666667	0.24781139053784687	0.35066341776013515	0.145	0.5008346802017442	0.0031102481811904575	72.0	12.0	12.0	0.0	0.4977777777777778	0.6284806597943559	-0.006441073100206101	0.9000892028293496	1.8048711320065514
seed1	balanced	radial_node	0.1	room_equal	nested_max	300	199	0.2966666666666667	0.24781139053784687	0.35066341776013515	0.135	0.5008346802017442	0.0031102481811904575	72.0	12.0	12.0	0.0	0.4977777777777778	0.6284806597943559	-0.006441073100206101	0.9000892028293496	1.8048711320065514
seed1	balanced	radial_node	0.1	room_equal	standardized_max	300	199	0.3233333333333333	0.2729253960837475	0.37820845374892526	0.115	0.5008346802017442	0.0031102481811904575	72.0	12.0	12.0	0.0	0.4977777777777778	0.6284806597943559	-0.006441073100206101	0.9000892028293496	1.8048711320065514
seed1	balanced	radial_node	0.1	room_equal	cv_retrained	300	199	0.37666666666666665	0.3237203650702255	0.4327315678318291	0.0825	0.5008346802017442	0.0031102481811904575	72.0	12.0	12.0	0.0	0.4977777777777778	0.6284806597943559	-0.006441073100206101	0.9000892028293496	1.8048711320065514
seed1	balanced	radial_node	0.1	room_equal	cv_standardized	300	199	0.38666666666666666	0.3333235932848012	0.44287548019276246	0.085	0.49715488487138315	0.01259236420527988	72.0	12.0	12.0	0.0	0.4977777777777778	0.6284806597943559	-0.006441073100206101	0.9000892028293496	1.8048711320065514
seed1	balanced	radial_node	0.25	building_equal	profile	300	199	0.2966666666666667	0.24781139053784687	0.35066341776013515	0.13	0.5020861942979226	0.007773676364356758	72.0	12.0	12.0	0.0	0.4977777777777778	0.6284806597943559	-0.006441073100206101	0.9000892028293496	1.8048711320065514
seed1	balanced	radial_node	0.25	building_equal	mantel	300	199	0.2966666666666667	0.24781139053784687	0.35066341776013515	0.145	0.5020861942979226	0.007773676364356758	72.0	12.0	12.0	0.0	0.4977777777777778	0.6284806597943559	-0.006441073100206101	0.9000892028293496	1.8048711320065514
seed1	balanced	radial_node	0.25	building_equal	nested_max	300	199	0.2966666666666667	0.24781139053784687	0.35066341776013515	0.135	0.5020861942979226	0.007773676364356758	72.0	12.0	12.0	0.0	0.4977777777777778	0.6284806597943559	-0.006441073100206101	0.9000892028293496	1.8048711320065514
seed1	balanced	radial_node	0.25	building_equal	standardized_max	300	199	0.3233333333333333	0.2729253960837475	0.37820845374892526	0.115	0.5020861942979226	0.007773676364356758	72.0	12.0	12.0	0.0	0.4977777777777778	0.6284806597943559	-0.006441073100206101	0.9000892028293496	1.8048711320065514
seed1	balanced	radial_node	0.25	building_equal	cv_retrained	300	199	0.38666666666666666	0.3333235932848012	0.44287548019276246	0.085	0.5020861942979226	0.007773676364356758	72.0	12.0	12.0	0.0	0.4977777777777778	0.6284806597943559	-0.006441073100206101	0.9000892028293496	1.8048711320065514
seed1	balanced	radial_node	0.25	building_equal	cv_standardized	300	199	0.38	0.3269187519503734	0.4361155611435176	0.08	0.4929211954662342	0.031341335738893764	72.0	12.0	12.0	0.0	0.4977777777777778	0.6284806597943559	-0.006441073100206101	0.9000892028293496	1.8048711320065514
seed1	balanced	radial_node	0.25	sqrt_rooms	profile	300	199	0.2966666666666667	0.24781139053784687	0.35066341776013515	0.13	0.5020861942979227	0.007773676364356758	72.0	12.0	12.0	0.0	0.4977777777777778	0.6284806597943559	-0.006441073100206101	0.9000892028293496	1.8048711320065514
seed1	balanced	radial_node	0.25	sqrt_rooms	mantel	300	199	0.2966666666666667	0.24781139053784687	0.35066341776013515	0.145	0.5020861942979227	0.007773676364356758	72.0	12.0	12.0	0.0	0.4977777777777778	0.6284806597943559	-0.006441073100206101	0.9000892028293496	1.8048711320065514
seed1	balanced	radial_node	0.25	sqrt_rooms	nested_max	300	199	0.2966666666666667	0.24781139053784687	0.35066341776013515	0.135	0.5020861942979227	0.007773676364356758	72.0	12.0	12.0	0.0	0.4977777777777778	0.6284806597943559	-0.006441073100206101	0.9000892028293496	1.8048711320065514
seed1	balanced	radial_node	0.25	sqrt_rooms	standardized_max	300	199	0.3233333333333333	0.2729253960837475	0.37820845374892526	0.115	0.5020861942979227	0.007773676364356758	72.0	12.0	12.0	0.0	0.4977777777777778	0.6284806597943559	-0.006441073100206101	0.9000892028293496	1.8048711320065514
seed1	balanced	radial_node	0.25	sqrt_rooms	cv_retrained	300	199	0.38666666666666666	0.3333235932848012	0.44287548019276246	0.085	0.5020861942979227	0.007773676364356758	72.0	12.0	12.0	0.0	0.4977777777777778	0.6284806597943559	-0.006441073100206101	0.9000892028293496	1.8048711320065514
seed1	balanced	radial_node	0.25	sqrt_rooms	cv_standardized	300	199	0.38	0.3269187519503734	0.4361155611435176	0.08	0.4929211954662343	0.03134133573889378	72.0	12.0	12.0	0.0	0.4977777777777778	0.6284806597943559	-0.006441073100206101	0.9000892028293496	1.8048711320065514
seed1	balanced	radial_node	0.25	room_equal	profile	300	199	0.2966666666666667	0.24781139053784687	0.35066341776013515	0.13	0.5020861942979226	0.007773676364356758	72.0	12.0	12.0	0.0	0.4977777777777778	0.6284806597943559	-0.006441073100206101	0.9000892028293496	1.8048711320065514
seed1	balanced	radial_node	0.25	room_equal	mantel	300	199	0.2966666666666667	0.24781139053784687	0.35066341776013515	0.145	0.5020861942979226	0.007773676364356758	72.0	12.0	12.0	0.0	0.4977777777777778	0.6284806597943559	-0.006441073100206101	0.9000892028293496	1.8048711320065514
seed1	balanced	radial_node	0.25	room_equal	nested_max	300	199	0.2966666666666667	0.24781139053784687	0.35066341776013515	0.135	0.5020861942979226	0.007773676364356758	72.0	12.0	12.0	0.0	0.4977777777777778	0.6284806597943559	-0.006441073100206101	0.9000892028293496	1.8048711320065514
seed1	balanced	radial_node	0.25	room_equal	standardized_max	300	199	0.3233333333333333	0.2729253960837475	0.37820845374892526	0.115	0.5020861942979226	0.007773676364356758	72.0	12.0	12.0	0.0	0.4977777777777778	0.6284806597943559	-0.006441073100206101	0.9000892028293496	1.8048711320065514
seed1	balanced	radial_node	0.25	room_equal	cv_retrained	300	199	0.38666666666666666	0.3333235932848012	0.44287548019276246	0.085	0.5020861942979226	0.007773676364356758	72.0	12.0	12.0	0.0	0.4977777777777778	0.6284806597943559	-0.006441073100206101	0.9000892028293496	1.8048711320065514
seed1	balanced	radial_node	0.25	room_equal	cv_standardized	300	199	0.38	0.3269187519503734	0.4361155611435176	0.08	0.4929211954662342	0.031341335738893764	72.0	12.0	12.0	0.0	0.4977777777777778	0.6284806597943559	-0.006441073100206101	0.9000892028293496	1.8048711320065514
seed1	balanced	radial_node	0.5	building_equal	profile	300	199	0.2966666666666667	0.24781139053784687	0.35066341776013515	0.13	0.5041687805075767	0.01553350122010581	72.0	12.0	12.0	0.0	0.4977777777777778	0.6284806597943559	-0.006441073100206101	0.9000892028293496	1.8048711320065514
seed1	balanced	radial_node	0.5	building_equal	mantel	300	199	0.2966666666666667	0.24781139053784687	0.35066341776013515	0.145	0.5041687805075767	0.01553350122010581	72.0	12.0	12.0	0.0	0.4977777777777778	0.6284806597943559	-0.006441073100206101	0.9000892028293496	1.8048711320065514
seed1	balanced	radial_node	0.5	building_equal	nested_max	300	199	0.2966666666666667	0.24781139053784687	0.35066341776013515	0.135	0.5041687805075767	0.01553350122010581	72.0	12.0	12.0	0.0	0.4977777777777778	0.6284806597943559	-0.006441073100206101	0.9000892028293496	1.8048711320065514
seed1	balanced	radial_node	0.5	building_equal	standardized_max	300	199	0.3233333333333333	0.2729253960837475	0.37820845374892526	0.115	0.5041687805075767	0.01553350122010581	72.0	12.0	12.0	0.0	0.4977777777777778	0.6284806597943559	-0.006441073100206101	0.9000892028293496	1.8048711320065514
seed1	balanced	radial_node	0.5	building_equal	cv_retrained	300	199	0.38333333333333336	0.330119832453064	0.43949686083266337	0.085	0.5041687805075767	0.01553350122010581	72.0	12.0	12.0	0.0	0.4977777777777778	0.6284806597943559	-0.006441073100206101	0.9000892028293496	1.8048711320065514
seed1	balanced	radial_node	0.5	building_equal	cv_standardized	300	199	0.38333333333333336	0.330119832453064	0.43949686083266337	0.08	0.48607311887300075	0.061743482969544426	72.0	12.0	12.0	0.0	0.4977777777777778	0.6284806597943559	-0.006441073100206101	0.9000892028293496	1.8048711320065514
seed1	balanced	radial_node	0.5	sqrt_rooms	profile	300	199	0.2966666666666667	0.24781139053784687	0.35066341776013515	0.13	0.5041687805075769	0.015533501220105815	72.0	12.0	12.0	0.0	0.4977777777777778	0.6284806597943559	-0.006441073100206101	0.9000892028293496	1.8048711320065514
seed1	balanced	radial_node	0.5	sqrt_rooms	mantel	300	199	0.2966666666666667	0.24781139053784687	0.35066341776013515	0.145	0.5041687805075769	0.015533501220105815	72.0	12.0	12.0	0.0	0.4977777777777778	0.6284806597943559	-0.006441073100206101	0.9000892028293496	1.8048711320065514
seed1	balanced	radial_node	0.5	sqrt_rooms	nested_max	300	199	0.2966666666666667	0.24781139053784687	0.35066341776013515	0.135	0.5041687805075769	0.015533501220105815	72.0	12.0	12.0	0.0	0.4977777777777778	0.6284806597943559	-0.006441073100206101	0.9000892028293496	1.8048711320065514
seed1	balanced	radial_node	0.5	sqrt_rooms	standardized_max	300	199	0.3233333333333333	0.2729253960837475	0.37820845374892526	0.115	0.5041687805075769	0.015533501220105815	72.0	12.0	12.0	0.0	0.4977777777777778	0.6284806597943559	-0.006441073100206101	0.9000892028293496	1.8048711320065514
seed1	balanced	radial_node	0.5	sqrt_rooms	cv_retrained	300	199	0.38333333333333336	0.330119832453064	0.43949686083266337	0.085	0.5041687805075769	0.015533501220105815	72.0	12.0	12.0	0.0	0.4977777777777778	0.6284806597943559	-0.006441073100206101	0.9000892028293496	1.8048711320065514
seed1	balanced	radial_node	0.5	sqrt_rooms	cv_standardized	300	199	0.38333333333333336	0.330119832453064	0.43949686083266337	0.08	0.48607311887300086	0.06174348296954443	72.0	12.0	12.0	0.0	0.4977777777777778	0.6284806597943559	-0.006441073100206101	0.9000892028293496	1.8048711320065514
seed1	balanced	radial_node	0.5	room_equal	profile	300	199	0.2966666666666667	0.24781139053784687	0.35066341776013515	0.13	0.5041687805075767	0.01553350122010581	72.0	12.0	12.0	0.0	0.4977777777777778	0.6284806597943559	-0.006441073100206101	0.9000892028293496	1.8048711320065514
seed1	balanced	radial_node	0.5	room_equal	mantel	300	199	0.2966666666666667	0.24781139053784687	0.35066341776013515	0.145	0.5041687805075767	0.01553350122010581	72.0	12.0	12.0	0.0	0.4977777777777778	0.6284806597943559	-0.006441073100206101	0.9000892028293496	1.8048711320065514
seed1	balanced	radial_node	0.5	room_equal	nested_max	300	199	0.2966666666666667	0.24781139053784687	0.35066341776013515	0.135	0.5041687805075767	0.01553350122010581	72.0	12.0	12.0	0.0	0.4977777777777778	0.6284806597943559	-0.006441073100206101	0.9000892028293496	1.8048711320065514
seed1	balanced	radial_node	0.5	room_equal	standardized_max	300	199	0.3233333333333333	0.2729253960837475	0.37820845374892526	0.115	0.5041687805075767	0.01553350122010581	72.0	12.0	12.0	0.0	0.4977777777777778	0.6284806597943559	-0.006441073100206101	0.9000892028293496	1.8048711320065514
seed1	balanced	radial_node	0.5	room_equal	cv_retrained	300	199	0.38333333333333336	0.330119832453064	0.43949686083266337	0.085	0.5041687805075767	0.01553350122010581	72.0	12.0	12.0	0.0	0.4977777777777778	0.6284806597943559	-0.006441073100206101	0.9000892028293496	1.8048711320065514
seed1	balanced	radial_node	0.5	room_equal	cv_standardized	300	199	0.38333333333333336	0.330119832453064	0.43949686083266337	0.08	0.48607311887300075	0.061743482969544426	72.0	12.0	12.0	0.0	0.4977777777777778	0.6284806597943559	-0.006441073100206101	0.9000892028293496	1.8048711320065514
seed1	balanced	radial_node	1.0	building_equal	profile	300	199	0.2966666666666667	0.24781139053784687	0.35066341776013515	0.13	0.508308933044363	0.03095726270233852	72.0	12.0	12.0	0.0	0.4977777777777778	0.6284806597943559	-0.006441073100206101	0.9000892028293496	1.8048711320065514
seed1	balanced	radial_node	1.0	building_equal	mantel	300	199	0.2966666666666667	0.24781139053784687	0.35066341776013515	0.145	0.508308933044363	0.03095726270233852	72.0	12.0	12.0	0.0	0.4977777777777778	0.6284806597943559	-0.006441073100206101	0.9000892028293496	1.8048711320065514
seed1	balanced	radial_node	1.0	building_equal	nested_max	300	199	0.2966666666666667	0.24781139053784687	0.35066341776013515	0.135	0.508308933044363	0.03095726270233852	72.0	12.0	12.0	0.0	0.4977777777777778	0.6284806597943559	-0.006441073100206101	0.9000892028293496	1.8048711320065514
seed1	balanced	radial_node	1.0	building_equal	standardized_max	300	199	0.3233333333333333	0.2729253960837475	0.37820845374892526	0.115	0.508308933044363	0.03095726270233852	72.0	12.0	12.0	0.0	0.4977777777777778	0.6284806597943559	-0.006441073100206101	0.9000892028293496	1.8048711320065514
seed1	balanced	radial_node	1.0	building_equal	cv_retrained	300	199	0.38	0.3269187519503734	0.4361155611435176	0.085	0.508308933044363	0.03095726270233852	72.0	12.0	12.0	0.0	0.4977777777777778	0.6284806597943559	-0.006441073100206101	0.9000892028293496	1.8048711320065514
seed1	balanced	radial_node	1.0	building_equal	cv_standardized	300	199	0.37	0.317331727809741	0.42595544470864083	0.085	0.4737125704446741	0.11724230019952879	72.0	12.0	12.0	0.0	0.4977777777777778	0.6284806597943559	-0.006441073100206101	0.9000892028293496	1.8048711320065514
seed1	balanced	radial_node	1.0	sqrt_rooms	profile	300	199	0.2966666666666667	0.24781139053784687	0.35066341776013515	0.13	0.508308933044363	0.03095726270233852	72.0	12.0	12.0	0.0	0.4977777777777778	0.6284806597943559	-0.006441073100206101	0.9000892028293496	1.8048711320065514
seed1	balanced	radial_node	1.0	sqrt_rooms	mantel	300	199	0.2966666666666667	0.24781139053784687	0.35066341776013515	0.145	0.508308933044363	0.03095726270233852	72.0	12.0	12.0	0.0	0.4977777777777778	0.6284806597943559	-0.006441073100206101	0.9000892028293496	1.8048711320065514
seed1	balanced	radial_node	1.0	sqrt_rooms	nested_max	300	199	0.2966666666666667	0.24781139053784687	0.35066341776013515	0.135	0.508308933044363	0.03095726270233852	72.0	12.0	12.0	0.0	0.4977777777777778	0.6284806597943559	-0.006441073100206101	0.9000892028293496	1.8048711320065514
seed1	balanced	radial_node	1.0	sqrt_rooms	standardized_max	300	199	0.3233333333333333	0.2729253960837475	0.37820845374892526	0.115	0.508308933044363	0.03095726270233852	72.0	12.0	12.0	0.0	0.4977777777777778	0.6284806597943559	-0.006441073100206101	0.9000892028293496	1.8048711320065514
seed1	balanced	radial_node	1.0	sqrt_rooms	cv_retrained	300	199	0.38	0.3269187519503734	0.4361155611435176	0.085	0.508308933044363	0.03095726270233852	72.0	12.0	12.0	0.0	0.4977777777777778	0.6284806597943559	-0.006441073100206101	0.9000892028293496	1.8048711320065514
seed1	balanced	radial_node	1.0	sqrt_rooms	cv_standardized	300	199	0.37	0.317331727809741	0.42595544470864083	0.085	0.4737125704446742	0.11724230019952879	72.0	12.0	12.0	0.0	0.4977777777777778	0.6284806597943559	-0.006441073100206101	0.9000892028293496	1.8048711320065514
seed1	balanced	radial_node	1.0	room_equal	profile	300	199	0.2966666666666667	0.24781139053784687	0.35066341776013515	0.13	0.508308933044363	0.03095726270233852	72.0	12.0	12.0	0.0	0.4977777777777778	0.6284806597943559	-0.006441073100206101	0.9000892028293496	1.8048711320065514
seed1	balanced	radial_node	1.0	room_equal	mantel	300	199	0.2966666666666667	0.24781139053784687	0.35066341776013515	0.145	0.508308933044363	0.03095726270233852	72.0	12.0	12.0	0.0	0.4977777777777778	0.6284806597943559	-0.006441073100206101	0.9000892028293496	1.8048711320065514
seed1	balanced	radial_node	1.0	room_equal	nested_max	300	199	0.2966666666666667	0.24781139053784687	0.35066341776013515	0.135	0.508308933044363	0.03095726270233852	72.0	12.0	12.0	0.0	0.4977777777777778	0.6284806597943559	-0.006441073100206101	0.9000892028293496	1.8048711320065514
seed1	balanced	radial_node	1.0	room_equal	standardized_max	300	199	0.3233333333333333	0.2729253960837475	0.37820845374892526	0.115	0.508308933044363	0.03095726270233852	72.0	12.0	12.0	0.0	0.4977777777777778	0.6284806597943559	-0.006441073100206101	0.9000892028293496	1.8048711320065514
seed1	balanced	radial_node	1.0	room_equal	cv_retrained	300	199	0.38	0.3269187519503734	0.4361155611435176	0.085	0.508308933044363	0.03095726270233852	72.0	12.0	12.0	0.0	0.4977777777777778	0.6284806597943559	-0.006441073100206101	0.9000892028293496	1.8048711320065514
seed1	balanced	radial_node	1.0	room_equal	cv_standardized	300	199	0.37	0.317331727809741	0.42595544470864083	0.085	0.4737125704446741	0.11724230019952878	72.0	12.0	12.0	0.0	0.4977777777777778	0.6284806597943559	-0.006441073100206101	0.9000892028293496	1.8048711320065514
seed1	balanced	radial_node	2.0	building_equal	profile	300	199	0.2966666666666667	0.24781139053784687	0.35066341776013515	0.13	0.5163960577223855	0.06106898480861406	72.0	12.0	12.0	0.0	0.4977777777777778	0.6284806597943559	-0.006441073100206101	0.9000892028293496	1.8048711320065514
seed1	balanced	radial_node	2.0	building_equal	mantel	300	199	0.2966666666666667	0.24781139053784687	0.35066341776013515	0.145	0.5163960577223855	0.06106898480861406	72.0	12.0	12.0	0.0	0.4977777777777778	0.6284806597943559	-0.006441073100206101	0.9000892028293496	1.8048711320065514
seed1	balanced	radial_node	2.0	building_equal	nested_max	300	199	0.2966666666666667	0.24781139053784687	0.35066341776013515	0.135	0.5163960577223855	0.06106898480861406	72.0	12.0	12.0	0.0	0.4977777777777778	0.6284806597943559	-0.006441073100206101	0.9000892028293496	1.8048711320065514
seed1	balanced	radial_node	2.0	building_equal	standardized_max	300	199	0.3233333333333333	0.2729253960837475	0.37820845374892526	0.115	0.5163960577223855	0.06106898480861406	72.0	12.0	12.0	0.0	0.4977777777777778	0.6284806597943559	-0.006441073100206101	0.9000892028293496	1.8048711320065514
seed1	balanced	radial_node	2.0	building_equal	cv_retrained	300	199	0.38	0.3269187519503734	0.4361155611435176	0.085	0.5163960577223855	0.06106898480861406	72.0	12.0	12.0	0.0	0.4977777777777778	0.6284806597943559	-0.006441073100206101	0.9000892028293496	1.8048711320065514
seed1	balanced	radial_node	2.0	building_equal	cv_standardized	300	199	0.34	0.2887202040964927	0.395325546695362	0.095	0.4555868107459179	0.20249369509023885	72.0	12.0	12.0	0.0	0.4977777777777778	0.6284806597943559	-0.006441073100206101	0.9000892028293496	1.8048711320065514
seed1	balanced	radial_node	2.0	sqrt_rooms	profile	300	199	0.2966666666666667	0.24781139053784687	0.35066341776013515	0.13	0.5163960577223856	0.061068984808614064	72.0	12.0	12.0	0.0	0.4977777777777778	0.6284806597943559	-0.006441073100206101	0.9000892028293496	1.8048711320065514
seed1	balanced	radial_node	2.0	sqrt_rooms	mantel	300	199	0.2966666666666667	0.24781139053784687	0.35066341776013515	0.145	0.5163960577223856	0.061068984808614064	72.0	12.0	12.0	0.0	0.4977777777777778	0.6284806597943559	-0.006441073100206101	0.9000892028293496	1.8048711320065514
seed1	balanced	radial_node	2.0	sqrt_rooms	nested_max	300	199	0.2966666666666667	0.24781139053784687	0.35066341776013515	0.135	0.5163960577223856	0.061068984808614064	72.0	12.0	12.0	0.0	0.4977777777777778	0.6284806597943559	-0.006441073100206101	0.9000892028293496	1.8048711320065514
seed1	balanced	radial_node	2.0	sqrt_rooms	standardized_max	300	199	0.3233333333333333	0.2729253960837475	0.37820845374892526	0.115	0.5163960577223856	0.061068984808614064	72.0	12.0	12.0	0.0	0.4977777777777778	0.6284806597943559	-0.006441073100206101	0.9000892028293496	1.8048711320065514
seed1	balanced	radial_node	2.0	sqrt_rooms	cv_retrained	300	199	0.38	0.3269187519503734	0.4361155611435176	0.085	0.5163960577223856	0.061068984808614064	72.0	12.0	12.0	0.0	0.4977777777777778	0.6284806597943559	-0.006441073100206101	0.9000892028293496	1.8048711320065514
seed1	balanced	radial_node	2.0	sqrt_rooms	cv_standardized	300	199	0.34	0.2887202040964927	0.395325546695362	0.095	0.45558681074591806	0.20249369509023893	72.0	12.0	12.0	0.0	0.4977777777777778	0.6284806597943559	-0.006441073100206101	0.9000892028293496	1.8048711320065514
seed1	balanced	radial_node	2.0	room_equal	profile	300	199	0.2966666666666667	0.24781139053784687	0.35066341776013515	0.13	0.5163960577223855	0.06106898480861406	72.0	12.0	12.0	0.0	0.4977777777777778	0.6284806597943559	-0.006441073100206101	0.9000892028293496	1.8048711320065514
seed1	balanced	radial_node	2.0	room_equal	mantel	300	199	0.2966666666666667	0.24781139053784687	0.35066341776013515	0.145	0.5163960577223855	0.06106898480861406	72.0	12.0	12.0	0.0	0.4977777777777778	0.6284806597943559	-0.006441073100206101	0.9000892028293496	1.8048711320065514
seed1	balanced	radial_node	2.0	room_equal	nested_max	300	199	0.2966666666666667	0.24781139053784687	0.35066341776013515	0.135	0.5163960577223855	0.06106898480861406	72.0	12.0	12.0	0.0	0.4977777777777778	0.6284806597943559	-0.006441073100206101	0.9000892028293496	1.8048711320065514
seed1	balanced	radial_node	2.0	room_equal	standardized_max	300	199	0.3233333333333333	0.2729253960837475	0.37820845374892526	0.115	0.5163960577223855	0.06106898480861406	72.0	12.0	12.0	0.0	0.4977777777777778	0.6284806597943559	-0.006441073100206101	0.9000892028293496	1.8048711320065514
seed1	balanced	radial_node	2.0	room_equal	cv_retrained	300	199	0.38	0.3269187519503734	0.4361155611435176	0.085	0.5163960577223855	0.06106898480861406	72.0	12.0	12.0	0.0	0.4977777777777778	0.6284806597943559	-0.006441073100206101	0.9000892028293496	1.8048711320065514
seed1	balanced	radial_node	2.0	room_equal	cv_standardized	300	199	0.34	0.2887202040964927	0.395325546695362	0.095	0.4555868107459179	0.20249369509023885	72.0	12.0	12.0	0.0	0.4977777777777778	0.6284806597943559	-0.006441073100206101	0.9000892028293496	1.8048711320065514
seed1	balanced	radial_node	4.0	building_equal	profile	300	199	0.2966666666666667	0.24781139053784687	0.35066341776013515	0.13	0.5312117333119045	0.11621808798339067	72.0	12.0	12.0	0.0	0.4977777777777778	0.6284806597943559	-0.006441073100206101	0.9000892028293496	1.8048711320065514
seed1	balanced	radial_node	4.0	building_equal	mantel	300	199	0.2966666666666667	0.24781139053784687	0.35066341776013515	0.145	0.5312117333119045	0.11621808798339067	72.0	12.0	12.0	0.0	0.4977777777777778	0.6284806597943559	-0.006441073100206101	0.9000892028293496	1.8048711320065514
seed1	balanced	radial_node	4.0	building_equal	nested_max	300	199	0.2966666666666667	0.24781139053784687	0.35066341776013515	0.135	0.5312117333119045	0.11621808798339067	72.0	12.0	12.0	0.0	0.4977777777777778	0.6284806597943559	-0.006441073100206101	0.9000892028293496	1.8048711320065514
seed1	balanced	radial_node	4.0	building_equal	standardized_max	300	199	0.3233333333333333	0.2729253960837475	0.37820845374892526	0.115	0.5312117333119045	0.11621808798339067	72.0	12.0	12.0	0.0	0.4977777777777778	0.6284806597943559	-0.006441073100206101	0.9000892028293496	1.8048711320065514
seed1	balanced	radial_node	4.0	building_equal	cv_retrained	300	199	0.33	0.2792344636154957	0.3850641466008499	0.1	0.5312117333119045	0.11621808798339067	72.0	12.0	12.0	0.0	0.4977777777777778	0.6284806597943559	-0.006441073100206101	0.9000892028293496	1.8048711320065514
seed1	balanced	radial_node	4.0	building_equal	cv_standardized	300	199	0.31	0.26034352510199493	0.3644608039633325	0.1075	0.4382639806793531	0.29525950986915234	72.0	12.0	12.0	0.0	0.4977777777777778	0.6284806597943559	-0.006441073100206101	0.9000892028293496	1.8048711320065514
seed1	balanced	radial_node	4.0	sqrt_rooms	profile	300	199	0.2966666666666667	0.24781139053784687	0.35066341776013515	0.13	0.5312117333119046	0.1162180879833907	72.0	12.0	12.0	0.0	0.4977777777777778	0.6284806597943559	-0.006441073100206101	0.9000892028293496	1.8048711320065514
seed1	balanced	radial_node	4.0	sqrt_rooms	mantel	300	199	0.2966666666666667	0.24781139053784687	0.35066341776013515	0.145	0.5312117333119046	0.1162180879833907	72.0	12.0	12.0	0.0	0.4977777777777778	0.6284806597943559	-0.006441073100206101	0.9000892028293496	1.8048711320065514
seed1	balanced	radial_node	4.0	sqrt_rooms	nested_max	300	199	0.2966666666666667	0.24781139053784687	0.35066341776013515	0.135	0.5312117333119046	0.1162180879833907	72.0	12.0	12.0	0.0	0.4977777777777778	0.6284806597943559	-0.006441073100206101	0.9000892028293496	1.8048711320065514
seed1	balanced	radial_node	4.0	sqrt_rooms	standardized_max	300	199	0.3233333333333333	0.2729253960837475	0.37820845374892526	0.115	0.5312117333119046	0.1162180879833907	72.0	12.0	12.0	0.0	0.4977777777777778	0.6284806597943559	-0.006441073100206101	0.9000892028293496	1.8048711320065514
seed1	balanced	radial_node	4.0	sqrt_rooms	cv_retrained	300	199	0.33	0.2792344636154957	0.3850641466008499	0.1	0.5312117333119046	0.1162180879833907	72.0	12.0	12.0	0.0	0.4977777777777778	0.6284806597943559	-0.006441073100206101	0.9000892028293496	1.8048711320065514
seed1	balanced	radial_node	4.0	sqrt_rooms	cv_standardized	300	199	0.31	0.26034352510199493	0.3644608039633325	0.1075	0.4382639806793531	0.2952595098691524	72.0	12.0	12.0	0.0	0.4977777777777778	0.6284806597943559	-0.006441073100206101	0.9000892028293496	1.8048711320065514
seed1	balanced	radial_node	4.0	room_equal	profile	300	199	0.2966666666666667	0.24781139053784687	0.35066341776013515	0.13	0.5312117333119045	0.11621808798339067	72.0	12.0	12.0	0.0	0.4977777777777778	0.6284806597943559	-0.006441073100206101	0.9000892028293496	1.8048711320065514
seed1	balanced	radial_node	4.0	room_equal	mantel	300	199	0.2966666666666667	0.24781139053784687	0.35066341776013515	0.145	0.5312117333119045	0.11621808798339067	72.0	12.0	12.0	0.0	0.4977777777777778	0.6284806597943559	-0.006441073100206101	0.9000892028293496	1.8048711320065514
seed1	balanced	radial_node	4.0	room_equal	nested_max	300	199	0.2966666666666667	0.24781139053784687	0.35066341776013515	0.135	0.5312117333119045	0.11621808798339067	72.0	12.0	12.0	0.0	0.4977777777777778	0.6284806597943559	-0.006441073100206101	0.9000892028293496	1.8048711320065514
seed1	balanced	radial_node	4.0	room_equal	standardized_max	300	199	0.3233333333333333	0.2729253960837475	0.37820845374892526	0.115	0.5312117333119045	0.11621808798339067	72.0	12.0	12.0	0.0	0.4977777777777778	0.6284806597943559	-0.006441073100206101	0.9000892028293496	1.8048711320065514
seed1	balanced	radial_node	4.0	room_equal	cv_retrained	300	199	0.33	0.2792344636154957	0.3850641466008499	0.1	0.5312117333119045	0.11621808798339067	72.0	12.0	12.0	0.0	0.4977777777777778	0.6284806597943559	-0.006441073100206101	0.9000892028293496	1.8048711320065514
seed1	balanced	radial_node	4.0	room_equal	cv_standardized	300	199	0.31	0.26034352510199493	0.3644608039633325	0.1075	0.4382639806793531	0.29525950986915234	72.0	12.0	12.0	0.0	0.4977777777777778	0.6284806597943559	-0.006441073100206101	0.9000892028293496	1.8048711320065514
seed1	balanced	radial_node	8.0	building_equal	profile	300	199	0.2966666666666667	0.24781139053784687	0.35066341776013515	0.13	0.5535248255863617	0.20024709454852044	72.0	12.0	12.0	0.0	0.4977777777777778	0.6284806597943559	-0.006441073100206101	0.9000892028293496	1.8048711320065514
seed1	balanced	radial_node	8.0	building_equal	mantel	300	199	0.2966666666666667	0.24781139053784687	0.35066341776013515	0.145	0.5535248255863617	0.20024709454852044	72.0	12.0	12.0	0.0	0.4977777777777778	0.6284806597943559	-0.006441073100206101	0.9000892028293496	1.8048711320065514
seed1	balanced	radial_node	8.0	building_equal	nested_max	300	199	0.2966666666666667	0.24781139053784687	0.35066341776013515	0.135	0.5535248255863617	0.20024709454852044	72.0	12.0	12.0	0.0	0.4977777777777778	0.6284806597943559	-0.006441073100206101	0.9000892028293496	1.8048711320065514
seed1	balanced	radial_node	8.0	building_equal	standardized_max	300	199	0.3233333333333333	0.2729253960837475	0.37820845374892526	0.115	0.5535248255863617	0.20024709454852044	72.0	12.0	12.0	0.0	0.4977777777777778	0.6284806597943559	-0.006441073100206101	0.9000892028293496	1.8048711320065514
seed1	balanced	radial_node	8.0	building_equal	cv_retrained	300	199	0.30666666666666664	0.2572057600770161	0.3610161887964749	0.1175	0.5535248255863617	0.20024709454852044	72.0	12.0	12.0	0.0	0.4977777777777778	0.6284806597943559	-0.006441073100206101	0.9000892028293496	1.8048711320065514
seed1	balanced	radial_node	8.0	building_equal	cv_standardized	300	199	0.29333333333333333	0.24468634082804494	0.34720608727810065	0.125	0.42832425433816695	0.3586857829586478	72.0	12.0	12.0	0.0	0.4977777777777778	0.6284806597943559	-0.006441073100206101	0.9000892028293496	1.8048711320065514
seed1	balanced	radial_node	8.0	sqrt_rooms	profile	300	199	0.2966666666666667	0.24781139053784687	0.35066341776013515	0.13	0.553524825586362	0.20024709454852047	72.0	12.0	12.0	0.0	0.4977777777777778	0.6284806597943559	-0.006441073100206101	0.9000892028293496	1.8048711320065514
seed1	balanced	radial_node	8.0	sqrt_rooms	mantel	300	199	0.2966666666666667	0.24781139053784687	0.35066341776013515	0.145	0.553524825586362	0.20024709454852047	72.0	12.0	12.0	0.0	0.4977777777777778	0.6284806597943559	-0.006441073100206101	0.9000892028293496	1.8048711320065514
seed1	balanced	radial_node	8.0	sqrt_rooms	nested_max	300	199	0.2966666666666667	0.24781139053784687	0.35066341776013515	0.135	0.553524825586362	0.20024709454852047	72.0	12.0	12.0	0.0	0.4977777777777778	0.6284806597943559	-0.006441073100206101	0.9000892028293496	1.8048711320065514
seed1	balanced	radial_node	8.0	sqrt_rooms	standardized_max	300	199	0.3233333333333333	0.2729253960837475	0.37820845374892526	0.115	0.553524825586362	0.20024709454852047	72.0	12.0	12.0	0.0	0.4977777777777778	0.6284806597943559	-0.006441073100206101	0.9000892028293496	1.8048711320065514
seed1	balanced	radial_node	8.0	sqrt_rooms	cv_retrained	300	199	0.30666666666666664	0.2572057600770161	0.3610161887964749	0.1175	0.553524825586362	0.20024709454852047	72.0	12.0	12.0	0.0	0.4977777777777778	0.6284806597943559	-0.006441073100206101	0.9000892028293496	1.8048711320065514
seed1	balanced	radial_node	8.0	sqrt_rooms	cv_standardized	300	199	0.29333333333333333	0.24468634082804494	0.34720608727810065	0.125	0.42832425433816707	0.35868578295864784	72.0	12.0	12.0	0.0	0.4977777777777778	0.6284806597943559	-0.006441073100206101	0.9000892028293496	1.8048711320065514
seed1	balanced	radial_node	8.0	room_equal	profile	300	199	0.2966666666666667	0.24781139053784687	0.35066341776013515	0.13	0.5535248255863617	0.20024709454852044	72.0	12.0	12.0	0.0	0.4977777777777778	0.6284806597943559	-0.006441073100206101	0.9000892028293496	1.8048711320065514
seed1	balanced	radial_node	8.0	room_equal	mantel	300	199	0.2966666666666667	0.24781139053784687	0.35066341776013515	0.145	0.5535248255863617	0.20024709454852044	72.0	12.0	12.0	0.0	0.4977777777777778	0.6284806597943559	-0.006441073100206101	0.9000892028293496	1.8048711320065514
seed1	balanced	radial_node	8.0	room_equal	nested_max	300	199	0.2966666666666667	0.24781139053784687	0.35066341776013515	0.135	0.5535248255863617	0.20024709454852044	72.0	12.0	12.0	0.0	0.4977777777777778	0.6284806597943559	-0.006441073100206101	0.9000892028293496	1.8048711320065514
seed1	balanced	radial_node	8.0	room_equal	standardized_max	300	199	0.3233333333333333	0.2729253960837475	0.37820845374892526	0.115	0.5535248255863617	0.20024709454852044	72.0	12.0	12.0	0.0	0.4977777777777778	0.6284806597943559	-0.006441073100206101	0.9000892028293496	1.8048711320065514
seed1	balanced	radial_node	8.0	room_equal	cv_retrained	300	199	0.30666666666666664	0.2572057600770161	0.3610161887964749	0.1175	0.5535248255863617	0.20024709454852044	72.0	12.0	12.0	0.0	0.4977777777777778	0.6284806597943559	-0.006441073100206101	0.9000892028293496	1.8048711320065514
seed1	balanced	radial_node	8.0	room_equal	cv_standardized	300	199	0.29333333333333333	0.24468634082804494	0.34720608727810065	0.125	0.42832425433816695	0.3586857829586478	72.0	12.0	12.0	0.0	0.4977777777777778	0.6284806597943559	-0.006441073100206101	0.9000892028293496	1.8048711320065514
seed1	balanced	radial_node	16.0	building_equal	profile	300	199	0.2966666666666667	0.24781139053784687	0.35066341776013515	0.13	0.5753795902781672	0.28871794138908163	72.0	12.0	12.0	0.0	0.4977777777777778	0.6284806597943559	-0.006441073100206101	0.9000892028293496	1.8048711320065514
seed1	balanced	radial_node	16.0	building_equal	mantel	300	199	0.2966666666666667	0.24781139053784687	0.35066341776013515	0.145	0.5753795902781672	0.28871794138908163	72.0	12.0	12.0	0.0	0.4977777777777778	0.6284806597943559	-0.006441073100206101	0.9000892028293496	1.8048711320065514
seed1	balanced	radial_node	16.0	building_equal	nested_max	300	199	0.2966666666666667	0.24781139053784687	0.35066341776013515	0.135	0.5753795902781672	0.28871794138908163	72.0	12.0	12.0	0.0	0.4977777777777778	0.6284806597943559	-0.006441073100206101	0.9000892028293496	1.8048711320065514
seed1	balanced	radial_node	16.0	building_equal	standardized_max	300	199	0.3233333333333333	0.2729253960837475	0.37820845374892526	0.115	0.5753795902781672	0.28871794138908163	72.0	12.0	12.0	0.0	0.4977777777777778	0.6284806597943559	-0.006441073100206101	0.9000892028293496	1.8048711320065514
seed1	balanced	radial_node	16.0	building_equal	cv_retrained	300	199	0.2633333333333333	0.21671150294236005	0.3159395034372583	0.155	0.5753795902781672	0.28871794138908163	72.0	12.0	12.0	0.0	0.4977777777777778	0.6284806597943559	-0.006441073100206101	0.9000892028293496	1.8048711320065514
seed1	balanced	radial_node	16.0	building_equal	cv_standardized	300	199	0.29	0.24156454610318367	0.3437455018111255	0.135	0.42362638005656217	0.3877019652953511	72.0	12.0	12.0	0.0	0.4977777777777778	0.6284806597943559	-0.006441073100206101	0.9000892028293496	1.8048711320065514
seed1	balanced	radial_node	16.0	sqrt_rooms	profile	300	199	0.2966666666666667	0.24781139053784687	0.35066341776013515	0.13	0.5753795902781672	0.2887179413890817	72.0	12.0	12.0	0.0	0.4977777777777778	0.6284806597943559	-0.006441073100206101	0.9000892028293496	1.8048711320065514
seed1	balanced	radial_node	16.0	sqrt_rooms	mantel	300	199	0.2966666666666667	0.24781139053784687	0.35066341776013515	0.145	0.5753795902781672	0.2887179413890817	72.0	12.0	12.0	0.0	0.4977777777777778	0.6284806597943559	-0.006441073100206101	0.9000892028293496	1.8048711320065514
seed1	balanced	radial_node	16.0	sqrt_rooms	nested_max	300	199	0.2966666666666667	0.24781139053784687	0.35066341776013515	0.135	0.5753795902781672	0.2887179413890817	72.0	12.0	12.0	0.0	0.4977777777777778	0.6284806597943559	-0.006441073100206101	0.9000892028293496	1.8048711320065514
seed1	balanced	radial_node	16.0	sqrt_rooms	standardized_max	300	199	0.3233333333333333	0.2729253960837475	0.37820845374892526	0.115	0.5753795902781672	0.2887179413890817	72.0	12.0	12.0	0.0	0.4977777777777778	0.6284806597943559	-0.006441073100206101	0.9000892028293496	1.8048711320065514
seed1	balanced	radial_node	16.0	sqrt_rooms	cv_retrained	300	199	0.2633333333333333	0.21671150294236005	0.3159395034372583	0.155	0.5753795902781672	0.2887179413890817	72.0	12.0	12.0	0.0	0.4977777777777778	0.6284806597943559	-0.006441073100206101	0.9000892028293496	1.8048711320065514
seed1	balanced	radial_node	16.0	sqrt_rooms	cv_standardized	300	199	0.29	0.24156454610318367	0.3437455018111255	0.135	0.4236263800565623	0.3877019652953512	72.0	12.0	12.0	0.0	0.4977777777777778	0.6284806597943559	-0.006441073100206101	0.9000892028293496	1.8048711320065514
seed1	balanced	radial_node	16.0	room_equal	profile	300	199	0.2966666666666667	0.24781139053784687	0.35066341776013515	0.13	0.5753795902781671	0.28871794138908163	72.0	12.0	12.0	0.0	0.4977777777777778	0.6284806597943559	-0.006441073100206101	0.9000892028293496	1.8048711320065514
seed1	balanced	radial_node	16.0	room_equal	mantel	300	199	0.2966666666666667	0.24781139053784687	0.35066341776013515	0.145	0.5753795902781671	0.28871794138908163	72.0	12.0	12.0	0.0	0.4977777777777778	0.6284806597943559	-0.006441073100206101	0.9000892028293496	1.8048711320065514
seed1	balanced	radial_node	16.0	room_equal	nested_max	300	199	0.2966666666666667	0.24781139053784687	0.35066341776013515	0.135	0.5753795902781671	0.28871794138908163	72.0	12.0	12.0	0.0	0.4977777777777778	0.6284806597943559	-0.006441073100206101	0.9000892028293496	1.8048711320065514
seed1	balanced	radial_node	16.0	room_equal	standardized_max	300	199	0.3233333333333333	0.2729253960837475	0.37820845374892526	0.115	0.5753795902781671	0.28871794138908163	72.0	12.0	12.0	0.0	0.4977777777777778	0.6284806597943559	-0.006441073100206101	0.9000892028293496	1.8048711320065514
seed1	balanced	radial_node	16.0	room_equal	cv_retrained	300	199	0.2633333333333333	0.21671150294236005	0.3159395034372583	0.155	0.5753795902781671	0.28871794138908163	72.0	12.0	12.0	0.0	0.4977777777777778	0.6284806597943559	-0.006441073100206101	0.9000892028293496	1.8048711320065514
seed1	balanced	radial_node	16.0	room_equal	cv_standardized	300	199	0.29	0.24156454610318367	0.3437455018111255	0.135	0.4236263800565622	0.3877019652953511	72.0	12.0	12.0	0.0	0.4977777777777778	0.6284806597943559	-0.006441073100206101	0.9000892028293496	1.8048711320065514
seed1	balanced	dyadic	0.0	building_equal	profile	300	199	0.15	0.11403246871185316	0.194817611145329	0.27	0.4999999999999999	5.551115123125783e-17	72.0	12.0	12.0	0.0	0.49854166666666666	-0.024196617764830855	0.6429518514111395	0.8928098900849174	1.8048711320065514
seed1	balanced	dyadic	0.0	building_equal	mantel	300	199	0.26	0.21362060325993487	0.3124480229278472	0.1675	0.4999999999999999	5.551115123125783e-17	72.0	12.0	12.0	0.0	0.49854166666666666	-0.024196617764830855	0.6429518514111395	0.8928098900849174	1.8048711320065514
seed1	balanced	dyadic	0.0	building_equal	nested_max	300	199	0.16333333333333333	0.1258064331944026	0.20937316743012502	0.23	0.4999999999999999	5.551115123125783e-17	72.0	12.0	12.0	0.0	0.49854166666666666	-0.024196617764830855	0.6429518514111395	0.8928098900849174	1.8048711320065514
seed1	balanced	dyadic	0.0	building_equal	standardized_max	300	199	0.24	0.19515315695222746	0.29142118808453643	0.19	0.4999999999999999	5.551115123125783e-17	72.0	12.0	12.0	0.0	0.49854166666666666	-0.024196617764830855	0.6429518514111395	0.8928098900849174	1.8048711320065514
seed1	balanced	dyadic	0.0	building_equal	cv_retrained	300	199	0.14	0.10527132693072412	0.18383161235094903	0.2775	0.4999999999999999	5.551115123125783e-17	72.0	12.0	12.0	0.0	0.49854166666666666	-0.024196617764830855	0.6429518514111395	0.8928098900849174	1.8048711320065514
seed1	balanced	dyadic	0.0	building_equal	cv_standardized	300	199	0.13	0.09657536941275233	0.17278042929341172	0.3025	0.4999999999999999	5.551115123125783e-17	72.0	12.0	12.0	0.0	0.49854166666666666	-0.024196617764830855	0.6429518514111395	0.8928098900849174	1.8048711320065514
seed1	balanced	dyadic	0.0	sqrt_rooms	profile	300	199	0.15	0.11403246871185316	0.194817611145329	0.27	0.5000000000000001	0.0	72.0	12.0	12.0	0.0	0.49854166666666666	-0.024196617764830855	0.6429518514111395	0.8928098900849174	1.8048711320065514
seed1	balanced	dyadic	0.0	sqrt_rooms	mantel	300	199	0.26	0.21362060325993487	0.3124480229278472	0.1675	0.5000000000000001	0.0	72.0	12.0	12.0	0.0	0.49854166666666666	-0.024196617764830855	0.6429518514111395	0.8928098900849174	1.8048711320065514
seed1	balanced	dyadic	0.0	sqrt_rooms	nested_max	300	199	0.16333333333333333	0.1258064331944026	0.20937316743012502	0.23	0.5000000000000001	0.0	72.0	12.0	12.0	0.0	0.49854166666666666	-0.024196617764830855	0.6429518514111395	0.8928098900849174	1.8048711320065514
seed1	balanced	dyadic	0.0	sqrt_rooms	standardized_max	300	199	0.24	0.19515315695222746	0.29142118808453643	0.19	0.5000000000000001	0.0	72.0	12.0	12.0	0.0	0.49854166666666666	-0.024196617764830855	0.6429518514111395	0.8928098900849174	1.8048711320065514
seed1	balanced	dyadic	0.0	sqrt_rooms	cv_retrained	300	199	0.14	0.10527132693072412	0.18383161235094903	0.2775	0.5000000000000001	0.0	72.0	12.0	12.0	0.0	0.49854166666666666	-0.024196617764830855	0.6429518514111395	0.8928098900849174	1.8048711320065514
seed1	balanced	dyadic	0.0	sqrt_rooms	cv_standardized	300	199	0.13	0.09657536941275233	0.17278042929341172	0.3025	0.5000000000000001	0.0	72.0	12.0	12.0	0.0	0.49854166666666666	-0.024196617764830855	0.6429518514111395	0.8928098900849174	1.8048711320065514
seed1	balanced	dyadic	0.0	room_equal	profile	300	199	0.15	0.11403246871185316	0.194817611145329	0.27	0.4999999999999999	5.551115123125783e-17	72.0	12.0	12.0	0.0	0.49854166666666666	-0.024196617764830855	0.6429518514111395	0.8928098900849174	1.8048711320065514
seed1	balanced	dyadic	0.0	room_equal	mantel	300	199	0.26	0.21362060325993487	0.3124480229278472	0.1675	0.4999999999999999	5.551115123125783e-17	72.0	12.0	12.0	0.0	0.49854166666666666	-0.024196617764830855	0.6429518514111395	0.8928098900849174	1.8048711320065514
seed1	balanced	dyadic	0.0	room_equal	nested_max	300	199	0.16333333333333333	0.1258064331944026	0.20937316743012502	0.23	0.4999999999999999	5.551115123125783e-17	72.0	12.0	12.0	0.0	0.49854166666666666	-0.024196617764830855	0.6429518514111395	0.8928098900849174	1.8048711320065514
seed1	balanced	dyadic	0.0	room_equal	standardized_max	300	199	0.24	0.19515315695222746	0.29142118808453643	0.19	0.4999999999999999	5.551115123125783e-17	72.0	12.0	12.0	0.0	0.49854166666666666	-0.024196617764830855	0.6429518514111395	0.8928098900849174	1.8048711320065514
seed1	balanced	dyadic	0.0	room_equal	cv_retrained	300	199	0.14	0.10527132693072412	0.18383161235094903	0.2775	0.4999999999999999	5.551115123125783e-17	72.0	12.0	12.0	0.0	0.49854166666666666	-0.024196617764830855	0.6429518514111395	0.8928098900849174	1.8048711320065514
seed1	balanced	dyadic	0.0	room_equal	cv_standardized	300	199	0.13	0.09657536941275233	0.17278042929341172	0.3025	0.4999999999999999	5.551115123125783e-17	72.0	12.0	12.0	0.0	0.49854166666666666	-0.024196617764830855	0.6429518514111395	0.8928098900849174	1.8048711320065514
seed1	balanced	dyadic	0.1	building_equal	profile	300	199	0.15	0.11403246871185316	0.194817611145329	0.27	0.5015526739298815	0.002572975764013794	72.0	12.0	12.0	0.0	0.49854166666666666	-0.024196617764830855	0.6429518514111395	0.8928098900849174	1.8048711320065514
seed1	balanced	dyadic	0.1	building_equal	mantel	300	199	0.26	0.21362060325993487	0.3124480229278472	0.1675	0.5015526739298815	0.002572975764013794	72.0	12.0	12.0	0.0	0.49854166666666666	-0.024196617764830855	0.6429518514111395	0.8928098900849174	1.8048711320065514
seed1	balanced	dyadic	0.1	building_equal	nested_max	300	199	0.16333333333333333	0.1258064331944026	0.20937316743012502	0.23	0.5015526739298815	0.002572975764013794	72.0	12.0	12.0	0.0	0.49854166666666666	-0.024196617764830855	0.6429518514111395	0.8928098900849174	1.8048711320065514
seed1	balanced	dyadic	0.1	building_equal	standardized_max	300	199	0.24	0.19515315695222746	0.29142118808453643	0.19	0.5015526739298815	0.002572975764013794	72.0	12.0	12.0	0.0	0.49854166666666666	-0.024196617764830855	0.6429518514111395	0.8928098900849174	1.8048711320065514
seed1	balanced	dyadic	0.1	building_equal	cv_retrained	300	199	0.13666666666666666	0.10236514609208625	0.1801554129977505	0.2775	0.5015526739298815	0.002572975764013794	72.0	12.0	12.0	0.0	0.49854166666666666	-0.024196617764830855	0.6429518514111395	0.8928098900849174	1.8048711320065514
seed1	balanced	dyadic	0.1	building_equal	cv_standardized	300	199	0.13	0.09657536941275233	0.17278042929341172	0.31	0.5038279139976604	0.010838185508121649	72.0	12.0	12.0	0.0	0.49854166666666666	-0.024196617764830855	0.6429518514111395	0.8928098900849174	1.8048711320065514
seed1	balanced	dyadic	0.1	sqrt_rooms	profile	300	199	0.15	0.11403246871185316	0.194817611145329	0.27	0.5015526739298815	0.0025729757640138005	72.0	12.0	12.0	0.0	0.49854166666666666	-0.024196617764830855	0.6429518514111395	0.8928098900849174	1.8048711320065514
seed1	balanced	dyadic	0.1	sqrt_rooms	mantel	300	199	0.26	0.21362060325993487	0.3124480229278472	0.1675	0.5015526739298815	0.0025729757640138005	72.0	12.0	12.0	0.0	0.49854166666666666	-0.024196617764830855	0.6429518514111395	0.8928098900849174	1.8048711320065514
seed1	balanced	dyadic	0.1	sqrt_rooms	nested_max	300	199	0.16333333333333333	0.1258064331944026	0.20937316743012502	0.23	0.5015526739298815	0.0025729757640138005	72.0	12.0	12.0	0.0	0.49854166666666666	-0.024196617764830855	0.6429518514111395	0.8928098900849174	1.8048711320065514
seed1	balanced	dyadic	0.1	sqrt_rooms	standardized_max	300	199	0.24	0.19515315695222746	0.29142118808453643	0.19	0.5015526739298815	0.0025729757640138005	72.0	12.0	12.0	0.0	0.49854166666666666	-0.024196617764830855	0.6429518514111395	0.8928098900849174	1.8048711320065514
seed1	balanced	dyadic	0.1	sqrt_rooms	cv_retrained	300	199	0.13666666666666666	0.10236514609208625	0.1801554129977505	0.2775	0.5015526739298815	0.0025729757640138005	72.0	12.0	12.0	0.0	0.49854166666666666	-0.024196617764830855	0.6429518514111395	0.8928098900849174	1.8048711320065514
seed1	balanced	dyadic	0.1	sqrt_rooms	cv_standardized	300	199	0.13	0.09657536941275233	0.17278042929341172	0.31	0.5038279139976605	0.01083818550812165	72.0	12.0	12.0	0.0	0.49854166666666666	-0.024196617764830855	0.6429518514111395	0.8928098900849174	1.8048711320065514
seed1	balanced	dyadic	0.1	room_equal	profile	300	199	0.15	0.11403246871185316	0.194817611145329	0.27	0.5015526739298815	0.0025729757640137944	72.0	12.0	12.0	0.0	0.49854166666666666	-0.024196617764830855	0.6429518514111395	0.8928098900849174	1.8048711320065514
seed1	balanced	dyadic	0.1	room_equal	mantel	300	199	0.26	0.21362060325993487	0.3124480229278472	0.1675	0.5015526739298815	0.0025729757640137944	72.0	12.0	12.0	0.0	0.49854166666666666	-0.024196617764830855	0.6429518514111395	0.8928098900849174	1.8048711320065514
seed1	balanced	dyadic	0.1	room_equal	nested_max	300	199	0.16333333333333333	0.1258064331944026	0.20937316743012502	0.23	0.5015526739298815	0.0025729757640137944	72.0	12.0	12.0	0.0	0.49854166666666666	-0.024196617764830855	0.6429518514111395	0.8928098900849174	1.8048711320065514
seed1	balanced	dyadic	0.1	room_equal	standardized_max	300	199	0.24	0.19515315695222746	0.29142118808453643	0.19	0.5015526739298815	0.0025729757640137944	72.0	12.0	12.0	0.0	0.49854166666666666	-0.024196617764830855	0.6429518514111395	0.8928098900849174	1.8048711320065514
seed1	balanced	dyadic	0.1	room_equal	cv_retrained	300	199	0.13666666666666666	0.10236514609208625	0.1801554129977505	0.2775	0.5015526739298815	0.0025729757640137944	72.0	12.0	12.0	0.0	0.49854166666666666	-0.024196617764830855	0.6429518514111395	0.8928098900849174	1.8048711320065514
seed1	balanced	dyadic	0.1	room_equal	cv_standardized	300	199	0.13	0.09657536941275233	0.17278042929341172	0.31	0.5038279139976604	0.01083818550812165	72.0	12.0	12.0	0.0	0.49854166666666666	-0.024196617764830855	0.6429518514111395	0.8928098900849174	1.8048711320065514
seed1	balanced	dyadic	0.25	building_equal	profile	300	199	0.15	0.11403246871185316	0.194817611145329	0.27	0.5038810718356601	0.006431159731431208	72.0	12.0	12.0	0.0	0.49854166666666666	-0.024196617764830855	0.6429518514111395	0.8928098900849174	1.8048711320065514
seed1	balanced	dyadic	0.25	building_equal	mantel	300	199	0.26	0.21362060325993487	0.3124480229278472	0.1675	0.5038810718356601	0.006431159731431208	72.0	12.0	12.0	0.0	0.49854166666666666	-0.024196617764830855	0.6429518514111395	0.8928098900849174	1.8048711320065514
seed1	balanced	dyadic	0.25	building_equal	nested_max	300	199	0.16333333333333333	0.1258064331944026	0.20937316743012502	0.23	0.5038810718356601	0.006431159731431208	72.0	12.0	12.0	0.0	0.49854166666666666	-0.024196617764830855	0.6429518514111395	0.8928098900849174	1.8048711320065514
seed1	balanced	dyadic	0.25	building_equal	standardized_max	300	199	0.24	0.19515315695222746	0.29142118808453643	0.19	0.5038810718356601	0.006431159731431208	72.0	12.0	12.0	0.0	0.49854166666666666	-0.024196617764830855	0.6429518514111395	0.8928098900849174	1.8048711320065514
seed1	balanced	dyadic	0.25	building_equal	cv_retrained	300	199	0.13333333333333333	0.09946641683411198	0.1764717620638884	0.28	0.5038810718356601	0.006431159731431208	72.0	12.0	12.0	0.0	0.49854166666666666	-0.024196617764830855	0.6429518514111395	0.8928098900849174	1.8048711320065514
seed1	balanced	dyadic	0.25	building_equal	cv_standardized	300	199	0.13333333333333333	0.09946641683411198	0.1764717620638884	0.295	0.5095546280654457	0.02701306888642773	72.0	12.0	12.0	0.0	0.49854166666666666	-0.024196617764830855	0.6429518514111395	0.8928098900849174	1.8048711320065514
seed1	balanced	dyadic	0.25	sqrt_rooms	profile	300	199	0.15	0.11403246871185316	0.194817611145329	0.27	0.5038810718356603	0.006431159731431202	72.0	12.0	12.0	0.0	0.49854166666666666	-0.024196617764830855	0.6429518514111395	0.8928098900849174	1.8048711320065514
seed1	balanced	dyadic	0.25	sqrt_rooms	mantel	300	199	0.26	0.21362060325993487	0.3124480229278472	0.1675	0.5038810718356603	0.006431159731431202	72.0	12.0	12.0	0.0	0.49854166666666666	-0.024196617764830855	0.6429518514111395	0.8928098900849174	1.8048711320065514
seed1	balanced	dyadic	0.25	sqrt_rooms	nested_max	300	199	0.16333333333333333	0.1258064331944026	0.20937316743012502	0.23	0.5038810718356603	0.006431159731431202	72.0	12.0	12.0	0.0	0.49854166666666666	-0.024196617764830855	0.6429518514111395	0.8928098900849174	1.8048711320065514
seed1	balanced	dyadic	0.25	sqrt_rooms	standardized_max	300	199	0.24	0.19515315695222746	0.29142118808453643	0.19	0.5038810718356603	0.006431159731431202	72.0	12.0	12.0	0.0	0.49854166666666666	-0.024196617764830855	0.6429518514111395	0.8928098900849174	1.8048711320065514
seed1	balanced	dyadic	0.25	sqrt_rooms	cv_retrained	300	199	0.13333333333333333	0.09946641683411198	0.1764717620638884	0.28	0.5038810718356603	0.006431159731431202	72.0	12.0	12.0	0.0	0.49854166666666666	-0.024196617764830855	0.6429518514111395	0.8928098900849174	1.8048711320065514
seed1	balanced	dyadic	0.25	sqrt_rooms	cv_standardized	300	199	0.13333333333333333	0.09946641683411198	0.1764717620638884	0.295	0.5095546280654459	0.027013068886427734	72.0	12.0	12.0	0.0	0.49854166666666666	-0.024196617764830855	0.6429518514111395	0.8928098900849174	1.8048711320065514
seed1	balanced	dyadic	0.25	room_equal	profile	300	199	0.15	0.11403246871185316	0.194817611145329	0.27	0.5038810718356601	0.006431159731431207	72.0	12.0	12.0	0.0	0.49854166666666666	-0.024196617764830855	0.6429518514111395	0.8928098900849174	1.8048711320065514
seed1	balanced	dyadic	0.25	room_equal	mantel	300	199	0.26	0.21362060325993487	0.3124480229278472	0.1675	0.5038810718356601	0.006431159731431207	72.0	12.0	12.0	0.0	0.49854166666666666	-0.024196617764830855	0.6429518514111395	0.8928098900849174	1.8048711320065514
seed1	balanced	dyadic	0.25	room_equal	nested_max	300	199	0.16333333333333333	0.1258064331944026	0.20937316743012502	0.23	0.5038810718356601	0.006431159731431207	72.0	12.0	12.0	0.0	0.49854166666666666	-0.024196617764830855	0.6429518514111395	0.8928098900849174	1.8048711320065514
seed1	balanced	dyadic	0.25	room_equal	standardized_max	300	199	0.24	0.19515315695222746	0.29142118808453643	0.19	0.5038810718356601	0.006431159731431207	72.0	12.0	12.0	0.0	0.49854166666666666	-0.024196617764830855	0.6429518514111395	0.8928098900849174	1.8048711320065514
seed1	balanced	dyadic	0.25	room_equal	cv_retrained	300	199	0.13333333333333333	0.09946641683411198	0.1764717620638884	0.28	0.5038810718356601	0.006431159731431207	72.0	12.0	12.0	0.0	0.49854166666666666	-0.024196617764830855	0.6429518514111395	0.8928098900849174	1.8048711320065514
seed1	balanced	dyadic	0.25	room_equal	cv_standardized	300	199	0.13333333333333333	0.09946641683411198	0.1764717620638884	0.295	0.5095546280654457	0.02701306888642773	72.0	12.0	12.0	0.0	0.49854166666666666	-0.024196617764830855	0.6429518514111395	0.8928098900849174	1.8048711320065514
seed1	balanced	dyadic	0.5	building_equal	profile	300	199	0.15	0.11403246871185316	0.194817611145329	0.27	0.5077577713983599	0.012853195320320197	72.0	12.0	12.0	0.0	0.49854166666666666	-0.024196617764830855	0.6429518514111395	0.8928098900849174	1.8048711320065514
seed1	balanced	dyadic	0.5	building_equal	mantel	300	199	0.26	0.21362060325993487	0.3124480229278472	0.1675	0.5077577713983599	0.012853195320320197	72.0	12.0	12.0	0.0	0.49854166666666666	-0.024196617764830855	0.6429518514111395	0.8928098900849174	1.8048711320065514
seed1	balanced	dyadic	0.5	building_equal	nested_max	300	199	0.16333333333333333	0.1258064331944026	0.20937316743012502	0.23	0.5077577713983599	0.012853195320320197	72.0	12.0	12.0	0.0	0.49854166666666666	-0.024196617764830855	0.6429518514111395	0.8928098900849174	1.8048711320065514
seed1	balanced	dyadic	0.5	building_equal	standardized_max	300	199	0.24	0.19515315695222746	0.29142118808453643	0.19	0.5077577713983599	0.012853195320320197	72.0	12.0	12.0	0.0	0.49854166666666666	-0.024196617764830855	0.6429518514111395	0.8928098900849174	1.8048711320065514
seed1	balanced	dyadic	0.5	building_equal	cv_retrained	300	199	0.13	0.09657536941275233	0.17278042929341172	0.2775	0.5077577713983599	0.012853195320320197	72.0	12.0	12.0	0.0	0.49854166666666666	-0.024196617764830855	0.6429518514111395	0.8928098900849174	1.8048711320065514
seed1	balanced	dyadic	0.5	building_equal	cv_standardized	300	199	0.12666666666666668	0.09369224846506602	0.16908117004926165	0.2975	0.5190017420245662	0.05345410121210732	72.0	12.0	12.0	0.0	0.49854166666666666	-0.024196617764830855	0.6429518514111395	0.8928098900849174	1.8048711320065514
seed1	balanced	dyadic	0.5	sqrt_rooms	profile	300	199	0.15	0.11403246871185316	0.194817611145329	0.27	0.5077577713983599	0.012853195320320199	72.0	12.0	12.0	0.0	0.49854166666666666	-0.024196617764830855	0.6429518514111395	0.8928098900849174	1.8048711320065514
seed1	balanced	dyadic	0.5	sqrt_rooms	mantel	300	199	0.26	0.21362060325993487	0.3124480229278472	0.1675	0.5077577713983599	0.012853195320320199	72.0	12.0	12.0	0.0	0.49854166666666666	-0.024196617764830855	0.6429518514111395	0.8928098900849174	1.8048711320065514
seed1	balanced	dyadic	0.5	sqrt_rooms	nested_max	300	199	0.16333333333333333	0.1258064331944026	0.20937316743012502	0.23	0.5077577713983599	0.012853195320320199	72.0	12.0	12.0	0.0	0.49854166666666666	-0.024196617764830855	0.6429518514111395	0.8928098900849174	1.8048711320065514
seed1	balanced	dyadic	0.5	sqrt_rooms	standardized_max	300	199	0.24	0.19515315695222746	0.29142118808453643	0.19	0.5077577713983599	0.012853195320320199	72.0	12.0	12.0	0.0	0.49854166666666666	-0.024196617764830855	0.6429518514111395	0.8928098900849174	1.8048711320065514
seed1	balanced	dyadic	0.5	sqrt_rooms	cv_retrained	300	199	0.13	0.09657536941275233	0.17278042929341172	0.2775	0.5077577713983599	0.012853195320320199	72.0	12.0	12.0	0.0	0.49854166666666666	-0.024196617764830855	0.6429518514111395	0.8928098900849174	1.8048711320065514
seed1	balanced	dyadic	0.5	sqrt_rooms	cv_standardized	300	199	0.12666666666666668	0.09369224846506602	0.16908117004926165	0.2975	0.5190017420245664	0.05345410121210732	72.0	12.0	12.0	0.0	0.49854166666666666	-0.024196617764830855	0.6429518514111395	0.8928098900849174	1.8048711320065514
seed1	balanced	dyadic	0.5	room_equal	profile	300	199	0.15	0.11403246871185316	0.194817611145329	0.27	0.5077577713983599	0.012853195320320197	72.0	12.0	12.0	0.0	0.49854166666666666	-0.024196617764830855	0.6429518514111395	0.8928098900849174	1.8048711320065514
seed1	balanced	dyadic	0.5	room_equal	mantel	300	199	0.26	0.21362060325993487	0.3124480229278472	0.1675	0.5077577713983599	0.012853195320320197	72.0	12.0	12.0	0.0	0.49854166666666666	-0.024196617764830855	0.6429518514111395	0.8928098900849174	1.8048711320065514
seed1	balanced	dyadic	0.5	room_equal	nested_max	300	199	0.16333333333333333	0.1258064331944026	0.20937316743012502	0.23	0.5077577713983599	0.012853195320320197	72.0	12.0	12.0	0.0	0.49854166666666666	-0.024196617764830855	0.6429518514111395	0.8928098900849174	1.8048711320065514
seed1	balanced	dyadic	0.5	room_equal	standardized_max	300	199	0.24	0.19515315695222746	0.29142118808453643	0.19	0.5077577713983599	0.012853195320320197	72.0	12.0	12.0	0.0	0.49854166666666666	-0.024196617764830855	0.6429518514111395	0.8928098900849174	1.8048711320065514
seed1	balanced	dyadic	0.5	room_equal	cv_retrained	300	199	0.13	0.09657536941275233	0.17278042929341172	0.2775	0.5077577713983599	0.012853195320320197	72.0	12.0	12.0	0.0	0.49854166666666666	-0.024196617764830855	0.6429518514111395	0.8928098900849174	1.8048711320065514
seed1	balanced	dyadic	0.5	room_equal	cv_standardized	300	199	0.12666666666666668	0.09369224846506602	0.16908117004926165	0.2975	0.5190017420245662	0.05345410121210732	72.0	12.0	12.0	0.0	0.49854166666666666	-0.024196617764830855	0.6429518514111395	0.8928098900849174	1.8048711320065514
seed1	balanced	dyadic	1.0	building_equal	profile	300	199	0.15	0.11403246871185316	0.194817611145329	0.27	0.5154807574429238	0.025633905636907844	72.0	12.0	12.0	0.0	0.49854166666666666	-0.024196617764830855	0.6429518514111395	0.8928098900849174	1.8048711320065514
seed1	balanced	dyadic	1.0	building_equal	mantel	300	199	0.26	0.21362060325993487	0.3124480229278472	0.1675	0.5154807574429238	0.025633905636907844	72.0	12.0	12.0	0.0	0.49854166666666666	-0.024196617764830855	0.6429518514111395	0.8928098900849174	1.8048711320065514
seed1	balanced	dyadic	1.0	building_equal	nested_max	300	199	0.16333333333333333	0.1258064331944026	0.20937316743012502	0.23	0.5154807574429238	0.025633905636907844	72.0	12.0	12.0	0.0	0.49854166666666666	-0.024196617764830855	0.6429518514111395	0.8928098900849174	1.8048711320065514
seed1	balanced	dyadic	1.0	building_equal	standardized_max	300	199	0.24	0.19515315695222746	0.29142118808453643	0.19	0.5154807574429238	0.025633905636907844	72.0	12.0	12.0	0.0	0.49854166666666666	-0.024196617764830855	0.6429518514111395	0.8928098900849174	1.8048711320065514
seed1	balanced	dyadic	1.0	building_equal	cv_retrained	300	199	0.12666666666666668	0.09369224846506602	0.16908117004926165	0.275	0.5154807574429238	0.025633905636907844	72.0	12.0	12.0	0.0	0.49854166666666666	-0.024196617764830855	0.6429518514111395	0.8928098900849174	1.8048711320065514
seed1	balanced	dyadic	1.0	building_equal	cv_standardized	300	199	0.13666666666666666	0.10236514609208625	0.1801554129977505	0.31	0.5371687686737707	0.10277644157065706	72.0	12.0	12.0	0.0	0.49854166666666666	-0.024196617764830855	0.6429518514111395	0.8928098900849174	1.8048711320065514
seed1	balanced	dyadic	1.0	sqrt_rooms	profile	300	199	0.15	0.11403246871185316	0.194817611145329	0.27	0.5154807574429239	0.025633905636907848	72.0	12.0	12.0	0.0	0.49854166666666666	-0.024196617764830855	0.6429518514111395	0.8928098900849174	1.8048711320065514
seed1	balanced	dyadic	1.0	sqrt_rooms	mantel	300	199	0.26	0.21362060325993487	0.3124480229278472	0.1675	0.5154807574429239	0.025633905636907848	72.0	12.0	12.0	0.0	0.49854166666666666	-0.024196617764830855	0.6429518514111395	0.8928098900849174	1.8048711320065514
seed1	balanced	dyadic	1.0	sqrt_rooms	nested_max	300	199	0.16333333333333333	0.1258064331944026	0.20937316743012502	0.23	0.5154807574429239	0.025633905636907848	72.0	12.0	12.0	0.0	0.49854166666666666	-0.024196617764830855	0.6429518514111395	0.8928098900849174	1.8048711320065514
seed1	balanced	dyadic	1.0	sqrt_rooms	standardized_max	300	199	0.24	0.19515315695222746	0.29142118808453643	0.19	0.5154807574429239	0.025633905636907848	72.0	12.0	12.0	0.0	0.49854166666666666	-0.024196617764830855	0.6429518514111395	0.8928098900849174	1.8048711320065514
seed1	balanced	dyadic	1.0	sqrt_rooms	cv_retrained	300	199	0.12666666666666668	0.09369224846506602	0.16908117004926165	0.275	0.5154807574429239	0.025633905636907848	72.0	12.0	12.0	0.0	0.49854166666666666	-0.024196617764830855	0.6429518514111395	0.8928098900849174	1.8048711320065514
seed1	balanced	dyadic	1.0	sqrt_rooms	cv_standardized	300	199	0.13666666666666666	0.10236514609208625	0.1801554129977505	0.31	0.5371687686737707	0.10277644157065707	72.0	12.0	12.0	0.0	0.49854166666666666	-0.024196617764830855	0.6429518514111395	0.8928098900849174	1.8048711320065514
seed1	balanced	dyadic	1.0	room_equal	profile	300	199	0.15	0.11403246871185316	0.194817611145329	0.27	0.5154807574429238	0.025633905636907844	72.0	12.0	12.0	0.0	0.49854166666666666	-0.024196617764830855	0.6429518514111395	0.8928098900849174	1.8048711320065514
seed1	balanced	dyadic	1.0	room_equal	mantel	300	199	0.26	0.21362060325993487	0.3124480229278472	0.1675	0.5154807574429238	0.025633905636907844	72.0	12.0	12.0	0.0	0.49854166666666666	-0.024196617764830855	0.6429518514111395	0.8928098900849174	1.8048711320065514
seed1	balanced	dyadic	1.0	room_equal	nested_max	300	199	0.16333333333333333	0.1258064331944026	0.20937316743012502	0.23	0.5154807574429238	0.025633905636907844	72.0	12.0	12.0	0.0	0.49854166666666666	-0.024196617764830855	0.6429518514111395	0.8928098900849174	1.8048711320065514
seed1	balanced	dyadic	1.0	room_equal	standardized_max	300	199	0.24	0.19515315695222746	0.29142118808453643	0.19	0.5154807574429238	0.025633905636907844	72.0	12.0	12.0	0.0	0.49854166666666666	-0.024196617764830855	0.6429518514111395	0.8928098900849174	1.8048711320065514
seed1	balanced	dyadic	1.0	room_equal	cv_retrained	300	199	0.12666666666666668	0.09369224846506602	0.16908117004926165	0.275	0.5154807574429238	0.025633905636907844	72.0	12.0	12.0	0.0	0.49854166666666666	-0.024196617764830855	0.6429518514111395	0.8928098900849174	1.8048711320065514
seed1	balanced	dyadic	1.0	room_equal	cv_standardized	300	199	0.13666666666666666	0.10236514609208625	0.1801554129977505	0.31	0.5371687686737707	0.10277644157065706	72.0	12.0	12.0	0.0	0.49854166666666666	-0.024196617764830855	0.6429518514111395	0.8928098900849174	1.8048711320065514
seed1	balanced	dyadic	2.0	building_equal	profile	300	199	0.15	0.11403246871185316	0.194817611145329	0.27	0.5306892125524688	0.05070358856676124	72.0	12.0	12.0	0.0	0.49854166666666666	-0.024196617764830855	0.6429518514111395	0.8928098900849174	1.8048711320065514
seed1	balanced	dyadic	2.0	building_equal	mantel	300	199	0.26	0.21362060325993487	0.3124480229278472	0.1675	0.5306892125524688	0.05070358856676124	72.0	12.0	12.0	0.0	0.49854166666666666	-0.024196617764830855	0.6429518514111395	0.8928098900849174	1.8048711320065514
seed1	balanced	dyadic	2.0	building_equal	nested_max	300	199	0.16333333333333333	0.1258064331944026	0.20937316743012502	0.23	0.5306892125524688	0.05070358856676124	72.0	12.0	12.0	0.0	0.49854166666666666	-0.024196617764830855	0.6429518514111395	0.8928098900849174	1.8048711320065514
seed1	balanced	dyadic	2.0	building_equal	standardized_max	300	199	0.24	0.19515315695222746	0.29142118808453643	0.19	0.5306892125524688	0.05070358856676124	72.0	12.0	12.0	0.0	0.49854166666666666	-0.024196617764830855	0.6429518514111395	0.8928098900849174	1.8048711320065514
seed1	balanced	dyadic	2.0	building_equal	cv_retrained	300	199	0.12	0.0879508443036389	0.16165781382701605	0.285	0.5306892125524688	0.05070358856676124	72.0	12.0	12.0	0.0	0.49854166666666666	-0.024196617764830855	0.6429518514111395	0.8928098900849174	1.8048711320065514
seed1	balanced	dyadic	2.0	building_equal	cv_standardized	300	199	0.10333333333333333	0.07375658473854114	0.142940172432932	0.295	0.5685001302900671	0.181512137438887	72.0	12.0	12.0	0.0	0.49854166666666666	-0.024196617764830855	0.6429518514111395	0.8928098900849174	1.8048711320065514
seed1	balanced	dyadic	2.0	sqrt_rooms	profile	300	199	0.15	0.11403246871185316	0.194817611145329	0.27	0.5306892125524689	0.05070358856676124	72.0	12.0	12.0	0.0	0.49854166666666666	-0.024196617764830855	0.6429518514111395	0.8928098900849174	1.8048711320065514
seed1	balanced	dyadic	2.0	sqrt_rooms	mantel	300	199	0.26	0.21362060325993487	0.3124480229278472	0.1675	0.5306892125524689	0.05070358856676124	72.0	12.0	12.0	0.0	0.49854166666666666	-0.024196617764830855	0.6429518514111395	0.8928098900849174	1.8048711320065514
seed1	balanced	dyadic	2.0	sqrt_rooms	nested_max	300	199	0.16333333333333333	0.1258064331944026	0.20937316743012502	0.23	0.5306892125524689	0.05070358856676124	72.0	12.0	12.0	0.0	0.49854166666666666	-0.024196617764830855	0.6429518514111395	0.8928098900849174	1.8048711320065514
seed1	balanced	dyadic	2.0	sqrt_rooms	standardized_max	300	199	0.24	0.19515315695222746	0.29142118808453643	0.19	0.5306892125524689	0.05070358856676124	72.0	12.0	12.0	0.0	0.49854166666666666	-0.024196617764830855	0.6429518514111395	0.8928098900849174	1.8048711320065514
seed1	balanced	dyadic	2.0	sqrt_rooms	cv_retrained	300	199	0.12	0.0879508443036389	0.16165781382701605	0.285	0.5306892125524689	0.05070358856676124	72.0	12.0	12.0	0.0	0.49854166666666666	-0.024196617764830855	0.6429518514111395	0.8928098900849174	1.8048711320065514
seed1	balanced	dyadic	2.0	sqrt_rooms	cv_standardized	300	199	0.10333333333333333	0.07375658473854114	0.142940172432932	0.295	0.5685001302900673	0.18151213743888703	72.0	12.0	12.0	0.0	0.49854166666666666	-0.024196617764830855	0.6429518514111395	0.8928098900849174	1.8048711320065514
seed1	balanced	dyadic	2.0	room_equal	profile	300	199	0.15	0.11403246871185316	0.194817611145329	0.27	0.5306892125524688	0.05070358856676124	72.0	12.0	12.0	0.0	0.49854166666666666	-0.024196617764830855	0.6429518514111395	0.8928098900849174	1.8048711320065514
seed1	balanced	dyadic	2.0	room_equal	mantel	300	199	0.26	0.21362060325993487	0.3124480229278472	0.1675	0.5306892125524688	0.05070358856676124	72.0	12.0	12.0	0.0	0.49854166666666666	-0.024196617764830855	0.6429518514111395	0.8928098900849174	1.8048711320065514
seed1	balanced	dyadic	2.0	room_equal	nested_max	300	199	0.16333333333333333	0.1258064331944026	0.20937316743012502	0.23	0.5306892125524688	0.05070358856676124	72.0	12.0	12.0	0.0	0.49854166666666666	-0.024196617764830855	0.6429518514111395	0.8928098900849174	1.8048711320065514
seed1	balanced	dyadic	2.0	room_equal	standardized_max	300	199	0.24	0.19515315695222746	0.29142118808453643	0.19	0.5306892125524688	0.05070358856676124	72.0	12.0	12.0	0.0	0.49854166666666666	-0.024196617764830855	0.6429518514111395	0.8928098900849174	1.8048711320065514
seed1	balanced	dyadic	2.0	room_equal	cv_retrained	300	199	0.12	0.0879508443036389	0.16165781382701605	0.285	0.5306892125524688	0.05070358856676124	72.0	12.0	12.0	0.0	0.49854166666666666	-0.024196617764830855	0.6429518514111395	0.8928098900849174	1.8048711320065514
seed1	balanced	dyadic	2.0	room_equal	cv_standardized	300	199	0.10333333333333333	0.07375658473854114	0.142940172432932	0.295	0.5685001302900672	0.181512137438887	72.0	12.0	12.0	0.0	0.49854166666666666	-0.024196617764830855	0.6429518514111395	0.8928098900849174	1.8048711320065514
seed1	balanced	dyadic	4.0	building_equal	profile	300	199	0.15	0.11403246871185316	0.194817611145329	0.27	0.5593702824819888	0.09732897018523062	72.0	12.0	12.0	0.0	0.49854166666666666	-0.024196617764830855	0.6429518514111395	0.8928098900849174	1.8048711320065514
seed1	balanced	dyadic	4.0	building_equal	mantel	300	199	0.26	0.21362060325993487	0.3124480229278472	0.1675	0.5593702824819888	0.09732897018523062	72.0	12.0	12.0	0.0	0.49854166666666666	-0.024196617764830855	0.6429518514111395	0.8928098900849174	1.8048711320065514
seed1	balanced	dyadic	4.0	building_equal	nested_max	300	199	0.16333333333333333	0.1258064331944026	0.20937316743012502	0.23	0.5593702824819888	0.09732897018523062	72.0	12.0	12.0	0.0	0.49854166666666666	-0.024196617764830855	0.6429518514111395	0.8928098900849174	1.8048711320065514
seed1	balanced	dyadic	4.0	building_equal	standardized_max	300	199	0.24	0.19515315695222746	0.29142118808453643	0.19	0.5593702824819888	0.09732897018523062	72.0	12.0	12.0	0.0	0.49854166666666666	-0.024196617764830855	0.6429518514111395	0.8928098900849174	1.8048711320065514
seed1	balanced	dyadic	4.0	building_equal	cv_retrained	300	199	0.10666666666666667	0.07657584904594214	0.14670328831736743	0.285	0.5593702824819888	0.09732897018523062	72.0	12.0	12.0	0.0	0.49854166666666666	-0.024196617764830855	0.6429518514111395	0.8928098900849174	1.8048711320065514
seed1	balanced	dyadic	4.0	building_equal	cv_standardized	300	199	0.11	0.07940528531126051	0.15045623224388538	0.3125	0.607789368448265	0.27134529398294976	72.0	12.0	12.0	0.0	0.49854166666666666	-0.024196617764830855	0.6429518514111395	0.8928098900849174	1.8048711320065514
seed1	balanced	dyadic	4.0	sqrt_rooms	profile	300	199	0.15	0.11403246871185316	0.194817611145329	0.27	0.5593702824819891	0.09732897018523064	72.0	12.0	12.0	0.0	0.49854166666666666	-0.024196617764830855	0.6429518514111395	0.8928098900849174	1.8048711320065514
seed1	balanced	dyadic	4.0	sqrt_rooms	mantel	300	199	0.26	0.21362060325993487	0.3124480229278472	0.1675	0.5593702824819891	0.09732897018523064	72.0	12.0	12.0	0.0	0.49854166666666666	-0.024196617764830855	0.6429518514111395	0.8928098900849174	1.8048711320065514
seed1	balanced	dyadic	4.0	sqrt_rooms	nested_max	300	199	0.16333333333333333	0.1258064331944026	0.20937316743012502	0.23	0.5593702824819891	0.09732897018523064	72.0	12.0	12.0	0.0	0.49854166666666666	-0.024196617764830855	0.6429518514111395	0.8928098900849174	1.8048711320065514
seed1	balanced	dyadic	4.0	sqrt_rooms	standardized_max	300	199	0.24	0.19515315695222746	0.29142118808453643	0.19	0.5593702824819891	0.09732897018523064	72.0	12.0	12.0	0.0	0.49854166666666666	-0.024196617764830855	0.6429518514111395	0.8928098900849174	1.8048711320065514
seed1	balanced	dyadic	4.0	sqrt_rooms	cv_retrained	300	199	0.10666666666666667	0.07657584904594214	0.14670328831736743	0.285	0.5593702824819891	0.09732897018523064	72.0	12.0	12.0	0.0	0.49854166666666666	-0.024196617764830855	0.6429518514111395	0.8928098900849174	1.8048711320065514
seed1	balanced	dyadic	4.0	sqrt_rooms	cv_standardized	300	199	0.11	0.07940528531126051	0.15045623224388538	0.3125	0.6077893684482653	0.2713452939829498	72.0	12.0	12.0	0.0	0.49854166666666666	-0.024196617764830855	0.6429518514111395	0.8928098900849174	1.8048711320065514
seed1	balanced	dyadic	4.0	room_equal	profile	300	199	0.15	0.11403246871185316	0.194817611145329	0.27	0.5593702824819888	0.09732897018523062	72.0	12.0	12.0	0.0	0.49854166666666666	-0.024196617764830855	0.6429518514111395	0.8928098900849174	1.8048711320065514
seed1	balanced	dyadic	4.0	room_equal	mantel	300	199	0.26	0.21362060325993487	0.3124480229278472	0.1675	0.5593702824819888	0.09732897018523062	72.0	12.0	12.0	0.0	0.49854166666666666	-0.024196617764830855	0.6429518514111395	0.8928098900849174	1.8048711320065514
seed1	balanced	dyadic	4.0	room_equal	nested_max	300	199	0.16333333333333333	0.1258064331944026	0.20937316743012502	0.23	0.5593702824819888	0.09732897018523062	72.0	12.0	12.0	0.0	0.49854166666666666	-0.024196617764830855	0.6429518514111395	0.8928098900849174	1.8048711320065514
seed1	balanced	dyadic	4.0	room_equal	standardized_max	300	199	0.24	0.19515315695222746	0.29142118808453643	0.19	0.5593702824819888	0.09732897018523062	72.0	12.0	12.0	0.0	0.49854166666666666	-0.024196617764830855	0.6429518514111395	0.8928098900849174	1.8048711320065514
seed1	balanced	dyadic	4.0	room_equal	cv_retrained	300	199	0.10666666666666667	0.07657584904594214	0.14670328831736743	0.285	0.5593702824819888	0.09732897018523062	72.0	12.0	12.0	0.0	0.49854166666666666	-0.024196617764830855	0.6429518514111395	0.8928098900849174	1.8048711320065514
seed1	balanced	dyadic	4.0	room_equal	cv_standardized	300	199	0.11	0.07940528531126051	0.15045623224388538	0.3125	0.607789368448265	0.27134529398294976	72.0	12.0	12.0	0.0	0.49854166666666666	-0.024196617764830855	0.6429518514111395	0.8928098900849174	1.8048711320065514
seed1	balanced	dyadic	8.0	building_equal	profile	300	199	0.15	0.11403246871185316	0.194817611145329	0.27	0.6064132629125752	0.17098856751249672	72.0	12.0	12.0	0.0	0.49854166666666666	-0.024196617764830855	0.6429518514111395	0.8928098900849174	1.8048711320065514
seed1	balanced	dyadic	8.0	building_equal	mantel	300	199	0.26	0.21362060325993487	0.3124480229278472	0.1675	0.6064132629125752	0.17098856751249672	72.0	12.0	12.0	0.0	0.49854166666666666	-0.024196617764830855	0.6429518514111395	0.8928098900849174	1.8048711320065514
seed1	balanced	dyadic	8.0	building_equal	nested_max	300	199	0.16333333333333333	0.1258064331944026	0.20937316743012502	0.23	0.6064132629125752	0.17098856751249672	72.0	12.0	12.0	0.0	0.49854166666666666	-0.024196617764830855	0.6429518514111395	0.8928098900849174	1.8048711320065514
seed1	balanced	dyadic	8.0	building_equal	standardized_max	300	199	0.24	0.19515315695222746	0.29142118808453643	0.19	0.6064132629125752	0.17098856751249672	72.0	12.0	12.0	0.0	0.49854166666666666	-0.024196617764830855	0.6429518514111395	0.8928098900849174	1.8048711320065514
seed1	balanced	dyadic	8.0	building_equal	cv_retrained	300	199	0.11333333333333333	0.082244501875291	0.15419939587169124	0.2925	0.6064132629125752	0.17098856751249672	72.0	12.0	12.0	0.0	0.49854166666666666	-0.024196617764830855	0.6429518514111395	0.8928098900849174	1.8048711320065514
seed1	balanced	dyadic	8.0	building_equal	cv_standardized	300	199	0.11333333333333333	0.082244501875291	0.15419939587169124	0.32	0.634537881227991	0.33617101931055954	72.0	12.0	12.0	0.0	0.49854166666666666	-0.024196617764830855	0.6429518514111395	0.8928098900849174	1.8048711320065514
seed1	balanced	dyadic	8.0	sqrt_rooms	profile	300	199	0.15	0.11403246871185316	0.194817611145329	0.27	0.6064132629125755	0.17098856751249675	72.0	12.0	12.0	0.0	0.49854166666666666	-0.024196617764830855	0.6429518514111395	0.8928098900849174	1.8048711320065514
seed1	balanced	dyadic	8.0	sqrt_rooms	mantel	300	199	0.26	0.21362060325993487	0.3124480229278472	0.1675	0.6064132629125755	0.17098856751249675	72.0	12.0	12.0	0.0	0.49854166666666666	-0.024196617764830855	0.6429518514111395	0.8928098900849174	1.8048711320065514
seed1	balanced	dyadic	8.0	sqrt_rooms	nested_max	300	199	0.16333333333333333	0.1258064331944026	0.20937316743012502	0.23	0.6064132629125755	0.17098856751249675	72.0	12.0	12.0	0.0	0.49854166666666666	-0.024196617764830855	0.6429518514111395	0.8928098900849174	1.8048711320065514
seed1	balanced	dyadic	8.0	sqrt_rooms	standardized_max	300	199	0.24	0.19515315695222746	0.29142118808453643	0.19	0.6064132629125755	0.17098856751249675	72.0	12.0	12.0	0.0	0.49854166666666666	-0.024196617764830855	0.6429518514111395	0.8928098900849174	1.8048711320065514
seed1	balanced	dyadic	8.0	sqrt_rooms	cv_retrained	300	199	0.11333333333333333	0.082244501875291	0.15419939587169124	0.2925	0.6064132629125755	0.17098856751249675	72.0	12.0	12.0	0.0	0.49854166666666666	-0.024196617764830855	0.6429518514111395	0.8928098900849174	1.8048711320065514
seed1	balanced	dyadic	8.0	sqrt_rooms	cv_standardized	300	199	0.11333333333333333	0.082244501875291	0.15419939587169124	0.32	0.6345378812279912	0.3361710193105596	72.0	12.0	12.0	0.0	0.49854166666666666	-0.024196617764830855	0.6429518514111395	0.8928098900849174	1.8048711320065514
seed1	balanced	dyadic	8.0	room_equal	profile	300	199	0.15	0.11403246871185316	0.194817611145329	0.27	0.6064132629125754	0.17098856751249672	72.0	12.0	12.0	0.0	0.49854166666666666	-0.024196617764830855	0.6429518514111395	0.8928098900849174	1.8048711320065514
seed1	balanced	dyadic	8.0	room_equal	mantel	300	199	0.26	0.21362060325993487	0.3124480229278472	0.1675	0.6064132629125754	0.17098856751249672	72.0	12.0	12.0	0.0	0.49854166666666666	-0.024196617764830855	0.6429518514111395	0.8928098900849174	1.8048711320065514
seed1	balanced	dyadic	8.0	room_equal	nested_max	300	199	0.16333333333333333	0.1258064331944026	0.20937316743012502	0.23	0.6064132629125754	0.17098856751249672	72.0	12.0	12.0	0.0	0.49854166666666666	-0.024196617764830855	0.6429518514111395	0.8928098900849174	1.8048711320065514
seed1	balanced	dyadic	8.0	room_equal	standardized_max	300	199	0.24	0.19515315695222746	0.29142118808453643	0.19	0.6064132629125754	0.17098856751249672	72.0	12.0	12.0	0.0	0.49854166666666666	-0.024196617764830855	0.6429518514111395	0.8928098900849174	1.8048711320065514
seed1	balanced	dyadic	8.0	room_equal	cv_retrained	300	199	0.11333333333333333	0.082244501875291	0.15419939587169124	0.2925	0.6064132629125754	0.17098856751249672	72.0	12.0	12.0	0.0	0.49854166666666666	-0.024196617764830855	0.6429518514111395	0.8928098900849174	1.8048711320065514
seed1	balanced	dyadic	8.0	room_equal	cv_standardized	300	199	0.11333333333333333	0.082244501875291	0.15419939587169124	0.32	0.634537881227991	0.3361710193105596	72.0	12.0	12.0	0.0	0.49854166666666666	-0.024196617764830855	0.6429518514111395	0.8928098900849174	1.8048711320065514
seed1	balanced	dyadic	16.0	building_equal	profile	300	199	0.15	0.11403246871185316	0.194817611145329	0.27	0.6617027749569012	0.25314162259808554	72.0	12.0	12.0	0.0	0.49854166666666666	-0.024196617764830855	0.6429518514111395	0.8928098900849174	1.8048711320065514
seed1	balanced	dyadic	16.0	building_equal	mantel	300	199	0.26	0.21362060325993487	0.3124480229278472	0.1675	0.6617027749569012	0.25314162259808554	72.0	12.0	12.0	0.0	0.49854166666666666	-0.024196617764830855	0.6429518514111395	0.8928098900849174	1.8048711320065514
seed1	balanced	dyadic	16.0	building_equal	nested_max	300	199	0.16333333333333333	0.1258064331944026	0.20937316743012502	0.23	0.6617027749569012	0.25314162259808554	72.0	12.0	12.0	0.0	0.49854166666666666	-0.024196617764830855	0.6429518514111395	0.8928098900849174	1.8048711320065514
seed1	balanced	dyadic	16.0	building_equal	standardized_max	300	199	0.24	0.19515315695222746	0.29142118808453643	0.19	0.6617027749569012	0.25314162259808554	72.0	12.0	12.0	0.0	0.49854166666666666	-0.024196617764830855	0.6429518514111395	0.8928098900849174	1.8048711320065514
seed1	balanced	dyadic	16.0	building_equal	cv_retrained	300	199	0.11333333333333333	0.082244501875291	0.15419939587169124	0.3075	0.6617027749569012	0.25314162259808554	72.0	12.0	12.0	0.0	0.49854166666666666	-0.024196617764830855	0.6429518514111395	0.8928098900849174	1.8048711320065514
seed1	balanced	dyadic	16.0	building_equal	cv_standardized	300	199	0.10333333333333333	0.07375658473854114	0.142940172432932	0.33	0.6430050060795885	0.36896944739255305	72.0	12.0	12.0	0.0	0.49854166666666666	-0.024196617764830855	0.6429518514111395	0.8928098900849174	1.8048711320065514
seed1	balanced	dyadic	16.0	sqrt_rooms	profile	300	199	0.15	0.11403246871185316	0.194817611145329	0.27	0.6617027749569013	0.25314162259808554	72.0	12.0	12.0	0.0	0.49854166666666666	-0.024196617764830855	0.6429518514111395	0.8928098900849174	1.8048711320065514
seed1	balanced	dyadic	16.0	sqrt_rooms	mantel	300	199	0.26	0.21362060325993487	0.3124480229278472	0.1675	0.6617027749569013	0.25314162259808554	72.0	12.0	12.0	0.0	0.49854166666666666	-0.024196617764830855	0.6429518514111395	0.8928098900849174	1.8048711320065514
seed1	balanced	dyadic	16.0	sqrt_rooms	nested_max	300	199	0.16333333333333333	0.1258064331944026	0.20937316743012502	0.23	0.6617027749569013	0.25314162259808554	72.0	12.0	12.0	0.0	0.49854166666666666	-0.024196617764830855	0.6429518514111395	0.8928098900849174	1.8048711320065514
seed1	balanced	dyadic	16.0	sqrt_rooms	standardized_max	300	199	0.24	0.19515315695222746	0.29142118808453643	0.19	0.6617027749569013	0.25314162259808554	72.0	12.0	12.0	0.0	0.49854166666666666	-0.024196617764830855	0.6429518514111395	0.8928098900849174	1.8048711320065514
seed1	balanced	dyadic	16.0	sqrt_rooms	cv_retrained	300	199	0.11333333333333333	0.082244501875291	0.15419939587169124	0.3075	0.6617027749569013	0.25314162259808554	72.0	12.0	12.0	0.0	0.49854166666666666	-0.024196617764830855	0.6429518514111395	0.8928098900849174	1.8048711320065514
seed1	balanced	dyadic	16.0	sqrt_rooms	cv_standardized	300	199	0.10333333333333333	0.07375658473854114	0.142940172432932	0.33	0.6430050060795887	0.3689694473925531	72.0	12.0	12.0	0.0	0.49854166666666666	-0.024196617764830855	0.6429518514111395	0.8928098900849174	1.8048711320065514
seed1	balanced	dyadic	16.0	room_equal	profile	300	199	0.15	0.11403246871185316	0.194817611145329	0.27	0.6617027749569012	0.25314162259808554	72.0	12.0	12.0	0.0	0.49854166666666666	-0.024196617764830855	0.6429518514111395	0.8928098900849174	1.8048711320065514
seed1	balanced	dyadic	16.0	room_equal	mantel	300	199	0.26	0.21362060325993487	0.3124480229278472	0.1675	0.6617027749569012	0.25314162259808554	72.0	12.0	12.0	0.0	0.49854166666666666	-0.024196617764830855	0.6429518514111395	0.8928098900849174	1.8048711320065514
seed1	balanced	dyadic	16.0	room_equal	nested_max	300	199	0.16333333333333333	0.1258064331944026	0.20937316743012502	0.23	0.6617027749569012	0.25314162259808554	72.0	12.0	12.0	0.0	0.49854166666666666	-0.024196617764830855	0.6429518514111395	0.8928098900849174	1.8048711320065514
seed1	balanced	dyadic	16.0	room_equal	standardized_max	300	199	0.24	0.19515315695222746	0.29142118808453643	0.19	0.6617027749569012	0.25314162259808554	72.0	12.0	12.0	0.0	0.49854166666666666	-0.024196617764830855	0.6429518514111395	0.8928098900849174	1.8048711320065514
seed1	balanced	dyadic	16.0	room_equal	cv_retrained	300	199	0.11333333333333333	0.082244501875291	0.15419939587169124	0.3075	0.6617027749569012	0.25314162259808554	72.0	12.0	12.0	0.0	0.49854166666666666	-0.024196617764830855	0.6429518514111395	0.8928098900849174	1.8048711320065514
seed1	balanced	dyadic	16.0	room_equal	cv_standardized	300	199	0.10333333333333333	0.07375658473854114	0.142940172432932	0.33	0.6430050060795885	0.36896944739255305	72.0	12.0	12.0	0.0	0.49854166666666666	-0.024196617764830855	0.6429518514111395	0.8928098900849174	1.8048711320065514
seed1	balanced	mixed_covariate	0.0	building_equal	profile	300	199	0.3	0.2509396637848768	0.35411752470494157	0.12	0.4999999999999999	5.551115123125783e-17	72.0	12.0	12.0	0.0	0.5001851851851852	0.41913982477673367	0.4124348563529002	0.8938578282011451	1.8048711320065514
seed1	balanced	mixed_covariate	0.0	building_equal	mantel	300	199	0.3566666666666667	0.30458741740255907	0.41237023434847747	0.1	0.4999999999999999	5.551115123125783e-17	72.0	12.0	12.0	0.0	0.5001851851851852	0.41913982477673367	0.4124348563529002	0.8938578282011451	1.8048711320065514
seed1	balanced	mixed_covariate	0.0	building_equal	nested_max	300	199	0.31333333333333335	0.2634843975598553	0.36790231169730847	0.1175	0.4999999999999999	5.551115123125783e-17	72.0	12.0	12.0	0.0	0.5001851851851852	0.41913982477673367	0.4124348563529002	0.8938578282011451	1.8048711320065514
seed1	balanced	mixed_covariate	0.0	building_equal	standardized_max	300	199	0.35	0.29823200252235404	0.4055608888450096	0.0975	0.4999999999999999	5.551115123125783e-17	72.0	12.0	12.0	0.0	0.5001851851851852	0.41913982477673367	0.4124348563529002	0.8938578282011451	1.8048711320065514
seed1	balanced	mixed_covariate	0.0	building_equal	cv_retrained	300	199	0.3566666666666667	0.30458741740255907	0.41237023434847747	0.1	0.4999999999999999	5.551115123125783e-17	72.0	12.0	12.0	0.0	0.5001851851851852	0.41913982477673367	0.4124348563529002	0.8938578282011451	1.8048711320065514
seed1	balanced	mixed_covariate	0.0	building_equal	cv_standardized	300	199	0.3566666666666667	0.30458741740255907	0.41237023434847747	0.1125	0.4999999999999999	5.551115123125783e-17	72.0	12.0	12.0	0.0	0.5001851851851852	0.41913982477673367	0.4124348563529002	0.8938578282011451	1.8048711320065514
seed1	balanced	mixed_covariate	0.0	sqrt_rooms	profile	300	199	0.3	0.2509396637848768	0.35411752470494157	0.12	0.5000000000000001	0.0	72.0	12.0	12.0	0.0	0.5001851851851852	0.41913982477673367	0.4124348563529002	0.8938578282011451	1.8048711320065514
seed1	balanced	mixed_covariate	0.0	sqrt_rooms	mantel	300	199	0.3566666666666667	0.30458741740255907	0.41237023434847747	0.1	0.5000000000000001	0.0	72.0	12.0	12.0	0.0	0.5001851851851852	0.41913982477673367	0.4124348563529002	0.8938578282011451	1.8048711320065514
seed1	balanced	mixed_covariate	0.0	sqrt_rooms	nested_max	300	199	0.31333333333333335	0.2634843975598553	0.36790231169730847	0.1175	0.5000000000000001	0.0	72.0	12.0	12.0	0.0	0.5001851851851852	0.41913982477673367	0.4124348563529002	0.8938578282011451	1.8048711320065514
seed1	balanced	mixed_covariate	0.0	sqrt_rooms	standardized_max	300	199	0.35	0.29823200252235404	0.4055608888450096	0.0975	0.5000000000000001	0.0	72.0	12.0	12.0	0.0	0.5001851851851852	0.41913982477673367	0.4124348563529002	0.8938578282011451	1.8048711320065514
seed1	balanced	mixed_covariate	0.0	sqrt_rooms	cv_retrained	300	199	0.3566666666666667	0.30458741740255907	0.41237023434847747	0.1	0.5000000000000001	0.0	72.0	12.0	12.0	0.0	0.5001851851851852	0.41913982477673367	0.4124348563529002	0.8938578282011451	1.8048711320065514
seed1	balanced	mixed_covariate	0.0	sqrt_rooms	cv_standardized	300	199	0.3566666666666667	0.30458741740255907	0.41237023434847747	0.1125	0.5000000000000001	0.0	72.0	12.0	12.0	0.0	0.5001851851851852	0.41913982477673367	0.4124348563529002	0.8938578282011451	1.8048711320065514
seed1	balanced	mixed_covariate	0.0	room_equal	profile	300	199	0.3	0.2509396637848768	0.35411752470494157	0.12	0.4999999999999999	5.551115123125783e-17	72.0	12.0	12.0	0.0	0.5001851851851852	0.41913982477673367	0.4124348563529002	0.8938578282011451	1.8048711320065514
seed1	balanced	mixed_covariate	0.0	room_equal	mantel	300	199	0.3566666666666667	0.30458741740255907	0.41237023434847747	0.1	0.4999999999999999	5.551115123125783e-17	72.0	12.0	12.0	0.0	0.5001851851851852	0.41913982477673367	0.4124348563529002	0.8938578282011451	1.8048711320065514
seed1	balanced	mixed_covariate	0.0	room_equal	nested_max	300	199	0.31333333333333335	0.2634843975598553	0.36790231169730847	0.1175	0.4999999999999999	5.551115123125783e-17	72.0	12.0	12.0	0.0	0.5001851851851852	0.41913982477673367	0.4124348563529002	0.8938578282011451	1.8048711320065514
seed1	balanced	mixed_covariate	0.0	room_equal	standardized_max	300	199	0.35	0.29823200252235404	0.4055608888450096	0.0975	0.4999999999999999	5.551115123125783e-17	72.0	12.0	12.0	0.0	0.5001851851851852	0.41913982477673367	0.4124348563529002	0.8938578282011451	1.8048711320065514
seed1	balanced	mixed_covariate	0.0	room_equal	cv_retrained	300	199	0.3566666666666667	0.30458741740255907	0.41237023434847747	0.1	0.4999999999999999	5.551115123125783e-17	72.0	12.0	12.0	0.0	0.5001851851851852	0.41913982477673367	0.4124348563529002	0.8938578282011451	1.8048711320065514
seed1	balanced	mixed_covariate	0.0	room_equal	cv_standardized	300	199	0.3566666666666667	0.30458741740255907	0.41237023434847747	0.1125	0.4999999999999999	5.551115123125783e-17	72.0	12.0	12.0	0.0	0.5001851851851852	0.41913982477673367	0.4124348563529002	0.8938578282011451	1.8048711320065514
seed1	balanced	mixed_covariate	0.1	building_equal	profile	300	199	0.3	0.2509396637848768	0.35411752470494157	0.12	0.5016306557935328	0.0030304191166207434	72.0	12.0	12.0	0.0	0.5001851851851852	0.41913982477673367	0.4124348563529002	0.8938578282011451	1.8048711320065514
seed1	balanced	mixed_covariate	0.1	building_equal	mantel	300	199	0.3566666666666667	0.30458741740255907	0.41237023434847747	0.1	0.5016306557935328	0.0030304191166207434	72.0	12.0	12.0	0.0	0.5001851851851852	0.41913982477673367	0.4124348563529002	0.8938578282011451	1.8048711320065514
seed1	balanced	mixed_covariate	0.1	building_equal	nested_max	300	199	0.31333333333333335	0.2634843975598553	0.36790231169730847	0.1175	0.5016306557935328	0.0030304191166207434	72.0	12.0	12.0	0.0	0.5001851851851852	0.41913982477673367	0.4124348563529002	0.8938578282011451	1.8048711320065514
seed1	balanced	mixed_covariate	0.1	building_equal	standardized_max	300	199	0.35	0.29823200252235404	0.4055608888450096	0.0975	0.5016306557935328	0.0030304191166207434	72.0	12.0	12.0	0.0	0.5001851851851852	0.41913982477673367	0.4124348563529002	0.8938578282011451	1.8048711320065514
seed1	balanced	mixed_covariate	0.1	building_equal	cv_retrained	300	199	0.36	0.30776933517318583	0.4157706967696869	0.1	0.5016306557935328	0.0030304191166207434	72.0	12.0	12.0	0.0	0.5001851851851852	0.41913982477673367	0.4124348563529002	0.8938578282011451	1.8048711320065514
seed1	balanced	mixed_covariate	0.1	building_equal	cv_standardized	300	199	0.35333333333333333	0.30140830066923496	0.40896697088996514	0.11	0.5009690224138559	0.012155751515640047	72.0	12.0	12.0	0.0	0.5001851851851852	0.41913982477673367	0.4124348563529002	0.8938578282011451	1.8048711320065514
seed1	balanced	mixed_covariate	0.1	sqrt_rooms	profile	300	199	0.3	0.2509396637848768	0.35411752470494157	0.12	0.5016306557935329	0.0030304191166207434	72.0	12.0	12.0	0.0	0.5001851851851852	0.41913982477673367	0.4124348563529002	0.8938578282011451	1.8048711320065514
seed1	balanced	mixed_covariate	0.1	sqrt_rooms	mantel	300	199	0.3566666666666667	0.30458741740255907	0.41237023434847747	0.1	0.5016306557935329	0.0030304191166207434	72.0	12.0	12.0	0.0	0.5001851851851852	0.41913982477673367	0.4124348563529002	0.8938578282011451	1.8048711320065514
seed1	balanced	mixed_covariate	0.1	sqrt_rooms	nested_max	300	199	0.31333333333333335	0.2634843975598553	0.36790231169730847	0.1175	0.5016306557935329	0.0030304191166207434	72.0	12.0	12.0	0.0	0.5001851851851852	0.41913982477673367	0.4124348563529002	0.8938578282011451	1.8048711320065514
seed1	balanced	mixed_covariate	0.1	sqrt_rooms	standardized_max	300	199	0.35	0.29823200252235404	0.4055608888450096	0.0975	0.5016306557935329	0.0030304191166207434	72.0	12.0	12.0	0.0	0.5001851851851852	0.41913982477673367	0.4124348563529002	0.8938578282011451	1.8048711320065514
seed1	balanced	mixed_covariate	0.1	sqrt_rooms	cv_retrained	300	199	0.36	0.30776933517318583	0.4157706967696869	0.1	0.5016306557935329	0.0030304191166207434	72.0	12.0	12.0	0.0	0.5001851851851852	0.41913982477673367	0.4124348563529002	0.8938578282011451	1.8048711320065514
seed1	balanced	mixed_covariate	0.1	sqrt_rooms	cv_standardized	300	199	0.35333333333333333	0.30140830066923496	0.40896697088996514	0.11	0.500969022413856	0.012155751515640047	72.0	12.0	12.0	0.0	0.5001851851851852	0.41913982477673367	0.4124348563529002	0.8938578282011451	1.8048711320065514
seed1	balanced	mixed_covariate	0.1	room_equal	profile	300	199	0.3	0.2509396637848768	0.35411752470494157	0.12	0.5016306557935328	0.003030419116620744	72.0	12.0	12.0	0.0	0.5001851851851852	0.41913982477673367	0.4124348563529002	0.8938578282011451	1.8048711320065514
seed1	balanced	mixed_covariate	0.1	room_equal	mantel	300	199	0.3566666666666667	0.30458741740255907	0.41237023434847747	0.1	0.5016306557935328	0.003030419116620744	72.0	12.0	12.0	0.0	0.5001851851851852	0.41913982477673367	0.4124348563529002	0.8938578282011451	1.8048711320065514
seed1	balanced	mixed_covariate	0.1	room_equal	nested_max	300	199	0.31333333333333335	0.2634843975598553	0.36790231169730847	0.1175	0.5016306557935328	0.003030419116620744	72.0	12.0	12.0	0.0	0.5001851851851852	0.41913982477673367	0.4124348563529002	0.8938578282011451	1.8048711320065514
seed1	balanced	mixed_covariate	0.1	room_equal	standardized_max	300	199	0.35	0.29823200252235404	0.4055608888450096	0.0975	0.5016306557935328	0.003030419116620744	72.0	12.0	12.0	0.0	0.5001851851851852	0.41913982477673367	0.4124348563529002	0.8938578282011451	1.8048711320065514
seed1	balanced	mixed_covariate	0.1	room_equal	cv_retrained	300	199	0.36	0.30776933517318583	0.4157706967696869	0.1	0.5016306557935328	0.003030419116620744	72.0	12.0	12.0	0.0	0.5001851851851852	0.41913982477673367	0.4124348563529002	0.8938578282011451	1.8048711320065514
seed1	balanced	mixed_covariate	0.1	room_equal	cv_standardized	300	199	0.35333333333333333	0.30140830066923496	0.40896697088996514	0.11	0.5009690224138558	0.012155751515640049	72.0	12.0	12.0	0.0	0.5001851851851852	0.41913982477673367	0.4124348563529002	0.8938578282011451	1.8048711320065514
seed1	balanced	mixed_covariate	0.25	building_equal	profile	300	199	0.3	0.2509396637848768	0.35411752470494157	0.12	0.5040757739620144	0.007573938923238853	72.0	12.0	12.0	0.0	0.5001851851851852	0.41913982477673367	0.4124348563529002	0.8938578282011451	1.8048711320065514
seed1	balanced	mixed_covariate	0.25	building_equal	mantel	300	199	0.3566666666666667	0.30458741740255907	0.41237023434847747	0.1	0.5040757739620144	0.007573938923238853	72.0	12.0	12.0	0.0	0.5001851851851852	0.41913982477673367	0.4124348563529002	0.8938578282011451	1.8048711320065514
seed1	balanced	mixed_covariate	0.25	building_equal	nested_max	300	199	0.31333333333333335	0.2634843975598553	0.36790231169730847	0.1175	0.5040757739620144	0.007573938923238853	72.0	12.0	12.0	0.0	0.5001851851851852	0.41913982477673367	0.4124348563529002	0.8938578282011451	1.8048711320065514
seed1	balanced	mixed_covariate	0.25	building_equal	standardized_max	300	199	0.35	0.29823200252235404	0.4055608888450096	0.0975	0.5040757739620144	0.007573938923238853	72.0	12.0	12.0	0.0	0.5001851851851852	0.41913982477673367	0.4124348563529002	0.8938578282011451	1.8048711320065514
seed1	balanced	mixed_covariate	0.25	building_equal	cv_retrained	300	199	0.36	0.30776933517318583	0.4157706967696869	0.1	0.5040757739620144	0.007573938923238853	72.0	12.0	12.0	0.0	0.5001851851851852	0.41913982477673367	0.4124348563529002	0.8938578282011451	1.8048711320065514
seed1	balanced	mixed_covariate	0.25	building_equal	cv_standardized	300	199	0.35333333333333333	0.30140830066923496	0.40896697088996514	0.1075	0.502426949249612	0.030269643413843736	72.0	12.0	12.0	0.0	0.5001851851851852	0.41913982477673367	0.4124348563529002	0.8938578282011451	1.8048711320065514
seed1	balanced	mixed_covariate	0.25	sqrt_rooms	profile	300	199	0.3	0.2509396637848768	0.35411752470494157	0.12	0.5040757739620144	0.007573938923238851	72.0	12.0	12.0	0.0	0.5001851851851852	0.41913982477673367	0.4124348563529002	0.8938578282011451	1.8048711320065514
seed1	balanced	mixed_covariate	0.25	sqrt_rooms	mantel	300	199	0.3566666666666667	0.30458741740255907	0.41237023434847747	0.1	0.5040757739620144	0.007573938923238851	72.0	12.0	12.0	0.0	0.5001851851851852	0.41913982477673367	0.4124348563529002	0.8938578282011451	1.8048711320065514
seed1	balanced	mixed_covariate	0.25	sqrt_rooms	nested_max	300	199	0.31333333333333335	0.2634843975598553	0.36790231169730847	0.1175	0.5040757739620144	0.007573938923238851	72.0	12.0	12.0	0.0	0.5001851851851852	0.41913982477673367	0.4124348563529002	0.8938578282011451	1.8048711320065514
seed1	balanced	mixed_covariate	0.25	sqrt_rooms	standardized_max	300	199	0.35	0.29823200252235404	0.4055608888450096	0.0975	0.5040757739620144	0.007573938923238851	72.0	12.0	12.0	0.0	0.5001851851851852	0.41913982477673367	0.4124348563529002	0.8938578282011451	1.8048711320065514
seed1	balanced	mixed_covariate	0.25	sqrt_rooms	cv_retrained	300	199	0.36	0.30776933517318583	0.4157706967696869	0.1	0.5040757739620144	0.007573938923238851	72.0	12.0	12.0	0.0	0.5001851851851852	0.41913982477673367	0.4124348563529002	0.8938578282011451	1.8048711320065514
seed1	balanced	mixed_covariate	0.25	sqrt_rooms	cv_standardized	300	199	0.35333333333333333	0.30140830066923496	0.40896697088996514	0.1075	0.502426949249612	0.030269643413843736	72.0	12.0	12.0	0.0	0.5001851851851852	0.41913982477673367	0.4124348563529002	0.8938578282011451	1.8048711320065514
seed1	balanced	mixed_covariate	0.25	room_equal	profile	300	199	0.3	0.2509396637848768	0.35411752470494157	0.12	0.5040757739620144	0.007573938923238851	72.0	12.0	12.0	0.0	0.5001851851851852	0.41913982477673367	0.4124348563529002	0.8938578282011451	1.8048711320065514
seed1	balanced	mixed_covariate	0.25	room_equal	mantel	300	199	0.3566666666666667	0.30458741740255907	0.41237023434847747	0.1	0.5040757739620144	0.007573938923238851	72.0	12.0	12.0	0.0	0.5001851851851852	0.41913982477673367	0.4124348563529002	0.8938578282011451	1.8048711320065514
seed1	balanced	mixed_covariate	0.25	room_equal	nested_max	300	199	0.31333333333333335	0.2634843975598553	0.36790231169730847	0.1175	0.5040757739620144	0.007573938923238851	72.0	12.0	12.0	0.0	0.5001851851851852	0.41913982477673367	0.4124348563529002	0.8938578282011451	1.8048711320065514
seed1	balanced	mixed_covariate	0.25	room_equal	standardized_max	300	199	0.35	0.29823200252235404	0.4055608888450096	0.0975	0.5040757739620144	0.007573938923238851	72.0	12.0	12.0	0.0	0.5001851851851852	0.41913982477673367	0.4124348563529002	0.8938578282011451	1.8048711320065514
seed1	balanced	mixed_covariate	0.25	room_equal	cv_retrained	300	199	0.36	0.30776933517318583	0.4157706967696869	0.1	0.5040757739620144	0.007573938923238851	72.0	12.0	12.0	0.0	0.5001851851851852	0.41913982477673367	0.4124348563529002	0.8938578282011451	1.8048711320065514
seed1	balanced	mixed_covariate	0.25	room_equal	cv_standardized	300	199	0.35333333333333333	0.30140830066923496	0.40896697088996514	0.1075	0.502426949249612	0.030269643413843732	72.0	12.0	12.0	0.0	0.5001851851851852	0.41913982477673367	0.4124348563529002	0.8938578282011451	1.8048711320065514
seed1	balanced	mixed_covariate	0.5	building_equal	profile	300	199	0.3	0.2509396637848768	0.35411752470494157	0.12	0.508145376766935	0.015132852549651011	72.0	12.0	12.0	0.0	0.5001851851851852	0.41913982477673367	0.4124348563529002	0.8938578282011451	1.8048711320065514
seed1	balanced	mixed_covariate	0.5	building_equal	mantel	300	199	0.3566666666666667	0.30458741740255907	0.41237023434847747	0.1	0.508145376766935	0.015132852549651011	72.0	12.0	12.0	0.0	0.5001851851851852	0.41913982477673367	0.4124348563529002	0.8938578282011451	1.8048711320065514
seed1	balanced	mixed_covariate	0.5	building_equal	nested_max	300	199	0.31333333333333335	0.2634843975598553	0.36790231169730847	0.1175	0.508145376766935	0.015132852549651011	72.0	12.0	12.0	0.0	0.5001851851851852	0.41913982477673367	0.4124348563529002	0.8938578282011451	1.8048711320065514
seed1	balanced	mixed_covariate	0.5	building_equal	standardized_max	300	199	0.35	0.29823200252235404	0.4055608888450096	0.0975	0.508145376766935	0.015132852549651011	72.0	12.0	12.0	0.0	0.5001851851851852	0.41913982477673367	0.4124348563529002	0.8938578282011451	1.8048711320065514
seed1	balanced	mixed_covariate	0.5	building_equal	cv_retrained	300	199	0.36333333333333334	0.3109540370105783	0.4191683751241309	0.1	0.508145376766935	0.015132852549651011	72.0	12.0	12.0	0.0	0.5001851851851852	0.41913982477673367	0.4124348563529002	0.8938578282011451	1.8048711320065514
seed1	balanced	mixed_covariate	0.5	building_equal	cv_standardized	300	199	0.3566666666666667	0.30458741740255907	0.41237023434847747	0.10500000000000001	0.5048807696273871	0.05971910941886505	72.0	12.0	12.0	0.0	0.5001851851851852	0.41913982477673367	0.4124348563529002	0.8938578282011451	1.8048711320065514
seed1	balanced	mixed_covariate	0.5	sqrt_rooms	profile	300	199	0.3	0.2509396637848768	0.35411752470494157	0.12	0.508145376766935	0.015132852549651011	72.0	12.0	12.0	0.0	0.5001851851851852	0.41913982477673367	0.4124348563529002	0.8938578282011451	1.8048711320065514
seed1	balanced	mixed_covariate	0.5	sqrt_rooms	mantel	300	199	0.3566666666666667	0.30458741740255907	0.41237023434847747	0.1	0.508145376766935	0.015132852549651011	72.0	12.0	12.0	0.0	0.5001851851851852	0.41913982477673367	0.4124348563529002	0.8938578282011451	1.8048711320065514
seed1	balanced	mixed_covariate	0.5	sqrt_rooms	nested_max	300	199	0.31333333333333335	0.2634843975598553	0.36790231169730847	0.1175	0.508145376766935	0.015132852549651011	72.0	12.0	12.0	0.0	0.5001851851851852	0.41913982477673367	0.4124348563529002	0.8938578282011451	1.8048711320065514
seed1	balanced	mixed_covariate	0.5	sqrt_rooms	standardized_max	300	199	0.35	0.29823200252235404	0.4055608888450096	0.0975	0.508145376766935	0.015132852549651011	72.0	12.0	12.0	0.0	0.5001851851851852	0.41913982477673367	0.4124348563529002	0.8938578282011451	1.8048711320065514
seed1	balanced	mixed_covariate	0.5	sqrt_rooms	cv_retrained	300	199	0.36333333333333334	0.3109540370105783	0.4191683751241309	0.1	0.508145376766935	0.015132852549651011	72.0	12.0	12.0	0.0	0.5001851851851852	0.41913982477673367	0.4124348563529002	0.8938578282011451	1.8048711320065514
seed1	balanced	mixed_covariate	0.5	sqrt_rooms	cv_standardized	300	199	0.3566666666666667	0.30458741740255907	0.41237023434847747	0.10500000000000001	0.5048807696273873	0.05971910941886507	72.0	12.0	12.0	0.0	0.5001851851851852	0.41913982477673367	0.4124348563529002	0.8938578282011451	1.8048711320065514
seed1	balanced	mixed_covariate	0.5	room_equal	profile	300	199	0.3	0.2509396637848768	0.35411752470494157	0.12	0.508145376766935	0.015132852549651011	72.0	12.0	12.0	0.0	0.5001851851851852	0.41913982477673367	0.4124348563529002	0.8938578282011451	1.8048711320065514
seed1	balanced	mixed_covariate	0.5	room_equal	mantel	300	199	0.3566666666666667	0.30458741740255907	0.41237023434847747	0.1	0.508145376766935	0.015132852549651011	72.0	12.0	12.0	0.0	0.5001851851851852	0.41913982477673367	0.4124348563529002	0.8938578282011451	1.8048711320065514
seed1	balanced	mixed_covariate	0.5	room_equal	nested_max	300	199	0.31333333333333335	0.2634843975598553	0.36790231169730847	0.1175	0.508145376766935	0.015132852549651011	72.0	12.0	12.0	0.0	0.5001851851851852	0.41913982477673367	0.4124348563529002	0.8938578282011451	1.8048711320065514
seed1	balanced	mixed_covariate	0.5	room_equal	standardized_max	300	199	0.35	0.29823200252235404	0.4055608888450096	0.0975	0.508145376766935	0.015132852549651011	72.0	12.0	12.0	0.0	0.5001851851851852	0.41913982477673367	0.4124348563529002	0.8938578282011451	1.8048711320065514
seed1	balanced	mixed_covariate	0.5	room_equal	cv_retrained	300	199	0.36333333333333334	0.3109540370105783	0.4191683751241309	0.1	0.508145376766935	0.015132852549651011	72.0	12.0	12.0	0.0	0.5001851851851852	0.41913982477673367	0.4124348563529002	0.8938578282011451	1.8048711320065514
seed1	balanced	mixed_covariate	0.5	room_equal	cv_standardized	300	199	0.3566666666666667	0.30458741740255907	0.41237023434847747	0.10500000000000001	0.5048807696273871	0.05971910941886505	72.0	12.0	12.0	0.0	0.5001851851851852	0.41913982477673367	0.4124348563529002	0.8938578282011451	1.8048711320065514
seed1	balanced	mixed_covariate	1.0	building_equal	profile	300	199	0.3	0.2509396637848768	0.35411752470494157	0.12	0.5162417290772227	0.030146675806693737	72.0	12.0	12.0	0.0	0.5001851851851852	0.41913982477673367	0.4124348563529002	0.8938578282011451	1.8048711320065514
seed1	balanced	mixed_covariate	1.0	building_equal	mantel	300	199	0.3566666666666667	0.30458741740255907	0.41237023434847747	0.1	0.5162417290772227	0.030146675806693737	72.0	12.0	12.0	0.0	0.5001851851851852	0.41913982477673367	0.4124348563529002	0.8938578282011451	1.8048711320065514
seed1	balanced	mixed_covariate	1.0	building_equal	nested_max	300	199	0.31333333333333335	0.2634843975598553	0.36790231169730847	0.1175	0.5162417290772227	0.030146675806693737	72.0	12.0	12.0	0.0	0.5001851851851852	0.41913982477673367	0.4124348563529002	0.8938578282011451	1.8048711320065514
seed1	balanced	mixed_covariate	1.0	building_equal	standardized_max	300	199	0.35	0.29823200252235404	0.4055608888450096	0.0975	0.5162417290772227	0.030146675806693737	72.0	12.0	12.0	0.0	0.5001851851851852	0.41913982477673367	0.4124348563529002	0.8938578282011451	1.8048711320065514
seed1	balanced	mixed_covariate	1.0	building_equal	cv_retrained	300	199	0.3466666666666667	0.2950585411049252	0.40215197007060216	0.1	0.5162417290772227	0.030146675806693737	72.0	12.0	12.0	0.0	0.5001851851851852	0.41913982477673367	0.4124348563529002	0.8938578282011451	1.8048711320065514
seed1	balanced	mixed_covariate	1.0	building_equal	cv_standardized	300	199	0.33666666666666667	0.2855553679085868	0.39190800269143145	0.1075	0.5098725220394849	0.11375789780468405	72.0	12.0	12.0	0.0	0.5001851851851852	0.41913982477673367	0.4124348563529002	0.8938578282011451	1.8048711320065514
seed1	balanced	mixed_covariate	1.0	sqrt_rooms	profile	300	199	0.3	0.2509396637848768	0.35411752470494157	0.12	0.5162417290772228	0.030146675806693734	72.0	12.0	12.0	0.0	0.5001851851851852	0.41913982477673367	0.4124348563529002	0.8938578282011451	1.8048711320065514
seed1	balanced	mixed_covariate	1.0	sqrt_rooms	mantel	300	199	0.3566666666666667	0.30458741740255907	0.41237023434847747	0.1	0.5162417290772228	0.030146675806693734	72.0	12.0	12.0	0.0	0.5001851851851852	0.41913982477673367	0.4124348563529002	0.8938578282011451	1.8048711320065514
seed1	balanced	mixed_covariate	1.0	sqrt_rooms	nested_max	300	199	0.31333333333333335	0.2634843975598553	0.36790231169730847	0.1175	0.5162417290772228	0.030146675806693734	72.0	12.0	12.0	0.0	0.5001851851851852	0.41913982477673367	0.4124348563529002	0.8938578282011451	1.8048711320065514
seed1	balanced	mixed_covariate	1.0	sqrt_rooms	standardized_max	300	199	0.35	0.29823200252235404	0.4055608888450096	0.0975	0.5162417290772228	0.030146675806693734	72.0	12.0	12.0	0.0	0.5001851851851852	0.41913982477673367	0.4124348563529002	0.8938578282011451	1.8048711320065514
seed1	balanced	mixed_covariate	1.0	sqrt_rooms	cv_retrained	300	199	0.3466666666666667	0.2950585411049252	0.40215197007060216	0.1	0.5162417290772228	0.030146675806693734	72.0	12.0	12.0	0.0	0.5001851851851852	0.41913982477673367	0.4124348563529002	0.8938578282011451	1.8048711320065514
seed1	balanced	mixed_covariate	1.0	sqrt_rooms	cv_standardized	300	199	0.33666666666666667	0.2855553679085868	0.39190800269143145	0.1075	0.509872522039485	0.11375789780468407	72.0	12.0	12.0	0.0	0.5001851851851852	0.41913982477673367	0.4124348563529002	0.8938578282011451	1.8048711320065514
seed1	balanced	mixed_covariate	1.0	room_equal	profile	300	199	0.3	0.2509396637848768	0.35411752470494157	0.12	0.5162417290772227	0.030146675806693734	72.0	12.0	12.0	0.0	0.5001851851851852	0.41913982477673367	0.4124348563529002	0.8938578282011451	1.8048711320065514
seed1	balanced	mixed_covariate	1.0	room_equal	mantel	300	199	0.3566666666666667	0.30458741740255907	0.41237023434847747	0.1	0.5162417290772227	0.030146675806693734	72.0	12.0	12.0	0.0	0.5001851851851852	0.41913982477673367	0.4124348563529002	0.8938578282011451	1.8048711320065514
seed1	balanced	mixed_covariate	1.0	room_equal	nested_max	300	199	0.31333333333333335	0.2634843975598553	0.36790231169730847	0.1175	0.5162417290772227	0.030146675806693734	72.0	12.0	12.0	0.0	0.5001851851851852	0.41913982477673367	0.4124348563529002	0.8938578282011451	1.8048711320065514
seed1	balanced	mixed_covariate	1.0	room_equal	standardized_max	300	199	0.35	0.29823200252235404	0.4055608888450096	0.0975	0.5162417290772227	0.030146675806693734	72.0	12.0	12.0	0.0	0.5001851851851852	0.41913982477673367	0.4124348563529002	0.8938578282011451	1.8048711320065514
seed1	balanced	mixed_covariate	1.0	room_equal	cv_retrained	300	199	0.3466666666666667	0.2950585411049252	0.40215197007060216	0.1	0.5162417290772227	0.030146675806693734	72.0	12.0	12.0	0.0	0.5001851851851852	0.41913982477673367	0.4124348563529002	0.8938578282011451	1.8048711320065514
seed1	balanced	mixed_covariate	1.0	room_equal	cv_standardized	300	199	0.33666666666666667	0.2855553679085868	0.39190800269143145	0.1075	0.5098725220394847	0.11375789780468405	72.0	12.0	12.0	0.0	0.5001851851851852	0.41913982477673367	0.4124348563529002	0.8938578282011451	1.8048711320065514
seed1	balanced	mixed_covariate	2.0	building_equal	profile	300	199	0.3	0.2509396637848768	0.35411752470494157	0.12	0.5321018856329012	0.05937674854277945	72.0	12.0	12.0	0.0	0.5001851851851852	0.41913982477673367	0.4124348563529002	0.8938578282011451	1.8048711320065514
seed1	balanced	mixed_covariate	2.0	building_equal	mantel	300	199	0.3566666666666667	0.30458741740255907	0.41237023434847747	0.1	0.5321018856329012	0.05937674854277945	72.0	12.0	12.0	0.0	0.5001851851851852	0.41913982477673367	0.4124348563529002	0.8938578282011451	1.8048711320065514
seed1	balanced	mixed_covariate	2.0	building_equal	nested_max	300	199	0.31333333333333335	0.2634843975598553	0.36790231169730847	0.1175	0.5321018856329012	0.05937674854277945	72.0	12.0	12.0	0.0	0.5001851851851852	0.41913982477673367	0.4124348563529002	0.8938578282011451	1.8048711320065514
seed1	balanced	mixed_covariate	2.0	building_equal	standardized_max	300	199	0.35	0.29823200252235404	0.4055608888450096	0.0975	0.5321018856329012	0.05937674854277945	72.0	12.0	12.0	0.0	0.5001851851851852	0.41913982477673367	0.4124348563529002	0.8938578282011451	1.8048711320065514
seed1	balanced	mixed_covariate	2.0	building_equal	cv_retrained	300	199	0.35	0.29823200252235404	0.4055608888450096	0.1	0.5321018856329012	0.05937674854277945	72.0	12.0	12.0	0.0	0.5001851851851852	0.41913982477673367	0.4124348563529002	0.8938578282011451	1.8048711320065514
seed1	balanced	mixed_covariate	2.0	building_equal	cv_standardized	300	199	0.3	0.2509396637848768	0.35411752470494157	0.11	0.5193195125008105	0.19729819661211387	72.0	12.0	12.0	0.0	0.5001851851851852	0.41913982477673367	0.4124348563529002	0.8938578282011451	1.8048711320065514
seed1	balanced	mixed_covariate	2.0	sqrt_rooms	profile	300	199	0.3	0.2509396637848768	0.35411752470494157	0.12	0.5321018856329012	0.05937674854277947	72.0	12.0	12.0	0.0	0.5001851851851852	0.41913982477673367	0.4124348563529002	0.8938578282011451	1.8048711320065514
seed1	balanced	mixed_covariate	2.0	sqrt_rooms	mantel	300	199	0.3566666666666667	0.30458741740255907	0.41237023434847747	0.1	0.5321018856329012	0.05937674854277947	72.0	12.0	12.0	0.0	0.5001851851851852	0.41913982477673367	0.4124348563529002	0.8938578282011451	1.8048711320065514
seed1	balanced	mixed_covariate	2.0	sqrt_rooms	nested_max	300	199	0.31333333333333335	0.2634843975598553	0.36790231169730847	0.1175	0.5321018856329012	0.05937674854277947	72.0	12.0	12.0	0.0	0.5001851851851852	0.41913982477673367	0.4124348563529002	0.8938578282011451	1.8048711320065514
seed1	balanced	mixed_covariate	2.0	sqrt_rooms	standardized_max	300	199	0.35	0.29823200252235404	0.4055608888450096	0.0975	0.5321018856329012	0.05937674854277947	72.0	12.0	12.0	0.0	0.5001851851851852	0.41913982477673367	0.4124348563529002	0.8938578282011451	1.8048711320065514
seed1	balanced	mixed_covariate	2.0	sqrt_rooms	cv_retrained	300	199	0.35	0.29823200252235404	0.4055608888450096	0.1	0.5321018856329012	0.05937674854277947	72.0	12.0	12.0	0.0	0.5001851851851852	0.41913982477673367	0.4124348563529002	0.8938578282011451	1.8048711320065514
seed1	balanced	mixed_covariate	2.0	sqrt_rooms	cv_standardized	300	199	0.3	0.2509396637848768	0.35411752470494157	0.11	0.5193195125008107	0.1972981966121139	72.0	12.0	12.0	0.0	0.5001851851851852	0.41913982477673367	0.4124348563529002	0.8938578282011451	1.8048711320065514
seed1	balanced	mixed_covariate	2.0	room_equal	profile	300	199	0.3	0.2509396637848768	0.35411752470494157	0.12	0.5321018856329012	0.05937674854277946	72.0	12.0	12.0	0.0	0.5001851851851852	0.41913982477673367	0.4124348563529002	0.8938578282011451	1.8048711320065514
seed1	balanced	mixed_covariate	2.0	room_equal	mantel	300	199	0.3566666666666667	0.30458741740255907	0.41237023434847747	0.1	0.5321018856329012	0.05937674854277946	72.0	12.0	12.0	0.0	0.5001851851851852	0.41913982477673367	0.4124348563529002	0.8938578282011451	1.8048711320065514
seed1	balanced	mixed_covariate	2.0	room_equal	nested_max	300	199	0.31333333333333335	0.2634843975598553	0.36790231169730847	0.1175	0.5321018856329012	0.05937674854277946	72.0	12.0	12.0	0.0	0.5001851851851852	0.41913982477673367	0.4124348563529002	0.8938578282011451	1.8048711320065514
seed1	balanced	mixed_covariate	2.0	room_equal	standardized_max	300	199	0.35	0.29823200252235404	0.4055608888450096	0.0975	0.5321018856329012	0.05937674854277946	72.0	12.0	12.0	0.0	0.5001851851851852	0.41913982477673367	0.4124348563529002	0.8938578282011451	1.8048711320065514
seed1	balanced	mixed_covariate	2.0	room_equal	cv_retrained	300	199	0.35	0.29823200252235404	0.4055608888450096	0.1	0.5321018856329012	0.05937674854277946	72.0	12.0	12.0	0.0	0.5001851851851852	0.41913982477673367	0.4124348563529002	0.8938578282011451	1.8048711320065514
seed1	balanced	mixed_covariate	2.0	room_equal	cv_standardized	300	199	0.3	0.2509396637848768	0.35411752470494157	0.11	0.5193195125008105	0.19729819661211387	72.0	12.0	12.0	0.0	0.5001851851851852	0.41913982477673367	0.4124348563529002	0.8938578282011451	1.8048711320065514
seed1	balanced	mixed_covariate	4.0	building_equal	profile	300	199	0.3	0.2509396637848768	0.35411752470494157	0.12	0.5614466918648386	0.11236490008050162	72.0	12.0	12.0	0.0	0.5001851851851852	0.41913982477673367	0.4124348563529002	0.8938578282011451	1.8048711320065514
seed1	balanced	mixed_covariate	4.0	building_equal	mantel	300	199	0.3566666666666667	0.30458741740255907	0.41237023434847747	0.1	0.5614466918648386	0.11236490008050162	72.0	12.0	12.0	0.0	0.5001851851851852	0.41913982477673367	0.4124348563529002	0.8938578282011451	1.8048711320065514
seed1	balanced	mixed_covariate	4.0	building_equal	nested_max	300	199	0.31333333333333335	0.2634843975598553	0.36790231169730847	0.1175	0.5614466918648386	0.11236490008050162	72.0	12.0	12.0	0.0	0.5001851851851852	0.41913982477673367	0.4124348563529002	0.8938578282011451	1.8048711320065514
seed1	balanced	mixed_covariate	4.0	building_equal	standardized_max	300	199	0.35	0.29823200252235404	0.4055608888450096	0.0975	0.5614466918648386	0.11236490008050162	72.0	12.0	12.0	0.0	0.5001851851851852	0.41913982477673367	0.4124348563529002	0.8938578282011451	1.8048711320065514
seed1	balanced	mixed_covariate	4.0	building_equal	cv_retrained	300	199	0.3233333333333333	0.2729253960837475	0.37820845374892526	0.105	0.5614466918648386	0.11236490008050162	72.0	12.0	12.0	0.0	0.5001851851851852	0.41913982477673367	0.4124348563529002	0.8938578282011451	1.8048711320065514
seed1	balanced	mixed_covariate	4.0	building_equal	cv_standardized	300	199	0.27666666666666667	0.22911058318108624	0.32986994396587765	0.135	0.5321633448805981	0.29012709832196215	72.0	12.0	12.0	0.0	0.5001851851851852	0.41913982477673367	0.4124348563529002	0.8938578282011451	1.8048711320065514
seed1	balanced	mixed_covariate	4.0	sqrt_rooms	profile	300	199	0.3	0.2509396637848768	0.35411752470494157	0.12	0.5614466918648389	0.11236490008050164	72.0	12.0	12.0	0.0	0.5001851851851852	0.41913982477673367	0.4124348563529002	0.8938578282011451	1.8048711320065514
seed1	balanced	mixed_covariate	4.0	sqrt_rooms	mantel	300	199	0.3566666666666667	0.30458741740255907	0.41237023434847747	0.1	0.5614466918648389	0.11236490008050164	72.0	12.0	12.0	0.0	0.5001851851851852	0.41913982477673367	0.4124348563529002	0.8938578282011451	1.8048711320065514
seed1	balanced	mixed_covariate	4.0	sqrt_rooms	nested_max	300	199	0.31333333333333335	0.2634843975598553	0.36790231169730847	0.1175	0.5614466918648389	0.11236490008050164	72.0	12.0	12.0	0.0	0.5001851851851852	0.41913982477673367	0.4124348563529002	0.8938578282011451	1.8048711320065514
seed1	balanced	mixed_covariate	4.0	sqrt_rooms	standardized_max	300	199	0.35	0.29823200252235404	0.4055608888450096	0.0975	0.5614466918648389	0.11236490008050164	72.0	12.0	12.0	0.0	0.5001851851851852	0.41913982477673367	0.4124348563529002	0.8938578282011451	1.8048711320065514
seed1	balanced	mixed_covariate	4.0	sqrt_rooms	cv_retrained	300	199	0.3233333333333333	0.2729253960837475	0.37820845374892526	0.105	0.5614466918648389	0.11236490008050164	72.0	12.0	12.0	0.0	0.5001851851851852	0.41913982477673367	0.4124348563529002	0.8938578282011451	1.8048711320065514
seed1	balanced	mixed_covariate	4.0	sqrt_rooms	cv_standardized	300	199	0.27666666666666667	0.22911058318108624	0.32986994396587765	0.135	0.5321633448805982	0.29012709832196226	72.0	12.0	12.0	0.0	0.5001851851851852	0.41913982477673367	0.4124348563529002	0.8938578282011451	1.8048711320065514
seed1	balanced	mixed_covariate	4.0	room_equal	profile	300	199	0.3	0.2509396637848768	0.35411752470494157	0.12	0.5614466918648388	0.11236490008050162	72.0	12.0	12.0	0.0	0.5001851851851852	0.41913982477673367	0.4124348563529002	0.8938578282011451	1.8048711320065514
seed1	balanced	mixed_covariate	4.0	room_equal	mantel	300	199	0.3566666666666667	0.30458741740255907	0.41237023434847747	0.1	0.5614466918648388	0.11236490008050162	72.0	12.0	12.0	0.0	0.5001851851851852	0.41913982477673367	0.4124348563529002	0.8938578282011451	1.8048711320065514
seed1	balanced	mixed_covariate	4.0	room_equal	nested_max	300	199	0.31333333333333335	0.2634843975598553	0.36790231169730847	0.1175	0.5614466918648388	0.11236490008050162	72.0	12.0	12.0	0.0	0.5001851851851852	0.41913982477673367	0.4124348563529002	0.8938578282011451	1.8048711320065514
seed1	balanced	mixed_covariate	4.0	room_equal	standardized_max	300	199	0.35	0.29823200252235404	0.4055608888450096	0.0975	0.5614466918648388	0.11236490008050162	72.0	12.0	12.0	0.0	0.5001851851851852	0.41913982477673367	0.4124348563529002	0.8938578282011451	1.8048711320065514
seed1	balanced	mixed_covariate	4.0	room_equal	cv_retrained	300	199	0.3233333333333333	0.2729253960837475	0.37820845374892526	0.105	0.5614466918648388	0.11236490008050162	72.0	12.0	12.0	0.0	0.5001851851851852	0.41913982477673367	0.4124348563529002	0.8938578282011451	1.8048711320065514
seed1	balanced	mixed_covariate	4.0	room_equal	cv_standardized	300	199	0.27666666666666667	0.22911058318108624	0.32986994396587765	0.135	0.5321633448805981	0.29012709832196215	72.0	12.0	12.0	0.0	0.5001851851851852	0.41913982477673367	0.4124348563529002	0.8938578282011451	1.8048711320065514
seed1	balanced	mixed_covariate	8.0	building_equal	profile	300	199	0.3	0.2509396637848768	0.35411752470494157	0.12	0.6069238998511507	0.19082907237474833	72.0	12.0	12.0	0.0	0.5001851851851852	0.41913982477673367	0.4124348563529002	0.8938578282011451	1.8048711320065514
seed1	balanced	mixed_covariate	8.0	building_equal	mantel	300	199	0.3566666666666667	0.30458741740255907	0.41237023434847747	0.1	0.6069238998511507	0.19082907237474833	72.0	12.0	12.0	0.0	0.5001851851851852	0.41913982477673367	0.4124348563529002	0.8938578282011451	1.8048711320065514
seed1	balanced	mixed_covariate	8.0	building_equal	nested_max	300	199	0.31333333333333335	0.2634843975598553	0.36790231169730847	0.1175	0.6069238998511507	0.19082907237474833	72.0	12.0	12.0	0.0	0.5001851851851852	0.41913982477673367	0.4124348563529002	0.8938578282011451	1.8048711320065514
seed1	balanced	mixed_covariate	8.0	building_equal	standardized_max	300	199	0.35	0.29823200252235404	0.4055608888450096	0.0975	0.6069238998511507	0.19082907237474833	72.0	12.0	12.0	0.0	0.5001851851851852	0.41913982477673367	0.4124348563529002	0.8938578282011451	1.8048711320065514
seed1	balanced	mixed_covariate	8.0	building_equal	cv_retrained	300	199	0.2866666666666667	0.23844603884969776	0.3402816288727752	0.1175	0.6069238998511507	0.19082907237474833	72.0	12.0	12.0	0.0	0.5001851851851852	0.41913982477673367	0.4124348563529002	0.8938578282011451	1.8048711320065514
seed1	balanced	mixed_covariate	8.0	building_equal	cv_standardized	300	199	0.26	0.21362060325993487	0.3124480229278472	0.165	0.5426850753695764	0.3559576877821279	72.0	12.0	12.0	0.0	0.5001851851851852	0.41913982477673367	0.4124348563529002	0.8938578282011451	1.8048711320065514
seed1	balanced	mixed_covariate	8.0	sqrt_rooms	profile	300	199	0.3	0.2509396637848768	0.35411752470494157	0.12	0.6069238998511508	0.1908290723747484	72.0	12.0	12.0	0.0	0.5001851851851852	0.41913982477673367	0.4124348563529002	0.8938578282011451	1.8048711320065514
seed1	balanced	mixed_covariate	8.0	sqrt_rooms	mantel	300	199	0.3566666666666667	0.30458741740255907	0.41237023434847747	0.1	0.6069238998511508	0.1908290723747484	72.0	12.0	12.0	0.0	0.5001851851851852	0.41913982477673367	0.4124348563529002	0.8938578282011451	1.8048711320065514
seed1	balanced	mixed_covariate	8.0	sqrt_rooms	nested_max	300	199	0.31333333333333335	0.2634843975598553	0.36790231169730847	0.1175	0.6069238998511508	0.1908290723747484	72.0	12.0	12.0	0.0	0.5001851851851852	0.41913982477673367	0.4124348563529002	0.8938578282011451	1.8048711320065514
seed1	balanced	mixed_covariate	8.0	sqrt_rooms	standardized_max	300	199	0.35	0.29823200252235404	0.4055608888450096	0.0975	0.6069238998511508	0.1908290723747484	72.0	12.0	12.0	0.0	0.5001851851851852	0.41913982477673367	0.4124348563529002	0.8938578282011451	1.8048711320065514
seed1	balanced	mixed_covariate	8.0	sqrt_rooms	cv_retrained	300	199	0.2866666666666667	0.23844603884969776	0.3402816288727752	0.1175	0.6069238998511508	0.1908290723747484	72.0	12.0	12.0	0.0	0.5001851851851852	0.41913982477673367	0.4124348563529002	0.8938578282011451	1.8048711320065514
seed1	balanced	mixed_covariate	8.0	sqrt_rooms	cv_standardized	300	199	0.26	0.21362060325993487	0.3124480229278472	0.165	0.5426850753695766	0.355957687782128	72.0	12.0	12.0	0.0	0.5001851851851852	0.41913982477673367	0.4124348563529002	0.8938578282011451	1.8048711320065514
seed1	balanced	mixed_covariate	8.0	room_equal	profile	300	199	0.3	0.2509396637848768	0.35411752470494157	0.12	0.6069238998511507	0.19082907237474833	72.0	12.0	12.0	0.0	0.5001851851851852	0.41913982477673367	0.4124348563529002	0.8938578282011451	1.8048711320065514
seed1	balanced	mixed_covariate	8.0	room_equal	mantel	300	199	0.3566666666666667	0.30458741740255907	0.41237023434847747	0.1	0.6069238998511507	0.19082907237474833	72.0	12.0	12.0	0.0	0.5001851851851852	0.41913982477673367	0.4124348563529002	0.8938578282011451	1.8048711320065514
seed1	balanced	mixed_covariate	8.0	room_equal	nested_max	300	199	0.31333333333333335	0.2634843975598553	0.36790231169730847	0.1175	0.6069238998511507	0.19082907237474833	72.0	12.0	12.0	0.0	0.5001851851851852	0.41913982477673367	0.4124348563529002	0.8938578282011451	1.8048711320065514
seed1	balanced	mixed_covariate	8.0	room_equal	standardized_max	300	199	0.35	0.29823200252235404	0.4055608888450096	0.0975	0.6069238998511507	0.19082907237474833	72.0	12.0	12.0	0.0	0.5001851851851852	0.41913982477673367	0.4124348563529002	0.8938578282011451	1.8048711320065514
seed1	balanced	mixed_covariate	8.0	room_equal	cv_retrained	300	199	0.2866666666666667	0.23844603884969776	0.3402816288727752	0.1175	0.6069238998511507	0.19082907237474833	72.0	12.0	12.0	0.0	0.5001851851851852	0.41913982477673367	0.4124348563529002	0.8938578282011451	1.8048711320065514
seed1	balanced	mixed_covariate	8.0	room_equal	cv_standardized	300	199	0.26	0.21362060325993487	0.3124480229278472	0.165	0.5426850753695764	0.3559576877821279	72.0	12.0	12.0	0.0	0.5001851851851852	0.41913982477673367	0.4124348563529002	0.8938578282011451	1.8048711320065514
seed1	balanced	mixed_covariate	16.0	building_equal	profile	300	199	0.3	0.2509396637848768	0.35411752470494157	0.12	0.6547193467517919	0.2703429559361626	72.0	12.0	12.0	0.0	0.5001851851851852	0.41913982477673367	0.4124348563529002	0.8938578282011451	1.8048711320065514
seed1	balanced	mixed_covariate	16.0	building_equal	mantel	300	199	0.3566666666666667	0.30458741740255907	0.41237023434847747	0.1	0.6547193467517919	0.2703429559361626	72.0	12.0	12.0	0.0	0.5001851851851852	0.41913982477673367	0.4124348563529002	0.8938578282011451	1.8048711320065514
seed1	balanced	mixed_covariate	16.0	building_equal	nested_max	300	199	0.31333333333333335	0.2634843975598553	0.36790231169730847	0.1175	0.6547193467517919	0.2703429559361626	72.0	12.0	12.0	0.0	0.5001851851851852	0.41913982477673367	0.4124348563529002	0.8938578282011451	1.8048711320065514
seed1	balanced	mixed_covariate	16.0	building_equal	standardized_max	300	199	0.35	0.29823200252235404	0.4055608888450096	0.0975	0.6547193467517919	0.2703429559361626	72.0	12.0	12.0	0.0	0.5001851851851852	0.41913982477673367	0.4124348563529002	0.8938578282011451	1.8048711320065514
seed1	balanced	mixed_covariate	16.0	building_equal	cv_retrained	300	199	0.27	0.22290402938898543	0.32291173737430573	0.15	0.6547193467517919	0.2703429559361626	72.0	12.0	12.0	0.0	0.5001851851851852	0.41913982477673367	0.4124348563529002	0.8938578282011451	1.8048711320065514
seed1	balanced	mixed_covariate	16.0	building_equal	cv_standardized	300	199	0.27	0.22290402938898543	0.32291173737430573	0.1725	0.5484744396627167	0.3867017777099764	72.0	12.0	12.0	0.0	0.5001851851851852	0.41913982477673367	0.4124348563529002	0.8938578282011451	1.8048711320065514
seed1	balanced	mixed_covariate	16.0	sqrt_rooms	profile	300	199	0.3	0.2509396637848768	0.35411752470494157	0.12	0.654719346751792	0.27034295593616264	72.0	12.0	12.0	0.0	0.5001851851851852	0.41913982477673367	0.4124348563529002	0.8938578282011451	1.8048711320065514
seed1	balanced	mixed_covariate	16.0	sqrt_rooms	mantel	300	199	0.3566666666666667	0.30458741740255907	0.41237023434847747	0.1	0.654719346751792	0.27034295593616264	72.0	12.0	12.0	0.0	0.5001851851851852	0.41913982477673367	0.4124348563529002	0.8938578282011451	1.8048711320065514
seed1	balanced	mixed_covariate	16.0	sqrt_rooms	nested_max	300	199	0.31333333333333335	0.2634843975598553	0.36790231169730847	0.1175	0.654719346751792	0.27034295593616264	72.0	12.0	12.0	0.0	0.5001851851851852	0.41913982477673367	0.4124348563529002	0.8938578282011451	1.8048711320065514
seed1	balanced	mixed_covariate	16.0	sqrt_rooms	standardized_max	300	199	0.35	0.29823200252235404	0.4055608888450096	0.0975	0.654719346751792	0.27034295593616264	72.0	12.0	12.0	0.0	0.5001851851851852	0.41913982477673367	0.4124348563529002	0.8938578282011451	1.8048711320065514
seed1	balanced	mixed_covariate	16.0	sqrt_rooms	cv_retrained	300	199	0.27	0.22290402938898543	0.32291173737430573	0.15	0.654719346751792	0.27034295593616264	72.0	12.0	12.0	0.0	0.5001851851851852	0.41913982477673367	0.4124348563529002	0.8938578282011451	1.8048711320065514
seed1	balanced	mixed_covariate	16.0	sqrt_rooms	cv_standardized	300	199	0.27	0.22290402938898543	0.32291173737430573	0.1725	0.5484744396627168	0.3867017777099765	72.0	12.0	12.0	0.0	0.5001851851851852	0.41913982477673367	0.4124348563529002	0.8938578282011451	1.8048711320065514
seed1	balanced	mixed_covariate	16.0	room_equal	profile	300	199	0.3	0.2509396637848768	0.35411752470494157	0.12	0.6547193467517919	0.2703429559361626	72.0	12.0	12.0	0.0	0.5001851851851852	0.41913982477673367	0.4124348563529002	0.8938578282011451	1.8048711320065514
seed1	balanced	mixed_covariate	16.0	room_equal	mantel	300	199	0.3566666666666667	0.30458741740255907	0.41237023434847747	0.1	0.6547193467517919	0.2703429559361626	72.0	12.0	12.0	0.0	0.5001851851851852	0.41913982477673367	0.4124348563529002	0.8938578282011451	1.8048711320065514
seed1	balanced	mixed_covariate	16.0	room_equal	nested_max	300	199	0.31333333333333335	0.2634843975598553	0.36790231169730847	0.1175	0.6547193467517919	0.2703429559361626	72.0	12.0	12.0	0.0	0.5001851851851852	0.41913982477673367	0.4124348563529002	0.8938578282011451	1.8048711320065514
seed1	balanced	mixed_covariate	16.0	room_equal	standardized_max	300	199	0.35	0.29823200252235404	0.4055608888450096	0.0975	0.6547193467517919	0.2703429559361626	72.0	12.0	12.0	0.0	0.5001851851851852	0.41913982477673367	0.4124348563529002	0.8938578282011451	1.8048711320065514
seed1	balanced	mixed_covariate	16.0	room_equal	cv_retrained	300	199	0.27	0.22290402938898543	0.32291173737430573	0.15	0.6547193467517919	0.2703429559361626	72.0	12.0	12.0	0.0	0.5001851851851852	0.41913982477673367	0.4124348563529002	0.8938578282011451	1.8048711320065514
seed1	balanced	mixed_covariate	16.0	room_equal	cv_standardized	300	199	0.27	0.22290402938898543	0.32291173737430573	0.1725	0.5484744396627167	0.3867017777099764	72.0	12.0	12.0	0.0	0.5001851851851852	0.41913982477673367	0.4124348563529002	0.8938578282011451	1.8048711320065514
seed1	moderately_unequal	conditional_null	0.0	building_equal	profile	300	199	0.05	0.03053164062934728	0.08084703347274415	0.5325	0.4999999999999999	5.551115123125783e-17	72.0	6.0	20.0	0.3967460238079361	0.5375	0.008125761199328044	-0.00922876400966431	0.8974796682565184	2.5790691357091258
seed1	moderately_unequal	conditional_null	0.0	building_equal	mantel	300	199	0.04	0.023027321487942308	0.06860421203864003	0.555	0.4999999999999999	5.551115123125783e-17	72.0	6.0	20.0	0.3967460238079361	0.5375	0.008125761199328044	-0.00922876400966431	0.8974796682565184	2.5790691357091258
seed1	moderately_unequal	conditional_null	0.0	building_equal	nested_max	300	199	0.05333333333333334	0.03309191251909646	0.08486914177483133	0.5525	0.4999999999999999	5.551115123125783e-17	72.0	6.0	20.0	0.3967460238079361	0.5375	0.008125761199328044	-0.00922876400966431	0.8974796682565184	2.5790691357091258
seed1	moderately_unequal	conditional_null	0.0	building_equal	standardized_max	300	199	0.04666666666666667	0.027998933682334012	0.07679736022792105	0.555	0.4999999999999999	5.551115123125783e-17	72.0	6.0	20.0	0.3967460238079361	0.5375	0.008125761199328044	-0.00922876400966431	0.8974796682565184	2.5790691357091258
seed1	moderately_unequal	conditional_null	0.0	building_equal	cv_retrained	300	199	0.05	0.03053164062934728	0.08084703347274415	0.515	0.4999999999999999	5.551115123125783e-17	72.0	6.0	20.0	0.3967460238079361	0.5375	0.008125761199328044	-0.00922876400966431	0.8974796682565184	2.5790691357091258
seed1	moderately_unequal	conditional_null	0.0	building_equal	cv_standardized	300	199	0.04666666666666667	0.027998933682334012	0.07679736022792105	0.5125	0.4999999999999999	5.551115123125783e-17	72.0	6.0	20.0	0.3967460238079361	0.5375	0.008125761199328044	-0.00922876400966431	0.8974796682565184	2.5790691357091258
seed1	moderately_unequal	conditional_null	0.0	sqrt_rooms	profile	300	199	0.05	0.03053164062934728	0.08084703347274415	0.5325	0.5	0.0	72.0	6.0	20.0	0.3967460238079361	0.5375	0.008125761199328044	-0.00922876400966431	0.8974796682565184	2.5790691357091258
seed1	moderately_unequal	conditional_null	0.0	sqrt_rooms	mantel	300	199	0.04	0.023027321487942308	0.06860421203864003	0.555	0.5	0.0	72.0	6.0	20.0	0.3967460238079361	0.5375	0.008125761199328044	-0.00922876400966431	0.8974796682565184	2.5790691357091258
seed1	moderately_unequal	conditional_null	0.0	sqrt_rooms	nested_max	300	199	0.05333333333333334	0.03309191251909646	0.08486914177483133	0.5525	0.5	0.0	72.0	6.0	20.0	0.3967460238079361	0.5375	0.008125761199328044	-0.00922876400966431	0.8974796682565184	2.5790691357091258
seed1	moderately_unequal	conditional_null	0.0	sqrt_rooms	standardized_max	300	199	0.04666666666666667	0.027998933682334012	0.07679736022792105	0.555	0.5	0.0	72.0	6.0	20.0	0.3967460238079361	0.5375	0.008125761199328044	-0.00922876400966431	0.8974796682565184	2.5790691357091258
seed1	moderately_unequal	conditional_null	0.0	sqrt_rooms	cv_retrained	300	199	0.05	0.03053164062934728	0.08084703347274415	0.5175000000000001	0.5	0.0	72.0	6.0	20.0	0.3967460238079361	0.5375	0.008125761199328044	-0.00922876400966431	0.8974796682565184	2.5790691357091258
seed1	moderately_unequal	conditional_null	0.0	sqrt_rooms	cv_standardized	300	199	0.043333333333333335	0.025496448084407246	0.07271746563401146	0.515	0.5	0.0	72.0	6.0	20.0	0.3967460238079361	0.5375	0.008125761199328044	-0.00922876400966431	0.8974796682565184	2.5790691357091258
seed1	moderately_unequal	conditional_null	0.0	room_equal	profile	300	199	0.05	0.03053164062934728	0.08084703347274415	0.5325	0.5	0.0	72.0	6.0	20.0	0.3967460238079361	0.5375	0.008125761199328044	-0.00922876400966431	0.8974796682565184	2.5790691357091258
seed1	moderately_unequal	conditional_null	0.0	room_equal	mantel	300	199	0.04	0.023027321487942308	0.06860421203864003	0.555	0.5	0.0	72.0	6.0	20.0	0.3967460238079361	0.5375	0.008125761199328044	-0.00922876400966431	0.8974796682565184	2.5790691357091258
seed1	moderately_unequal	conditional_null	0.0	room_equal	nested_max	300	199	0.05333333333333334	0.03309191251909646	0.08486914177483133	0.5525	0.5	0.0	72.0	6.0	20.0	0.3967460238079361	0.5375	0.008125761199328044	-0.00922876400966431	0.8974796682565184	2.5790691357091258
seed1	moderately_unequal	conditional_null	0.0	room_equal	standardized_max	300	199	0.04666666666666667	0.027998933682334012	0.07679736022792105	0.555	0.5	0.0	72.0	6.0	20.0	0.3967460238079361	0.5375	0.008125761199328044	-0.00922876400966431	0.8974796682565184	2.5790691357091258
seed1	moderately_unequal	conditional_null	0.0	room_equal	cv_retrained	300	199	0.05	0.03053164062934728	0.08084703347274415	0.505	0.5	0.0	72.0	6.0	20.0	0.3967460238079361	0.5375	0.008125761199328044	-0.00922876400966431	0.8974796682565184	2.5790691357091258
seed1	moderately_unequal	conditional_null	0.0	room_equal	cv_standardized	300	199	0.04666666666666667	0.027998933682334012	0.07679736022792105	0.5325	0.5	0.0	72.0	6.0	20.0	0.3967460238079361	0.5375	0.008125761199328044	-0.00922876400966431	0.8974796682565184	2.5790691357091258
seed1	moderately_unequal	conditional_null	0.1	building_equal	profile	300	199	0.05	0.03053164062934728	0.08084703347274415	0.5325	0.5001451712222896	0.003706343620248011	72.0	6.0	20.0	0.3967460238079361	0.5375	0.008125761199328044	-0.00922876400966431	0.8974796682565184	2.5790691357091258
seed1	moderately_unequal	conditional_null	0.1	building_equal	mantel	300	199	0.04	0.023027321487942308	0.06860421203864003	0.555	0.5001451712222896	0.003706343620248011	72.0	6.0	20.0	0.3967460238079361	0.5375	0.008125761199328044	-0.00922876400966431	0.8974796682565184	2.5790691357091258
seed1	moderately_unequal	conditional_null	0.1	building_equal	nested_max	300	199	0.05333333333333334	0.03309191251909646	0.08486914177483133	0.5525	0.5001451712222896	0.003706343620248011	72.0	6.0	20.0	0.3967460238079361	0.5375	0.008125761199328044	-0.00922876400966431	0.8974796682565184	2.5790691357091258
seed1	moderately_unequal	conditional_null	0.1	building_equal	standardized_max	300	199	0.04666666666666667	0.027998933682334012	0.07679736022792105	0.555	0.5001451712222896	0.003706343620248011	72.0	6.0	20.0	0.3967460238079361	0.5375	0.008125761199328044	-0.00922876400966431	0.8974796682565184	2.5790691357091258
seed1	moderately_unequal	conditional_null	0.1	building_equal	cv_retrained	300	199	0.05	0.03053164062934728	0.08084703347274415	0.52	0.5001451712222896	0.003706343620248011	72.0	6.0	20.0	0.3967460238079361	0.5375	0.008125761199328044	-0.00922876400966431	0.8974796682565184	2.5790691357091258
seed1	moderately_unequal	conditional_null	0.1	building_equal	cv_standardized	300	199	0.05	0.03053164062934728	0.08084703347274415	0.51	0.5006855906775683	0.01242687693900076	72.0	6.0	20.0	0.3967460238079361	0.5375	0.008125761199328044	-0.00922876400966431	0.8974796682565184	2.5790691357091258
seed1	moderately_unequal	conditional_null	0.1	sqrt_rooms	profile	300	199	0.05	0.03053164062934728	0.08084703347274415	0.5325	0.5001031253729206	0.0034178371407474774	72.0	6.0	20.0	0.3967460238079361	0.5375	0.008125761199328044	-0.00922876400966431	0.8974796682565184	2.5790691357091258
seed1	moderately_unequal	conditional_null	0.1	sqrt_rooms	mantel	300	199	0.04	0.023027321487942308	0.06860421203864003	0.555	0.5001031253729206	0.0034178371407474774	72.0	6.0	20.0	0.3967460238079361	0.5375	0.008125761199328044	-0.00922876400966431	0.8974796682565184	2.5790691357091258
seed1	moderately_unequal	conditional_null	0.1	sqrt_rooms	nested_max	300	199	0.05333333333333334	0.03309191251909646	0.08486914177483133	0.5525	0.5001031253729206	0.0034178371407474774	72.0	6.0	20.0	0.3967460238079361	0.5375	0.008125761199328044	-0.00922876400966431	0.8974796682565184	2.5790691357091258
seed1	moderately_unequal	conditional_null	0.1	sqrt_rooms	standardized_max	300	199	0.04666666666666667	0.027998933682334012	0.07679736022792105	0.555	0.5001031253729206	0.0034178371407474774	72.0	6.0	20.0	0.3967460238079361	0.5375	0.008125761199328044	-0.00922876400966431	0.8974796682565184	2.5790691357091258
seed1	moderately_unequal	conditional_null	0.1	sqrt_rooms	cv_retrained	300	199	0.05	0.03053164062934728	0.08084703347274415	0.52	0.5001031253729206	0.0034178371407474774	72.0	6.0	20.0	0.3967460238079361	0.5375	0.008125761199328044	-0.00922876400966431	0.8974796682565184	2.5790691357091258
seed1	moderately_unequal	conditional_null	0.1	sqrt_rooms	cv_standardized	300	199	0.043333333333333335	0.025496448084407246	0.07271746563401146	0.5125	0.5006010754783968	0.012070878444806444	72.0	6.0	20.0	0.3967460238079361	0.5375	0.008125761199328044	-0.00922876400966431	0.8974796682565184	2.5790691357091258
seed1	moderately_unequal	conditional_null	0.1	room_equal	profile	300	199	0.05	0.03053164062934728	0.08084703347274415	0.5325	0.5000668055431118	0.003203751410215803	72.0	6.0	20.0	0.3967460238079361	0.5375	0.008125761199328044	-0.00922876400966431	0.8974796682565184	2.5790691357091258
seed1	moderately_unequal	conditional_null	0.1	room_equal	mantel	300	199	0.04	0.023027321487942308	0.06860421203864003	0.555	0.5000668055431118	0.003203751410215803	72.0	6.0	20.0	0.3967460238079361	0.5375	0.008125761199328044	-0.00922876400966431	0.8974796682565184	2.5790691357091258
seed1	moderately_unequal	conditional_null	0.1	room_equal	nested_max	300	199	0.05333333333333334	0.03309191251909646	0.08486914177483133	0.5525	0.5000668055431118	0.003203751410215803	72.0	6.0	20.0	0.3967460238079361	0.5375	0.008125761199328044	-0.00922876400966431	0.8974796682565184	2.5790691357091258
seed1	moderately_unequal	conditional_null	0.1	room_equal	standardized_max	300	199	0.04666666666666667	0.027998933682334012	0.07679736022792105	0.555	0.5000668055431118	0.003203751410215803	72.0	6.0	20.0	0.3967460238079361	0.5375	0.008125761199328044	-0.00922876400966431	0.8974796682565184	2.5790691357091258
seed1	moderately_unequal	conditional_null	0.1	room_equal	cv_retrained	300	199	0.05	0.03053164062934728	0.08084703347274415	0.5125	0.5000668055431118	0.003203751410215803	72.0	6.0	20.0	0.3967460238079361	0.5375	0.008125761199328044	-0.00922876400966431	0.8974796682565184	2.5790691357091258
seed1	moderately_unequal	conditional_null	0.1	room_equal	cv_standardized	300	199	0.043333333333333335	0.025496448084407246	0.07271746563401146	0.5275000000000001	0.5005285819558878	0.011951657296786182	72.0	6.0	20.0	0.3967460238079361	0.5375	0.008125761199328044	-0.00922876400966431	0.8974796682565184	2.5790691357091258
seed1	moderately_unequal	conditional_null	0.25	building_equal	profile	300	199	0.05	0.03053164062934728	0.08084703347274415	0.5325	0.5003633444076356	0.009262530257229134	72.0	6.0	20.0	0.3967460238079361	0.5375	0.008125761199328044	-0.00922876400966431	0.8974796682565184	2.5790691357091258
seed1	moderately_unequal	conditional_null	0.25	building_equal	mantel	300	199	0.04	0.023027321487942308	0.06860421203864003	0.555	0.5003633444076356	0.009262530257229134	72.0	6.0	20.0	0.3967460238079361	0.5375	0.008125761199328044	-0.00922876400966431	0.8974796682565184	2.5790691357091258
seed1	moderately_unequal	conditional_null	0.25	building_equal	nested_max	300	199	0.05333333333333334	0.03309191251909646	0.08486914177483133	0.5525	0.5003633444076356	0.009262530257229134	72.0	6.0	20.0	0.3967460238079361	0.5375	0.008125761199328044	-0.00922876400966431	0.8974796682565184	2.5790691357091258
seed1	moderately_unequal	conditional_null	0.25	building_equal	standardized_max	300	199	0.04666666666666667	0.027998933682334012	0.07679736022792105	0.555	0.5003633444076356	0.009262530257229134	72.0	6.0	20.0	0.3967460238079361	0.5375	0.008125761199328044	-0.00922876400966431	0.8974796682565184	2.5790691357091258
seed1	moderately_unequal	conditional_null	0.25	building_equal	cv_retrained	300	199	0.05	0.03053164062934728	0.08084703347274415	0.52	0.5003633444076356	0.009262530257229134	72.0	6.0	20.0	0.3967460238079361	0.5375	0.008125761199328044	-0.00922876400966431	0.8974796682565184	2.5790691357091258
seed1	moderately_unequal	conditional_null	0.25	building_equal	cv_standardized	300	199	0.043333333333333335	0.025496448084407246	0.07271746563401146	0.515	0.5017325360952049	0.030934971763103777	72.0	6.0	20.0	0.3967460238079361	0.5375	0.008125761199328044	-0.00922876400966431	0.8974796682565184	2.5790691357091258
seed1	moderately_unequal	conditional_null	0.25	sqrt_rooms	profile	300	199	0.05	0.03053164062934728	0.08084703347274415	0.5325	0.5002580986855392	0.008542098589163999	72.0	6.0	20.0	0.3967460238079361	0.5375	0.008125761199328044	-0.00922876400966431	0.8974796682565184	2.5790691357091258
seed1	moderately_unequal	conditional_null	0.25	sqrt_rooms	mantel	300	199	0.04	0.023027321487942308	0.06860421203864003	0.555	0.5002580986855392	0.008542098589163999	72.0	6.0	20.0	0.3967460238079361	0.5375	0.008125761199328044	-0.00922876400966431	0.8974796682565184	2.5790691357091258
seed1	moderately_unequal	conditional_null	0.25	sqrt_rooms	nested_max	300	199	0.05333333333333334	0.03309191251909646	0.08486914177483133	0.5525	0.5002580986855392	0.008542098589163999	72.0	6.0	20.0	0.3967460238079361	0.5375	0.008125761199328044	-0.00922876400966431	0.8974796682565184	2.5790691357091258
seed1	moderately_unequal	conditional_null	0.25	sqrt_rooms	standardized_max	300	199	0.04666666666666667	0.027998933682334012	0.07679736022792105	0.555	0.5002580986855392	0.008542098589163999	72.0	6.0	20.0	0.3967460238079361	0.5375	0.008125761199328044	-0.00922876400966431	0.8974796682565184	2.5790691357091258
seed1	moderately_unequal	conditional_null	0.25	sqrt_rooms	cv_retrained	300	199	0.05	0.03053164062934728	0.08084703347274415	0.5125	0.5002580986855392	0.008542098589163999	72.0	6.0	20.0	0.3967460238079361	0.5375	0.008125761199328044	-0.00922876400966431	0.8974796682565184	2.5790691357091258
seed1	moderately_unequal	conditional_null	0.25	sqrt_rooms	cv_standardized	300	199	0.04	0.023027321487942308	0.06860421203864003	0.5225	0.5015194221915917	0.030053688899969955	72.0	6.0	20.0	0.3967460238079361	0.5375	0.008125761199328044	-0.00922876400966431	0.8974796682565184	2.5790691357091258
seed1	moderately_unequal	conditional_null	0.25	room_equal	profile	300	199	0.05	0.03053164062934728	0.08084703347274415	0.5325	0.500167233794258	0.008007332347026015	72.0	6.0	20.0	0.3967460238079361	0.5375	0.008125761199328044	-0.00922876400966431	0.8974796682565184	2.5790691357091258
seed1	moderately_unequal	conditional_null	0.25	room_equal	mantel	300	199	0.04	0.023027321487942308	0.06860421203864003	0.555	0.500167233794258	0.008007332347026015	72.0	6.0	20.0	0.3967460238079361	0.5375	0.008125761199328044	-0.00922876400966431	0.8974796682565184	2.5790691357091258
seed1	moderately_unequal	conditional_null	0.25	room_equal	nested_max	300	199	0.05333333333333334	0.03309191251909646	0.08486914177483133	0.5525	0.500167233794258	0.008007332347026015	72.0	6.0	20.0	0.3967460238079361	0.5375	0.008125761199328044	-0.00922876400966431	0.8974796682565184	2.5790691357091258
seed1	moderately_unequal	conditional_null	0.25	room_equal	standardized_max	300	199	0.04666666666666667	0.027998933682334012	0.07679736022792105	0.555	0.500167233794258	0.008007332347026015	72.0	6.0	20.0	0.3967460238079361	0.5375	0.008125761199328044	-0.00922876400966431	0.8974796682565184	2.5790691357091258
seed1	moderately_unequal	conditional_null	0.25	room_equal	cv_retrained	300	199	0.05	0.03053164062934728	0.08084703347274415	0.5125	0.500167233794258	0.008007332347026015	72.0	6.0	20.0	0.3967460238079361	0.5375	0.008125761199328044	-0.00922876400966431	0.8974796682565184	2.5790691357091258
seed1	moderately_unequal	conditional_null	0.25	room_equal	cv_standardized	300	199	0.05	0.03053164062934728	0.08084703347274415	0.5225	0.5013391165882419	0.029753203723071067	72.0	6.0	20.0	0.3967460238079361	0.5375	0.008125761199328044	-0.00922876400966431	0.8974796682565184	2.5790691357091258
seed1	moderately_unequal	conditional_null	0.5	building_equal	profile	300	199	0.05	0.03053164062934728	0.08084703347274415	0.5325	0.5007296410093912	0.018501384431773307	72.0	6.0	20.0	0.3967460238079361	0.5375	0.008125761199328044	-0.00922876400966431	0.8974796682565184	2.5790691357091258
seed1	moderately_unequal	conditional_null	0.5	building_equal	mantel	300	199	0.04	0.023027321487942308	0.06860421203864003	0.555	0.5007296410093912	0.018501384431773307	72.0	6.0	20.0	0.3967460238079361	0.5375	0.008125761199328044	-0.00922876400966431	0.8974796682565184	2.5790691357091258
seed1	moderately_unequal	conditional_null	0.5	building_equal	nested_max	300	199	0.05333333333333334	0.03309191251909646	0.08486914177483133	0.5525	0.5007296410093912	0.018501384431773307	72.0	6.0	20.0	0.3967460238079361	0.5375	0.008125761199328044	-0.00922876400966431	0.8974796682565184	2.5790691357091258
seed1	moderately_unequal	conditional_null	0.5	building_equal	standardized_max	300	199	0.04666666666666667	0.027998933682334012	0.07679736022792105	0.555	0.5007296410093912	0.018501384431773307	72.0	6.0	20.0	0.3967460238079361	0.5375	0.008125761199328044	-0.00922876400966431	0.8974796682565184	2.5790691357091258
seed1	moderately_unequal	conditional_null	0.5	building_equal	cv_retrained	300	199	0.05	0.03053164062934728	0.08084703347274415	0.5175000000000001	0.5007296410093912	0.018501384431773307	72.0	6.0	20.0	0.3967460238079361	0.5375	0.008125761199328044	-0.00922876400966431	0.8974796682565184	2.5790691357091258
seed1	moderately_unequal	conditional_null	0.5	building_equal	cv_standardized	300	199	0.04666666666666667	0.027998933682334012	0.07679736022792105	0.4975	0.5035868478684172	0.06097259471904752	72.0	6.0	20.0	0.3967460238079361	0.5375	0.008125761199328044	-0.00922876400966431	0.8974796682565184	2.5790691357091258
seed1	moderately_unequal	conditional_null	0.5	sqrt_rooms	profile	300	199	0.05	0.03053164062934728	0.08084703347274415	0.5325	0.5005182232096391	0.0170664389145656	72.0	6.0	20.0	0.3967460238079361	0.5375	0.008125761199328044	-0.00922876400966431	0.8974796682565184	2.5790691357091258
seed1	moderately_unequal	conditional_null	0.5	sqrt_rooms	mantel	300	199	0.04	0.023027321487942308	0.06860421203864003	0.555	0.5005182232096391	0.0170664389145656	72.0	6.0	20.0	0.3967460238079361	0.5375	0.008125761199328044	-0.00922876400966431	0.8974796682565184	2.5790691357091258
seed1	moderately_unequal	conditional_null	0.5	sqrt_rooms	nested_max	300	199	0.05333333333333334	0.03309191251909646	0.08486914177483133	0.5525	0.5005182232096391	0.0170664389145656	72.0	6.0	20.0	0.3967460238079361	0.5375	0.008125761199328044	-0.00922876400966431	0.8974796682565184	2.5790691357091258
seed1	moderately_unequal	conditional_null	0.5	sqrt_rooms	standardized_max	300	199	0.04666666666666667	0.027998933682334012	0.07679736022792105	0.555	0.5005182232096391	0.0170664389145656	72.0	6.0	20.0	0.3967460238079361	0.5375	0.008125761199328044	-0.00922876400966431	0.8974796682565184	2.5790691357091258
seed1	moderately_unequal	conditional_null	0.5	sqrt_rooms	cv_retrained	300	199	0.05	0.03053164062934728	0.08084703347274415	0.5125	0.5005182232096391	0.0170664389145656	72.0	6.0	20.0	0.3967460238079361	0.5375	0.008125761199328044	-0.00922876400966431	0.8974796682565184	2.5790691357091258
seed1	moderately_unequal	conditional_null	0.5	sqrt_rooms	cv_standardized	300	199	0.043333333333333335	0.025496448084407246	0.07271746563401146	0.525	0.5031491488096933	0.05926721494294515	72.0	6.0	20.0	0.3967460238079361	0.5375	0.008125761199328044	-0.00922876400966431	0.8974796682565184	2.5790691357091258
seed1	moderately_unequal	conditional_null	0.5	room_equal	profile	300	199	0.05	0.03053164062934728	0.08084703347274415	0.5325	0.5003360312434031	0.016000088481108805	72.0	6.0	20.0	0.3967460238079361	0.5375	0.008125761199328044	-0.00922876400966431	0.8974796682565184	2.5790691357091258
seed1	moderately_unequal	conditional_null	0.5	room_equal	mantel	300	199	0.04	0.023027321487942308	0.06860421203864003	0.555	0.5003360312434031	0.016000088481108805	72.0	6.0	20.0	0.3967460238079361	0.5375	0.008125761199328044	-0.00922876400966431	0.8974796682565184	2.5790691357091258
seed1	moderately_unequal	conditional_null	0.5	room_equal	nested_max	300	199	0.05333333333333334	0.03309191251909646	0.08486914177483133	0.5525	0.5003360312434031	0.016000088481108805	72.0	6.0	20.0	0.3967460238079361	0.5375	0.008125761199328044	-0.00922876400966431	0.8974796682565184	2.5790691357091258
seed1	moderately_unequal	conditional_null	0.5	room_equal	standardized_max	300	199	0.04666666666666667	0.027998933682334012	0.07679736022792105	0.555	0.5003360312434031	0.016000088481108805	72.0	6.0	20.0	0.3967460238079361	0.5375	0.008125761199328044	-0.00922876400966431	0.8974796682565184	2.5790691357091258
seed1	moderately_unequal	conditional_null	0.5	room_equal	cv_retrained	300	199	0.05	0.03053164062934728	0.08084703347274415	0.5175000000000001	0.5003360312434031	0.016000088481108805	72.0	6.0	20.0	0.3967460238079361	0.5375	0.008125761199328044	-0.00922876400966431	0.8974796682565184	2.5790691357091258
seed1	moderately_unequal	conditional_null	0.5	room_equal	cv_standardized	300	199	0.05	0.03053164062934728	0.08084703347274415	0.5225	0.5027947037656904	0.05865076806948774	72.0	6.0	20.0	0.3967460238079361	0.5375	0.008125761199328044	-0.00922876400966431	0.8974796682565184	2.5790691357091258
seed1	moderately_unequal	conditional_null	1.0	building_equal	profile	300	199	0.05	0.03053164062934728	0.08084703347274415	0.5325	0.5014822381299098	0.03681643746153958	72.0	6.0	20.0	0.3967460238079361	0.5375	0.008125761199328044	-0.00922876400966431	0.8974796682565184	2.5790691357091258
seed1	moderately_unequal	conditional_null	1.0	building_equal	mantel	300	199	0.04	0.023027321487942308	0.06860421203864003	0.555	0.5014822381299098	0.03681643746153958	72.0	6.0	20.0	0.3967460238079361	0.5375	0.008125761199328044	-0.00922876400966431	0.8974796682565184	2.5790691357091258
seed1	moderately_unequal	conditional_null	1.0	building_equal	nested_max	300	199	0.05333333333333334	0.03309191251909646	0.08486914177483133	0.5525	0.5014822381299098	0.03681643746153958	72.0	6.0	20.0	0.3967460238079361	0.5375	0.008125761199328044	-0.00922876400966431	0.8974796682565184	2.5790691357091258
seed1	moderately_unequal	conditional_null	1.0	building_equal	standardized_max	300	199	0.04666666666666667	0.027998933682334012	0.07679736022792105	0.555	0.5014822381299098	0.03681643746153958	72.0	6.0	20.0	0.3967460238079361	0.5375	0.008125761199328044	-0.00922876400966431	0.8974796682565184	2.5790691357091258
seed1	moderately_unequal	conditional_null	1.0	building_equal	cv_retrained	300	199	0.05	0.03053164062934728	0.08084703347274415	0.52	0.5014822381299098	0.03681643746153958	72.0	6.0	20.0	0.3967460238079361	0.5375	0.008125761199328044	-0.00922876400966431	0.8974796682565184	2.5790691357091258
seed1	moderately_unequal	conditional_null	1.0	building_equal	cv_standardized	300	199	0.04666666666666667	0.027998933682334012	0.07679736022792105	0.51	0.5078920661010502	0.11589233814115249	72.0	6.0	20.0	0.3967460238079361	0.5375	0.008125761199328044	-0.00922876400966431	0.8974796682565184	2.5790691357091258
seed1	moderately_unequal	conditional_null	1.0	sqrt_rooms	profile	300	199	0.05	0.03053164062934728	0.08084703347274415	0.5325	0.5010522955695926	0.03399258681396771	72.0	6.0	20.0	0.3967460238079361	0.5375	0.008125761199328044	-0.00922876400966431	0.8974796682565184	2.5790691357091258
seed1	moderately_unequal	conditional_null	1.0	sqrt_rooms	mantel	300	199	0.04	0.023027321487942308	0.06860421203864003	0.555	0.5010522955695926	0.03399258681396771	72.0	6.0	20.0	0.3967460238079361	0.5375	0.008125761199328044	-0.00922876400966431	0.8974796682565184	2.5790691357091258
seed1	moderately_unequal	conditional_null	1.0	sqrt_rooms	nested_max	300	199	0.05333333333333334	0.03309191251909646	0.08486914177483133	0.5525	0.5010522955695926	0.03399258681396771	72.0	6.0	20.0	0.3967460238079361	0.5375	0.008125761199328044	-0.00922876400966431	0.8974796682565184	2.5790691357091258
seed1	moderately_unequal	conditional_null	1.0	sqrt_rooms	standardized_max	300	199	0.04666666666666667	0.027998933682334012	0.07679736022792105	0.555	0.5010522955695926	0.03399258681396771	72.0	6.0	20.0	0.3967460238079361	0.5375	0.008125761199328044	-0.00922876400966431	0.8974796682565184	2.5790691357091258
seed1	moderately_unequal	conditional_null	1.0	sqrt_rooms	cv_retrained	300	199	0.05333333333333334	0.03309191251909646	0.08486914177483133	0.515	0.5010522955695926	0.03399258681396771	72.0	6.0	20.0	0.3967460238079361	0.5375	0.008125761199328044	-0.00922876400966431	0.8974796682565184	2.5790691357091258
seed1	moderately_unequal	conditional_null	1.0	sqrt_rooms	cv_standardized	300	199	0.043333333333333335	0.025496448084407246	0.07271746563401146	0.525	0.5069593771638347	0.11282790872822232	72.0	6.0	20.0	0.3967460238079361	0.5375	0.008125761199328044	-0.00922876400966431	0.8974796682565184	2.5790691357091258
seed1	moderately_unequal	conditional_null	1.0	room_equal	profile	300	199	0.05	0.03053164062934728	0.08084703347274415	0.5325	0.500684346868396	0.031884777972488156	72.0	6.0	20.0	0.3967460238079361	0.5375	0.008125761199328044	-0.00922876400966431	0.8974796682565184	2.5790691357091258
seed1	moderately_unequal	conditional_null	1.0	room_equal	mantel	300	199	0.04	0.023027321487942308	0.06860421203864003	0.555	0.500684346868396	0.031884777972488156	72.0	6.0	20.0	0.3967460238079361	0.5375	0.008125761199328044	-0.00922876400966431	0.8974796682565184	2.5790691357091258
seed1	moderately_unequal	conditional_null	1.0	room_equal	nested_max	300	199	0.05333333333333334	0.03309191251909646	0.08486914177483133	0.5525	0.500684346868396	0.031884777972488156	72.0	6.0	20.0	0.3967460238079361	0.5375	0.008125761199328044	-0.00922876400966431	0.8974796682565184	2.5790691357091258
seed1	moderately_unequal	conditional_null	1.0	room_equal	standardized_max	300	199	0.04666666666666667	0.027998933682334012	0.07679736022792105	0.555	0.500684346868396	0.031884777972488156	72.0	6.0	20.0	0.3967460238079361	0.5375	0.008125761199328044	-0.00922876400966431	0.8974796682565184	2.5790691357091258
seed1	moderately_unequal	conditional_null	1.0	room_equal	cv_retrained	300	199	0.05333333333333334	0.03309191251909646	0.08486914177483133	0.5175000000000001	0.500684346868396	0.031884777972488156	72.0	6.0	20.0	0.3967460238079361	0.5375	0.008125761199328044	-0.00922876400966431	0.8974796682565184	2.5790691357091258
seed1	moderately_unequal	conditional_null	1.0	room_equal	cv_standardized	300	199	0.043333333333333335	0.025496448084407246	0.07271746563401146	0.5375000000000001	0.5062900858521052	0.11150808502815975	72.0	6.0	20.0	0.3967460238079361	0.5375	0.008125761199328044	-0.00922876400966431	0.8974796682565184	2.5790691357091258
seed1	moderately_unequal	conditional_null	2.0	building_equal	profile	300	199	0.05	0.03053164062934728	0.08084703347274415	0.5325	0.5031290349381716	0.07223168119644237	72.0	6.0	20.0	0.3967460238079361	0.5375	0.008125761199328044	-0.00922876400966431	0.8974796682565184	2.5790691357091258
seed1	moderately_unequal	conditional_null	2.0	building_equal	mantel	300	199	0.04	0.023027321487942308	0.06860421203864003	0.555	0.5031290349381716	0.07223168119644237	72.0	6.0	20.0	0.3967460238079361	0.5375	0.008125761199328044	-0.00922876400966431	0.8974796682565184	2.5790691357091258
seed1	moderately_unequal	conditional_null	2.0	building_equal	nested_max	300	199	0.05333333333333334	0.03309191251909646	0.08486914177483133	0.5525	0.5031290349381716	0.07223168119644237	72.0	6.0	20.0	0.3967460238079361	0.5375	0.008125761199328044	-0.00922876400966431	0.8974796682565184	2.5790691357091258
seed1	moderately_unequal	conditional_null	2.0	building_equal	standardized_max	300	199	0.04666666666666667	0.027998933682334012	0.07679736022792105	0.555	0.5031290349381716	0.07223168119644237	72.0	6.0	20.0	0.3967460238079361	0.5375	0.008125761199328044	-0.00922876400966431	0.8974796682565184	2.5790691357091258
seed1	moderately_unequal	conditional_null	2.0	building_equal	cv_retrained	300	199	0.05	0.03053164062934728	0.08084703347274415	0.5025	0.5031290349381716	0.07223168119644237	72.0	6.0	20.0	0.3967460238079361	0.5375	0.008125761199328044	-0.00922876400966431	0.8974796682565184	2.5790691357091258
seed1	moderately_unequal	conditional_null	2.0	building_equal	cv_standardized	300	199	0.04666666666666667	0.027998933682334012	0.07679736022792105	0.5275000000000001	0.5178521292598514	0.20090716630265368	72.0	6.0	20.0	0.3967460238079361	0.5375	0.008125761199328044	-0.00922876400966431	0.8974796682565184	2.5790691357091258
seed1	moderately_unequal	conditional_null	2.0	sqrt_rooms	profile	300	199	0.05	0.03053164062934728	0.08084703347274415	0.5325	0.5022208295358265	0.06691565482273984	72.0	6.0	20.0	0.3967460238079361	0.5375	0.008125761199328044	-0.00922876400966431	0.8974796682565184	2.5790691357091258
seed1	moderately_unequal	conditional_null	2.0	sqrt_rooms	mantel	300	199	0.04	0.023027321487942308	0.06860421203864003	0.555	0.5022208295358265	0.06691565482273984	72.0	6.0	20.0	0.3967460238079361	0.5375	0.008125761199328044	-0.00922876400966431	0.8974796682565184	2.5790691357091258
seed1	moderately_unequal	conditional_null	2.0	sqrt_rooms	nested_max	300	199	0.05333333333333334	0.03309191251909646	0.08486914177483133	0.5525	0.5022208295358265	0.06691565482273984	72.0	6.0	20.0	0.3967460238079361	0.5375	0.008125761199328044	-0.00922876400966431	0.8974796682565184	2.5790691357091258
seed1	moderately_unequal	conditional_null	2.0	sqrt_rooms	standardized_max	300	199	0.04666666666666667	0.027998933682334012	0.07679736022792105	0.555	0.5022208295358265	0.06691565482273984	72.0	6.0	20.0	0.3967460238079361	0.5375	0.008125761199328044	-0.00922876400966431	0.8974796682565184	2.5790691357091258
seed1	moderately_unequal	conditional_null	2.0	sqrt_rooms	cv_retrained	300	199	0.05333333333333334	0.03309191251909646	0.08486914177483133	0.515	0.5022208295358265	0.06691565482273984	72.0	6.0	20.0	0.3967460238079361	0.5375	0.008125761199328044	-0.00922876400966431	0.8974796682565184	2.5790691357091258
seed1	moderately_unequal	conditional_null	2.0	sqrt_rooms	cv_standardized	300	199	0.04666666666666667	0.027998933682334012	0.07679736022792105	0.545	0.515921106191022	0.19618592909837793	72.0	6.0	20.0	0.3967460238079361	0.5375	0.008125761199328044	-0.00922876400966431	0.8974796682565184	2.5790691357091258
seed1	moderately_unequal	conditional_null	2.0	room_equal	profile	300	199	0.05	0.03053164062934728	0.08084703347274415	0.5325	0.5014602351578972	0.06288286664927073	72.0	6.0	20.0	0.3967460238079361	0.5375	0.008125761199328044	-0.00922876400966431	0.8974796682565184	2.5790691357091258
seed1	moderately_unequal	conditional_null	2.0	room_equal	mantel	300	199	0.04	0.023027321487942308	0.06860421203864003	0.555	0.5014602351578972	0.06288286664927073	72.0	6.0	20.0	0.3967460238079361	0.5375	0.008125761199328044	-0.00922876400966431	0.8974796682565184	2.5790691357091258
seed1	moderately_unequal	conditional_null	2.0	room_equal	nested_max	300	199	0.05333333333333334	0.03309191251909646	0.08486914177483133	0.5525	0.5014602351578972	0.06288286664927073	72.0	6.0	20.0	0.3967460238079361	0.5375	0.008125761199328044	-0.00922876400966431	0.8974796682565184	2.5790691357091258
seed1	moderately_unequal	conditional_null	2.0	room_equal	standardized_max	300	199	0.04666666666666667	0.027998933682334012	0.07679736022792105	0.555	0.5014602351578972	0.06288286664927073	72.0	6.0	20.0	0.3967460238079361	0.5375	0.008125761199328044	-0.00922876400966431	0.8974796682565184	2.5790691357091258
seed1	moderately_unequal	conditional_null	2.0	room_equal	cv_retrained	300	199	0.04666666666666667	0.027998933682334012	0.07679736022792105	0.52	0.5014602351578972	0.06288286664927073	72.0	6.0	20.0	0.3967460238079361	0.5375	0.008125761199328044	-0.00922876400966431	0.8974796682565184	2.5790691357091258
seed1	moderately_unequal	conditional_null	2.0	room_equal	cv_standardized	300	199	0.043333333333333335	0.025496448084407246	0.07271746563401146	0.5375000000000001	0.5147827901632316	0.19324408880664226	72.0	6.0	20.0	0.3967460238079361	0.5375	0.008125761199328044	-0.00922876400966431	0.8974796682565184	2.5790691357091258
seed1	moderately_unequal	conditional_null	4.0	building_equal	profile	300	199	0.05	0.03053164062934728	0.08084703347274415	0.5325	0.5071467798112855	0.13533067029016405	72.0	6.0	20.0	0.3967460238079361	0.5375	0.008125761199328044	-0.00922876400966431	0.8974796682565184	2.5790691357091258
seed1	moderately_unequal	conditional_null	4.0	building_equal	mantel	300	199	0.04	0.023027321487942308	0.06860421203864003	0.555	0.5071467798112855	0.13533067029016405	72.0	6.0	20.0	0.3967460238079361	0.5375	0.008125761199328044	-0.00922876400966431	0.8974796682565184	2.5790691357091258
seed1	moderately_unequal	conditional_null	4.0	building_equal	nested_max	300	199	0.05333333333333334	0.03309191251909646	0.08486914177483133	0.5525	0.5071467798112855	0.13533067029016405	72.0	6.0	20.0	0.3967460238079361	0.5375	0.008125761199328044	-0.00922876400966431	0.8974796682565184	2.5790691357091258
seed1	moderately_unequal	conditional_null	4.0	building_equal	standardized_max	300	199	0.04666666666666667	0.027998933682334012	0.07679736022792105	0.555	0.5071467798112855	0.13533067029016405	72.0	6.0	20.0	0.3967460238079361	0.5375	0.008125761199328044	-0.00922876400966431	0.8974796682565184	2.5790691357091258
seed1	moderately_unequal	conditional_null	4.0	building_equal	cv_retrained	300	199	0.04	0.023027321487942308	0.06860421203864003	0.495	0.5071467798112855	0.13533067029016405	72.0	6.0	20.0	0.3967460238079361	0.5375	0.008125761199328044	-0.00922876400966431	0.8974796682565184	2.5790691357091258
seed1	moderately_unequal	conditional_null	4.0	building_equal	cv_standardized	300	199	0.043333333333333335	0.025496448084407246	0.07271746563401146	0.5375000000000001	0.5331229513260397	0.2966329541647773	72.0	6.0	20.0	0.3967460238079361	0.5375	0.008125761199328044	-0.00922876400966431	0.8974796682565184	2.5790691357091258
seed1	moderately_unequal	conditional_null	4.0	sqrt_rooms	profile	300	199	0.05	0.03053164062934728	0.08084703347274415	0.5325	0.5051180859053329	0.12658733020842025	72.0	6.0	20.0	0.3967460238079361	0.5375	0.008125761199328044	-0.00922876400966431	0.8974796682565184	2.5790691357091258
seed1	moderately_unequal	conditional_null	4.0	sqrt_rooms	mantel	300	199	0.04	0.023027321487942308	0.06860421203864003	0.555	0.5051180859053329	0.12658733020842025	72.0	6.0	20.0	0.3967460238079361	0.5375	0.008125761199328044	-0.00922876400966431	0.8974796682565184	2.5790691357091258
seed1	moderately_unequal	conditional_null	4.0	sqrt_rooms	nested_max	300	199	0.05333333333333334	0.03309191251909646	0.08486914177483133	0.5525	0.5051180859053329	0.12658733020842025	72.0	6.0	20.0	0.3967460238079361	0.5375	0.008125761199328044	-0.00922876400966431	0.8974796682565184	2.5790691357091258
seed1	moderately_unequal	conditional_null	4.0	sqrt_rooms	standardized_max	300	199	0.04666666666666667	0.027998933682334012	0.07679736022792105	0.555	0.5051180859053329	0.12658733020842025	72.0	6.0	20.0	0.3967460238079361	0.5375	0.008125761199328044	-0.00922876400966431	0.8974796682565184	2.5790691357091258
seed1	moderately_unequal	conditional_null	4.0	sqrt_rooms	cv_retrained	300	199	0.05333333333333334	0.03309191251909646	0.08486914177483133	0.515	0.5051180859053329	0.12658733020842025	72.0	6.0	20.0	0.3967460238079361	0.5375	0.008125761199328044	-0.00922876400966431	0.8974796682565184	2.5790691357091258
seed1	moderately_unequal	conditional_null	4.0	sqrt_rooms	cv_standardized	300	199	0.04	0.023027321487942308	0.06860421203864003	0.545	0.5298165929262114	0.29106805652086526	72.0	6.0	20.0	0.3967460238079361	0.5375	0.008125761199328044	-0.00922876400966431	0.8974796682565184	2.5790691357091258
seed1	moderately_unequal	conditional_null	4.0	room_equal	profile	300	199	0.05	0.03053164062934728	0.08084703347274415	0.5325	0.5034833267408477	0.11961776215558807	72.0	6.0	20.0	0.3967460238079361	0.5375	0.008125761199328044	-0.00922876400966431	0.8974796682565184	2.5790691357091258
seed1	moderately_unequal	conditional_null	4.0	room_equal	mantel	300	199	0.04	0.023027321487942308	0.06860421203864003	0.555	0.5034833267408477	0.11961776215558807	72.0	6.0	20.0	0.3967460238079361	0.5375	0.008125761199328044	-0.00922876400966431	0.8974796682565184	2.5790691357091258
seed1	moderately_unequal	conditional_null	4.0	room_equal	nested_max	300	199	0.05333333333333334	0.03309191251909646	0.08486914177483133	0.5525	0.5034833267408477	0.11961776215558807	72.0	6.0	20.0	0.3967460238079361	0.5375	0.008125761199328044	-0.00922876400966431	0.8974796682565184	2.5790691357091258
seed1	moderately_unequal	conditional_null	4.0	room_equal	standardized_max	300	199	0.04666666666666667	0.027998933682334012	0.07679736022792105	0.555	0.5034833267408477	0.11961776215558807	72.0	6.0	20.0	0.3967460238079361	0.5375	0.008125761199328044	-0.00922876400966431	0.8974796682565184	2.5790691357091258
seed1	moderately_unequal	conditional_null	4.0	room_equal	cv_retrained	300	199	0.04666666666666667	0.027998933682334012	0.07679736022792105	0.515	0.5034833267408477	0.11961776215558807	72.0	6.0	20.0	0.3967460238079361	0.5375	0.008125761199328044	-0.00922876400966431	0.8974796682565184	2.5790691357091258
seed1	moderately_unequal	conditional_null	4.0	room_equal	cv_standardized	300	199	0.04666666666666667	0.027998933682334012	0.07679736022792105	0.53	0.5283251151153974	0.2850148885705573	72.0	6.0	20.0	0.3967460238079361	0.5375	0.008125761199328044	-0.00922876400966431	0.8974796682565184	2.5790691357091258
seed1	moderately_unequal	conditional_null	8.0	building_equal	profile	300	199	0.05	0.03053164062934728	0.08084703347274415	0.5325	0.5162889305555899	0.22700574498194515	72.0	6.0	20.0	0.3967460238079361	0.5375	0.008125761199328044	-0.00922876400966431	0.8974796682565184	2.5790691357091258
seed1	moderately_unequal	conditional_null	8.0	building_equal	mantel	300	199	0.04	0.023027321487942308	0.06860421203864003	0.555	0.5162889305555899	0.22700574498194515	72.0	6.0	20.0	0.3967460238079361	0.5375	0.008125761199328044	-0.00922876400966431	0.8974796682565184	2.5790691357091258
seed1	moderately_unequal	conditional_null	8.0	building_equal	nested_max	300	199	0.05333333333333334	0.03309191251909646	0.08486914177483133	0.5525	0.5162889305555899	0.22700574498194515	72.0	6.0	20.0	0.3967460238079361	0.5375	0.008125761199328044	-0.00922876400966431	0.8974796682565184	2.5790691357091258
seed1	moderately_unequal	conditional_null	8.0	building_equal	standardized_max	300	199	0.04666666666666667	0.027998933682334012	0.07679736022792105	0.555	0.5162889305555899	0.22700574498194515	72.0	6.0	20.0	0.3967460238079361	0.5375	0.008125761199328044	-0.00922876400966431	0.8974796682565184	2.5790691357091258
seed1	moderately_unequal	conditional_null	8.0	building_equal	cv_retrained	300	199	0.03666666666666667	0.02059530516285303	0.06445384817189295	0.5175000000000001	0.5162889305555899	0.22700574498194515	72.0	6.0	20.0	0.3967460238079361	0.5375	0.008125761199328044	-0.00922876400966431	0.8974796682565184	2.5790691357091258
seed1	moderately_unequal	conditional_null	8.0	building_equal	cv_standardized	300	199	0.043333333333333335	0.025496448084407246	0.07271746563401146	0.5175000000000001	0.5440202440296131	0.3644822639623447	72.0	6.0	20.0	0.3967460238079361	0.5375	0.008125761199328044	-0.00922876400966431	0.8974796682565184	2.5790691357091258
seed1	moderately_unequal	conditional_null	8.0	sqrt_rooms	profile	300	199	0.05	0.03053164062934728	0.08084703347274415	0.5325	0.5121365271596585	0.2162662991647092	72.0	6.0	20.0	0.3967460238079361	0.5375	0.008125761199328044	-0.00922876400966431	0.8974796682565184	2.5790691357091258
seed1	moderately_unequal	conditional_null	8.0	sqrt_rooms	mantel	300	199	0.04	0.023027321487942308	0.06860421203864003	0.555	0.5121365271596585	0.2162662991647092	72.0	6.0	20.0	0.3967460238079361	0.5375	0.008125761199328044	-0.00922876400966431	0.8974796682565184	2.5790691357091258
seed1	moderately_unequal	conditional_null	8.0	sqrt_rooms	nested_max	300	199	0.05333333333333334	0.03309191251909646	0.08486914177483133	0.5525	0.5121365271596585	0.2162662991647092	72.0	6.0	20.0	0.3967460238079361	0.5375	0.008125761199328044	-0.00922876400966431	0.8974796682565184	2.5790691357091258
seed1	moderately_unequal	conditional_null	8.0	sqrt_rooms	standardized_max	300	199	0.04666666666666667	0.027998933682334012	0.07679736022792105	0.555	0.5121365271596585	0.2162662991647092	72.0	6.0	20.0	0.3967460238079361	0.5375	0.008125761199328044	-0.00922876400966431	0.8974796682565184	2.5790691357091258
seed1	moderately_unequal	conditional_null	8.0	sqrt_rooms	cv_retrained	300	199	0.04666666666666667	0.027998933682334012	0.07679736022792105	0.5175000000000001	0.5121365271596585	0.2162662991647092	72.0	6.0	20.0	0.3967460238079361	0.5375	0.008125761199328044	-0.00922876400966431	0.8974796682565184	2.5790691357091258
seed1	moderately_unequal	conditional_null	8.0	sqrt_rooms	cv_standardized	300	199	0.04	0.023027321487942308	0.06860421203864003	0.495	0.5395763905247954	0.35989400463104376	72.0	6.0	20.0	0.3967460238079361	0.5375	0.008125761199328044	-0.00922876400966431	0.8974796682565184	2.5790691357091258
seed1	moderately_unequal	conditional_null	8.0	room_equal	profile	300	199	0.05	0.03053164062934728	0.08084703347274415	0.5325	0.5088477335479707	0.20656169413714587	72.0	6.0	20.0	0.3967460238079361	0.5375	0.008125761199328044	-0.00922876400966431	0.8974796682565184	2.5790691357091258
seed1	moderately_unequal	conditional_null	8.0	room_equal	mantel	300	199	0.04	0.023027321487942308	0.06860421203864003	0.555	0.5088477335479707	0.20656169413714587	72.0	6.0	20.0	0.3967460238079361	0.5375	0.008125761199328044	-0.00922876400966431	0.8974796682565184	2.5790691357091258
seed1	moderately_unequal	conditional_null	8.0	room_equal	nested_max	300	199	0.05333333333333334	0.03309191251909646	0.08486914177483133	0.5525	0.5088477335479707	0.20656169413714587	72.0	6.0	20.0	0.3967460238079361	0.5375	0.008125761199328044	-0.00922876400966431	0.8974796682565184	2.5790691357091258
seed1	moderately_unequal	conditional_null	8.0	room_equal	standardized_max	300	199	0.04666666666666667	0.027998933682334012	0.07679736022792105	0.555	0.5088477335479707	0.20656169413714587	72.0	6.0	20.0	0.3967460238079361	0.5375	0.008125761199328044	-0.00922876400966431	0.8974796682565184	2.5790691357091258
seed1	moderately_unequal	conditional_null	8.0	room_equal	cv_retrained	300	199	0.04	0.023027321487942308	0.06860421203864003	0.515	0.5088477335479707	0.20656169413714587	72.0	6.0	20.0	0.3967460238079361	0.5375	0.008125761199328044	-0.00922876400966431	0.8974796682565184	2.5790691357091258
seed1	moderately_unequal	conditional_null	8.0	room_equal	cv_standardized	300	199	0.04	0.023027321487942308	0.06860421203864003	0.51	0.5382590329645205	0.3507471205486843	72.0	6.0	20.0	0.3967460238079361	0.5375	0.008125761199328044	-0.00922876400966431	0.8974796682565184	2.5790691357091258
seed1	moderately_unequal	conditional_null	16.0	building_equal	profile	300	199	0.05	0.03053164062934728	0.08084703347274415	0.5325	0.5289360175673798	0.31907213502043547	72.0	6.0	20.0	0.3967460238079361	0.5375	0.008125761199328044	-0.00922876400966431	0.8974796682565184	2.5790691357091258
seed1	moderately_unequal	conditional_null	16.0	building_equal	mantel	300	199	0.04	0.023027321487942308	0.06860421203864003	0.555	0.5289360175673798	0.31907213502043547	72.0	6.0	20.0	0.3967460238079361	0.5375	0.008125761199328044	-0.00922876400966431	0.8974796682565184	2.5790691357091258
seed1	moderately_unequal	conditional_null	16.0	building_equal	nested_max	300	199	0.05333333333333334	0.03309191251909646	0.08486914177483133	0.5525	0.5289360175673798	0.31907213502043547	72.0	6.0	20.0	0.3967460238079361	0.5375	0.008125761199328044	-0.00922876400966431	0.8974796682565184	2.5790691357091258
seed1	moderately_unequal	conditional_null	16.0	building_equal	standardized_max	300	199	0.04666666666666667	0.027998933682334012	0.07679736022792105	0.555	0.5289360175673798	0.31907213502043547	72.0	6.0	20.0	0.3967460238079361	0.5375	0.008125761199328044	-0.00922876400966431	0.8974796682565184	2.5790691357091258
seed1	moderately_unequal	conditional_null	16.0	building_equal	cv_retrained	300	199	0.043333333333333335	0.025496448084407246	0.07271746563401146	0.485	0.5289360175673798	0.31907213502043547	72.0	6.0	20.0	0.3967460238079361	0.5375	0.008125761199328044	-0.00922876400966431	0.8974796682565184	2.5790691357091258
seed1	moderately_unequal	conditional_null	16.0	building_equal	cv_standardized	300	199	0.043333333333333335	0.025496448084407246	0.07271746563401146	0.505	0.5475869926571768	0.39559535316251465	72.0	6.0	20.0	0.3967460238079361	0.5375	0.008125761199328044	-0.00922876400966431	0.8974796682565184	2.5790691357091258
seed1	moderately_unequal	conditional_null	16.0	sqrt_rooms	profile	300	199	0.05	0.03053164062934728	0.08084703347274415	0.5325	0.5225328997427272	0.3110771558414791	72.0	6.0	20.0	0.3967460238079361	0.5375	0.008125761199328044	-0.00922876400966431	0.8974796682565184	2.5790691357091258
seed1	moderately_unequal	conditional_null	16.0	sqrt_rooms	mantel	300	199	0.04	0.023027321487942308	0.06860421203864003	0.555	0.5225328997427272	0.3110771558414791	72.0	6.0	20.0	0.3967460238079361	0.5375	0.008125761199328044	-0.00922876400966431	0.8974796682565184	2.5790691357091258
seed1	moderately_unequal	conditional_null	16.0	sqrt_rooms	nested_max	300	199	0.05333333333333334	0.03309191251909646	0.08486914177483133	0.5525	0.5225328997427272	0.3110771558414791	72.0	6.0	20.0	0.3967460238079361	0.5375	0.008125761199328044	-0.00922876400966431	0.8974796682565184	2.5790691357091258
seed1	moderately_unequal	conditional_null	16.0	sqrt_rooms	standardized_max	300	199	0.04666666666666667	0.027998933682334012	0.07679736022792105	0.555	0.5225328997427272	0.3110771558414791	72.0	6.0	20.0	0.3967460238079361	0.5375	0.008125761199328044	-0.00922876400966431	0.8974796682565184	2.5790691357091258
seed1	moderately_unequal	conditional_null	16.0	sqrt_rooms	cv_retrained	300	199	0.04666666666666667	0.027998933682334012	0.07679736022792105	0.51	0.5225328997427272	0.3110771558414791	72.0	6.0	20.0	0.3967460238079361	0.5375	0.008125761199328044	-0.00922876400966431	0.8974796682565184	2.5790691357091258
seed1	moderately_unequal	conditional_null	16.0	sqrt_rooms	cv_standardized	300	199	0.04	0.023027321487942308	0.06860421203864003	0.47	0.543577867912798	0.3922768143851557	72.0	6.0	20.0	0.3967460238079361	0.5375	0.008125761199328044	-0.00922876400966431	0.8974796682565184	2.5790691357091258
seed1	moderately_unequal	conditional_null	16.0	room_equal	profile	300	199	0.05	0.03053164062934728	0.08084703347274415	0.5325	0.5174857712189495	0.3013344651543239	72.0	6.0	20.0	0.3967460238079361	0.5375	0.008125761199328044	-0.00922876400966431	0.8974796682565184	2.5790691357091258
seed1	moderately_unequal	conditional_null	16.0	room_equal	mantel	300	199	0.04	0.023027321487942308	0.06860421203864003	0.555	0.5174857712189495	0.3013344651543239	72.0	6.0	20.0	0.3967460238079361	0.5375	0.008125761199328044	-0.00922876400966431	0.8974796682565184	2.5790691357091258
seed1	moderately_unequal	conditional_null	16.0	room_equal	nested_max	300	199	0.05333333333333334	0.03309191251909646	0.08486914177483133	0.5525	0.5174857712189495	0.3013344651543239	72.0	6.0	20.0	0.3967460238079361	0.5375	0.008125761199328044	-0.00922876400966431	0.8974796682565184	2.5790691357091258
seed1	moderately_unequal	conditional_null	16.0	room_equal	standardized_max	300	199	0.04666666666666667	0.027998933682334012	0.07679736022792105	0.555	0.5174857712189495	0.3013344651543239	72.0	6.0	20.0	0.3967460238079361	0.5375	0.008125761199328044	-0.00922876400966431	0.8974796682565184	2.5790691357091258
seed1	moderately_unequal	conditional_null	16.0	room_equal	cv_retrained	300	199	0.043333333333333335	0.025496448084407246	0.07271746563401146	0.51	0.5174857712189495	0.3013344651543239	72.0	6.0	20.0	0.3967460238079361	0.5375	0.008125761199328044	-0.00922876400966431	0.8974796682565184	2.5790691357091258
seed1	moderately_unequal	conditional_null	16.0	room_equal	cv_standardized	300	199	0.043333333333333335	0.025496448084407246	0.07271746563401146	0.49	0.5426306353204791	0.3820926526879962	72.0	6.0	20.0	0.3967460238079361	0.5375	0.008125761199328044	-0.00922876400966431	0.8974796682565184	2.5790691357091258
seed1	moderately_unequal	radial_node_size_only	0.0	building_equal	profile	300	199	0.7066666666666667	0.6527939127218992	0.755313659171955	0.015	0.4999999999999999	5.551115123125783e-17	72.0	6.0	20.0	0.3967460238079361	0.49805555555555564	0.6469753803130751	-0.0028067480871693594	0.0	1.0
seed1	moderately_unequal	radial_node_size_only	0.0	building_equal	mantel	300	199	0.6766666666666666	0.6217915462510746	0.7270746039162523	0.02	0.4999999999999999	5.551115123125783e-17	72.0	6.0	20.0	0.3967460238079361	0.49805555555555564	0.6469753803130751	-0.0028067480871693594	0.0	1.0
seed1	moderately_unequal	radial_node_size_only	0.0	building_equal	nested_max	300	199	0.71	0.6562544981888744	0.7584354538968162	0.015	0.4999999999999999	5.551115123125783e-17	72.0	6.0	20.0	0.3967460238079361	0.49805555555555564	0.6469753803130751	-0.0028067480871693594	0.0	1.0
seed1	moderately_unequal	radial_node_size_only	0.0	building_equal	standardized_max	300	199	0.6966666666666667	0.642431561442127	0.7459288698762181	0.015	0.4999999999999999	5.551115123125783e-17	72.0	6.0	20.0	0.3967460238079361	0.49805555555555564	0.6469753803130751	-0.0028067480871693594	0.0	1.0
seed1	moderately_unequal	radial_node_size_only	0.0	building_equal	cv_retrained	300	199	0.5566666666666666	0.5000873808268701	0.6118130824343481	0.035	0.4999999999999999	5.551115123125783e-17	72.0	6.0	20.0	0.3967460238079361	0.49805555555555564	0.6469753803130751	-0.0028067480871693594	0.0	1.0
seed1	moderately_unequal	radial_node_size_only	0.0	building_equal	cv_standardized	300	199	0.5966666666666667	0.540271195643406	0.6506178299198485	0.0275	0.4999999999999999	5.551115123125783e-17	72.0	6.0	20.0	0.3967460238079361	0.49805555555555564	0.6469753803130751	-0.0028067480871693594	0.0	1.0
seed1	moderately_unequal	radial_node_size_only	0.0	sqrt_rooms	profile	300	199	0.7066666666666667	0.6527939127218992	0.755313659171955	0.015	0.5	0.0	72.0	6.0	20.0	0.3967460238079361	0.49805555555555564	0.6469753803130751	-0.0028067480871693594	0.0	1.0
seed1	moderately_unequal	radial_node_size_only	0.0	sqrt_rooms	mantel	300	199	0.6766666666666666	0.6217915462510746	0.7270746039162523	0.02	0.5	0.0	72.0	6.0	20.0	0.3967460238079361	0.49805555555555564	0.6469753803130751	-0.0028067480871693594	0.0	1.0
seed1	moderately_unequal	radial_node_size_only	0.0	sqrt_rooms	nested_max	300	199	0.71	0.6562544981888744	0.7584354538968162	0.015	0.5	0.0	72.0	6.0	20.0	0.3967460238079361	0.49805555555555564	0.6469753803130751	-0.0028067480871693594	0.0	1.0
seed1	moderately_unequal	radial_node_size_only	0.0	sqrt_rooms	standardized_max	300	199	0.6966666666666667	0.642431561442127	0.7459288698762181	0.015	0.5	0.0	72.0	6.0	20.0	0.3967460238079361	0.49805555555555564	0.6469753803130751	-0.0028067480871693594	0.0	1.0
seed1	moderately_unequal	radial_node_size_only	0.0	sqrt_rooms	cv_retrained	300	199	0.62	0.5638844388564824	0.6730812480496265	0.025	0.5	0.0	72.0	6.0	20.0	0.3967460238079361	0.49805555555555564	0.6469753803130751	-0.0028067480871693594	0.0	1.0
seed1	moderately_unequal	radial_node_size_only	0.0	sqrt_rooms	cv_standardized	300	199	0.61	0.553748567961591	0.6634699783690088	0.0275	0.5	0.0	72.0	6.0	20.0	0.3967460238079361	0.49805555555555564	0.6469753803130751	-0.0028067480871693594	0.0	1.0
seed1	moderately_unequal	radial_node_size_only	0.0	room_equal	profile	300	199	0.7066666666666667	0.6527939127218992	0.755313659171955	0.015	0.5	0.0	72.0	6.0	20.0	0.3967460238079361	0.49805555555555564	0.6469753803130751	-0.0028067480871693594	0.0	1.0
seed1	moderately_unequal	radial_node_size_only	0.0	room_equal	mantel	300	199	0.6766666666666666	0.6217915462510746	0.7270746039162523	0.02	0.5	0.0	72.0	6.0	20.0	0.3967460238079361	0.49805555555555564	0.6469753803130751	-0.0028067480871693594	0.0	1.0
seed1	moderately_unequal	radial_node_size_only	0.0	room_equal	nested_max	300	199	0.71	0.6562544981888744	0.7584354538968162	0.015	0.5	0.0	72.0	6.0	20.0	0.3967460238079361	0.49805555555555564	0.6469753803130751	-0.0028067480871693594	0.0	1.0
seed1	moderately_unequal	radial_node_size_only	0.0	room_equal	standardized_max	300	199	0.6966666666666667	0.642431561442127	0.7459288698762181	0.015	0.5	0.0	72.0	6.0	20.0	0.3967460238079361	0.49805555555555564	0.6469753803130751	-0.0028067480871693594	0.0	1.0
seed1	moderately_unequal	radial_node_size_only	0.0	room_equal	cv_retrained	300	199	0.65	0.5944391111549903	0.7017679974776458	0.025	0.5	0.0	72.0	6.0	20.0	0.3967460238079361	0.49805555555555564	0.6469753803130751	-0.0028067480871693594	0.0	1.0
seed1	moderately_unequal	radial_node_size_only	0.0	room_equal	cv_standardized	300	199	0.6066666666666667	0.5503752712846574	0.6602608948541061	0.03	0.5	0.0	72.0	6.0	20.0	0.3967460238079361	0.49805555555555564	0.6469753803130751	-0.0028067480871693594	0.0	1.0
seed1	moderately_unequal	radial_node_size_only	0.1	building_equal	profile	300	199	0.7066666666666667	0.6527939127218992	0.755313659171955	0.015	0.5032086820220979	0.0026260567118288436	72.0	6.0	20.0	0.3967460238079361	0.49805555555555564	0.6469753803130751	-0.0028067480871693594	0.0	1.0
seed1	moderately_unequal	radial_node_size_only	0.1	building_equal	mantel	300	199	0.6766666666666666	0.6217915462510746	0.7270746039162523	0.02	0.5032086820220979	0.0026260567118288436	72.0	6.0	20.0	0.3967460238079361	0.49805555555555564	0.6469753803130751	-0.0028067480871693594	0.0	1.0
seed1	moderately_unequal	radial_node_size_only	0.1	building_equal	nested_max	300	199	0.71	0.6562544981888744	0.7584354538968162	0.015	0.5032086820220979	0.0026260567118288436	72.0	6.0	20.0	0.3967460238079361	0.49805555555555564	0.6469753803130751	-0.0028067480871693594	0.0	1.0
seed1	moderately_unequal	radial_node_size_only	0.1	building_equal	standardized_max	300	199	0.6966666666666667	0.642431561442127	0.7459288698762181	0.015	0.5032086820220979	0.0026260567118288436	72.0	6.0	20.0	0.3967460238079361	0.49805555555555564	0.6469753803130751	-0.0028067480871693594	0.0	1.0
seed1	moderately_unequal	radial_node_size_only	0.1	building_equal	cv_retrained	300	199	0.5533333333333333	0.496755238029873	0.6085628450395089	0.035	0.5032086820220979	0.0026260567118288436	72.0	6.0	20.0	0.3967460238079361	0.49805555555555564	0.6469753803130751	-0.0028067480871693594	0.0	1.0
seed1	moderately_unequal	radial_node_size_only	0.1	building_equal	cv_standardized	300	199	0.5966666666666667	0.540271195643406	0.6506178299198485	0.03	0.5030910355059091	0.00844249402587143	72.0	6.0	20.0	0.3967460238079361	0.49805555555555564	0.6469753803130751	-0.0028067480871693594	0.0	1.0
seed1	moderately_unequal	radial_node_size_only	0.1	sqrt_rooms	profile	300	199	0.7066666666666667	0.6527939127218992	0.755313659171955	0.015	0.5031739471378105	0.0024135121582042696	72.0	6.0	20.0	0.3967460238079361	0.49805555555555564	0.6469753803130751	-0.0028067480871693594	0.0	1.0
seed1	moderately_unequal	radial_node_size_only	0.1	sqrt_rooms	mantel	300	199	0.6766666666666666	0.6217915462510746	0.7270746039162523	0.02	0.5031739471378105	0.0024135121582042696	72.0	6.0	20.0	0.3967460238079361	0.49805555555555564	0.6469753803130751	-0.0028067480871693594	0.0	1.0
seed1	moderately_unequal	radial_node_size_only	0.1	sqrt_rooms	nested_max	300	199	0.71	0.6562544981888744	0.7584354538968162	0.015	0.5031739471378105	0.0024135121582042696	72.0	6.0	20.0	0.3967460238079361	0.49805555555555564	0.6469753803130751	-0.0028067480871693594	0.0	1.0
seed1	moderately_unequal	radial_node_size_only	0.1	sqrt_rooms	standardized_max	300	199	0.6966666666666667	0.642431561442127	0.7459288698762181	0.015	0.5031739471378105	0.0024135121582042696	72.0	6.0	20.0	0.3967460238079361	0.49805555555555564	0.6469753803130751	-0.0028067480871693594	0.0	1.0
seed1	moderately_unequal	radial_node_size_only	0.1	sqrt_rooms	cv_retrained	300	199	0.62	0.5638844388564824	0.6730812480496265	0.025	0.5031739471378105	0.0024135121582042696	72.0	6.0	20.0	0.3967460238079361	0.49805555555555564	0.6469753803130751	-0.0028067480871693594	0.0	1.0
seed1	moderately_unequal	radial_node_size_only	0.1	sqrt_rooms	cv_standardized	300	199	0.61	0.553748567961591	0.6634699783690088	0.025	0.5028195348969466	0.00826214739359443	72.0	6.0	20.0	0.3967460238079361	0.49805555555555564	0.6469753803130751	-0.0028067480871693594	0.0	1.0
seed1	moderately_unequal	radial_node_size_only	0.1	room_equal	profile	300	199	0.7066666666666667	0.6527939127218992	0.755313659171955	0.015	0.5031409484795788	0.002266934581819159	72.0	6.0	20.0	0.3967460238079361	0.49805555555555564	0.6469753803130751	-0.0028067480871693594	0.0	1.0
seed1	moderately_unequal	radial_node_size_only	0.1	room_equal	mantel	300	199	0.6766666666666666	0.6217915462510746	0.7270746039162523	0.02	0.5031409484795788	0.002266934581819159	72.0	6.0	20.0	0.3967460238079361	0.49805555555555564	0.6469753803130751	-0.0028067480871693594	0.0	1.0
seed1	moderately_unequal	radial_node_size_only	0.1	room_equal	nested_max	300	199	0.71	0.6562544981888744	0.7584354538968162	0.015	0.5031409484795788	0.002266934581819159	72.0	6.0	20.0	0.3967460238079361	0.49805555555555564	0.6469753803130751	-0.0028067480871693594	0.0	1.0
seed1	moderately_unequal	radial_node_size_only	0.1	room_equal	standardized_max	300	199	0.6966666666666667	0.642431561442127	0.7459288698762181	0.015	0.5031409484795788	0.002266934581819159	72.0	6.0	20.0	0.3967460238079361	0.49805555555555564	0.6469753803130751	-0.0028067480871693594	0.0	1.0
seed1	moderately_unequal	radial_node_size_only	0.1	room_equal	cv_retrained	300	199	0.65	0.5944391111549903	0.7017679974776458	0.025	0.5031409484795788	0.002266934581819159	72.0	6.0	20.0	0.3967460238079361	0.49805555555555564	0.6469753803130751	-0.0028067480871693594	0.0	1.0
seed1	moderately_unequal	radial_node_size_only	0.1	room_equal	cv_standardized	300	199	0.61	0.553748567961591	0.6634699783690088	0.03	0.5025682788570675	0.008255888499069705	72.0	6.0	20.0	0.3967460238079361	0.49805555555555564	0.6469753803130751	-0.0028067480871693594	0.0	1.0
seed1	moderately_unequal	radial_node_size_only	0.25	building_equal	profile	300	199	0.7066666666666667	0.6527939127218992	0.755313659171955	0.015	0.5080198568748769	0.006562779960566847	72.0	6.0	20.0	0.3967460238079361	0.49805555555555564	0.6469753803130751	-0.0028067480871693594	0.0	1.0
seed1	moderately_unequal	radial_node_size_only	0.25	building_equal	mantel	300	199	0.6766666666666666	0.6217915462510746	0.7270746039162523	0.02	0.5080198568748769	0.006562779960566847	72.0	6.0	20.0	0.3967460238079361	0.49805555555555564	0.6469753803130751	-0.0028067480871693594	0.0	1.0
seed1	moderately_unequal	radial_node_size_only	0.25	building_equal	nested_max	300	199	0.71	0.6562544981888744	0.7584354538968162	0.015	0.5080198568748769	0.006562779960566847	72.0	6.0	20.0	0.3967460238079361	0.49805555555555564	0.6469753803130751	-0.0028067480871693594	0.0	1.0
seed1	moderately_unequal	radial_node_size_only	0.25	building_equal	standardized_max	300	199	0.6966666666666667	0.642431561442127	0.7459288698762181	0.015	0.5080198568748769	0.006562779960566847	72.0	6.0	20.0	0.3967460238079361	0.49805555555555564	0.6469753803130751	-0.0028067480871693594	0.0	1.0
seed1	moderately_unequal	radial_node_size_only	0.25	building_equal	cv_retrained	300	199	0.56	0.503422038437878	0.6150608050151765	0.035	0.5080198568748769	0.006562779960566847	72.0	6.0	20.0	0.3967460238079361	0.49805555555555564	0.6469753803130751	-0.0028067480871693594	0.0	1.0
seed1	moderately_unequal	radial_node_size_only	0.25	building_equal	cv_standardized	300	199	0.6	0.5436365963411878	0.653834809413903	0.03	0.507717076714449	0.021063975803705202	72.0	6.0	20.0	0.3967460238079361	0.49805555555555564	0.6469753803130751	-0.0028067480871693594	0.0	1.0
seed1	moderately_unequal	radial_node_size_only	0.25	sqrt_rooms	profile	300	199	0.7066666666666667	0.6527939127218992	0.755313659171955	0.015	0.5079332637074854	0.006031812111215215	72.0	6.0	20.0	0.3967460238079361	0.49805555555555564	0.6469753803130751	-0.0028067480871693594	0.0	1.0
seed1	moderately_unequal	radial_node_size_only	0.25	sqrt_rooms	mantel	300	199	0.6766666666666666	0.6217915462510746	0.7270746039162523	0.02	0.5079332637074854	0.006031812111215215	72.0	6.0	20.0	0.3967460238079361	0.49805555555555564	0.6469753803130751	-0.0028067480871693594	0.0	1.0
seed1	moderately_unequal	radial_node_size_only	0.25	sqrt_rooms	nested_max	300	199	0.71	0.6562544981888744	0.7584354538968162	0.015	0.5079332637074854	0.006031812111215215	72.0	6.0	20.0	0.3967460238079361	0.49805555555555564	0.6469753803130751	-0.0028067480871693594	0.0	1.0
seed1	moderately_unequal	radial_node_size_only	0.25	sqrt_rooms	standardized_max	300	199	0.6966666666666667	0.642431561442127	0.7459288698762181	0.015	0.5079332637074854	0.006031812111215215	72.0	6.0	20.0	0.3967460238079361	0.49805555555555564	0.6469753803130751	-0.0028067480871693594	0.0	1.0
seed1	moderately_unequal	radial_node_size_only	0.25	sqrt_rooms	cv_retrained	300	199	0.6233333333333333	0.5672684321681708	0.6762796349297745	0.025	0.5079332637074854	0.006031812111215215	72.0	6.0	20.0	0.3967460238079361	0.49805555555555564	0.6469753803130751	-0.0028067480871693594	0.0	1.0
seed1	moderately_unequal	radial_node_size_only	0.25	sqrt_rooms	cv_standardized	300	199	0.6	0.5436365963411878	0.653834809413903	0.025	0.5070399033991057	0.020616023022107726	72.0	6.0	20.0	0.3967460238079361	0.49805555555555564	0.6469753803130751	-0.0028067480871693594	0.0	1.0
seed1	moderately_unequal	radial_node_size_only	0.25	room_equal	profile	300	199	0.7066666666666667	0.6527939127218992	0.755313659171955	0.015	0.5078509048508628	0.005665621896001994	72.0	6.0	20.0	0.3967460238079361	0.49805555555555564	0.6469753803130751	-0.0028067480871693594	0.0	1.0
seed1	moderately_unequal	radial_node_size_only	0.25	room_equal	mantel	300	199	0.6766666666666666	0.6217915462510746	0.7270746039162523	0.02	0.5078509048508628	0.005665621896001994	72.0	6.0	20.0	0.3967460238079361	0.49805555555555564	0.6469753803130751	-0.0028067480871693594	0.0	1.0
seed1	moderately_unequal	radial_node_size_only	0.25	room_equal	nested_max	300	199	0.71	0.6562544981888744	0.7584354538968162	0.015	0.5078509048508628	0.005665621896001994	72.0	6.0	20.0	0.3967460238079361	0.49805555555555564	0.6469753803130751	-0.0028067480871693594	0.0	1.0
seed1	moderately_unequal	radial_node_size_only	0.25	room_equal	standardized_max	300	199	0.6966666666666667	0.642431561442127	0.7459288698762181	0.015	0.5078509048508628	0.005665621896001994	72.0	6.0	20.0	0.3967460238079361	0.49805555555555564	0.6469753803130751	-0.0028067480871693594	0.0	1.0
seed1	moderately_unequal	radial_node_size_only	0.25	room_equal	cv_retrained	300	199	0.6533333333333333	0.5978480299293977	0.7049414588950748	0.0225	0.5078509048508628	0.005665621896001994	72.0	6.0	20.0	0.3967460238079361	0.49805555555555564	0.6469753803130751	-0.0028067480871693594	0.0	1.0
seed1	moderately_unequal	radial_node_size_only	0.25	room_equal	cv_standardized	300	199	0.6066666666666667	0.5503752712846574	0.6602608948541061	0.03	0.5064128980472492	0.020599937405857326	72.0	6.0	20.0	0.3967460238079361	0.49805555555555564	0.6469753803130751	-0.0028067480871693594	0.0	1.0
seed1	moderately_unequal	radial_node_size_only	0.5	building_equal	profile	300	199	0.7066666666666667	0.6527939127218992	0.755313659171955	0.015	0.5160265392916918	0.013108743636057046	72.0	6.0	20.0	0.3967460238079361	0.49805555555555564	0.6469753803130751	-0.0028067480871693594	0.0	1.0
seed1	moderately_unequal	radial_node_size_only	0.5	building_equal	mantel	300	199	0.6766666666666666	0.6217915462510746	0.7270746039162523	0.02	0.5160265392916918	0.013108743636057046	72.0	6.0	20.0	0.3967460238079361	0.49805555555555564	0.6469753803130751	-0.0028067480871693594	0.0	1.0
seed1	moderately_unequal	radial_node_size_only	0.5	building_equal	nested_max	300	199	0.71	0.6562544981888744	0.7584354538968162	0.015	0.5160265392916918	0.013108743636057046	72.0	6.0	20.0	0.3967460238079361	0.49805555555555564	0.6469753803130751	-0.0028067480871693594	0.0	1.0
seed1	moderately_unequal	radial_node_size_only	0.5	building_equal	standardized_max	300	199	0.6966666666666667	0.642431561442127	0.7459288698762181	0.015	0.5160265392916918	0.013108743636057046	72.0	6.0	20.0	0.3967460238079361	0.49805555555555564	0.6469753803130751	-0.0028067480871693594	0.0	1.0
seed1	moderately_unequal	radial_node_size_only	0.5	building_equal	cv_retrained	300	199	0.56	0.503422038437878	0.6150608050151765	0.035	0.5160265392916918	0.013108743636057046	72.0	6.0	20.0	0.3967460238079361	0.49805555555555564	0.6469753803130751	-0.0028067480871693594	0.0	1.0
seed1	moderately_unequal	radial_node_size_only	0.5	building_equal	cv_standardized	300	199	0.6033333333333334	0.5470046178899679	0.6570491680569592	0.03	0.5153598667988524	0.04183193466855117	72.0	6.0	20.0	0.3967460238079361	0.49805555555555564	0.6469753803130751	-0.0028067480871693594	0.0	1.0
seed1	moderately_unequal	radial_node_size_only	0.5	sqrt_rooms	profile	300	199	0.7066666666666667	0.6527939127218992	0.755313659171955	0.015	0.5158550895092774	0.012049603795441951	72.0	6.0	20.0	0.3967460238079361	0.49805555555555564	0.6469753803130751	-0.0028067480871693594	0.0	1.0
seed1	moderately_unequal	radial_node_size_only	0.5	sqrt_rooms	mantel	300	199	0.6766666666666666	0.6217915462510746	0.7270746039162523	0.02	0.5158550895092774	0.012049603795441951	72.0	6.0	20.0	0.3967460238079361	0.49805555555555564	0.6469753803130751	-0.0028067480871693594	0.0	1.0
seed1	moderately_unequal	radial_node_size_only	0.5	sqrt_rooms	nested_max	300	199	0.71	0.6562544981888744	0.7584354538968162	0.015	0.5158550895092774	0.012049603795441951	72.0	6.0	20.0	0.3967460238079361	0.49805555555555564	0.6469753803130751	-0.0028067480871693594	0.0	1.0
seed1	moderately_unequal	radial_node_size_only	0.5	sqrt_rooms	standardized_max	300	199	0.6966666666666667	0.642431561442127	0.7459288698762181	0.015	0.5158550895092774	0.012049603795441951	72.0	6.0	20.0	0.3967460238079361	0.49805555555555564	0.6469753803130751	-0.0028067480871693594	0.0	1.0
seed1	moderately_unequal	radial_node_size_only	0.5	sqrt_rooms	cv_retrained	300	199	0.6333333333333333	0.5774367141816825	0.6858584934917717	0.025	0.5158550895092774	0.012049603795441951	72.0	6.0	20.0	0.3967460238079361	0.49805555555555564	0.6469753803130751	-0.0028067480871693594	0.0	1.0
seed1	moderately_unequal	radial_node_size_only	0.5	sqrt_rooms	cv_standardized	300	199	0.6066666666666667	0.5503752712846574	0.6602608948541061	0.025	0.5140165578060809	0.040956250967553696	72.0	6.0	20.0	0.3967460238079361	0.49805555555555564	0.6469753803130751	-0.0028067480871693594	0.0	1.0
seed1	moderately_unequal	radial_node_size_only	0.5	room_equal	profile	300	199	0.7066666666666667	0.6527939127218992	0.755313659171955	0.015	0.5156913526161852	0.011319027321242054	72.0	6.0	20.0	0.3967460238079361	0.49805555555555564	0.6469753803130751	-0.0028067480871693594	0.0	1.0
seed1	moderately_unequal	radial_node_size_only	0.5	room_equal	mantel	300	199	0.6766666666666666	0.6217915462510746	0.7270746039162523	0.02	0.5156913526161852	0.011319027321242054	72.0	6.0	20.0	0.3967460238079361	0.49805555555555564	0.6469753803130751	-0.0028067480871693594	0.0	1.0
seed1	moderately_unequal	radial_node_size_only	0.5	room_equal	nested_max	300	199	0.71	0.6562544981888744	0.7584354538968162	0.015	0.5156913526161852	0.011319027321242054	72.0	6.0	20.0	0.3967460238079361	0.49805555555555564	0.6469753803130751	-0.0028067480871693594	0.0	1.0
seed1	moderately_unequal	radial_node_size_only	0.5	room_equal	standardized_max	300	199	0.6966666666666667	0.642431561442127	0.7459288698762181	0.015	0.5156913526161852	0.011319027321242054	72.0	6.0	20.0	0.3967460238079361	0.49805555555555564	0.6469753803130751	-0.0028067480871693594	0.0	1.0
seed1	moderately_unequal	radial_node_size_only	0.5	room_equal	cv_retrained	300	199	0.6533333333333333	0.5978480299293977	0.7049414588950748	0.02	0.5156913526161852	0.011319027321242054	72.0	6.0	20.0	0.3967460238079361	0.49805555555555564	0.6469753803130751	-0.0028067480871693594	0.0	1.0
seed1	moderately_unequal	radial_node_size_only	0.5	room_equal	cv_standardized	300	199	0.61	0.553748567961591	0.6634699783690088	0.03	0.5127705095713373	0.04092103918489636	72.0	6.0	20.0	0.3967460238079361	0.49805555555555564	0.6469753803130751	-0.0028067480871693594	0.0	1.0
seed1	moderately_unequal	radial_node_size_only	1.0	building_equal	profile	300	199	0.7066666666666667	0.6527939127218992	0.755313659171955	0.015	0.5319485113462279	0.026084609905250276	72.0	6.0	20.0	0.3967460238079361	0.49805555555555564	0.6469753803130751	-0.0028067480871693594	0.0	1.0
seed1	moderately_unequal	radial_node_size_only	1.0	building_equal	mantel	300	199	0.6766666666666666	0.6217915462510746	0.7270746039162523	0.02	0.5319485113462279	0.026084609905250276	72.0	6.0	20.0	0.3967460238079361	0.49805555555555564	0.6469753803130751	-0.0028067480871693594	0.0	1.0
seed1	moderately_unequal	radial_node_size_only	1.0	building_equal	nested_max	300	199	0.71	0.6562544981888744	0.7584354538968162	0.015	0.5319485113462279	0.026084609905250276	72.0	6.0	20.0	0.3967460238079361	0.49805555555555564	0.6469753803130751	-0.0028067480871693594	0.0	1.0
seed1	moderately_unequal	radial_node_size_only	1.0	building_equal	standardized_max	300	199	0.6966666666666667	0.642431561442127	0.7459288698762181	0.015	0.5319485113462279	0.026084609905250276	72.0	6.0	20.0	0.3967460238079361	0.49805555555555564	0.6469753803130751	-0.0028067480871693594	0.0	1.0
seed1	moderately_unequal	radial_node_size_only	1.0	building_equal	cv_retrained	300	199	0.5533333333333333	0.496755238029873	0.6085628450395089	0.035	0.5319485113462279	0.026084609905250276	72.0	6.0	20.0	0.3967460238079361	0.49805555555555564	0.6469753803130751	-0.0028067480871693594	0.0	1.0
seed1	moderately_unequal	radial_node_size_only	1.0	building_equal	cv_standardized	300	199	0.6133333333333333	0.5571245198072374	0.6666764067151987	0.03	0.5301494646141471	0.08145968982388956	72.0	6.0	20.0	0.3967460238079361	0.49805555555555564	0.6469753803130751	-0.0028067480871693594	0.0	1.0
seed1	moderately_unequal	radial_node_size_only	1.0	sqrt_rooms	profile	300	199	0.7066666666666667	0.6527939127218992	0.755313659171955	0.015	0.5316193010827258	0.023988237010847013	72.0	6.0	20.0	0.3967460238079361	0.49805555555555564	0.6469753803130751	-0.0028067480871693594	0.0	1.0
seed1	moderately_unequal	radial_node_size_only	1.0	sqrt_rooms	mantel	300	199	0.6766666666666666	0.6217915462510746	0.7270746039162523	0.02	0.5316193010827258	0.023988237010847013	72.0	6.0	20.0	0.3967460238079361	0.49805555555555564	0.6469753803130751	-0.0028067480871693594	0.0	1.0
seed1	moderately_unequal	radial_node_size_only	1.0	sqrt_rooms	nested_max	300	199	0.71	0.6562544981888744	0.7584354538968162	0.015	0.5316193010827258	0.023988237010847013	72.0	6.0	20.0	0.3967460238079361	0.49805555555555564	0.6469753803130751	-0.0028067480871693594	0.0	1.0
seed1	moderately_unequal	radial_node_size_only	1.0	sqrt_rooms	standardized_max	300	199	0.6966666666666667	0.642431561442127	0.7459288698762181	0.015	0.5316193010827258	0.023988237010847013	72.0	6.0	20.0	0.3967460238079361	0.49805555555555564	0.6469753803130751	-0.0028067480871693594	0.0	1.0
seed1	moderately_unequal	radial_node_size_only	1.0	sqrt_rooms	cv_retrained	300	199	0.63	0.5740445552913591	0.6826682721902588	0.025	0.5316193010827258	0.023988237010847013	72.0	6.0	20.0	0.3967460238079361	0.49805555555555564	0.6469753803130751	-0.0028067480871693594	0.0	1.0
seed1	moderately_unequal	radial_node_size_only	1.0	sqrt_rooms	cv_standardized	300	199	0.6133333333333333	0.5571245198072374	0.6666764067151987	0.025	0.5275444345342298	0.07985372643684417	72.0	6.0	20.0	0.3967460238079361	0.49805555555555564	0.6469753803130751	-0.0028067480871693594	0.0	1.0
seed1	moderately_unequal	radial_node_size_only	1.0	room_equal	profile	300	199	0.7066666666666667	0.6527939127218992	0.755313659171955	0.015	0.5312995696769754	0.022541259734414856	72.0	6.0	20.0	0.3967460238079361	0.49805555555555564	0.6469753803130751	-0.0028067480871693594	0.0	1.0
seed1	moderately_unequal	radial_node_size_only	1.0	room_equal	mantel	300	199	0.6766666666666666	0.6217915462510746	0.7270746039162523	0.02	0.5312995696769754	0.022541259734414856	72.0	6.0	20.0	0.3967460238079361	0.49805555555555564	0.6469753803130751	-0.0028067480871693594	0.0	1.0
seed1	moderately_unequal	radial_node_size_only	1.0	room_equal	nested_max	300	199	0.71	0.6562544981888744	0.7584354538968162	0.015	0.5312995696769754	0.022541259734414856	72.0	6.0	20.0	0.3967460238079361	0.49805555555555564	0.6469753803130751	-0.0028067480871693594	0.0	1.0
seed1	moderately_unequal	radial_node_size_only	1.0	room_equal	standardized_max	300	199	0.6966666666666667	0.642431561442127	0.7459288698762181	0.015	0.5312995696769754	0.022541259734414856	72.0	6.0	20.0	0.3967460238079361	0.49805555555555564	0.6469753803130751	-0.0028067480871693594	0.0	1.0
seed1	moderately_unequal	radial_node_size_only	1.0	room_equal	cv_retrained	300	199	0.6466666666666666	0.5910330291100347	0.698591699330765	0.02	0.5312995696769754	0.022541259734414856	72.0	6.0	20.0	0.3967460238079361	0.49805555555555564	0.6469753803130751	-0.0028067480871693594	0.0	1.0
seed1	moderately_unequal	radial_node_size_only	1.0	room_equal	cv_standardized	300	199	0.6133333333333333	0.5571245198072374	0.6666764067151987	0.0275	0.5251119199110402	0.07976163020682597	72.0	6.0	20.0	0.3967460238079361	0.49805555555555564	0.6469753803130751	-0.0028067480871693594	0.0	1.0
seed1	moderately_unequal	radial_node_size_only	2.0	building_equal	profile	300	199	0.7066666666666667	0.6527939127218992	0.755313659171955	0.015	0.5630857952507295	0.0511555914609269	72.0	6.0	20.0	0.3967460238079361	0.49805555555555564	0.6469753803130751	-0.0028067480871693594	0.0	1.0
seed1	moderately_unequal	radial_node_size_only	2.0	building_equal	mantel	300	199	0.6766666666666666	0.6217915462510746	0.7270746039162523	0.02	0.5630857952507295	0.0511555914609269	72.0	6.0	20.0	0.3967460238079361	0.49805555555555564	0.6469753803130751	-0.0028067480871693594	0.0	1.0
seed1	moderately_unequal	radial_node_size_only	2.0	building_equal	nested_max	300	199	0.71	0.6562544981888744	0.7584354538968162	0.015	0.5630857952507295	0.0511555914609269	72.0	6.0	20.0	0.3967460238079361	0.49805555555555564	0.6469753803130751	-0.0028067480871693594	0.0	1.0
seed1	moderately_unequal	radial_node_size_only	2.0	building_equal	standardized_max	300	199	0.6966666666666667	0.642431561442127	0.7459288698762181	0.015	0.5630857952507295	0.0511555914609269	72.0	6.0	20.0	0.3967460238079361	0.49805555555555564	0.6469753803130751	-0.0028067480871693594	0.0	1.0
seed1	moderately_unequal	radial_node_size_only	2.0	building_equal	cv_retrained	300	199	0.55	0.4934256045239535	0.6053100983535921	0.035	0.5630857952507295	0.0511555914609269	72.0	6.0	20.0	0.3967460238079361	0.49805555555555564	0.6469753803130751	-0.0028067480871693594	0.0	1.0
seed1	moderately_unequal	radial_node_size_only	2.0	building_equal	cv_standardized	300	199	0.6	0.5436365963411878	0.653834809413903	0.03	0.556382346966761	0.14900774292901148	72.0	6.0	20.0	0.3967460238079361	0.49805555555555564	0.6469753803130751	-0.0028067480871693594	0.0	1.0
seed1	moderately_unequal	radial_node_size_only	2.0	sqrt_rooms	profile	300	199	0.7066666666666667	0.6527939127218992	0.755313659171955	0.015	0.5625308100001863	0.04712474212968581	72.0	6.0	20.0	0.3967460238079361	0.49805555555555564	0.6469753803130751	-0.0028067480871693594	0.0	1.0
seed1	moderately_unequal	radial_node_size_only	2.0	sqrt_rooms	mantel	300	199	0.6766666666666666	0.6217915462510746	0.7270746039162523	0.02	0.5625308100001863	0.04712474212968581	72.0	6.0	20.0	0.3967460238079361	0.49805555555555564	0.6469753803130751	-0.0028067480871693594	0.0	1.0
seed1	moderately_unequal	radial_node_size_only	2.0	sqrt_rooms	nested_max	300	199	0.71	0.6562544981888744	0.7584354538968162	0.015	0.5625308100001863	0.04712474212968581	72.0	6.0	20.0	0.3967460238079361	0.49805555555555564	0.6469753803130751	-0.0028067480871693594	0.0	1.0
seed1	moderately_unequal	radial_node_size_only	2.0	sqrt_rooms	standardized_max	300	199	0.6966666666666667	0.642431561442127	0.7459288698762181	0.015	0.5625308100001863	0.04712474212968581	72.0	6.0	20.0	0.3967460238079361	0.49805555555555564	0.6469753803130751	-0.0028067480871693594	0.0	1.0
seed1	moderately_unequal	radial_node_size_only	2.0	sqrt_rooms	cv_retrained	300	199	0.63	0.5740445552913591	0.6826682721902588	0.025	0.5625308100001863	0.04712474212968581	72.0	6.0	20.0	0.3967460238079361	0.49805555555555564	0.6469753803130751	-0.0028067480871693594	0.0	1.0
seed1	moderately_unequal	radial_node_size_only	2.0	sqrt_rooms	cv_standardized	300	199	0.6166666666666667	0.5605031391673366	0.669880167546936	0.025	0.5516697764869369	0.1466077500503574	72.0	6.0	20.0	0.3967460238079361	0.49805555555555564	0.6469753803130751	-0.0028067480871693594	0.0	1.0
seed1	moderately_unequal	radial_node_size_only	2.0	room_equal	profile	300	199	0.7066666666666667	0.6527939127218992	0.755313659171955	0.015	0.5619501486392162	0.04433665411659113	72.0	6.0	20.0	0.3967460238079361	0.49805555555555564	0.6469753803130751	-0.0028067480871693594	0.0	1.0
seed1	moderately_unequal	radial_node_size_only	2.0	room_equal	mantel	300	199	0.6766666666666666	0.6217915462510746	0.7270746039162523	0.02	0.5619501486392162	0.04433665411659113	72.0	6.0	20.0	0.3967460238079361	0.49805555555555564	0.6469753803130751	-0.0028067480871693594	0.0	1.0
seed1	moderately_unequal	radial_node_size_only	2.0	room_equal	nested_max	300	199	0.71	0.6562544981888744	0.7584354538968162	0.015	0.5619501486392162	0.04433665411659113	72.0	6.0	20.0	0.3967460238079361	0.49805555555555564	0.6469753803130751	-0.0028067480871693594	0.0	1.0
seed1	moderately_unequal	radial_node_size_only	2.0	room_equal	standardized_max	300	199	0.6966666666666667	0.642431561442127	0.7459288698762181	0.015	0.5619501486392162	0.04433665411659113	72.0	6.0	20.0	0.3967460238079361	0.49805555555555564	0.6469753803130751	-0.0028067480871693594	0.0	1.0
seed1	moderately_unequal	radial_node_size_only	2.0	room_equal	cv_retrained	300	199	0.6566666666666666	0.6012598041861229	0.7081120648301859	0.02	0.5619501486392162	0.04433665411659113	72.0	6.0	20.0	0.3967460238079361	0.49805555555555564	0.6469753803130751	-0.0028067480871693594	0.0	1.0
seed1	moderately_unequal	radial_node_size_only	2.0	room_equal	cv_standardized	300	199	0.6166666666666667	0.5605031391673366	0.669880167546936	0.03	0.5471839513743004	0.1463093093092013	72.0	6.0	20.0	0.3967460238079361	0.49805555555555564	0.6469753803130751	-0.0028067480871693594	0.0	1.0
seed1	moderately_unequal	radial_node_size_only	4.0	building_equal	profile	300	199	0.7066666666666667	0.6527939127218992	0.755313659171955	0.015	0.6203681133376635	0.0954472852541507	72.0	6.0	20.0	0.3967460238079361	0.49805555555555564	0.6469753803130751	-0.0028067480871693594	0.0	1.0
seed1	moderately_unequal	radial_node_size_only	4.0	building_equal	mantel	300	199	0.6766666666666666	0.6217915462510746	0.7270746039162523	0.02	0.6203681133376635	0.0954472852541507	72.0	6.0	20.0	0.3967460238079361	0.49805555555555564	0.6469753803130751	-0.0028067480871693594	0.0	1.0
seed1	moderately_unequal	radial_node_size_only	4.0	building_equal	nested_max	300	199	0.71	0.6562544981888744	0.7584354538968162	0.015	0.6203681133376635	0.0954472852541507	72.0	6.0	20.0	0.3967460238079361	0.49805555555555564	0.6469753803130751	-0.0028067480871693594	0.0	1.0
seed1	moderately_unequal	radial_node_size_only	4.0	building_equal	standardized_max	300	199	0.6966666666666667	0.642431561442127	0.7459288698762181	0.015	0.6203681133376635	0.0954472852541507	72.0	6.0	20.0	0.3967460238079361	0.49805555555555564	0.6469753803130751	-0.0028067480871693594	0.0	1.0
seed1	moderately_unequal	radial_node_size_only	4.0	building_equal	cv_retrained	300	199	0.55	0.4934256045239535	0.6053100983535921	0.04	0.6203681133376635	0.0954472852541507	72.0	6.0	20.0	0.3967460238079361	0.49805555555555564	0.6469753803130751	-0.0028067480871693594	0.0	1.0
seed1	moderately_unequal	radial_node_size_only	4.0	building_equal	cv_standardized	300	199	0.5766666666666667	0.5201332672229635	0.6312614771892728	0.035	0.5928254242000504	0.2371008397723973	72.0	6.0	20.0	0.3967460238079361	0.49805555555555564	0.6469753803130751	-0.0028067480871693594	0.0	1.0
seed1	moderately_unequal	radial_node_size_only	4.0	sqrt_rooms	profile	300	199	0.7066666666666667	0.6527939127218992	0.755313659171955	0.015	0.6199319218430903	0.08837443838741754	72.0	6.0	20.0	0.3967460238079361	0.49805555555555564	0.6469753803130751	-0.0028067480871693594	0.0	1.0
seed1	moderately_unequal	radial_node_size_only	4.0	sqrt_rooms	mantel	300	199	0.6766666666666666	0.6217915462510746	0.7270746039162523	0.02	0.6199319218430903	0.08837443838741754	72.0	6.0	20.0	0.3967460238079361	0.49805555555555564	0.6469753803130751	-0.0028067480871693594	0.0	1.0
seed1	moderately_unequal	radial_node_size_only	4.0	sqrt_rooms	nested_max	300	199	0.71	0.6562544981888744	0.7584354538968162	0.015	0.6199319218430903	0.08837443838741754	72.0	6.0	20.0	0.3967460238079361	0.49805555555555564	0.6469753803130751	-0.0028067480871693594	0.0	1.0
seed1	moderately_unequal	radial_node_size_only	4.0	sqrt_rooms	standardized_max	300	199	0.6966666666666667	0.642431561442127	0.7459288698762181	0.015	0.6199319218430903	0.08837443838741754	72.0	6.0	20.0	0.3967460238079361	0.49805555555555564	0.6469753803130751	-0.0028067480871693594	0.0	1.0
seed1	moderately_unequal	radial_node_size_only	4.0	sqrt_rooms	cv_retrained	300	199	0.61	0.553748567961591	0.6634699783690088	0.025	0.6199319218430903	0.08837443838741754	72.0	6.0	20.0	0.3967460238079361	0.49805555555555564	0.6469753803130751	-0.0028067480871693594	0.0	1.0
seed1	moderately_unequal	radial_node_size_only	4.0	sqrt_rooms	cv_standardized	300	199	0.5866666666666667	0.5301906151568371	0.6409512698309082	0.0275	0.5853944527287364	0.23485364629712652	72.0	6.0	20.0	0.3967460238079361	0.49805555555555564	0.6469753803130751	-0.0028067480871693594	0.0	1.0
seed1	moderately_unequal	radial_node_size_only	4.0	room_equal	profile	300	199	0.7066666666666667	0.6527939127218992	0.755313659171955	0.015	0.619160193439996	0.0834650068084472	72.0	6.0	20.0	0.3967460238079361	0.49805555555555564	0.6469753803130751	-0.0028067480871693594	0.0	1.0
seed1	moderately_unequal	radial_node_size_only	4.0	room_equal	mantel	300	199	0.6766666666666666	0.6217915462510746	0.7270746039162523	0.02	0.619160193439996	0.0834650068084472	72.0	6.0	20.0	0.3967460238079361	0.49805555555555564	0.6469753803130751	-0.0028067480871693594	0.0	1.0
seed1	moderately_unequal	radial_node_size_only	4.0	room_equal	nested_max	300	199	0.71	0.6562544981888744	0.7584354538968162	0.015	0.619160193439996	0.0834650068084472	72.0	6.0	20.0	0.3967460238079361	0.49805555555555564	0.6469753803130751	-0.0028067480871693594	0.0	1.0
seed1	moderately_unequal	radial_node_size_only	4.0	room_equal	standardized_max	300	199	0.6966666666666667	0.642431561442127	0.7459288698762181	0.015	0.619160193439996	0.0834650068084472	72.0	6.0	20.0	0.3967460238079361	0.49805555555555564	0.6469753803130751	-0.0028067480871693594	0.0	1.0
seed1	moderately_unequal	radial_node_size_only	4.0	room_equal	cv_retrained	300	199	0.6466666666666666	0.5910330291100347	0.698591699330765	0.02	0.619160193439996	0.0834650068084472	72.0	6.0	20.0	0.3967460238079361	0.49805555555555564	0.6469753803130751	-0.0028067480871693594	0.0	1.0
seed1	moderately_unequal	radial_node_size_only	4.0	room_equal	cv_standardized	300	199	0.5933333333333334	0.5369084052348393	0.6473982401365789	0.03	0.5781427877768034	0.23392013021041516	72.0	6.0	20.0	0.3967460238079361	0.49805555555555564	0.6469753803130751	-0.0028067480871693594	0.0	1.0
seed1	moderately_unequal	radial_node_size_only	8.0	building_equal	profile	300	199	0.7066666666666667	0.6527939127218992	0.755313659171955	0.015	0.707777272112879	0.15656427405614856	72.0	6.0	20.0	0.3967460238079361	0.49805555555555564	0.6469753803130751	-0.0028067480871693594	0.0	1.0
seed1	moderately_unequal	radial_node_size_only	8.0	building_equal	mantel	300	199	0.6766666666666666	0.6217915462510746	0.7270746039162523	0.02	0.707777272112879	0.15656427405614856	72.0	6.0	20.0	0.3967460238079361	0.49805555555555564	0.6469753803130751	-0.0028067480871693594	0.0	1.0
seed1	moderately_unequal	radial_node_size_only	8.0	building_equal	nested_max	300	199	0.71	0.6562544981888744	0.7584354538968162	0.015	0.707777272112879	0.15656427405614856	72.0	6.0	20.0	0.3967460238079361	0.49805555555555564	0.6469753803130751	-0.0028067480871693594	0.0	1.0
seed1	moderately_unequal	radial_node_size_only	8.0	building_equal	standardized_max	300	199	0.6966666666666667	0.642431561442127	0.7459288698762181	0.015	0.707777272112879	0.15656427405614856	72.0	6.0	20.0	0.3967460238079361	0.49805555555555564	0.6469753803130751	-0.0028067480871693594	0.0	1.0
seed1	moderately_unequal	radial_node_size_only	8.0	building_equal	cv_retrained	300	199	0.5266666666666666	0.4701880395241621	0.5824710020105287	0.04	0.707777272112879	0.15656427405614856	72.0	6.0	20.0	0.3967460238079361	0.49805555555555564	0.6469753803130751	-0.0028067480871693594	0.0	1.0
seed1	moderately_unequal	radial_node_size_only	8.0	building_equal	cv_standardized	300	199	0.5333333333333333	0.4768149075854061	0.5890088943329576	0.04	0.6242075662369683	0.31329318401691875	72.0	6.0	20.0	0.3967460238079361	0.49805555555555564	0.6469753803130751	-0.0028067480871693594	0.0	1.0
seed1	moderately_unequal	radial_node_size_only	8.0	sqrt_rooms	profile	300	199	0.7066666666666667	0.6527939127218992	0.755313659171955	0.015	0.7097902605944493	0.14629984682915123	72.0	6.0	20.0	0.3967460238079361	0.49805555555555564	0.6469753803130751	-0.0028067480871693594	0.0	1.0
seed1	moderately_unequal	radial_node_size_only	8.0	sqrt_rooms	mantel	300	199	0.6766666666666666	0.6217915462510746	0.7270746039162523	0.02	0.7097902605944493	0.14629984682915123	72.0	6.0	20.0	0.3967460238079361	0.49805555555555564	0.6469753803130751	-0.0028067480871693594	0.0	1.0
seed1	moderately_unequal	radial_node_size_only	8.0	sqrt_rooms	nested_max	300	199	0.71	0.6562544981888744	0.7584354538968162	0.015	0.7097902605944493	0.14629984682915123	72.0	6.0	20.0	0.3967460238079361	0.49805555555555564	0.6469753803130751	-0.0028067480871693594	0.0	1.0
seed1	moderately_unequal	radial_node_size_only	8.0	sqrt_rooms	standardized_max	300	199	0.6966666666666667	0.642431561442127	0.7459288698762181	0.015	0.7097902605944493	0.14629984682915123	72.0	6.0	20.0	0.3967460238079361	0.49805555555555564	0.6469753803130751	-0.0028067480871693594	0.0	1.0
seed1	moderately_unequal	radial_node_size_only	8.0	sqrt_rooms	cv_retrained	300	199	0.5966666666666667	0.540271195643406	0.6506178299198485	0.03	0.7097902605944493	0.14629984682915123	72.0	6.0	20.0	0.3967460238079361	0.49805555555555564	0.6469753803130751	-0.0028067480871693594	0.0	1.0
seed1	moderately_unequal	radial_node_size_only	8.0	sqrt_rooms	cv_standardized	300	199	0.5666666666666667	0.5100989219821965	0.6215486818545306	0.035	0.6144363974875275	0.3126021607436377	72.0	6.0	20.0	0.3967460238079361	0.49805555555555564	0.6469753803130751	-0.0028067480871693594	0.0	1.0
seed1	moderately_unequal	radial_node_size_only	8.0	room_equal	profile	300	199	0.7066666666666667	0.6527939127218992	0.755313659171955	0.015	0.709996162280176	0.13926263678579398	72.0	6.0	20.0	0.3967460238079361	0.49805555555555564	0.6469753803130751	-0.0028067480871693594	0.0	1.0
seed1	moderately_unequal	radial_node_size_only	8.0	room_equal	mantel	300	199	0.6766666666666666	0.6217915462510746	0.7270746039162523	0.02	0.709996162280176	0.13926263678579398	72.0	6.0	20.0	0.3967460238079361	0.49805555555555564	0.6469753803130751	-0.0028067480871693594	0.0	1.0
seed1	moderately_unequal	radial_node_size_only	8.0	room_equal	nested_max	300	199	0.71	0.6562544981888744	0.7584354538968162	0.015	0.709996162280176	0.13926263678579398	72.0	6.0	20.0	0.3967460238079361	0.49805555555555564	0.6469753803130751	-0.0028067480871693594	0.0	1.0
seed1	moderately_unequal	radial_node_size_only	8.0	room_equal	standardized_max	300	199	0.6966666666666667	0.642431561442127	0.7459288698762181	0.015	0.709996162280176	0.13926263678579398	72.0	6.0	20.0	0.3967460238079361	0.49805555555555564	0.6469753803130751	-0.0028067480871693594	0.0	1.0
seed1	moderately_unequal	radial_node_size_only	8.0	room_equal	cv_retrained	300	199	0.63	0.5740445552913591	0.6826682721902588	0.025	0.709996162280176	0.13926263678579398	72.0	6.0	20.0	0.3967460238079361	0.49805555555555564	0.6469753803130751	-0.0028067480871693594	0.0	1.0
seed1	moderately_unequal	radial_node_size_only	8.0	room_equal	cv_standardized	300	199	0.5666666666666667	0.5100989219821965	0.6215486818545306	0.035	0.6052596024190675	0.31025132146130435	72.0	6.0	20.0	0.3967460238079361	0.49805555555555564	0.6469753803130751	-0.0028067480871693594	0.0	1.0
seed1	moderately_unequal	radial_node_size_only	16.0	building_equal	profile	300	199	0.7066666666666667	0.6527939127218992	0.755313659171955	0.015	0.7964633911872574	0.2096859504839724	72.0	6.0	20.0	0.3967460238079361	0.49805555555555564	0.6469753803130751	-0.0028067480871693594	0.0	1.0
seed1	moderately_unequal	radial_node_size_only	16.0	building_equal	mantel	300	199	0.6766666666666666	0.6217915462510746	0.7270746039162523	0.02	0.7964633911872574	0.2096859504839724	72.0	6.0	20.0	0.3967460238079361	0.49805555555555564	0.6469753803130751	-0.0028067480871693594	0.0	1.0
seed1	moderately_unequal	radial_node_size_only	16.0	building_equal	nested_max	300	199	0.71	0.6562544981888744	0.7584354538968162	0.015	0.7964633911872574	0.2096859504839724	72.0	6.0	20.0	0.3967460238079361	0.49805555555555564	0.6469753803130751	-0.0028067480871693594	0.0	1.0
seed1	moderately_unequal	radial_node_size_only	16.0	building_equal	standardized_max	300	199	0.6966666666666667	0.642431561442127	0.7459288698762181	0.015	0.7964633911872574	0.2096859504839724	72.0	6.0	20.0	0.3967460238079361	0.49805555555555564	0.6469753803130751	-0.0028067480871693594	0.0	1.0
seed1	moderately_unequal	radial_node_size_only	16.0	building_equal	cv_retrained	300	199	0.5266666666666666	0.4701880395241621	0.5824710020105287	0.04	0.7964633911872574	0.2096859504839724	72.0	6.0	20.0	0.3967460238079361	0.49805555555555564	0.6469753803130751	-0.0028067480871693594	0.0	1.0
seed1	moderately_unequal	radial_node_size_only	16.0	building_equal	cv_standardized	300	199	0.5066666666666667	0.45036683073695566	0.5627979296467172	0.045	0.6385033346561253	0.3567450918330569	72.0	6.0	20.0	0.3967460238079361	0.49805555555555564	0.6469753803130751	-0.0028067480871693594	0.0	1.0
seed1	moderately_unequal	radial_node_size_only	16.0	sqrt_rooms	profile	300	199	0.7066666666666667	0.6527939127218992	0.755313659171955	0.015	0.8052787358523894	0.19723173404839922	72.0	6.0	20.0	0.3967460238079361	0.49805555555555564	0.6469753803130751	-0.0028067480871693594	0.0	1.0
seed1	moderately_unequal	radial_node_size_only	16.0	sqrt_rooms	mantel	300	199	0.6766666666666666	0.6217915462510746	0.7270746039162523	0.02	0.8052787358523894	0.19723173404839922	72.0	6.0	20.0	0.3967460238079361	0.49805555555555564	0.6469753803130751	-0.0028067480871693594	0.0	1.0
seed1	moderately_unequal	radial_node_size_only	16.0	sqrt_rooms	nested_max	300	199	0.71	0.6562544981888744	0.7584354538968162	0.015	0.8052787358523894	0.19723173404839922	72.0	6.0	20.0	0.3967460238079361	0.49805555555555564	0.6469753803130751	-0.0028067480871693594	0.0	1.0
seed1	moderately_unequal	radial_node_size_only	16.0	sqrt_rooms	standardized_max	300	199	0.6966666666666667	0.642431561442127	0.7459288698762181	0.015	0.8052787358523894	0.19723173404839922	72.0	6.0	20.0	0.3967460238079361	0.49805555555555564	0.6469753803130751	-0.0028067480871693594	0.0	1.0
seed1	moderately_unequal	radial_node_size_only	16.0	sqrt_rooms	cv_retrained	300	199	0.5933333333333334	0.5369084052348393	0.6473982401365789	0.03	0.8052787358523894	0.19723173404839922	72.0	6.0	20.0	0.3967460238079361	0.49805555555555564	0.6469753803130751	-0.0028067480871693594	0.0	1.0
seed1	moderately_unequal	radial_node_size_only	16.0	sqrt_rooms	cv_standardized	300	199	0.54	0.4834517097991302	0.5955368525029061	0.04	0.6275086396007576	0.3582736641431202	72.0	6.0	20.0	0.3967460238079361	0.49805555555555564	0.6469753803130751	-0.0028067480871693594	0.0	1.0
seed1	moderately_unequal	radial_node_size_only	16.0	room_equal	profile	300	199	0.7066666666666667	0.6527939127218992	0.755313659171955	0.015	0.8090507126445423	0.18945760424474611	72.0	6.0	20.0	0.3967460238079361	0.49805555555555564	0.6469753803130751	-0.0028067480871693594	0.0	1.0
seed1	moderately_unequal	radial_node_size_only	16.0	room_equal	mantel	300	199	0.6766666666666666	0.6217915462510746	0.7270746039162523	0.02	0.8090507126445423	0.18945760424474611	72.0	6.0	20.0	0.3967460238079361	0.49805555555555564	0.6469753803130751	-0.0028067480871693594	0.0	1.0
seed1	moderately_unequal	radial_node_size_only	16.0	room_equal	nested_max	300	199	0.71	0.6562544981888744	0.7584354538968162	0.015	0.8090507126445423	0.18945760424474611	72.0	6.0	20.0	0.3967460238079361	0.49805555555555564	0.6469753803130751	-0.0028067480871693594	0.0	1.0
seed1	moderately_unequal	radial_node_size_only	16.0	room_equal	standardized_max	300	199	0.6966666666666667	0.642431561442127	0.7459288698762181	0.015	0.8090507126445423	0.18945760424474611	72.0	6.0	20.0	0.3967460238079361	0.49805555555555564	0.6469753803130751	-0.0028067480871693594	0.0	1.0
seed1	moderately_unequal	radial_node_size_only	16.0	room_equal	cv_retrained	300	199	0.6333333333333333	0.5774367141816825	0.6858584934917717	0.025	0.8090507126445423	0.18945760424474611	72.0	6.0	20.0	0.3967460238079361	0.49805555555555564	0.6469753803130751	-0.0028067480871693594	0.0	1.0
seed1	moderately_unequal	radial_node_size_only	16.0	room_equal	cv_standardized	300	199	0.55	0.4934256045239535	0.6053100983535921	0.037500000000000006	0.619334631263667	0.3536269093004633	72.0	6.0	20.0	0.3967460238079361	0.49805555555555564	0.6469753803130751	-0.0028067480871693594	0.0	1.0
seed1	moderately_unequal	radial_node	0.0	building_equal	profile	300	199	0.4166666666666667	0.3622760916643604	0.4731644035397305	0.07	0.4999999999999999	5.551115123125783e-17	72.0	6.0	20.0	0.3967460238079361	0.5422916666666666	0.6537747163298939	-0.00200596291459487	0.8948240896751773	2.5790691357091258
seed1	moderately_unequal	radial_node	0.0	building_equal	mantel	300	199	0.41	0.35582394979935006	0.4664517850210681	0.0875	0.4999999999999999	5.551115123125783e-17	72.0	6.0	20.0	0.3967460238079361	0.5422916666666666	0.6537747163298939	-0.00200596291459487	0.8948240896751773	2.5790691357091258
seed1	moderately_unequal	radial_node	0.0	building_equal	nested_max	300	199	0.42	0.3655060253806384	0.4765168500152888	0.07	0.4999999999999999	5.551115123125783e-17	72.0	6.0	20.0	0.3967460238079361	0.5422916666666666	0.6537747163298939	-0.00200596291459487	0.8948240896751773	2.5790691357091258
seed1	moderately_unequal	radial_node	0.0	building_equal	standardized_max	300	199	0.4033333333333333	0.3493821700801514	0.459728804356594	0.075	0.4999999999999999	5.551115123125783e-17	72.0	6.0	20.0	0.3967460238079361	0.5422916666666666	0.6537747163298939	-0.00200596291459487	0.8948240896751773	2.5790691357091258
seed1	moderately_unequal	radial_node	0.0	building_equal	cv_retrained	300	199	0.32	0.2697753585604896	0.3747761110803469	0.095	0.4999999999999999	5.551115123125783e-17	72.0	6.0	20.0	0.3967460238079361	0.5422916666666666	0.6537747163298939	-0.00200596291459487	0.8948240896751773	2.5790691357091258
seed1	moderately_unequal	radial_node	0.0	building_equal	cv_standardized	300	199	0.4266666666666667	0.3719735758386311	0.4832140599409689	0.06	0.4999999999999999	5.551115123125783e-17	72.0	6.0	20.0	0.3967460238079361	0.5422916666666666	0.6537747163298939	-0.00200596291459487	0.8948240896751773	2.5790691357091258
seed1	moderately_unequal	radial_node	0.0	sqrt_rooms	profile	300	199	0.4166666666666667	0.3622760916643604	0.4731644035397305	0.07	0.5	0.0	72.0	6.0	20.0	0.3967460238079361	0.5422916666666666	0.6537747163298939	-0.00200596291459487	0.8948240896751773	2.5790691357091258
seed1	moderately_unequal	radial_node	0.0	sqrt_rooms	mantel	300	199	0.41	0.35582394979935006	0.4664517850210681	0.0875	0.5	0.0	72.0	6.0	20.0	0.3967460238079361	0.5422916666666666	0.6537747163298939	-0.00200596291459487	0.8948240896751773	2.5790691357091258
seed1	moderately_unequal	radial_node	0.0	sqrt_rooms	nested_max	300	199	0.42	0.3655060253806384	0.4765168500152888	0.07	0.5	0.0	72.0	6.0	20.0	0.3967460238079361	0.5422916666666666	0.6537747163298939	-0.00200596291459487	0.8948240896751773	2.5790691357091258
seed1	moderately_unequal	radial_node	0.0	sqrt_rooms	standardized_max	300	199	0.4033333333333333	0.3493821700801514	0.459728804356594	0.075	0.5	0.0	72.0	6.0	20.0	0.3967460238079361	0.5422916666666666	0.6537747163298939	-0.00200596291459487	0.8948240896751773	2.5790691357091258
seed1	moderately_unequal	radial_node	0.0	sqrt_rooms	cv_retrained	300	199	0.43333333333333335	0.3784513181454693	0.48990107801780347	0.0675	0.5	0.0	72.0	6.0	20.0	0.3967460238079361	0.5422916666666666	0.6537747163298939	-0.00200596291459487	0.8948240896751773	2.5790691357091258
seed1	moderately_unequal	radial_node	0.0	sqrt_rooms	cv_standardized	300	199	0.45666666666666667	0.40120290256178365	0.5132261549443436	0.055	0.5	0.0	72.0	6.0	20.0	0.3967460238079361	0.5422916666666666	0.6537747163298939	-0.00200596291459487	0.8948240896751773	2.5790691357091258
seed1	moderately_unequal	radial_node	0.0	room_equal	profile	300	199	0.4166666666666667	0.3622760916643604	0.4731644035397305	0.07	0.5	0.0	72.0	6.0	20.0	0.3967460238079361	0.5422916666666666	0.6537747163298939	-0.00200596291459487	0.8948240896751773	2.5790691357091258
seed1	moderately_unequal	radial_node	0.0	room_equal	mantel	300	199	0.41	0.35582394979935006	0.4664517850210681	0.0875	0.5	0.0	72.0	6.0	20.0	0.3967460238079361	0.5422916666666666	0.6537747163298939	-0.00200596291459487	0.8948240896751773	2.5790691357091258
seed1	moderately_unequal	radial_node	0.0	room_equal	nested_max	300	199	0.42	0.3655060253806384	0.4765168500152888	0.07	0.5	0.0	72.0	6.0	20.0	0.3967460238079361	0.5422916666666666	0.6537747163298939	-0.00200596291459487	0.8948240896751773	2.5790691357091258
seed1	moderately_unequal	radial_node	0.0	room_equal	standardized_max	300	199	0.4033333333333333	0.3493821700801514	0.459728804356594	0.075	0.5	0.0	72.0	6.0	20.0	0.3967460238079361	0.5422916666666666	0.6537747163298939	-0.00200596291459487	0.8948240896751773	2.5790691357091258
seed1	moderately_unequal	radial_node	0.0	room_equal	cv_retrained	300	199	0.48333333333333334	0.4273544128335898	0.5397336862072283	0.055	0.5	0.0	72.0	6.0	20.0	0.3967460238079361	0.5422916666666666	0.6537747163298939	-0.00200596291459487	0.8948240896751773	2.5790691357091258
seed1	moderately_unequal	radial_node	0.0	room_equal	cv_standardized	300	199	0.4666666666666667	0.41099110566704244	0.5231850924145939	0.055	0.5	0.0	72.0	6.0	20.0	0.3967460238079361	0.5422916666666666	0.6537747163298939	-0.00200596291459487	0.8948240896751773	2.5790691357091258
seed1	moderately_unequal	radial_node	0.1	building_equal	profile	300	199	0.4166666666666667	0.3622760916643604	0.4731644035397305	0.07	0.501012714705757	0.003635613902286578	72.0	6.0	20.0	0.3967460238079361	0.5422916666666666	0.6537747163298939	-0.00200596291459487	0.8948240896751773	2.5790691357091258
seed1	moderately_unequal	radial_node	0.1	building_equal	mantel	300	199	0.41	0.35582394979935006	0.4664517850210681	0.0875	0.501012714705757	0.003635613902286578	72.0	6.0	20.0	0.3967460238079361	0.5422916666666666	0.6537747163298939	-0.00200596291459487	0.8948240896751773	2.5790691357091258
seed1	moderately_unequal	radial_node	0.1	building_equal	nested_max	300	199	0.42	0.3655060253806384	0.4765168500152888	0.07	0.501012714705757	0.003635613902286578	72.0	6.0	20.0	0.3967460238079361	0.5422916666666666	0.6537747163298939	-0.00200596291459487	0.8948240896751773	2.5790691357091258
seed1	moderately_unequal	radial_node	0.1	building_equal	standardized_max	300	199	0.4033333333333333	0.3493821700801514	0.459728804356594	0.075	0.501012714705757	0.003635613902286578	72.0	6.0	20.0	0.3967460238079361	0.5422916666666666	0.6537747163298939	-0.00200596291459487	0.8948240896751773	2.5790691357091258
seed1	moderately_unequal	radial_node	0.1	building_equal	cv_retrained	300	199	0.31666666666666665	0.26662835068573615	0.37134073876326396	0.0975	0.501012714705757	0.003635613902286578	72.0	6.0	20.0	0.3967460238079361	0.5422916666666666	0.6537747163298939	-0.00200596291459487	0.8948240896751773	2.5790691357091258
seed1	moderately_unequal	radial_node	0.1	building_equal	cv_standardized	300	199	0.4166666666666667	0.3622760916643604	0.4731644035397305	0.065	0.49766689847985046	0.012321339905489143	72.0	6.0	20.0	0.3967460238079361	0.5422916666666666	0.6537747163298939	-0.00200596291459487	0.8948240896751773	2.5790691357091258
seed1	moderately_unequal	radial_node	0.1	sqrt_rooms	profile	300	199	0.4166666666666667	0.3622760916643604	0.4731644035397305	0.07	0.5010993526902231	0.0032784214833761383	72.0	6.0	20.0	0.3967460238079361	0.5422916666666666	0.6537747163298939	-0.00200596291459487	0.8948240896751773	2.5790691357091258
seed1	moderately_unequal	radial_node	0.1	sqrt_rooms	mantel	300	199	0.41	0.35582394979935006	0.4664517850210681	0.0875	0.5010993526902231	0.0032784214833761383	72.0	6.0	20.0	0.3967460238079361	0.5422916666666666	0.6537747163298939	-0.00200596291459487	0.8948240896751773	2.5790691357091258
seed1	moderately_unequal	radial_node	0.1	sqrt_rooms	nested_max	300	199	0.42	0.3655060253806384	0.4765168500152888	0.07	0.5010993526902231	0.0032784214833761383	72.0	6.0	20.0	0.3967460238079361	0.5422916666666666	0.6537747163298939	-0.00200596291459487	0.8948240896751773	2.5790691357091258
seed1	moderately_unequal	radial_node	0.1	sqrt_rooms	standardized_max	300	199	0.4033333333333333	0.3493821700801514	0.459728804356594	0.075	0.5010993526902231	0.0032784214833761383	72.0	6.0	20.0	0.3967460238079361	0.5422916666666666	0.6537747163298939	-0.00200596291459487	0.8948240896751773	2.5790691357091258
seed1	moderately_unequal	radial_node	0.1	sqrt_rooms	cv_retrained	300	199	0.43333333333333335	0.3784513181454693	0.48990107801780347	0.0675	0.5010993526902231	0.0032784214833761383	72.0	6.0	20.0	0.3967460238079361	0.5422916666666666	0.6537747163298939	-0.00200596291459487	0.8948240896751773	2.5790691357091258
seed1	moderately_unequal	radial_node	0.1	sqrt_rooms	cv_standardized	300	199	0.46	0.4044631474970939	0.5165482902008698	0.055	0.4974964931771898	0.01180982004220382	72.0	6.0	20.0	0.3967460238079361	0.5422916666666666	0.6537747163298939	-0.00200596291459487	0.8948240896751773	2.5790691357091258
seed1	moderately_unequal	radial_node	0.1	room_equal	profile	300	199	0.4166666666666667	0.3622760916643604	0.4731644035397305	0.07	0.5011804677541666	0.0030198102822908144	72.0	6.0	20.0	0.3967460238079361	0.5422916666666666	0.6537747163298939	-0.00200596291459487	0.8948240896751773	2.5790691357091258
seed1	moderately_unequal	radial_node	0.1	room_equal	mantel	300	199	0.41	0.35582394979935006	0.4664517850210681	0.0875	0.5011804677541666	0.0030198102822908144	72.0	6.0	20.0	0.3967460238079361	0.5422916666666666	0.6537747163298939	-0.00200596291459487	0.8948240896751773	2.5790691357091258
seed1	moderately_unequal	radial_node	0.1	room_equal	nested_max	300	199	0.42	0.3655060253806384	0.4765168500152888	0.07	0.5011804677541666	0.0030198102822908144	72.0	6.0	20.0	0.3967460238079361	0.5422916666666666	0.6537747163298939	-0.00200596291459487	0.8948240896751773	2.5790691357091258
seed1	moderately_unequal	radial_node	0.1	room_equal	standardized_max	300	199	0.4033333333333333	0.3493821700801514	0.459728804356594	0.075	0.5011804677541666	0.0030198102822908144	72.0	6.0	20.0	0.3967460238079361	0.5422916666666666	0.6537747163298939	-0.00200596291459487	0.8948240896751773	2.5790691357091258
seed1	moderately_unequal	radial_node	0.1	room_equal	cv_retrained	300	199	0.48333333333333334	0.4273544128335898	0.5397336862072283	0.055	0.5011804677541666	0.0030198102822908144	72.0	6.0	20.0	0.3967460238079361	0.5422916666666666	0.6537747163298939	-0.00200596291459487	0.8948240896751773	2.5790691357091258
seed1	moderately_unequal	radial_node	0.1	room_equal	cv_standardized	300	199	0.4666666666666667	0.41099110566704244	0.5231850924145939	0.055	0.49733982591075016	0.011622545347816947	72.0	6.0	20.0	0.3967460238079361	0.5422916666666666	0.6537747163298939	-0.00200596291459487	0.8948240896751773	2.5790691357091258
seed1	moderately_unequal	radial_node	0.25	building_equal	profile	300	199	0.4166666666666667	0.3622760916643604	0.4731644035397305	0.07	0.5025315054385842	0.009085899765348019	72.0	6.0	20.0	0.3967460238079361	0.5422916666666666	0.6537747163298939	-0.00200596291459487	0.8948240896751773	2.5790691357091258
seed1	moderately_unequal	radial_node	0.25	building_equal	mantel	300	199	0.41	0.35582394979935006	0.4664517850210681	0.0875	0.5025315054385842	0.009085899765348019	72.0	6.0	20.0	0.3967460238079361	0.5422916666666666	0.6537747163298939	-0.00200596291459487	0.8948240896751773	2.5790691357091258
seed1	moderately_unequal	radial_node	0.25	building_equal	nested_max	300	199	0.42	0.3655060253806384	0.4765168500152888	0.07	0.5025315054385842	0.009085899765348019	72.0	6.0	20.0	0.3967460238079361	0.5422916666666666	0.6537747163298939	-0.00200596291459487	0.8948240896751773	2.5790691357091258
seed1	moderately_unequal	radial_node	0.25	building_equal	standardized_max	300	199	0.4033333333333333	0.3493821700801514	0.459728804356594	0.075	0.5025315054385842	0.009085899765348019	72.0	6.0	20.0	0.3967460238079361	0.5422916666666666	0.6537747163298939	-0.00200596291459487	0.8948240896751773	2.5790691357091258
seed1	moderately_unequal	radial_node	0.25	building_equal	cv_retrained	300	199	0.32	0.2697753585604896	0.3747761110803469	0.0975	0.5025315054385842	0.009085899765348019	72.0	6.0	20.0	0.3967460238079361	0.5422916666666666	0.6537747163298939	-0.00200596291459487	0.8948240896751773	2.5790691357091258
seed1	moderately_unequal	radial_node	0.25	building_equal	cv_standardized	300	199	0.42	0.3655060253806384	0.4765168500152888	0.065	0.4942045531223835	0.030669515609568796	72.0	6.0	20.0	0.3967460238079361	0.5422916666666666	0.6537747163298939	-0.00200596291459487	0.8948240896751773	2.5790691357091258
seed1	moderately_unequal	radial_node	0.25	sqrt_rooms	profile	300	199	0.4166666666666667	0.3622760916643604	0.4731644035397305	0.07	0.5027479351597015	0.00819374770166055	72.0	6.0	20.0	0.3967460238079361	0.5422916666666666	0.6537747163298939	-0.00200596291459487	0.8948240896751773	2.5790691357091258
seed1	moderately_unequal	radial_node	0.25	sqrt_rooms	mantel	300	199	0.41	0.35582394979935006	0.4664517850210681	0.0875	0.5027479351597015	0.00819374770166055	72.0	6.0	20.0	0.3967460238079361	0.5422916666666666	0.6537747163298939	-0.00200596291459487	0.8948240896751773	2.5790691357091258
seed1	moderately_unequal	radial_node	0.25	sqrt_rooms	nested_max	300	199	0.42	0.3655060253806384	0.4765168500152888	0.07	0.5027479351597015	0.00819374770166055	72.0	6.0	20.0	0.3967460238079361	0.5422916666666666	0.6537747163298939	-0.00200596291459487	0.8948240896751773	2.5790691357091258
seed1	moderately_unequal	radial_node	0.25	sqrt_rooms	standardized_max	300	199	0.4033333333333333	0.3493821700801514	0.459728804356594	0.075	0.5027479351597015	0.00819374770166055	72.0	6.0	20.0	0.3967460238079361	0.5422916666666666	0.6537747163298939	-0.00200596291459487	0.8948240896751773	2.5790691357091258
seed1	moderately_unequal	radial_node	0.25	sqrt_rooms	cv_retrained	300	199	0.43333333333333335	0.3784513181454693	0.48990107801780347	0.0675	0.5027479351597015	0.00819374770166055	72.0	6.0	20.0	0.3967460238079361	0.5422916666666666	0.6537747163298939	-0.00200596291459487	0.8948240896751773	2.5790691357091258
seed1	moderately_unequal	radial_node	0.25	sqrt_rooms	cv_standardized	300	199	0.4666666666666667	0.41099110566704244	0.5231850924145939	0.052500000000000005	0.4937722368794354	0.0294107690928189	72.0	6.0	20.0	0.3967460238079361	0.5422916666666666	0.6537747163298939	-0.00200596291459487	0.8948240896751773	2.5790691357091258
seed1	moderately_unequal	radial_node	0.25	room_equal	profile	300	199	0.4166666666666667	0.3622760916643604	0.4731644035397305	0.07	0.5029506265979667	0.00754765606083304	72.0	6.0	20.0	0.3967460238079361	0.5422916666666666	0.6537747163298939	-0.00200596291459487	0.8948240896751773	2.5790691357091258
seed1	moderately_unequal	radial_node	0.25	room_equal	mantel	300	199	0.41	0.35582394979935006	0.4664517850210681	0.0875	0.5029506265979667	0.00754765606083304	72.0	6.0	20.0	0.3967460238079361	0.5422916666666666	0.6537747163298939	-0.00200596291459487	0.8948240896751773	2.5790691357091258
seed1	moderately_unequal	radial_node	0.25	room_equal	nested_max	300	199	0.42	0.3655060253806384	0.4765168500152888	0.07	0.5029506265979667	0.00754765606083304	72.0	6.0	20.0	0.3967460238079361	0.5422916666666666	0.6537747163298939	-0.00200596291459487	0.8948240896751773	2.5790691357091258
seed1	moderately_unequal	radial_node	0.25	room_equal	standardized_max	300	199	0.4033333333333333	0.3493821700801514	0.459728804356594	0.075	0.5029506265979667	0.00754765606083304	72.0	6.0	20.0	0.3967460238079361	0.5422916666666666	0.6537747163298939	-0.00200596291459487	0.8948240896751773	2.5790691357091258
seed1	moderately_unequal	radial_node	0.25	room_equal	cv_retrained	300	199	0.4766666666666667	0.42080166187431245	0.533121676782833	0.055	0.5029506265979667	0.00754765606083304	72.0	6.0	20.0	0.3967460238079361	0.5422916666666666	0.6537747163298939	-0.00200596291459487	0.8948240896751773	2.5790691357091258
seed1	moderately_unequal	radial_node	0.25	room_equal	cv_standardized	300	199	0.46	0.4044631474970939	0.5165482902008698	0.055	0.4933792281546657	0.02894774755816329	72.0	6.0	20.0	0.3967460238079361	0.5422916666666666	0.6537747163298939	-0.00200596291459487	0.8948240896751773	2.5790691357091258
seed1	moderately_unequal	radial_node	0.5	building_equal	profile	300	199	0.4166666666666667	0.3622760916643604	0.4731644035397305	0.07	0.5050609969294045	0.01814948761705745	72.0	6.0	20.0	0.3967460238079361	0.5422916666666666	0.6537747163298939	-0.00200596291459487	0.8948240896751773	2.5790691357091258
seed1	moderately_unequal	radial_node	0.5	building_equal	mantel	300	199	0.41	0.35582394979935006	0.4664517850210681	0.0875	0.5050609969294045	0.01814948761705745	72.0	6.0	20.0	0.3967460238079361	0.5422916666666666	0.6537747163298939	-0.00200596291459487	0.8948240896751773	2.5790691357091258
seed1	moderately_unequal	radial_node	0.5	building_equal	nested_max	300	199	0.42	0.3655060253806384	0.4765168500152888	0.07	0.5050609969294045	0.01814948761705745	72.0	6.0	20.0	0.3967460238079361	0.5422916666666666	0.6537747163298939	-0.00200596291459487	0.8948240896751773	2.5790691357091258
seed1	moderately_unequal	radial_node	0.5	building_equal	standardized_max	300	199	0.4033333333333333	0.3493821700801514	0.459728804356594	0.075	0.5050609969294045	0.01814948761705745	72.0	6.0	20.0	0.3967460238079361	0.5422916666666666	0.6537747163298939	-0.00200596291459487	0.8948240896751773	2.5790691357091258
seed1	moderately_unequal	radial_node	0.5	building_equal	cv_retrained	300	199	0.31666666666666665	0.26662835068573615	0.37134073876326396	0.0975	0.5050609969294045	0.01814948761705745	72.0	6.0	20.0	0.3967460238079361	0.5422916666666666	0.6537747163298939	-0.00200596291459487	0.8948240896751773	2.5790691357091258
seed1	moderately_unequal	radial_node	0.5	building_equal	cv_standardized	300	199	0.43	0.3752111767337645	0.48655883923767185	0.0675	0.4886624767022733	0.060432996708783576	72.0	6.0	20.0	0.3967460238079361	0.5422916666666666	0.6537747163298939	-0.00200596291459487	0.8948240896751773	2.5790691357091258
seed1	moderately_unequal	radial_node	0.5	sqrt_rooms	profile	300	199	0.4166666666666667	0.3622760916643604	0.4731644035397305	0.07	0.5054926827510365	0.016371071553286404	72.0	6.0	20.0	0.3967460238079361	0.5422916666666666	0.6537747163298939	-0.00200596291459487	0.8948240896751773	2.5790691357091258
seed1	moderately_unequal	radial_node	0.5	sqrt_rooms	mantel	300	199	0.41	0.35582394979935006	0.4664517850210681	0.0875	0.5054926827510365	0.016371071553286404	72.0	6.0	20.0	0.3967460238079361	0.5422916666666666	0.6537747163298939	-0.00200596291459487	0.8948240896751773	2.5790691357091258
seed1	moderately_unequal	radial_node	0.5	sqrt_rooms	nested_max	300	199	0.42	0.3655060253806384	0.4765168500152888	0.07	0.5054926827510365	0.016371071553286404	72.0	6.0	20.0	0.3967460238079361	0.5422916666666666	0.6537747163298939	-0.00200596291459487	0.8948240896751773	2.5790691357091258
seed1	moderately_unequal	radial_node	0.5	sqrt_rooms	standardized_max	300	199	0.4033333333333333	0.3493821700801514	0.459728804356594	0.075	0.5054926827510365	0.016371071553286404	72.0	6.0	20.0	0.3967460238079361	0.5422916666666666	0.6537747163298939	-0.00200596291459487	0.8948240896751773	2.5790691357091258
seed1	moderately_unequal	radial_node	0.5	sqrt_rooms	cv_retrained	300	199	0.43	0.3752111767337645	0.48655883923767185	0.0675	0.5054926827510365	0.016371071553286404	72.0	6.0	20.0	0.3967460238079361	0.5422916666666666	0.6537747163298939	-0.00200596291459487	0.8948240896751773	2.5790691357091258
seed1	moderately_unequal	radial_node	0.5	sqrt_rooms	cv_standardized	300	199	0.45666666666666667	0.40120290256178365	0.5132261549443436	0.057499999999999996	0.48775640019521205	0.05804583817561944	72.0	6.0	20.0	0.3967460238079361	0.5422916666666666	0.6537747163298939	-0.00200596291459487	0.8948240896751773	2.5790691357091258
seed1	moderately_unequal	radial_node	0.5	room_equal	profile	300	199	0.4166666666666667	0.3622760916643604	0.4731644035397305	0.07	0.5058973809487837	0.015081990344728206	72.0	6.0	20.0	0.3967460238079361	0.5422916666666666	0.6537747163298939	-0.00200596291459487	0.8948240896751773	2.5790691357091258
seed1	moderately_unequal	radial_node	0.5	room_equal	mantel	300	199	0.41	0.35582394979935006	0.4664517850210681	0.0875	0.5058973809487837	0.015081990344728206	72.0	6.0	20.0	0.3967460238079361	0.5422916666666666	0.6537747163298939	-0.00200596291459487	0.8948240896751773	2.5790691357091258
seed1	moderately_unequal	radial_node	0.5	room_equal	nested_max	300	199	0.42	0.3655060253806384	0.4765168500152888	0.07	0.5058973809487837	0.015081990344728206	72.0	6.0	20.0	0.3967460238079361	0.5422916666666666	0.6537747163298939	-0.00200596291459487	0.8948240896751773	2.5790691357091258
seed1	moderately_unequal	radial_node	0.5	room_equal	standardized_max	300	199	0.4033333333333333	0.3493821700801514	0.459728804356594	0.075	0.5058973809487837	0.015081990344728206	72.0	6.0	20.0	0.3967460238079361	0.5422916666666666	0.6537747163298939	-0.00200596291459487	0.8948240896751773	2.5790691357091258
seed1	moderately_unequal	radial_node	0.5	room_equal	cv_retrained	300	199	0.47333333333333333	0.4175289979894712	0.5298119604758378	0.055	0.5058973809487837	0.015081990344728206	72.0	6.0	20.0	0.3967460238079361	0.5422916666666666	0.6537747163298939	-0.00200596291459487	0.8948240896751773	2.5790691357091258
seed1	moderately_unequal	radial_node	0.5	room_equal	cv_standardized	300	199	0.4533333333333333	0.39794515245358275	0.509901524860708	0.055	0.48696187034951	0.05715174044643599	72.0	6.0	20.0	0.3967460238079361	0.5422916666666666	0.6537747163298939	-0.00200596291459487	0.8948240896751773	2.5790691357091258
seed1	moderately_unequal	radial_node	1.0	building_equal	profile	300	199	0.4166666666666667	0.3622760916643604	0.4731644035397305	0.07	0.5101057493549471	0.036122951048084335	72.0	6.0	20.0	0.3967460238079361	0.5422916666666666	0.6537747163298939	-0.00200596291459487	0.8948240896751773	2.5790691357091258
seed1	moderately_unequal	radial_node	1.0	building_equal	mantel	300	199	0.41	0.35582394979935006	0.4664517850210681	0.0875	0.5101057493549471	0.036122951048084335	72.0	6.0	20.0	0.3967460238079361	0.5422916666666666	0.6537747163298939	-0.00200596291459487	0.8948240896751773	2.5790691357091258
seed1	moderately_unequal	radial_node	1.0	building_equal	nested_max	300	199	0.42	0.3655060253806384	0.4765168500152888	0.07	0.5101057493549471	0.036122951048084335	72.0	6.0	20.0	0.3967460238079361	0.5422916666666666	0.6537747163298939	-0.00200596291459487	0.8948240896751773	2.5790691357091258
seed1	moderately_unequal	radial_node	1.0	building_equal	standardized_max	300	199	0.4033333333333333	0.3493821700801514	0.459728804356594	0.075	0.5101057493549471	0.036122951048084335	72.0	6.0	20.0	0.3967460238079361	0.5422916666666666	0.6537747163298939	-0.00200596291459487	0.8948240896751773	2.5790691357091258
seed1	moderately_unequal	radial_node	1.0	building_equal	cv_retrained	300	199	0.31666666666666665	0.26662835068573615	0.37134073876326396	0.1	0.5101057493549471	0.036122951048084335	72.0	6.0	20.0	0.3967460238079361	0.5422916666666666	0.6537747163298939	-0.00200596291459487	0.8948240896751773	2.5790691357091258
seed1	moderately_unequal	radial_node	1.0	building_equal	cv_standardized	300	199	0.41	0.35582394979935006	0.4664517850210681	0.075	0.47903131172080604	0.11477476849884322	72.0	6.0	20.0	0.3967460238079361	0.5422916666666666	0.6537747163298939	-0.00200596291459487	0.8948240896751773	2.5790691357091258
seed1	moderately_unequal	radial_node	1.0	sqrt_rooms	profile	300	199	0.4166666666666667	0.3622760916643604	0.4731644035397305	0.07	0.5109599348229987	0.032612213688578466	72.0	6.0	20.0	0.3967460238079361	0.5422916666666666	0.6537747163298939	-0.00200596291459487	0.8948240896751773	2.5790691357091258
seed1	moderately_unequal	radial_node	1.0	sqrt_rooms	mantel	300	199	0.41	0.35582394979935006	0.4664517850210681	0.0875	0.5109599348229987	0.032612213688578466	72.0	6.0	20.0	0.3967460238079361	0.5422916666666666	0.6537747163298939	-0.00200596291459487	0.8948240896751773	2.5790691357091258
seed1	moderately_unequal	radial_node	1.0	sqrt_rooms	nested_max	300	199	0.42	0.3655060253806384	0.4765168500152888	0.07	0.5109599348229987	0.032612213688578466	72.0	6.0	20.0	0.3967460238079361	0.5422916666666666	0.6537747163298939	-0.00200596291459487	0.8948240896751773	2.5790691357091258
seed1	moderately_unequal	radial_node	1.0	sqrt_rooms	standardized_max	300	199	0.4033333333333333	0.3493821700801514	0.459728804356594	0.075	0.5109599348229987	0.032612213688578466	72.0	6.0	20.0	0.3967460238079361	0.5422916666666666	0.6537747163298939	-0.00200596291459487	0.8948240896751773	2.5790691357091258
seed1	moderately_unequal	radial_node	1.0	sqrt_rooms	cv_retrained	300	199	0.42	0.3655060253806384	0.4765168500152888	0.07	0.5109599348229987	0.032612213688578466	72.0	6.0	20.0	0.3967460238079361	0.5422916666666666	0.6537747163298939	-0.00200596291459487	0.8948240896751773	2.5790691357091258
seed1	moderately_unequal	radial_node	1.0	sqrt_rooms	cv_standardized	300	199	0.45	0.394689901646408	0.5065743954760465	0.06	0.47697079711660206	0.1107673712574347	72.0	6.0	20.0	0.3967460238079361	0.5422916666666666	0.6537747163298939	-0.00200596291459487	0.8948240896751773	2.5790691357091258
seed1	moderately_unequal	radial_node	1.0	room_equal	profile	300	199	0.4166666666666667	0.3622760916643604	0.4731644035397305	0.07	0.5117639337652871	0.03005841695971712	72.0	6.0	20.0	0.3967460238079361	0.5422916666666666	0.6537747163298939	-0.00200596291459487	0.8948240896751773	2.5790691357091258
seed1	moderately_unequal	radial_node	1.0	room_equal	mantel	300	199	0.41	0.35582394979935006	0.4664517850210681	0.0875	0.5117639337652871	0.03005841695971712	72.0	6.0	20.0	0.3967460238079361	0.5422916666666666	0.6537747163298939	-0.00200596291459487	0.8948240896751773	2.5790691357091258
seed1	moderately_unequal	radial_node	1.0	room_equal	nested_max	300	199	0.42	0.3655060253806384	0.4765168500152888	0.07	0.5117639337652871	0.03005841695971712	72.0	6.0	20.0	0.3967460238079361	0.5422916666666666	0.6537747163298939	-0.00200596291459487	0.8948240896751773	2.5790691357091258
seed1	moderately_unequal	radial_node	1.0	room_equal	standardized_max	300	199	0.4033333333333333	0.3493821700801514	0.459728804356594	0.075	0.5117639337652871	0.03005841695971712	72.0	6.0	20.0	0.3967460238079361	0.5422916666666666	0.6537747163298939	-0.00200596291459487	0.8948240896751773	2.5790691357091258
seed1	moderately_unequal	radial_node	1.0	room_equal	cv_retrained	300	199	0.4666666666666667	0.41099110566704244	0.5231850924145939	0.055	0.5117639337652871	0.03005841695971712	72.0	6.0	20.0	0.3967460238079361	0.5422916666666666	0.6537747163298939	-0.00200596291459487	0.8948240896751773	2.5790691357091258
seed1	moderately_unequal	radial_node	1.0	room_equal	cv_standardized	300	199	0.44666666666666666	0.39143715496049114	0.503244761970127	0.055	0.47533747738839	0.10913733197098088	72.0	6.0	20.0	0.3967460238079361	0.5422916666666666	0.6537747163298939	-0.00200596291459487	0.8948240896751773	2.5790691357091258
seed1	moderately_unequal	radial_node	2.0	building_equal	profile	300	199	0.4166666666666667	0.3622760916643604	0.4731644035397305	0.07	0.5200780733586468	0.07091037172892785	72.0	6.0	20.0	0.3967460238079361	0.5422916666666666	0.6537747163298939	-0.00200596291459487	0.8948240896751773	2.5790691357091258
seed1	moderately_unequal	radial_node	2.0	building_equal	mantel	300	199	0.41	0.35582394979935006	0.4664517850210681	0.0875	0.5200780733586468	0.07091037172892785	72.0	6.0	20.0	0.3967460238079361	0.5422916666666666	0.6537747163298939	-0.00200596291459487	0.8948240896751773	2.5790691357091258
seed1	moderately_unequal	radial_node	2.0	building_equal	nested_max	300	199	0.42	0.3655060253806384	0.4765168500152888	0.07	0.5200780733586468	0.07091037172892785	72.0	6.0	20.0	0.3967460238079361	0.5422916666666666	0.6537747163298939	-0.00200596291459487	0.8948240896751773	2.5790691357091258
seed1	moderately_unequal	radial_node	2.0	building_equal	standardized_max	300	199	0.4033333333333333	0.3493821700801514	0.459728804356594	0.075	0.5200780733586468	0.07091037172892785	72.0	6.0	20.0	0.3967460238079361	0.5422916666666666	0.6537747163298939	-0.00200596291459487	0.8948240896751773	2.5790691357091258
seed1	moderately_unequal	radial_node	2.0	building_equal	cv_retrained	300	199	0.32	0.2697753585604896	0.3747761110803469	0.1125	0.5200780733586468	0.07091037172892785	72.0	6.0	20.0	0.3967460238079361	0.5422916666666666	0.6537747163298939	-0.00200596291459487	0.8948240896751773	2.5790691357091258
seed1	moderately_unequal	radial_node	2.0	building_equal	cv_standardized	300	199	0.35333333333333333	0.30140830066923496	0.40896697088996514	0.0875	0.46645827777304094	0.19833204687551728	72.0	6.0	20.0	0.3967460238079361	0.5422916666666666	0.6537747163298939	-0.00200596291459487	0.8948240896751773	2.5790691357091258
seed1	moderately_unequal	radial_node	2.0	sqrt_rooms	profile	300	199	0.4166666666666667	0.3622760916643604	0.4731644035397305	0.07	0.5217188193017239	0.06422862523251245	72.0	6.0	20.0	0.3967460238079361	0.5422916666666666	0.6537747163298939	-0.00200596291459487	0.8948240896751773	2.5790691357091258
seed1	moderately_unequal	radial_node	2.0	sqrt_rooms	mantel	300	199	0.41	0.35582394979935006	0.4664517850210681	0.0875	0.5217188193017239	0.06422862523251245	72.0	6.0	20.0	0.3967460238079361	0.5422916666666666	0.6537747163298939	-0.00200596291459487	0.8948240896751773	2.5790691357091258
seed1	moderately_unequal	radial_node	2.0	sqrt_rooms	nested_max	300	199	0.42	0.3655060253806384	0.4765168500152888	0.07	0.5217188193017239	0.06422862523251245	72.0	6.0	20.0	0.3967460238079361	0.5422916666666666	0.6537747163298939	-0.00200596291459487	0.8948240896751773	2.5790691357091258
seed1	moderately_unequal	radial_node	2.0	sqrt_rooms	standardized_max	300	199	0.4033333333333333	0.3493821700801514	0.459728804356594	0.075	0.5217188193017239	0.06422862523251245	72.0	6.0	20.0	0.3967460238079361	0.5422916666666666	0.6537747163298939	-0.00200596291459487	0.8948240896751773	2.5790691357091258
seed1	moderately_unequal	radial_node	2.0	sqrt_rooms	cv_retrained	300	199	0.38666666666666666	0.3333235932848012	0.44287548019276246	0.075	0.5217188193017239	0.06422862523251245	72.0	6.0	20.0	0.3967460238079361	0.5422916666666666	0.6537747163298939	-0.00200596291459487	0.8948240896751773	2.5790691357091258
seed1	moderately_unequal	radial_node	2.0	sqrt_rooms	cv_standardized	300	199	0.4166666666666667	0.3622760916643604	0.4731644035397305	0.07	0.4615271336171163	0.1930952794678196	72.0	6.0	20.0	0.3967460238079361	0.5422916666666666	0.6537747163298939	-0.00200596291459487	0.8948240896751773	2.5790691357091258
seed1	moderately_unequal	radial_node	2.0	room_equal	profile	300	199	0.4166666666666667	0.3622760916643604	0.4731644035397305	0.07	0.5232859857560623	0.05930283954463134	72.0	6.0	20.0	0.3967460238079361	0.5422916666666666	0.6537747163298939	-0.00200596291459487	0.8948240896751773	2.5790691357091258
seed1	moderately_unequal	radial_node	2.0	room_equal	mantel	300	199	0.41	0.35582394979935006	0.4664517850210681	0.0875	0.5232859857560623	0.05930283954463134	72.0	6.0	20.0	0.3967460238079361	0.5422916666666666	0.6537747163298939	-0.00200596291459487	0.8948240896751773	2.5790691357091258
seed1	moderately_unequal	radial_node	2.0	room_equal	nested_max	300	199	0.42	0.3655060253806384	0.4765168500152888	0.07	0.5232859857560623	0.05930283954463134	72.0	6.0	20.0	0.3967460238079361	0.5422916666666666	0.6537747163298939	-0.00200596291459487	0.8948240896751773	2.5790691357091258
seed1	moderately_unequal	radial_node	2.0	room_equal	standardized_max	300	199	0.4033333333333333	0.3493821700801514	0.459728804356594	0.075	0.5232859857560623	0.05930283954463134	72.0	6.0	20.0	0.3967460238079361	0.5422916666666666	0.6537747163298939	-0.00200596291459487	0.8948240896751773	2.5790691357091258
seed1	moderately_unequal	radial_node	2.0	room_equal	cv_retrained	300	199	0.4533333333333333	0.39794515245358275	0.509901524860708	0.06	0.5232859857560623	0.05930283954463134	72.0	6.0	20.0	0.3967460238079361	0.5422916666666666	0.6537747163298939	-0.00200596291459487	0.8948240896751773	2.5790691357091258
seed1	moderately_unequal	radial_node	2.0	room_equal	cv_standardized	300	199	0.43	0.3752111767337645	0.48655883923767185	0.0675	0.45821074273545076	0.19019643220713728	72.0	6.0	20.0	0.3967460238079361	0.5422916666666666	0.6537747163298939	-0.00200596291459487	0.8948240896751773	2.5790691357091258
seed1	moderately_unequal	radial_node	4.0	building_equal	profile	300	199	0.4166666666666667	0.3622760916643604	0.4731644035397305	0.07	0.5390421295605143	0.1328909445166199	72.0	6.0	20.0	0.3967460238079361	0.5422916666666666	0.6537747163298939	-0.00200596291459487	0.8948240896751773	2.5790691357091258
seed1	moderately_unequal	radial_node	4.0	building_equal	mantel	300	199	0.41	0.35582394979935006	0.4664517850210681	0.0875	0.5390421295605143	0.1328909445166199	72.0	6.0	20.0	0.3967460238079361	0.5422916666666666	0.6537747163298939	-0.00200596291459487	0.8948240896751773	2.5790691357091258
seed1	moderately_unequal	radial_node	4.0	building_equal	nested_max	300	199	0.42	0.3655060253806384	0.4765168500152888	0.07	0.5390421295605143	0.1328909445166199	72.0	6.0	20.0	0.3967460238079361	0.5422916666666666	0.6537747163298939	-0.00200596291459487	0.8948240896751773	2.5790691357091258
seed1	moderately_unequal	radial_node	4.0	building_equal	standardized_max	300	199	0.4033333333333333	0.3493821700801514	0.459728804356594	0.075	0.5390421295605143	0.1328909445166199	72.0	6.0	20.0	0.3967460238079361	0.5422916666666666	0.6537747163298939	-0.00200596291459487	0.8948240896751773	2.5790691357091258
seed1	moderately_unequal	radial_node	4.0	building_equal	cv_retrained	300	199	0.3	0.2509396637848768	0.35411752470494157	0.115	0.5390421295605143	0.1328909445166199	72.0	6.0	20.0	0.3967460238079361	0.5422916666666666	0.6537747163298939	-0.00200596291459487	0.8948240896751773	2.5790691357091258
seed1	moderately_unequal	radial_node	4.0	building_equal	cv_standardized	300	199	0.3233333333333333	0.2729253960837475	0.37820845374892526	0.11	0.4572982419876928	0.2907854724458193	72.0	6.0	20.0	0.3967460238079361	0.5422916666666666	0.6537747163298939	-0.00200596291459487	0.8948240896751773	2.5790691357091258
seed1	moderately_unequal	radial_node	4.0	sqrt_rooms	profile	300	199	0.4166666666666667	0.3622760916643604	0.4731644035397305	0.07	0.5419158558700019	0.12159335968112073	72.0	6.0	20.0	0.3967460238079361	0.5422916666666666	0.6537747163298939	-0.00200596291459487	0.8948240896751773	2.5790691357091258
seed1	moderately_unequal	radial_node	4.0	sqrt_rooms	mantel	300	199	0.41	0.35582394979935006	0.4664517850210681	0.0875	0.5419158558700019	0.12159335968112073	72.0	6.0	20.0	0.3967460238079361	0.5422916666666666	0.6537747163298939	-0.00200596291459487	0.8948240896751773	2.5790691357091258
seed1	moderately_unequal	radial_node	4.0	sqrt_rooms	nested_max	300	199	0.42	0.3655060253806384	0.4765168500152888	0.07	0.5419158558700019	0.12159335968112073	72.0	6.0	20.0	0.3967460238079361	0.5422916666666666	0.6537747163298939	-0.00200596291459487	0.8948240896751773	2.5790691357091258
seed1	moderately_unequal	radial_node	4.0	sqrt_rooms	standardized_max	300	199	0.4033333333333333	0.3493821700801514	0.459728804356594	0.075	0.5419158558700019	0.12159335968112073	72.0	6.0	20.0	0.3967460238079361	0.5422916666666666	0.6537747163298939	-0.00200596291459487	0.8948240896751773	2.5790691357091258
seed1	moderately_unequal	radial_node	4.0	sqrt_rooms	cv_retrained	300	199	0.3566666666666667	0.30458741740255907	0.41237023434847747	0.08	0.5419158558700019	0.12159335968112073	72.0	6.0	20.0	0.3967460238079361	0.5422916666666666	0.6537747163298939	-0.00200596291459487	0.8948240896751773	2.5790691357091258
seed1	moderately_unequal	radial_node	4.0	sqrt_rooms	cv_standardized	300	199	0.37	0.317331727809741	0.42595544470864083	0.09	0.4474397787924305	0.28530500347820864	72.0	6.0	20.0	0.3967460238079361	0.5422916666666666	0.6537747163298939	-0.00200596291459487	0.8948240896751773	2.5790691357091258
seed1	moderately_unequal	radial_node	4.0	room_equal	profile	300	199	0.4166666666666667	0.3622760916643604	0.4731644035397305	0.07	0.5447798485603721	0.11289139509520504	72.0	6.0	20.0	0.3967460238079361	0.5422916666666666	0.6537747163298939	-0.00200596291459487	0.8948240896751773	2.5790691357091258
seed1	moderately_unequal	radial_node	4.0	room_equal	mantel	300	199	0.41	0.35582394979935006	0.4664517850210681	0.0875	0.5447798485603721	0.11289139509520504	72.0	6.0	20.0	0.3967460238079361	0.5422916666666666	0.6537747163298939	-0.00200596291459487	0.8948240896751773	2.5790691357091258
seed1	moderately_unequal	radial_node	4.0	room_equal	nested_max	300	199	0.42	0.3655060253806384	0.4765168500152888	0.07	0.5447798485603721	0.11289139509520504	72.0	6.0	20.0	0.3967460238079361	0.5422916666666666	0.6537747163298939	-0.00200596291459487	0.8948240896751773	2.5790691357091258
seed1	moderately_unequal	radial_node	4.0	room_equal	standardized_max	300	199	0.4033333333333333	0.3493821700801514	0.459728804356594	0.075	0.5447798485603721	0.11289139509520504	72.0	6.0	20.0	0.3967460238079361	0.5422916666666666	0.6537747163298939	-0.00200596291459487	0.8948240896751773	2.5790691357091258
seed1	moderately_unequal	radial_node	4.0	room_equal	cv_retrained	300	199	0.41333333333333333	0.3590487301690917	0.46980938484316287	0.07	0.5447798485603721	0.11289139509520504	72.0	6.0	20.0	0.3967460238079361	0.5422916666666666	0.6537747163298939	-0.00200596291459487	0.8948240896751773	2.5790691357091258
seed1	moderately_unequal	radial_node	4.0	room_equal	cv_standardized	300	199	0.41333333333333333	0.3590487301690917	0.46980938484316287	0.08	0.4415934105699611	0.28024020942805006	72.0	6.0	20.0	0.3967460238079361	0.5422916666666666	0.6537747163298939	-0.00200596291459487	0.8948240896751773	2.5790691357091258
seed1	moderately_unequal	radial_node	8.0	building_equal	profile	300	199	0.4166666666666667	0.3622760916643604	0.4731644035397305	0.07	0.5700065553803461	0.22154581478031504	72.0	6.0	20.0	0.3967460238079361	0.5422916666666666	0.6537747163298939	-0.00200596291459487	0.8948240896751773	2.5790691357091258
seed1	moderately_unequal	radial_node	8.0	building_equal	mantel	300	199	0.41	0.35582394979935006	0.4664517850210681	0.0875	0.5700065553803461	0.22154581478031504	72.0	6.0	20.0	0.3967460238079361	0.5422916666666666	0.6537747163298939	-0.00200596291459487	0.8948240896751773	2.5790691357091258
seed1	moderately_unequal	radial_node	8.0	building_equal	nested_max	300	199	0.42	0.3655060253806384	0.4765168500152888	0.07	0.5700065553803461	0.22154581478031504	72.0	6.0	20.0	0.3967460238079361	0.5422916666666666	0.6537747163298939	-0.00200596291459487	0.8948240896751773	2.5790691357091258
seed1	moderately_unequal	radial_node	8.0	building_equal	standardized_max	300	199	0.4033333333333333	0.3493821700801514	0.459728804356594	0.075	0.5700065553803461	0.22154581478031504	72.0	6.0	20.0	0.3967460238079361	0.5422916666666666	0.6537747163298939	-0.00200596291459487	0.8948240896751773	2.5790691357091258
seed1	moderately_unequal	radial_node	8.0	building_equal	cv_retrained	300	199	0.26666666666666666	0.21980599244000376	0.31942739413145094	0.14	0.5700065553803461	0.22154581478031504	72.0	6.0	20.0	0.3967460238079361	0.5422916666666666	0.6537747163298939	-0.00200596291459487	0.8948240896751773	2.5790691357091258
seed1	moderately_unequal	radial_node	8.0	building_equal	cv_standardized	300	199	0.30666666666666664	0.2572057600770161	0.3610161887964749	0.1175	0.455004856125567	0.35705324823192547	72.0	6.0	20.0	0.3967460238079361	0.5422916666666666	0.6537747163298939	-0.00200596291459487	0.8948240896751773	2.5790691357091258
seed1	moderately_unequal	radial_node	8.0	sqrt_rooms	profile	300	199	0.4166666666666667	0.3622760916643604	0.4731644035397305	0.07	0.5742103066905163	0.2070157849092963	72.0	6.0	20.0	0.3967460238079361	0.5422916666666666	0.6537747163298939	-0.00200596291459487	0.8948240896751773	2.5790691357091258
seed1	moderately_unequal	radial_node	8.0	sqrt_rooms	mantel	300	199	0.41	0.35582394979935006	0.4664517850210681	0.0875	0.5742103066905163	0.2070157849092963	72.0	6.0	20.0	0.3967460238079361	0.5422916666666666	0.6537747163298939	-0.00200596291459487	0.8948240896751773	2.5790691357091258
seed1	moderately_unequal	radial_node	8.0	sqrt_rooms	nested_max	300	199	0.42	0.3655060253806384	0.4765168500152888	0.07	0.5742103066905163	0.2070157849092963	72.0	6.0	20.0	0.3967460238079361	0.5422916666666666	0.6537747163298939	-0.00200596291459487	0.8948240896751773	2.5790691357091258
seed1	moderately_unequal	radial_node	8.0	sqrt_rooms	standardized_max	300	199	0.4033333333333333	0.3493821700801514	0.459728804356594	0.075	0.5742103066905163	0.2070157849092963	72.0	6.0	20.0	0.3967460238079361	0.5422916666666666	0.6537747163298939	-0.00200596291459487	0.8948240896751773	2.5790691357091258
seed1	moderately_unequal	radial_node	8.0	sqrt_rooms	cv_retrained	300	199	0.31666666666666665	0.26662835068573615	0.37134073876326396	0.1	0.5742103066905163	0.2070157849092963	72.0	6.0	20.0	0.3967460238079361	0.5422916666666666	0.6537747163298939	-0.00200596291459487	0.8948240896751773	2.5790691357091258
seed1	moderately_unequal	radial_node	8.0	sqrt_rooms	cv_standardized	300	199	0.35	0.29823200252235404	0.4055608888450096	0.095	0.440781354825988	0.35136137866420847	72.0	6.0	20.0	0.3967460238079361	0.5422916666666666	0.6537747163298939	-0.00200596291459487	0.8948240896751773	2.5790691357091258
seed1	moderately_unequal	radial_node	8.0	room_equal	profile	300	199	0.4166666666666667	0.3622760916643604	0.4731644035397305	0.07	0.5786365486875709	0.19454584792337937	72.0	6.0	20.0	0.3967460238079361	0.5422916666666666	0.6537747163298939	-0.00200596291459487	0.8948240896751773	2.5790691357091258
seed1	moderately_unequal	radial_node	8.0	room_equal	mantel	300	199	0.41	0.35582394979935006	0.4664517850210681	0.0875	0.5786365486875709	0.19454584792337937	72.0	6.0	20.0	0.3967460238079361	0.5422916666666666	0.6537747163298939	-0.00200596291459487	0.8948240896751773	2.5790691357091258
seed1	moderately_unequal	radial_node	8.0	room_equal	nested_max	300	199	0.42	0.3655060253806384	0.4765168500152888	0.07	0.5786365486875709	0.19454584792337937	72.0	6.0	20.0	0.3967460238079361	0.5422916666666666	0.6537747163298939	-0.00200596291459487	0.8948240896751773	2.5790691357091258
seed1	moderately_unequal	radial_node	8.0	room_equal	standardized_max	300	199	0.4033333333333333	0.3493821700801514	0.459728804356594	0.075	0.5786365486875709	0.19454584792337937	72.0	6.0	20.0	0.3967460238079361	0.5422916666666666	0.6537747163298939	-0.00200596291459487	0.8948240896751773	2.5790691357091258
seed1	moderately_unequal	radial_node	8.0	room_equal	cv_retrained	300	199	0.38	0.3269187519503734	0.4361155611435176	0.085	0.5786365486875709	0.19454584792337937	72.0	6.0	20.0	0.3967460238079361	0.5422916666666666	0.6537747163298939	-0.00200596291459487	0.8948240896751773	2.5790691357091258
seed1	moderately_unequal	radial_node	8.0	room_equal	cv_standardized	300	199	0.38	0.3269187519503734	0.4361155611435176	0.085	0.43253666963144316	0.3447373202764511	72.0	6.0	20.0	0.3967460238079361	0.5422916666666666	0.6537747163298939	-0.00200596291459487	0.8948240896751773	2.5790691357091258
seed1	moderately_unequal	radial_node	16.0	building_equal	profile	300	199	0.4166666666666667	0.3622760916643604	0.4731644035397305	0.07	0.604088641057322	0.3067136618511727	72.0	6.0	20.0	0.3967460238079361	0.5422916666666666	0.6537747163298939	-0.00200596291459487	0.8948240896751773	2.5790691357091258
seed1	moderately_unequal	radial_node	16.0	building_equal	mantel	300	199	0.41	0.35582394979935006	0.4664517850210681	0.0875	0.604088641057322	0.3067136618511727	72.0	6.0	20.0	0.3967460238079361	0.5422916666666666	0.6537747163298939	-0.00200596291459487	0.8948240896751773	2.5790691357091258
seed1	moderately_unequal	radial_node	16.0	building_equal	nested_max	300	199	0.42	0.3655060253806384	0.4765168500152888	0.07	0.604088641057322	0.3067136618511727	72.0	6.0	20.0	0.3967460238079361	0.5422916666666666	0.6537747163298939	-0.00200596291459487	0.8948240896751773	2.5790691357091258
seed1	moderately_unequal	radial_node	16.0	building_equal	standardized_max	300	199	0.4033333333333333	0.3493821700801514	0.459728804356594	0.075	0.604088641057322	0.3067136618511727	72.0	6.0	20.0	0.3967460238079361	0.5422916666666666	0.6537747163298939	-0.00200596291459487	0.8948240896751773	2.5790691357091258
seed1	moderately_unequal	radial_node	16.0	building_equal	cv_retrained	300	199	0.24666666666666667	0.20129380271657715	0.2984453027038595	0.155	0.604088641057322	0.3067136618511727	72.0	6.0	20.0	0.3967460238079361	0.5422916666666666	0.6537747163298939	-0.00200596291459487	0.8948240896751773	2.5790691357091258
seed1	moderately_unequal	radial_node	16.0	building_equal	cv_standardized	300	199	0.30333333333333334	0.2540711301237818	0.3575684385578729	0.125	0.4556657380066764	0.38931347444684766	72.0	6.0	20.0	0.3967460238079361	0.5422916666666666	0.6537747163298939	-0.00200596291459487	0.8948240896751773	2.5790691357091258
seed1	moderately_unequal	radial_node	16.0	sqrt_rooms	profile	300	199	0.4166666666666667	0.3622760916643604	0.4731644035397305	0.07	0.6093603419677189	0.29378999177780685	72.0	6.0	20.0	0.3967460238079361	0.5422916666666666	0.6537747163298939	-0.00200596291459487	0.8948240896751773	2.5790691357091258
seed1	moderately_unequal	radial_node	16.0	sqrt_rooms	mantel	300	199	0.41	0.35582394979935006	0.4664517850210681	0.0875	0.6093603419677189	0.29378999177780685	72.0	6.0	20.0	0.3967460238079361	0.5422916666666666	0.6537747163298939	-0.00200596291459487	0.8948240896751773	2.5790691357091258
seed1	moderately_unequal	radial_node	16.0	sqrt_rooms	nested_max	300	199	0.42	0.3655060253806384	0.4765168500152888	0.07	0.6093603419677189	0.29378999177780685	72.0	6.0	20.0	0.3967460238079361	0.5422916666666666	0.6537747163298939	-0.00200596291459487	0.8948240896751773	2.5790691357091258
seed1	moderately_unequal	radial_node	16.0	sqrt_rooms	standardized_max	300	199	0.4033333333333333	0.3493821700801514	0.459728804356594	0.075	0.6093603419677189	0.29378999177780685	72.0	6.0	20.0	0.3967460238079361	0.5422916666666666	0.6537747163298939	-0.00200596291459487	0.8948240896751773	2.5790691357091258
seed1	moderately_unequal	radial_node	16.0	sqrt_rooms	cv_retrained	300	199	0.29333333333333333	0.24468634082804494	0.34720608727810065	0.11	0.6093603419677189	0.29378999177780685	72.0	6.0	20.0	0.3967460238079361	0.5422916666666666	0.6537747163298939	-0.00200596291459487	0.8948240896751773	2.5790691357091258
seed1	moderately_unequal	radial_node	16.0	sqrt_rooms	cv_standardized	300	199	0.33	0.2792344636154957	0.3850641466008499	0.09	0.4394704917820895	0.38378846174753367	72.0	6.0	20.0	0.3967460238079361	0.5422916666666666	0.6537747163298939	-0.00200596291459487	0.8948240896751773	2.5790691357091258
seed1	moderately_unequal	radial_node	16.0	room_equal	profile	300	199	0.4166666666666667	0.3622760916643604	0.4731644035397305	0.07	0.6146335064706524	0.2802908098479703	72.0	6.0	20.0	0.3967460238079361	0.5422916666666666	0.6537747163298939	-0.00200596291459487	0.8948240896751773	2.5790691357091258
seed1	moderately_unequal	radial_node	16.0	room_equal	mantel	300	199	0.41	0.35582394979935006	0.4664517850210681	0.0875	0.6146335064706524	0.2802908098479703	72.0	6.0	20.0	0.3967460238079361	0.5422916666666666	0.6537747163298939	-0.00200596291459487	0.8948240896751773	2.5790691357091258
seed1	moderately_unequal	radial_node	16.0	room_equal	nested_max	300	199	0.42	0.3655060253806384	0.4765168500152888	0.07	0.6146335064706524	0.2802908098479703	72.0	6.0	20.0	0.3967460238079361	0.5422916666666666	0.6537747163298939	-0.00200596291459487	0.8948240896751773	2.5790691357091258
seed1	moderately_unequal	radial_node	16.0	room_equal	standardized_max	300	199	0.4033333333333333	0.3493821700801514	0.459728804356594	0.075	0.6146335064706524	0.2802908098479703	72.0	6.0	20.0	0.3967460238079361	0.5422916666666666	0.6537747163298939	-0.00200596291459487	0.8948240896751773	2.5790691357091258
seed1	moderately_unequal	radial_node	16.0	room_equal	cv_retrained	300	199	0.32	0.2697753585604896	0.3747761110803469	0.10250000000000001	0.6146335064706524	0.2802908098479703	72.0	6.0	20.0	0.3967460238079361	0.5422916666666666	0.6537747163298939	-0.00200596291459487	0.8948240896751773	2.5790691357091258
seed1	moderately_unequal	radial_node	16.0	room_equal	cv_standardized	300	199	0.36666666666666664	0.3141415065082282	0.4225632858183173	0.095	0.429221198964897	0.3771887535960518	72.0	6.0	20.0	0.3967460238079361	0.5422916666666666	0.6537747163298939	-0.00200596291459487	0.8948240896751773	2.5790691357091258
seed1	moderately_unequal	dyadic	0.0	building_equal	profile	300	199	0.13333333333333333	0.09946641683411198	0.1764717620638884	0.2825	0.4999999999999999	5.551115123125783e-17	72.0	6.0	20.0	0.3967460238079361	0.5405092592592592	0.009844827065811452	0.6461026700503127	0.8972049983419669	2.5790691357091258
seed1	moderately_unequal	dyadic	0.0	building_equal	mantel	300	199	0.20333333333333334	0.16167385164165787	0.25249431128490607	0.2	0.4999999999999999	5.551115123125783e-17	72.0	6.0	20.0	0.3967460238079361	0.5405092592592592	0.009844827065811452	0.6461026700503127	0.8972049983419669	2.5790691357091258
seed1	moderately_unequal	dyadic	0.0	building_equal	nested_max	300	199	0.14	0.10527132693072412	0.18383161235094903	0.2625	0.4999999999999999	5.551115123125783e-17	72.0	6.0	20.0	0.3967460238079361	0.5405092592592592	0.009844827065811452	0.6461026700503127	0.8972049983419669	2.5790691357091258
seed1	moderately_unequal	dyadic	0.0	building_equal	standardized_max	300	199	0.19666666666666666	0.1556446341979055	0.24535876834498568	0.245	0.4999999999999999	5.551115123125783e-17	72.0	6.0	20.0	0.3967460238079361	0.5405092592592592	0.009844827065811452	0.6461026700503127	0.8972049983419669	2.5790691357091258
seed1	moderately_unequal	dyadic	0.0	building_equal	cv_retrained	300	199	0.12333333333333334	0.09081731429366795	0.1653737240288234	0.2825	0.4999999999999999	5.551115123125783e-17	72.0	6.0	20.0	0.3967460238079361	0.5405092592592592	0.009844827065811452	0.6461026700503127	0.8972049983419669	2.5790691357091258
seed1	moderately_unequal	dyadic	0.0	building_equal	cv_standardized	300	199	0.12666666666666668	0.09369224846506602	0.16908117004926165	0.3125	0.4999999999999999	5.551115123125783e-17	72.0	6.0	20.0	0.3967460238079361	0.5405092592592592	0.009844827065811452	0.6461026700503127	0.8972049983419669	2.5790691357091258
seed1	moderately_unequal	dyadic	0.0	sqrt_rooms	profile	300	199	0.13333333333333333	0.09946641683411198	0.1764717620638884	0.2825	0.5	0.0	72.0	6.0	20.0	0.3967460238079361	0.5405092592592592	0.009844827065811452	0.6461026700503127	0.8972049983419669	2.5790691357091258
seed1	moderately_unequal	dyadic	0.0	sqrt_rooms	mantel	300	199	0.20333333333333334	0.16167385164165787	0.25249431128490607	0.2	0.5	0.0	72.0	6.0	20.0	0.3967460238079361	0.5405092592592592	0.009844827065811452	0.6461026700503127	0.8972049983419669	2.5790691357091258
seed1	moderately_unequal	dyadic	0.0	sqrt_rooms	nested_max	300	199	0.14	0.10527132693072412	0.18383161235094903	0.2625	0.5	0.0	72.0	6.0	20.0	0.3967460238079361	0.5405092592592592	0.009844827065811452	0.6461026700503127	0.8972049983419669	2.5790691357091258
seed1	moderately_unequal	dyadic	0.0	sqrt_rooms	standardized_max	300	199	0.19666666666666666	0.1556446341979055	0.24535876834498568	0.245	0.5	0.0	72.0	6.0	20.0	0.3967460238079361	0.5405092592592592	0.009844827065811452	0.6461026700503127	0.8972049983419669	2.5790691357091258
seed1	moderately_unequal	dyadic	0.0	sqrt_rooms	cv_retrained	300	199	0.13666666666666666	0.10236514609208625	0.1801554129977505	0.285	0.5	0.0	72.0	6.0	20.0	0.3967460238079361	0.5405092592592592	0.009844827065811452	0.6461026700503127	0.8972049983419669	2.5790691357091258
seed1	moderately_unequal	dyadic	0.0	sqrt_rooms	cv_standardized	300	199	0.12333333333333334	0.09081731429366795	0.1653737240288234	0.32	0.5	0.0	72.0	6.0	20.0	0.3967460238079361	0.5405092592592592	0.009844827065811452	0.6461026700503127	0.8972049983419669	2.5790691357091258
seed1	moderately_unequal	dyadic	0.0	room_equal	profile	300	199	0.13333333333333333	0.09946641683411198	0.1764717620638884	0.2825	0.5	0.0	72.0	6.0	20.0	0.3967460238079361	0.5405092592592592	0.009844827065811452	0.6461026700503127	0.8972049983419669	2.5790691357091258
seed1	moderately_unequal	dyadic	0.0	room_equal	mantel	300	199	0.20333333333333334	0.16167385164165787	0.25249431128490607	0.2	0.5	0.0	72.0	6.0	20.0	0.3967460238079361	0.5405092592592592	0.009844827065811452	0.6461026700503127	0.8972049983419669	2.5790691357091258
seed1	moderately_unequal	dyadic	0.0	room_equal	nested_max	300	199	0.14	0.10527132693072412	0.18383161235094903	0.2625	0.5	0.0	72.0	6.0	20.0	0.3967460238079361	0.5405092592592592	0.009844827065811452	0.6461026700503127	0.8972049983419669	2.5790691357091258
seed1	moderately_unequal	dyadic	0.0	room_equal	standardized_max	300	199	0.19666666666666666	0.1556446341979055	0.24535876834498568	0.245	0.5	0.0	72.0	6.0	20.0	0.3967460238079361	0.5405092592592592	0.009844827065811452	0.6461026700503127	0.8972049983419669	2.5790691357091258
seed1	moderately_unequal	dyadic	0.0	room_equal	cv_retrained	300	199	0.13333333333333333	0.09946641683411198	0.1764717620638884	0.295	0.5	0.0	72.0	6.0	20.0	0.3967460238079361	0.5405092592592592	0.009844827065811452	0.6461026700503127	0.8972049983419669	2.5790691357091258
seed1	moderately_unequal	dyadic	0.0	room_equal	cv_standardized	300	199	0.12	0.0879508443036389	0.16165781382701605	0.325	0.5	0.0	72.0	6.0	20.0	0.3967460238079361	0.5405092592592592	0.009844827065811452	0.6461026700503127	0.8972049983419669	2.5790691357091258
seed1	moderately_unequal	dyadic	0.1	building_equal	profile	300	199	0.13333333333333333	0.09946641683411198	0.1764717620638884	0.2825	0.5018405579180247	0.003317535613383002	72.0	6.0	20.0	0.3967460238079361	0.5405092592592592	0.009844827065811452	0.6461026700503127	0.8972049983419669	2.5790691357091258
seed1	moderately_unequal	dyadic	0.1	building_equal	mantel	300	199	0.20333333333333334	0.16167385164165787	0.25249431128490607	0.2	0.5018405579180247	0.003317535613383002	72.0	6.0	20.0	0.3967460238079361	0.5405092592592592	0.009844827065811452	0.6461026700503127	0.8972049983419669	2.5790691357091258
seed1	moderately_unequal	dyadic	0.1	building_equal	nested_max	300	199	0.14	0.10527132693072412	0.18383161235094903	0.2625	0.5018405579180247	0.003317535613383002	72.0	6.0	20.0	0.3967460238079361	0.5405092592592592	0.009844827065811452	0.6461026700503127	0.8972049983419669	2.5790691357091258
seed1	moderately_unequal	dyadic	0.1	building_equal	standardized_max	300	199	0.19666666666666666	0.1556446341979055	0.24535876834498568	0.245	0.5018405579180247	0.003317535613383002	72.0	6.0	20.0	0.3967460238079361	0.5405092592592592	0.009844827065811452	0.6461026700503127	0.8972049983419669	2.5790691357091258
seed1	moderately_unequal	dyadic	0.1	building_equal	cv_retrained	300	199	0.12333333333333334	0.09081731429366795	0.1653737240288234	0.28	0.5018405579180247	0.003317535613383002	72.0	6.0	20.0	0.3967460238079361	0.5405092592592592	0.009844827065811452	0.6461026700503127	0.8972049983419669	2.5790691357091258
seed1	moderately_unequal	dyadic	0.1	building_equal	cv_standardized	300	199	0.12666666666666668	0.09369224846506602	0.16908117004926165	0.315	0.504276027661207	0.011475785029940795	72.0	6.0	20.0	0.3967460238079361	0.5405092592592592	0.009844827065811452	0.6461026700503127	0.8972049983419669	2.5790691357091258
seed1	moderately_unequal	dyadic	0.1	sqrt_rooms	profile	300	199	0.13333333333333333	0.09946641683411198	0.1764717620638884	0.2825	0.5017129473030651	0.0030758566047023395	72.0	6.0	20.0	0.3967460238079361	0.5405092592592592	0.009844827065811452	0.6461026700503127	0.8972049983419669	2.5790691357091258
seed1	moderately_unequal	dyadic	0.1	sqrt_rooms	mantel	300	199	0.20333333333333334	0.16167385164165787	0.25249431128490607	0.2	0.5017129473030651	0.0030758566047023395	72.0	6.0	20.0	0.3967460238079361	0.5405092592592592	0.009844827065811452	0.6461026700503127	0.8972049983419669	2.5790691357091258
seed1	moderately_unequal	dyadic	0.1	sqrt_rooms	nested_max	300	199	0.14	0.10527132693072412	0.18383161235094903	0.2625	0.5017129473030651	0.0030758566047023395	72.0	6.0	20.0	0.3967460238079361	0.5405092592592592	0.009844827065811452	0.6461026700503127	0.8972049983419669	2.5790691357091258
seed1	moderately_unequal	dyadic	0.1	sqrt_rooms	standardized_max	300	199	0.19666666666666666	0.1556446341979055	0.24535876834498568	0.245	0.5017129473030651	0.0030758566047023395	72.0	6.0	20.0	0.3967460238079361	0.5405092592592592	0.009844827065811452	0.6461026700503127	0.8972049983419669	2.5790691357091258
seed1	moderately_unequal	dyadic	0.1	sqrt_rooms	cv_retrained	300	199	0.13333333333333333	0.09946641683411198	0.1764717620638884	0.285	0.5017129473030651	0.0030758566047023395	72.0	6.0	20.0	0.3967460238079361	0.5405092592592592	0.009844827065811452	0.6461026700503127	0.8972049983419669	2.5790691357091258
seed1	moderately_unequal	dyadic	0.1	sqrt_rooms	cv_standardized	300	199	0.12333333333333334	0.09081731429366795	0.1653737240288234	0.3175	0.5039757407928271	0.011304224398498422	72.0	6.0	20.0	0.3967460238079361	0.5405092592592592	0.009844827065811452	0.6461026700503127	0.8972049983419669	2.5790691357091258
seed1	moderately_unequal	dyadic	0.1	room_equal	profile	300	199	0.13333333333333333	0.09946641683411198	0.1764717620638884	0.2825	0.5015974714227726	0.00291271394251202	72.0	6.0	20.0	0.3967460238079361	0.5405092592592592	0.009844827065811452	0.6461026700503127	0.8972049983419669	2.5790691357091258
seed1	moderately_unequal	dyadic	0.1	room_equal	mantel	300	199	0.20333333333333334	0.16167385164165787	0.25249431128490607	0.2	0.5015974714227726	0.00291271394251202	72.0	6.0	20.0	0.3967460238079361	0.5405092592592592	0.009844827065811452	0.6461026700503127	0.8972049983419669	2.5790691357091258
seed1	moderately_unequal	dyadic	0.1	room_equal	nested_max	300	199	0.14	0.10527132693072412	0.18383161235094903	0.2625	0.5015974714227726	0.00291271394251202	72.0	6.0	20.0	0.3967460238079361	0.5405092592592592	0.009844827065811452	0.6461026700503127	0.8972049983419669	2.5790691357091258
seed1	moderately_unequal	dyadic	0.1	room_equal	standardized_max	300	199	0.19666666666666666	0.1556446341979055	0.24535876834498568	0.245	0.5015974714227726	0.00291271394251202	72.0	6.0	20.0	0.3967460238079361	0.5405092592592592	0.009844827065811452	0.6461026700503127	0.8972049983419669	2.5790691357091258
seed1	moderately_unequal	dyadic	0.1	room_equal	cv_retrained	300	199	0.13333333333333333	0.09946641683411198	0.1764717620638884	0.295	0.5015974714227726	0.00291271394251202	72.0	6.0	20.0	0.3967460238079361	0.5405092592592592	0.009844827065811452	0.6461026700503127	0.8972049983419669	2.5790691357091258
seed1	moderately_unequal	dyadic	0.1	room_equal	cv_standardized	300	199	0.11666666666666667	0.08509313461466292	0.15793314332415567	0.3275	0.5036981074703422	0.011364312149883775	72.0	6.0	20.0	0.3967460238079361	0.5405092592592592	0.009844827065811452	0.6461026700503127	0.8972049983419669	2.5790691357091258
seed1	moderately_unequal	dyadic	0.25	building_equal	profile	300	199	0.13333333333333333	0.09946641683411198	0.1764717620638884	0.2825	0.5046003353250166	0.00829134381675606	72.0	6.0	20.0	0.3967460238079361	0.5405092592592592	0.009844827065811452	0.6461026700503127	0.8972049983419669	2.5790691357091258
seed1	moderately_unequal	dyadic	0.25	building_equal	mantel	300	199	0.20333333333333334	0.16167385164165787	0.25249431128490607	0.2	0.5046003353250166	0.00829134381675606	72.0	6.0	20.0	0.3967460238079361	0.5405092592592592	0.009844827065811452	0.6461026700503127	0.8972049983419669	2.5790691357091258
seed1	moderately_unequal	dyadic	0.25	building_equal	nested_max	300	199	0.14	0.10527132693072412	0.18383161235094903	0.2625	0.5046003353250166	0.00829134381675606	72.0	6.0	20.0	0.3967460238079361	0.5405092592592592	0.009844827065811452	0.6461026700503127	0.8972049983419669	2.5790691357091258
seed1	moderately_unequal	dyadic	0.25	building_equal	standardized_max	300	199	0.19666666666666666	0.1556446341979055	0.24535876834498568	0.245	0.5046003353250166	0.00829134381675606	72.0	6.0	20.0	0.3967460238079361	0.5405092592592592	0.009844827065811452	0.6461026700503127	0.8972049983419669	2.5790691357091258
seed1	moderately_unequal	dyadic	0.25	building_equal	cv_retrained	300	199	0.12333333333333334	0.09081731429366795	0.1653737240288234	0.2825	0.5046003353250166	0.00829134381675606	72.0	6.0	20.0	0.3967460238079361	0.5405092592592592	0.009844827065811452	0.6461026700503127	0.8972049983419669	2.5790691357091258
seed1	moderately_unequal	dyadic	0.25	building_equal	cv_standardized	300	199	0.13333333333333333	0.09946641683411198	0.1764717620638884	0.315	0.5106649646333264	0.02859694677946485	72.0	6.0	20.0	0.3967460238079361	0.5405092592592592	0.009844827065811452	0.6461026700503127	0.8972049983419669	2.5790691357091258
seed1	moderately_unequal	dyadic	0.25	sqrt_rooms	profile	300	199	0.13333333333333333	0.09946641683411198	0.1764717620638884	0.2825	0.5042814475660098	0.00768760879237032	72.0	6.0	20.0	0.3967460238079361	0.5405092592592592	0.009844827065811452	0.6461026700503127	0.8972049983419669	2.5790691357091258
seed1	moderately_unequal	dyadic	0.25	sqrt_rooms	mantel	300	199	0.20333333333333334	0.16167385164165787	0.25249431128490607	0.2	0.5042814475660098	0.00768760879237032	72.0	6.0	20.0	0.3967460238079361	0.5405092592592592	0.009844827065811452	0.6461026700503127	0.8972049983419669	2.5790691357091258
seed1	moderately_unequal	dyadic	0.25	sqrt_rooms	nested_max	300	199	0.14	0.10527132693072412	0.18383161235094903	0.2625	0.5042814475660098	0.00768760879237032	72.0	6.0	20.0	0.3967460238079361	0.5405092592592592	0.009844827065811452	0.6461026700503127	0.8972049983419669	2.5790691357091258
seed1	moderately_unequal	dyadic	0.25	sqrt_rooms	standardized_max	300	199	0.19666666666666666	0.1556446341979055	0.24535876834498568	0.245	0.5042814475660098	0.00768760879237032	72.0	6.0	20.0	0.3967460238079361	0.5405092592592592	0.009844827065811452	0.6461026700503127	0.8972049983419669	2.5790691357091258
seed1	moderately_unequal	dyadic	0.25	sqrt_rooms	cv_retrained	300	199	0.13333333333333333	0.09946641683411198	0.1764717620638884	0.285	0.5042814475660098	0.00768760879237032	72.0	6.0	20.0	0.3967460238079361	0.5405092592592592	0.009844827065811452	0.6461026700503127	0.8972049983419669	2.5790691357091258
seed1	moderately_unequal	dyadic	0.25	sqrt_rooms	cv_standardized	300	199	0.12333333333333334	0.09081731429366795	0.1653737240288234	0.3175	0.5099144171397796	0.028171246019724955	72.0	6.0	20.0	0.3967460238079361	0.5405092592592592	0.009844827065811452	0.6461026700503127	0.8972049983419669	2.5790691357091258
seed1	moderately_unequal	dyadic	0.25	room_equal	profile	300	199	0.13333333333333333	0.09946641683411198	0.1764717620638884	0.2825	0.503992848084663	0.007280006838454232	72.0	6.0	20.0	0.3967460238079361	0.5405092592592592	0.009844827065811452	0.6461026700503127	0.8972049983419669	2.5790691357091258
seed1	moderately_unequal	dyadic	0.25	room_equal	mantel	300	199	0.20333333333333334	0.16167385164165787	0.25249431128490607	0.2	0.503992848084663	0.007280006838454232	72.0	6.0	20.0	0.3967460238079361	0.5405092592592592	0.009844827065811452	0.6461026700503127	0.8972049983419669	2.5790691357091258
seed1	moderately_unequal	dyadic	0.25	room_equal	nested_max	300	199	0.14	0.10527132693072412	0.18383161235094903	0.2625	0.503992848084663	0.007280006838454232	72.0	6.0	20.0	0.3967460238079361	0.5405092592592592	0.009844827065811452	0.6461026700503127	0.8972049983419669	2.5790691357091258
seed1	moderately_unequal	dyadic	0.25	room_equal	standardized_max	300	199	0.19666666666666666	0.1556446341979055	0.24535876834498568	0.245	0.503992848084663	0.007280006838454232	72.0	6.0	20.0	0.3967460238079361	0.5405092592592592	0.009844827065811452	0.6461026700503127	0.8972049983419669	2.5790691357091258
seed1	moderately_unequal	dyadic	0.25	room_equal	cv_retrained	300	199	0.13333333333333333	0.09946641683411198	0.1764717620638884	0.295	0.503992848084663	0.007280006838454232	72.0	6.0	20.0	0.3967460238079361	0.5405092592592592	0.009844827065811452	0.6461026700503127	0.8972049983419669	2.5790691357091258
seed1	moderately_unequal	dyadic	0.25	room_equal	cv_standardized	300	199	0.12	0.0879508443036389	0.16165781382701605	0.3275	0.5092203098267842	0.028315914173384717	72.0	6.0	20.0	0.3967460238079361	0.5405092592592592	0.009844827065811452	0.6461026700503127	0.8972049983419669	2.5790691357091258
seed1	moderately_unequal	dyadic	0.5	building_equal	profile	300	199	0.13333333333333333	0.09946641683411198	0.1764717620638884	0.2825	0.5091931164719917	0.016564913346632598	72.0	6.0	20.0	0.3967460238079361	0.5405092592592592	0.009844827065811452	0.6461026700503127	0.8972049983419669	2.5790691357091258
seed1	moderately_unequal	dyadic	0.5	building_equal	mantel	300	199	0.20333333333333334	0.16167385164165787	0.25249431128490607	0.2	0.5091931164719917	0.016564913346632598	72.0	6.0	20.0	0.3967460238079361	0.5405092592592592	0.009844827065811452	0.6461026700503127	0.8972049983419669	2.5790691357091258
seed1	moderately_unequal	dyadic	0.5	building_equal	nested_max	300	199	0.14	0.10527132693072412	0.18383161235094903	0.2625	0.5091931164719917	0.016564913346632598	72.0	6.0	20.0	0.3967460238079361	0.5405092592592592	0.009844827065811452	0.6461026700503127	0.8972049983419669	2.5790691357091258
seed1	moderately_unequal	dyadic	0.5	building_equal	standardized_max	300	199	0.19666666666666666	0.1556446341979055	0.24535876834498568	0.245	0.5091931164719917	0.016564913346632598	72.0	6.0	20.0	0.3967460238079361	0.5405092592592592	0.009844827065811452	0.6461026700503127	0.8972049983419669	2.5790691357091258
seed1	moderately_unequal	dyadic	0.5	building_equal	cv_retrained	300	199	0.12666666666666668	0.09369224846506602	0.16908117004926165	0.2825	0.5091931164719917	0.016564913346632598	72.0	6.0	20.0	0.3967460238079361	0.5405092592592592	0.009844827065811452	0.6461026700503127	0.8972049983419669	2.5790691357091258
seed1	moderately_unequal	dyadic	0.5	building_equal	cv_standardized	300	199	0.13	0.09657536941275233	0.17278042929341172	0.32	0.5211536668960945	0.05655233169038558	72.0	6.0	20.0	0.3967460238079361	0.5405092592592592	0.009844827065811452	0.6461026700503127	0.8972049983419669	2.5790691357091258
seed1	moderately_unequal	dyadic	0.5	sqrt_rooms	profile	300	199	0.13333333333333333	0.09946641683411198	0.1764717620638884	0.2825	0.508556330106479	0.015360732832369422	72.0	6.0	20.0	0.3967460238079361	0.5405092592592592	0.009844827065811452	0.6461026700503127	0.8972049983419669	2.5790691357091258
seed1	moderately_unequal	dyadic	0.5	sqrt_rooms	mantel	300	199	0.20333333333333334	0.16167385164165787	0.25249431128490607	0.2	0.508556330106479	0.015360732832369422	72.0	6.0	20.0	0.3967460238079361	0.5405092592592592	0.009844827065811452	0.6461026700503127	0.8972049983419669	2.5790691357091258
seed1	moderately_unequal	dyadic	0.5	sqrt_rooms	nested_max	300	199	0.14	0.10527132693072412	0.18383161235094903	0.2625	0.508556330106479	0.015360732832369422	72.0	6.0	20.0	0.3967460238079361	0.5405092592592592	0.009844827065811452	0.6461026700503127	0.8972049983419669	2.5790691357091258
seed1	moderately_unequal	dyadic	0.5	sqrt_rooms	standardized_max	300	199	0.19666666666666666	0.1556446341979055	0.24535876834498568	0.245	0.508556330106479	0.015360732832369422	72.0	6.0	20.0	0.3967460238079361	0.5405092592592592	0.009844827065811452	0.6461026700503127	0.8972049983419669	2.5790691357091258
seed1	moderately_unequal	dyadic	0.5	sqrt_rooms	cv_retrained	300	199	0.13666666666666666	0.10236514609208625	0.1801554129977505	0.29	0.508556330106479	0.015360732832369422	72.0	6.0	20.0	0.3967460238079361	0.5405092592592592	0.009844827065811452	0.6461026700503127	0.8972049983419669	2.5790691357091258
seed1	moderately_unequal	dyadic	0.5	sqrt_rooms	cv_standardized	300	199	0.12	0.0879508443036389	0.16165781382701605	0.3175	0.5196541937182398	0.05572291756990131	72.0	6.0	20.0	0.3967460238079361	0.5405092592592592	0.009844827065811452	0.6461026700503127	0.8972049983419669	2.5790691357091258
seed1	moderately_unequal	dyadic	0.5	room_equal	profile	300	199	0.13333333333333333	0.09946641683411198	0.1764717620638884	0.2825	0.5079797743180836	0.014547341085285466	72.0	6.0	20.0	0.3967460238079361	0.5405092592592592	0.009844827065811452	0.6461026700503127	0.8972049983419669	2.5790691357091258
seed1	moderately_unequal	dyadic	0.5	room_equal	mantel	300	199	0.20333333333333334	0.16167385164165787	0.25249431128490607	0.2	0.5079797743180836	0.014547341085285466	72.0	6.0	20.0	0.3967460238079361	0.5405092592592592	0.009844827065811452	0.6461026700503127	0.8972049983419669	2.5790691357091258
seed1	moderately_unequal	dyadic	0.5	room_equal	nested_max	300	199	0.14	0.10527132693072412	0.18383161235094903	0.2625	0.5079797743180836	0.014547341085285466	72.0	6.0	20.0	0.3967460238079361	0.5405092592592592	0.009844827065811452	0.6461026700503127	0.8972049983419669	2.5790691357091258
seed1	moderately_unequal	dyadic	0.5	room_equal	standardized_max	300	199	0.19666666666666666	0.1556446341979055	0.24535876834498568	0.245	0.5079797743180836	0.014547341085285466	72.0	6.0	20.0	0.3967460238079361	0.5405092592592592	0.009844827065811452	0.6461026700503127	0.8972049983419669	2.5790691357091258
seed1	moderately_unequal	dyadic	0.5	room_equal	cv_retrained	300	199	0.14333333333333334	0.1081847423238497	0.18750057714965976	0.29	0.5079797743180836	0.014547341085285466	72.0	6.0	20.0	0.3967460238079361	0.5405092592592592	0.009844827065811452	0.6461026700503127	0.8972049983419669	2.5790691357091258
seed1	moderately_unequal	dyadic	0.5	room_equal	cv_standardized	300	199	0.11	0.07940528531126051	0.15045623224388538	0.325	0.518266214103795	0.055975215155286244	72.0	6.0	20.0	0.3967460238079361	0.5405092592592592	0.009844827065811452	0.6461026700503127	0.8972049983419669	2.5790691357091258
seed1	moderately_unequal	dyadic	1.0	building_equal	profile	300	199	0.13333333333333333	0.09946641683411198	0.1764717620638884	0.2825	0.5183262167440792	0.03298913141042828	72.0	6.0	20.0	0.3967460238079361	0.5405092592592592	0.009844827065811452	0.6461026700503127	0.8972049983419669	2.5790691357091258
seed1	moderately_unequal	dyadic	1.0	building_equal	mantel	300	199	0.20333333333333334	0.16167385164165787	0.25249431128490607	0.2	0.5183262167440792	0.03298913141042828	72.0	6.0	20.0	0.3967460238079361	0.5405092592592592	0.009844827065811452	0.6461026700503127	0.8972049983419669	2.5790691357091258
seed1	moderately_unequal	dyadic	1.0	building_equal	nested_max	300	199	0.14	0.10527132693072412	0.18383161235094903	0.2625	0.5183262167440792	0.03298913141042828	72.0	6.0	20.0	0.3967460238079361	0.5405092592592592	0.009844827065811452	0.6461026700503127	0.8972049983419669	2.5790691357091258
seed1	moderately_unequal	dyadic	1.0	building_equal	standardized_max	300	199	0.19666666666666666	0.1556446341979055	0.24535876834498568	0.245	0.5183262167440792	0.03298913141042828	72.0	6.0	20.0	0.3967460238079361	0.5405092592592592	0.009844827065811452	0.6461026700503127	0.8972049983419669	2.5790691357091258
seed1	moderately_unequal	dyadic	1.0	building_equal	cv_retrained	300	199	0.12333333333333334	0.09081731429366795	0.1653737240288234	0.28	0.5183262167440792	0.03298913141042828	72.0	6.0	20.0	0.3967460238079361	0.5405092592592592	0.009844827065811452	0.6461026700503127	0.8972049983419669	2.5790691357091258
seed1	moderately_unequal	dyadic	1.0	building_equal	cv_standardized	300	199	0.11333333333333333	0.082244501875291	0.15419939587169124	0.3125	0.5409860068811964	0.10848749062514047	72.0	6.0	20.0	0.3967460238079361	0.5405092592592592	0.009844827065811452	0.6461026700503127	0.8972049983419669	2.5790691357091258
seed1	moderately_unequal	dyadic	1.0	sqrt_rooms	profile	300	199	0.13333333333333333	0.09946641683411198	0.1764717620638884	0.2825	0.517060491365241	0.030606657335801125	72.0	6.0	20.0	0.3967460238079361	0.5405092592592592	0.009844827065811452	0.6461026700503127	0.8972049983419669	2.5790691357091258
seed1	moderately_unequal	dyadic	1.0	sqrt_rooms	mantel	300	199	0.20333333333333334	0.16167385164165787	0.25249431128490607	0.2	0.517060491365241	0.030606657335801125	72.0	6.0	20.0	0.3967460238079361	0.5405092592592592	0.009844827065811452	0.6461026700503127	0.8972049983419669	2.5790691357091258
seed1	moderately_unequal	dyadic	1.0	sqrt_rooms	nested_max	300	199	0.14	0.10527132693072412	0.18383161235094903	0.2625	0.517060491365241	0.030606657335801125	72.0	6.0	20.0	0.3967460238079361	0.5405092592592592	0.009844827065811452	0.6461026700503127	0.8972049983419669	2.5790691357091258
seed1	moderately_unequal	dyadic	1.0	sqrt_rooms	standardized_max	300	199	0.19666666666666666	0.1556446341979055	0.24535876834498568	0.245	0.517060491365241	0.030606657335801125	72.0	6.0	20.0	0.3967460238079361	0.5405092592592592	0.009844827065811452	0.6461026700503127	0.8972049983419669	2.5790691357091258
seed1	moderately_unequal	dyadic	1.0	sqrt_rooms	cv_retrained	300	199	0.13666666666666666	0.10236514609208625	0.1801554129977505	0.29	0.517060491365241	0.030606657335801125	72.0	6.0	20.0	0.3967460238079361	0.5405092592592592	0.009844827065811452	0.6461026700503127	0.8972049983419669	2.5790691357091258
seed1	moderately_unequal	dyadic	1.0	sqrt_rooms	cv_standardized	300	199	0.11666666666666667	0.08509313461466292	0.15793314332415567	0.3175	0.5380097985970749	0.10698205899899194	72.0	6.0	20.0	0.3967460238079361	0.5405092592592592	0.009844827065811452	0.6461026700503127	0.8972049983419669	2.5790691357091258
seed1	moderately_unequal	dyadic	1.0	room_equal	profile	300	199	0.13333333333333333	0.09946641683411198	0.1764717620638884	0.2825	0.5159124864212377	0.028994152032648296	72.0	6.0	20.0	0.3967460238079361	0.5405092592592592	0.009844827065811452	0.6461026700503127	0.8972049983419669	2.5790691357091258
seed1	moderately_unequal	dyadic	1.0	room_equal	mantel	300	199	0.20333333333333334	0.16167385164165787	0.25249431128490607	0.2	0.5159124864212377	0.028994152032648296	72.0	6.0	20.0	0.3967460238079361	0.5405092592592592	0.009844827065811452	0.6461026700503127	0.8972049983419669	2.5790691357091258
seed1	moderately_unequal	dyadic	1.0	room_equal	nested_max	300	199	0.14	0.10527132693072412	0.18383161235094903	0.2625	0.5159124864212377	0.028994152032648296	72.0	6.0	20.0	0.3967460238079361	0.5405092592592592	0.009844827065811452	0.6461026700503127	0.8972049983419669	2.5790691357091258
seed1	moderately_unequal	dyadic	1.0	room_equal	standardized_max	300	199	0.19666666666666666	0.1556446341979055	0.24535876834498568	0.245	0.5159124864212377	0.028994152032648296	72.0	6.0	20.0	0.3967460238079361	0.5405092592592592	0.009844827065811452	0.6461026700503127	0.8972049983419669	2.5790691357091258
seed1	moderately_unequal	dyadic	1.0	room_equal	cv_retrained	300	199	0.14	0.10527132693072412	0.18383161235094903	0.2925	0.5159124864212377	0.028994152032648296	72.0	6.0	20.0	0.3967460238079361	0.5405092592592592	0.009844827065811452	0.6461026700503127	0.8972049983419669	2.5790691357091258
seed1	moderately_unequal	dyadic	1.0	room_equal	cv_standardized	300	199	0.11	0.07940528531126051	0.15045623224388538	0.3225	0.5352456035634005	0.10725412382075672	72.0	6.0	20.0	0.3967460238079361	0.5405092592592592	0.009844827065811452	0.6461026700503127	0.8972049983419669	2.5790691357091258
seed1	moderately_unequal	dyadic	2.0	building_equal	profile	300	199	0.13333333333333333	0.09946641683411198	0.1764717620638884	0.2825	0.5361852158700848	0.0648979928193947	72.0	6.0	20.0	0.3967460238079361	0.5405092592592592	0.009844827065811452	0.6461026700503127	0.8972049983419669	2.5790691357091258
seed1	moderately_unequal	dyadic	2.0	building_equal	mantel	300	199	0.20333333333333334	0.16167385164165787	0.25249431128490607	0.2	0.5361852158700848	0.0648979928193947	72.0	6.0	20.0	0.3967460238079361	0.5405092592592592	0.009844827065811452	0.6461026700503127	0.8972049983419669	2.5790691357091258
seed1	moderately_unequal	dyadic	2.0	building_equal	nested_max	300	199	0.14	0.10527132693072412	0.18383161235094903	0.2625	0.5361852158700848	0.0648979928193947	72.0	6.0	20.0	0.3967460238079361	0.5405092592592592	0.009844827065811452	0.6461026700503127	0.8972049983419669	2.5790691357091258
seed1	moderately_unequal	dyadic	2.0	building_equal	standardized_max	300	199	0.19666666666666666	0.1556446341979055	0.24535876834498568	0.245	0.5361852158700848	0.0648979928193947	72.0	6.0	20.0	0.3967460238079361	0.5405092592592592	0.009844827065811452	0.6461026700503127	0.8972049983419669	2.5790691357091258
seed1	moderately_unequal	dyadic	2.0	building_equal	cv_retrained	300	199	0.13333333333333333	0.09946641683411198	0.1764717620638884	0.285	0.5361852158700848	0.0648979928193947	72.0	6.0	20.0	0.3967460238079361	0.5405092592592592	0.009844827065811452	0.6461026700503127	0.8972049983419669	2.5790691357091258
seed1	moderately_unequal	dyadic	2.0	building_equal	cv_standardized	300	199	0.11	0.07940528531126051	0.15045623224388538	0.305	0.5735641315896721	0.1903443952561522	72.0	6.0	20.0	0.3967460238079361	0.5405092592592592	0.009844827065811452	0.6461026700503127	0.8972049983419669	2.5790691357091258
seed1	moderately_unequal	dyadic	2.0	sqrt_rooms	profile	300	199	0.13333333333333333	0.09946641683411198	0.1764717620638884	0.2825	0.5337144931507916	0.060327421972151546	72.0	6.0	20.0	0.3967460238079361	0.5405092592592592	0.009844827065811452	0.6461026700503127	0.8972049983419669	2.5790691357091258
seed1	moderately_unequal	dyadic	2.0	sqrt_rooms	mantel	300	199	0.20333333333333334	0.16167385164165787	0.25249431128490607	0.2	0.5337144931507916	0.060327421972151546	72.0	6.0	20.0	0.3967460238079361	0.5405092592592592	0.009844827065811452	0.6461026700503127	0.8972049983419669	2.5790691357091258
seed1	moderately_unequal	dyadic	2.0	sqrt_rooms	nested_max	300	199	0.14	0.10527132693072412	0.18383161235094903	0.2625	0.5337144931507916	0.060327421972151546	72.0	6.0	20.0	0.3967460238079361	0.5405092592592592	0.009844827065811452	0.6461026700503127	0.8972049983419669	2.5790691357091258
seed1	moderately_unequal	dyadic	2.0	sqrt_rooms	standardized_max	300	199	0.19666666666666666	0.1556446341979055	0.24535876834498568	0.245	0.5337144931507916	0.060327421972151546	72.0	6.0	20.0	0.3967460238079361	0.5405092592592592	0.009844827065811452	0.6461026700503127	0.8972049983419669	2.5790691357091258
seed1	moderately_unequal	dyadic	2.0	sqrt_rooms	cv_retrained	300	199	0.15666666666666668	0.11990681678878562	0.2021080234520693	0.2925	0.5337144931507916	0.060327421972151546	72.0	6.0	20.0	0.3967460238079361	0.5405092592592592	0.009844827065811452	0.6461026700503127	0.8972049983419669	2.5790691357091258
seed1	moderately_unequal	dyadic	2.0	sqrt_rooms	cv_standardized	300	199	0.12333333333333334	0.09081731429366795	0.1653737240288234	0.3125	0.5679180044830334	0.18815352109070246	72.0	6.0	20.0	0.3967460238079361	0.5405092592592592	0.009844827065811452	0.6461026700503127	0.8972049983419669	2.5790691357091258
seed1	moderately_unequal	dyadic	2.0	room_equal	profile	300	199	0.13333333333333333	0.09946641683411198	0.1764717620638884	0.2825	0.5314581332915971	0.057210088055050914	72.0	6.0	20.0	0.3967460238079361	0.5405092592592592	0.009844827065811452	0.6461026700503127	0.8972049983419669	2.5790691357091258
seed1	moderately_unequal	dyadic	2.0	room_equal	mantel	300	199	0.20333333333333334	0.16167385164165787	0.25249431128490607	0.2	0.5314581332915971	0.057210088055050914	72.0	6.0	20.0	0.3967460238079361	0.5405092592592592	0.009844827065811452	0.6461026700503127	0.8972049983419669	2.5790691357091258
seed1	moderately_unequal	dyadic	2.0	room_equal	nested_max	300	199	0.14	0.10527132693072412	0.18383161235094903	0.2625	0.5314581332915971	0.057210088055050914	72.0	6.0	20.0	0.3967460238079361	0.5405092592592592	0.009844827065811452	0.6461026700503127	0.8972049983419669	2.5790691357091258
seed1	moderately_unequal	dyadic	2.0	room_equal	standardized_max	300	199	0.19666666666666666	0.1556446341979055	0.24535876834498568	0.245	0.5314581332915971	0.057210088055050914	72.0	6.0	20.0	0.3967460238079361	0.5405092592592592	0.009844827065811452	0.6461026700503127	0.8972049983419669	2.5790691357091258
seed1	moderately_unequal	dyadic	2.0	room_equal	cv_retrained	300	199	0.13	0.09657536941275233	0.17278042929341172	0.29	0.5314581332915971	0.057210088055050914	72.0	6.0	20.0	0.3967460238079361	0.5405092592592592	0.009844827065811452	0.6461026700503127	0.8972049983419669	2.5790691357091258
seed1	moderately_unequal	dyadic	2.0	room_equal	cv_standardized	300	199	0.12333333333333334	0.09081731429366795	0.1653737240288234	0.33	0.5626162480634783	0.18782257624662488	72.0	6.0	20.0	0.3967460238079361	0.5405092592592592	0.009844827065811452	0.6461026700503127	0.8972049983419669	2.5790691357091258
seed1	moderately_unequal	dyadic	4.0	building_equal	profile	300	199	0.13333333333333333	0.09946641683411198	0.1764717620638884	0.2825	0.5689963553615072	0.12233514876939118	72.0	6.0	20.0	0.3967460238079361	0.5405092592592592	0.009844827065811452	0.6461026700503127	0.8972049983419669	2.5790691357091258
seed1	moderately_unequal	dyadic	4.0	building_equal	mantel	300	199	0.20333333333333334	0.16167385164165787	0.25249431128490607	0.2	0.5689963553615072	0.12233514876939118	72.0	6.0	20.0	0.3967460238079361	0.5405092592592592	0.009844827065811452	0.6461026700503127	0.8972049983419669	2.5790691357091258
seed1	moderately_unequal	dyadic	4.0	building_equal	nested_max	300	199	0.14	0.10527132693072412	0.18383161235094903	0.2625	0.5689963553615072	0.12233514876939118	72.0	6.0	20.0	0.3967460238079361	0.5405092592592592	0.009844827065811452	0.6461026700503127	0.8972049983419669	2.5790691357091258
seed1	moderately_unequal	dyadic	4.0	building_equal	standardized_max	300	199	0.19666666666666666	0.1556446341979055	0.24535876834498568	0.245	0.5689963553615072	0.12233514876939118	72.0	6.0	20.0	0.3967460238079361	0.5405092592592592	0.009844827065811452	0.6461026700503127	0.8972049983419669	2.5790691357091258
seed1	moderately_unequal	dyadic	4.0	building_equal	cv_retrained	300	199	0.14666666666666667	0.11110518744033696	0.19116251222500888	0.285	0.5689963553615072	0.12233514876939118	72.0	6.0	20.0	0.3967460238079361	0.5405092592592592	0.009844827065811452	0.6461026700503127	0.8972049983419669	2.5790691357091258
seed1	moderately_unequal	dyadic	4.0	building_equal	cv_standardized	300	199	0.12333333333333334	0.09081731429366795	0.1653737240288234	0.295	0.611202402771232	0.28100630912193486	72.0	6.0	20.0	0.3967460238079361	0.5405092592592592	0.009844827065811452	0.6461026700503127	0.8972049983419669	2.5790691357091258
seed1	moderately_unequal	dyadic	4.0	sqrt_rooms	profile	300	199	0.13333333333333333	0.09946641683411198	0.1764717620638884	0.2825	0.5644824643766534	0.11443869831451581	72.0	6.0	20.0	0.3967460238079361	0.5405092592592592	0.009844827065811452	0.6461026700503127	0.8972049983419669	2.5790691357091258
seed1	moderately_unequal	dyadic	4.0	sqrt_rooms	mantel	300	199	0.20333333333333334	0.16167385164165787	0.25249431128490607	0.2	0.5644824643766534	0.11443869831451581	72.0	6.0	20.0	0.3967460238079361	0.5405092592592592	0.009844827065811452	0.6461026700503127	0.8972049983419669	2.5790691357091258
seed1	moderately_unequal	dyadic	4.0	sqrt_rooms	nested_max	300	199	0.14	0.10527132693072412	0.18383161235094903	0.2625	0.5644824643766534	0.11443869831451581	72.0	6.0	20.0	0.3967460238079361	0.5405092592592592	0.009844827065811452	0.6461026700503127	0.8972049983419669	2.5790691357091258
seed1	moderately_unequal	dyadic	4.0	sqrt_rooms	standardized_max	300	199	0.19666666666666666	0.1556446341979055	0.24535876834498568	0.245	0.5644824643766534	0.11443869831451581	72.0	6.0	20.0	0.3967460238079361	0.5405092592592592	0.009844827065811452	0.6461026700503127	0.8972049983419669	2.5790691357091258
seed1	moderately_unequal	dyadic	4.0	sqrt_rooms	cv_retrained	300	199	0.14333333333333334	0.1081847423238497	0.18750057714965976	0.28	0.5644824643766534	0.11443869831451581	72.0	6.0	20.0	0.3967460238079361	0.5405092592592592	0.009844827065811452	0.6461026700503127	0.8972049983419669	2.5790691357091258
seed1	moderately_unequal	dyadic	4.0	sqrt_rooms	cv_standardized	300	199	0.13	0.09657536941275233	0.17278042929341172	0.315	0.602131754351214	0.27924151722312046	72.0	6.0	20.0	0.3967460238079361	0.5405092592592592	0.009844827065811452	0.6461026700503127	0.8972049983419669	2.5790691357091258
seed1	moderately_unequal	dyadic	4.0	room_equal	profile	300	199	0.13333333333333333	0.09946641683411198	0.1764717620638884	0.2825	0.560252884174386	0.10890138019255614	72.0	6.0	20.0	0.3967460238079361	0.5405092592592592	0.009844827065811452	0.6461026700503127	0.8972049983419669	2.5790691357091258
seed1	moderately_unequal	dyadic	4.0	room_equal	mantel	300	199	0.20333333333333334	0.16167385164165787	0.25249431128490607	0.2	0.560252884174386	0.10890138019255614	72.0	6.0	20.0	0.3967460238079361	0.5405092592592592	0.009844827065811452	0.6461026700503127	0.8972049983419669	2.5790691357091258
seed1	moderately_unequal	dyadic	4.0	room_equal	nested_max	300	199	0.14	0.10527132693072412	0.18383161235094903	0.2625	0.560252884174386	0.10890138019255614	72.0	6.0	20.0	0.3967460238079361	0.5405092592592592	0.009844827065811452	0.6461026700503127	0.8972049983419669	2.5790691357091258
seed1	moderately_unequal	dyadic	4.0	room_equal	standardized_max	300	199	0.19666666666666666	0.1556446341979055	0.24535876834498568	0.245	0.560252884174386	0.10890138019255614	72.0	6.0	20.0	0.3967460238079361	0.5405092592592592	0.009844827065811452	0.6461026700503127	0.8972049983419669	2.5790691357091258
seed1	moderately_unequal	dyadic	4.0	room_equal	cv_retrained	300	199	0.15	0.11403246871185316	0.194817611145329	0.2825	0.560252884174386	0.10890138019255614	72.0	6.0	20.0	0.3967460238079361	0.5405092592592592	0.009844827065811452	0.6461026700503127	0.8972049983419669	2.5790691357091258
seed1	moderately_unequal	dyadic	4.0	room_equal	cv_standardized	300	199	0.13333333333333333	0.09946641683411198	0.1764717620638884	0.33	0.5932962980766346	0.2776427921478733	72.0	6.0	20.0	0.3967460238079361	0.5405092592592592	0.009844827065811452	0.6461026700503127	0.8972049983419669	2.5790691357091258
seed1	moderately_unequal	dyadic	8.0	building_equal	profile	300	199	0.13333333333333333	0.09946641683411198	0.1764717620638884	0.2825	0.61861453891398	0.20584451150631278	72.0	6.0	20.0	0.3967460238079361	0.5405092592592592	0.009844827065811452	0.6461026700503127	0.8972049983419669	2.5790691357091258
seed1	moderately_unequal	dyadic	8.0	building_equal	mantel	300	199	0.20333333333333334	0.16167385164165787	0.25249431128490607	0.2	0.61861453891398	0.20584451150631278	72.0	6.0	20.0	0.3967460238079361	0.5405092592592592	0.009844827065811452	0.6461026700503127	0.8972049983419669	2.5790691357091258
seed1	moderately_unequal	dyadic	8.0	building_equal	nested_max	300	199	0.14	0.10527132693072412	0.18383161235094903	0.2625	0.61861453891398	0.20584451150631278	72.0	6.0	20.0	0.3967460238079361	0.5405092592592592	0.009844827065811452	0.6461026700503127	0.8972049983419669	2.5790691357091258
seed1	moderately_unequal	dyadic	8.0	building_equal	standardized_max	300	199	0.19666666666666666	0.1556446341979055	0.24535876834498568	0.245	0.61861453891398	0.20584451150631278	72.0	6.0	20.0	0.3967460238079361	0.5405092592592592	0.009844827065811452	0.6461026700503127	0.8972049983419669	2.5790691357091258
seed1	moderately_unequal	dyadic	8.0	building_equal	cv_retrained	300	199	0.15	0.11403246871185316	0.194817611145329	0.2925	0.61861453891398	0.20584451150631278	72.0	6.0	20.0	0.3967460238079361	0.5405092592592592	0.009844827065811452	0.6461026700503127	0.8972049983419669	2.5790691357091258
seed1	moderately_unequal	dyadic	8.0	building_equal	cv_standardized	300	199	0.11333333333333333	0.082244501875291	0.15419939587169124	0.305	0.6362833542602919	0.34359225485242345	72.0	6.0	20.0	0.3967460238079361	0.5405092592592592	0.009844827065811452	0.6461026700503127	0.8972049983419669	2.5790691357091258
seed1	moderately_unequal	dyadic	8.0	sqrt_rooms	profile	300	199	0.13333333333333333	0.09946641683411198	0.1764717620638884	0.2825	0.6118267409363923	0.19538741725650624	72.0	6.0	20.0	0.3967460238079361	0.5405092592592592	0.009844827065811452	0.6461026700503127	0.8972049983419669	2.5790691357091258
seed1	moderately_unequal	dyadic	8.0	sqrt_rooms	mantel	300	199	0.20333333333333334	0.16167385164165787	0.25249431128490607	0.2	0.6118267409363923	0.19538741725650624	72.0	6.0	20.0	0.3967460238079361	0.5405092592592592	0.009844827065811452	0.6461026700503127	0.8972049983419669	2.5790691357091258
seed1	moderately_unequal	dyadic	8.0	sqrt_rooms	nested_max	300	199	0.14	0.10527132693072412	0.18383161235094903	0.2625	0.6118267409363923	0.19538741725650624	72.0	6.0	20.0	0.3967460238079361	0.5405092592592592	0.009844827065811452	0.6461026700503127	0.8972049983419669	2.5790691357091258
seed1	moderately_unequal	dyadic	8.0	sqrt_rooms	standardized_max	300	199	0.19666666666666666	0.1556446341979055	0.24535876834498568	0.245	0.6118267409363923	0.19538741725650624	72.0	6.0	20.0	0.3967460238079361	0.5405092592592592	0.009844827065811452	0.6461026700503127	0.8972049983419669	2.5790691357091258
seed1	moderately_unequal	dyadic	8.0	sqrt_rooms	cv_retrained	300	199	0.15333333333333332	0.11696640299091687	0.19846605705810166	0.2875	0.6118267409363923	0.19538741725650624	72.0	6.0	20.0	0.3967460238079361	0.5405092592592592	0.009844827065811452	0.6461026700503127	0.8972049983419669	2.5790691357091258
seed1	moderately_unequal	dyadic	8.0	sqrt_rooms	cv_standardized	300	199	0.11666666666666667	0.08509313461466292	0.15793314332415567	0.31	0.62505666256245	0.34347318173092795	72.0	6.0	20.0	0.3967460238079361	0.5405092592592592	0.009844827065811452	0.6461026700503127	0.8972049983419669	2.5790691357091258
seed1	moderately_unequal	dyadic	8.0	room_equal	profile	300	199	0.13333333333333333	0.09946641683411198	0.1764717620638884	0.2825	0.6049297900141078	0.18733807660233884	72.0	6.0	20.0	0.3967460238079361	0.5405092592592592	0.009844827065811452	0.6461026700503127	0.8972049983419669	2.5790691357091258
seed1	moderately_unequal	dyadic	8.0	room_equal	mantel	300	199	0.20333333333333334	0.16167385164165787	0.25249431128490607	0.2	0.6049297900141078	0.18733807660233884	72.0	6.0	20.0	0.3967460238079361	0.5405092592592592	0.009844827065811452	0.6461026700503127	0.8972049983419669	2.5790691357091258
seed1	moderately_unequal	dyadic	8.0	room_equal	nested_max	300	199	0.14	0.10527132693072412	0.18383161235094903	0.2625	0.6049297900141078	0.18733807660233884	72.0	6.0	20.0	0.3967460238079361	0.5405092592592592	0.009844827065811452	0.6461026700503127	0.8972049983419669	2.5790691357091258
seed1	moderately_unequal	dyadic	8.0	room_equal	standardized_max	300	199	0.19666666666666666	0.1556446341979055	0.24535876834498568	0.245	0.6049297900141078	0.18733807660233884	72.0	6.0	20.0	0.3967460238079361	0.5405092592592592	0.009844827065811452	0.6461026700503127	0.8972049983419669	2.5790691357091258
seed1	moderately_unequal	dyadic	8.0	room_equal	cv_retrained	300	199	0.14	0.10527132693072412	0.18383161235094903	0.29	0.6049297900141078	0.18733807660233884	72.0	6.0	20.0	0.3967460238079361	0.5405092592592592	0.009844827065811452	0.6461026700503127	0.8972049983419669	2.5790691357091258
seed1	moderately_unequal	dyadic	8.0	room_equal	cv_standardized	300	199	0.12	0.0879508443036389	0.16165781382701605	0.32	0.6128634322236843	0.34121102050095514	72.0	6.0	20.0	0.3967460238079361	0.5405092592592592	0.009844827065811452	0.6461026700503127	0.8972049983419669	2.5790691357091258
seed1	moderately_unequal	dyadic	16.0	building_equal	profile	300	199	0.13333333333333333	0.09946641683411198	0.1764717620638884	0.2825	0.6675193975337183	0.2874370030683546	72.0	6.0	20.0	0.3967460238079361	0.5405092592592592	0.009844827065811452	0.6461026700503127	0.8972049983419669	2.5790691357091258
seed1	moderately_unequal	dyadic	16.0	building_equal	mantel	300	199	0.20333333333333334	0.16167385164165787	0.25249431128490607	0.2	0.6675193975337183	0.2874370030683546	72.0	6.0	20.0	0.3967460238079361	0.5405092592592592	0.009844827065811452	0.6461026700503127	0.8972049983419669	2.5790691357091258
seed1	moderately_unequal	dyadic	16.0	building_equal	nested_max	300	199	0.14	0.10527132693072412	0.18383161235094903	0.2625	0.6675193975337183	0.2874370030683546	72.0	6.0	20.0	0.3967460238079361	0.5405092592592592	0.009844827065811452	0.6461026700503127	0.8972049983419669	2.5790691357091258
seed1	moderately_unequal	dyadic	16.0	building_equal	standardized_max	300	199	0.19666666666666666	0.1556446341979055	0.24535876834498568	0.245	0.6675193975337183	0.2874370030683546	72.0	6.0	20.0	0.3967460238079361	0.5405092592592592	0.009844827065811452	0.6461026700503127	0.8972049983419669	2.5790691357091258
seed1	moderately_unequal	dyadic	16.0	building_equal	cv_retrained	300	199	0.16	0.1228535455840995	0.20574367484859174	0.2825	0.6675193975337183	0.2874370030683546	72.0	6.0	20.0	0.3967460238079361	0.5405092592592592	0.009844827065811452	0.6461026700503127	0.8972049983419669	2.5790691357091258
seed1	moderately_unequal	dyadic	16.0	building_equal	cv_standardized	300	199	0.11666666666666667	0.08509313461466292	0.15793314332415567	0.295	0.6460864160646729	0.37359171932600244	72.0	6.0	20.0	0.3967460238079361	0.5405092592592592	0.009844827065811452	0.6461026700503127	0.8972049983419669	2.5790691357091258
seed1	moderately_unequal	dyadic	16.0	sqrt_rooms	profile	300	199	0.13333333333333333	0.09946641683411198	0.1764717620638884	0.2825	0.6604556913376934	0.27852226169824795	72.0	6.0	20.0	0.3967460238079361	0.5405092592592592	0.009844827065811452	0.6461026700503127	0.8972049983419669	2.5790691357091258
seed1	moderately_unequal	dyadic	16.0	sqrt_rooms	mantel	300	199	0.20333333333333334	0.16167385164165787	0.25249431128490607	0.2	0.6604556913376934	0.27852226169824795	72.0	6.0	20.0	0.3967460238079361	0.5405092592592592	0.009844827065811452	0.6461026700503127	0.8972049983419669	2.5790691357091258
seed1	moderately_unequal	dyadic	16.0	sqrt_rooms	nested_max	300	199	0.14	0.10527132693072412	0.18383161235094903	0.2625	0.6604556913376934	0.27852226169824795	72.0	6.0	20.0	0.3967460238079361	0.5405092592592592	0.009844827065811452	0.6461026700503127	0.8972049983419669	2.5790691357091258
seed1	moderately_unequal	dyadic	16.0	sqrt_rooms	standardized_max	300	199	0.19666666666666666	0.1556446341979055	0.24535876834498568	0.245	0.6604556913376934	0.27852226169824795	72.0	6.0	20.0	0.3967460238079361	0.5405092592592592	0.009844827065811452	0.6461026700503127	0.8972049983419669	2.5790691357091258
seed1	moderately_unequal	dyadic	16.0	sqrt_rooms	cv_retrained	300	199	0.15333333333333332	0.11696640299091687	0.19846605705810166	0.295	0.6604556913376934	0.27852226169824795	72.0	6.0	20.0	0.3967460238079361	0.5405092592592592	0.009844827065811452	0.6461026700503127	0.8972049983419669	2.5790691357091258
seed1	moderately_unequal	dyadic	16.0	sqrt_rooms	cv_standardized	300	199	0.11666666666666667	0.08509313461466292	0.15793314332415567	0.3075	0.6353827338637706	0.37404405201513213	72.0	6.0	20.0	0.3967460238079361	0.5405092592592592	0.009844827065811452	0.6461026700503127	0.8972049983419669	2.5790691357091258
seed1	moderately_unequal	dyadic	16.0	room_equal	profile	300	199	0.13333333333333333	0.09946641683411198	0.1764717620638884	0.2825	0.6518963178460695	0.26941951740003334	72.0	6.0	20.0	0.3967460238079361	0.5405092592592592	0.009844827065811452	0.6461026700503127	0.8972049983419669	2.5790691357091258
seed1	moderately_unequal	dyadic	16.0	room_equal	mantel	300	199	0.20333333333333334	0.16167385164165787	0.25249431128490607	0.2	0.6518963178460695	0.26941951740003334	72.0	6.0	20.0	0.3967460238079361	0.5405092592592592	0.009844827065811452	0.6461026700503127	0.8972049983419669	2.5790691357091258
seed1	moderately_unequal	dyadic	16.0	room_equal	nested_max	300	199	0.14	0.10527132693072412	0.18383161235094903	0.2625	0.6518963178460695	0.26941951740003334	72.0	6.0	20.0	0.3967460238079361	0.5405092592592592	0.009844827065811452	0.6461026700503127	0.8972049983419669	2.5790691357091258
seed1	moderately_unequal	dyadic	16.0	room_equal	standardized_max	300	199	0.19666666666666666	0.1556446341979055	0.24535876834498568	0.245	0.6518963178460695	0.26941951740003334	72.0	6.0	20.0	0.3967460238079361	0.5405092592592592	0.009844827065811452	0.6461026700503127	0.8972049983419669	2.5790691357091258
seed1	moderately_unequal	dyadic	16.0	room_equal	cv_retrained	300	199	0.14333333333333334	0.1081847423238497	0.18750057714965976	0.2925	0.6518963178460695	0.26941951740003334	72.0	6.0	20.0	0.3967460238079361	0.5405092592592592	0.009844827065811452	0.6461026700503127	0.8972049983419669	2.5790691357091258
seed1	moderately_unequal	dyadic	16.0	room_equal	cv_standardized	300	199	0.11666666666666667	0.08509313461466292	0.15793314332415567	0.3175	0.6203754130305335	0.3707550055677006	72.0	6.0	20.0	0.3967460238079361	0.5405092592592592	0.009844827065811452	0.6461026700503127	0.8972049983419669	2.5790691357091258
seed1	moderately_unequal	mixed_covariate	0.0	building_equal	profile	300	199	0.41333333333333333	0.3590487301690917	0.46980938484316287	0.085	0.4999999999999999	5.551115123125783e-17	72.0	6.0	20.0	0.3967460238079361	0.5399537037037038	0.4487457557529285	0.440857026664775	0.8979635953269665	2.5790691357091258
seed1	moderately_unequal	mixed_covariate	0.0	building_equal	mantel	300	199	0.43333333333333335	0.3784513181454693	0.48990107801780347	0.06	0.4999999999999999	5.551115123125783e-17	72.0	6.0	20.0	0.3967460238079361	0.5399537037037038	0.4487457557529285	0.440857026664775	0.8979635953269665	2.5790691357091258
seed1	moderately_unequal	mixed_covariate	0.0	building_equal	nested_max	300	199	0.4066666666666667	0.3526017598634212	0.46309159476516065	0.08	0.4999999999999999	5.551115123125783e-17	72.0	6.0	20.0	0.3967460238079361	0.5399537037037038	0.4487457557529285	0.440857026664775	0.8979635953269665	2.5790691357091258
seed1	moderately_unequal	mixed_covariate	0.0	building_equal	standardized_max	300	199	0.4266666666666667	0.3719735758386311	0.4832140599409689	0.065	0.4999999999999999	5.551115123125783e-17	72.0	6.0	20.0	0.3967460238079361	0.5399537037037038	0.4487457557529285	0.440857026664775	0.8979635953269665	2.5790691357091258
seed1	moderately_unequal	mixed_covariate	0.0	building_equal	cv_retrained	300	199	0.30333333333333334	0.2540711301237818	0.3575684385578729	0.12	0.4999999999999999	5.551115123125783e-17	72.0	6.0	20.0	0.3967460238079361	0.5399537037037038	0.4487457557529285	0.440857026664775	0.8979635953269665	2.5790691357091258
seed1	moderately_unequal	mixed_covariate	0.0	building_equal	cv_standardized	300	199	0.38333333333333336	0.330119832453064	0.43949686083266337	0.0825	0.4999999999999999	5.551115123125783e-17	72.0	6.0	20.0	0.3967460238079361	0.5399537037037038	0.4487457557529285	0.440857026664775	0.8979635953269665	2.5790691357091258
seed1	moderately_unequal	mixed_covariate	0.0	sqrt_rooms	profile	300	199	0.41333333333333333	0.3590487301690917	0.46980938484316287	0.085	0.5	0.0	72.0	6.0	20.0	0.3967460238079361	0.5399537037037038	0.4487457557529285	0.440857026664775	0.8979635953269665	2.5790691357091258
seed1	moderately_unequal	mixed_covariate	0.0	sqrt_rooms	mantel	300	199	0.43333333333333335	0.3784513181454693	0.48990107801780347	0.06	0.5	0.0	72.0	6.0	20.0	0.3967460238079361	0.5399537037037038	0.4487457557529285	0.440857026664775	0.8979635953269665	2.5790691357091258
seed1	moderately_unequal	mixed_covariate	0.0	sqrt_rooms	nested_max	300	199	0.4066666666666667	0.3526017598634212	0.46309159476516065	0.08	0.5	0.0	72.0	6.0	20.0	0.3967460238079361	0.5399537037037038	0.4487457557529285	0.440857026664775	0.8979635953269665	2.5790691357091258
seed1	moderately_unequal	mixed_covariate	0.0	sqrt_rooms	standardized_max	300	199	0.4266666666666667	0.3719735758386311	0.4832140599409689	0.065	0.5	0.0	72.0	6.0	20.0	0.3967460238079361	0.5399537037037038	0.4487457557529285	0.440857026664775	0.8979635953269665	2.5790691357091258
seed1	moderately_unequal	mixed_covariate	0.0	sqrt_rooms	cv_retrained	300	199	0.36666666666666664	0.3141415065082282	0.4225632858183173	0.0875	0.5	0.0	72.0	6.0	20.0	0.3967460238079361	0.5399537037037038	0.4487457557529285	0.440857026664775	0.8979635953269665	2.5790691357091258
seed1	moderately_unequal	mixed_covariate	0.0	sqrt_rooms	cv_standardized	300	199	0.42	0.3655060253806384	0.4765168500152888	0.07	0.5	0.0	72.0	6.0	20.0	0.3967460238079361	0.5399537037037038	0.4487457557529285	0.440857026664775	0.8979635953269665	2.5790691357091258
seed1	moderately_unequal	mixed_covariate	0.0	room_equal	profile	300	199	0.41333333333333333	0.3590487301690917	0.46980938484316287	0.085	0.5	0.0	72.0	6.0	20.0	0.3967460238079361	0.5399537037037038	0.4487457557529285	0.440857026664775	0.8979635953269665	2.5790691357091258
seed1	moderately_unequal	mixed_covariate	0.0	room_equal	mantel	300	199	0.43333333333333335	0.3784513181454693	0.48990107801780347	0.06	0.5	0.0	72.0	6.0	20.0	0.3967460238079361	0.5399537037037038	0.4487457557529285	0.440857026664775	0.8979635953269665	2.5790691357091258
seed1	moderately_unequal	mixed_covariate	0.0	room_equal	nested_max	300	199	0.4066666666666667	0.3526017598634212	0.46309159476516065	0.08	0.5	0.0	72.0	6.0	20.0	0.3967460238079361	0.5399537037037038	0.4487457557529285	0.440857026664775	0.8979635953269665	2.5790691357091258
seed1	moderately_unequal	mixed_covariate	0.0	room_equal	standardized_max	300	199	0.4266666666666667	0.3719735758386311	0.4832140599409689	0.065	0.5	0.0	72.0	6.0	20.0	0.3967460238079361	0.5399537037037038	0.4487457557529285	0.440857026664775	0.8979635953269665	2.5790691357091258
seed1	moderately_unequal	mixed_covariate	0.0	room_equal	cv_retrained	300	199	0.4266666666666667	0.3719735758386311	0.4832140599409689	0.065	0.5	0.0	72.0	6.0	20.0	0.3967460238079361	0.5399537037037038	0.4487457557529285	0.440857026664775	0.8979635953269665	2.5790691357091258
seed1	moderately_unequal	mixed_covariate	0.0	room_equal	cv_standardized	300	199	0.44333333333333336	0.38818691756565193	0.4999126191731299	0.065	0.5	0.0	72.0	6.0	20.0	0.3967460238079361	0.5399537037037038	0.4487457557529285	0.440857026664775	0.8979635953269665	2.5790691357091258
seed1	moderately_unequal	mixed_covariate	0.1	building_equal	profile	300	199	0.41333333333333333	0.3590487301690917	0.46980938484316287	0.085	0.5015560247452627	0.003352897452362302	72.0	6.0	20.0	0.3967460238079361	0.5399537037037038	0.4487457557529285	0.440857026664775	0.8979635953269665	2.5790691357091258
seed1	moderately_unequal	mixed_covariate	0.1	building_equal	mantel	300	199	0.43333333333333335	0.3784513181454693	0.48990107801780347	0.06	0.5015560247452627	0.003352897452362302	72.0	6.0	20.0	0.3967460238079361	0.5399537037037038	0.4487457557529285	0.440857026664775	0.8979635953269665	2.5790691357091258
seed1	moderately_unequal	mixed_covariate	0.1	building_equal	nested_max	300	199	0.4066666666666667	0.3526017598634212	0.46309159476516065	0.08	0.5015560247452627	0.003352897452362302	72.0	6.0	20.0	0.3967460238079361	0.5399537037037038	0.4487457557529285	0.440857026664775	0.8979635953269665	2.5790691357091258
seed1	moderately_unequal	mixed_covariate	0.1	building_equal	standardized_max	300	199	0.4266666666666667	0.3719735758386311	0.4832140599409689	0.065	0.5015560247452627	0.003352897452362302	72.0	6.0	20.0	0.3967460238079361	0.5399537037037038	0.4487457557529285	0.440857026664775	0.8979635953269665	2.5790691357091258
seed1	moderately_unequal	mixed_covariate	0.1	building_equal	cv_retrained	300	199	0.30333333333333334	0.2540711301237818	0.3575684385578729	0.12	0.5015560247452627	0.003352897452362302	72.0	6.0	20.0	0.3967460238079361	0.5399537037037038	0.4487457557529285	0.440857026664775	0.8979635953269665	2.5790691357091258
seed1	moderately_unequal	mixed_covariate	0.1	building_equal	cv_standardized	300	199	0.4	0.3461651905860969	0.4563634036588123	0.085	0.5002831307515959	0.011483429551634105	72.0	6.0	20.0	0.3967460238079361	0.5399537037037038	0.4487457557529285	0.440857026664775	0.8979635953269665	2.5790691357091258
seed1	moderately_unequal	mixed_covariate	0.1	sqrt_rooms	profile	300	199	0.41333333333333333	0.3590487301690917	0.46980938484316287	0.085	0.5015907907746511	0.0030994937426938552	72.0	6.0	20.0	0.3967460238079361	0.5399537037037038	0.4487457557529285	0.440857026664775	0.8979635953269665	2.5790691357091258
seed1	moderately_unequal	mixed_covariate	0.1	sqrt_rooms	mantel	300	199	0.43333333333333335	0.3784513181454693	0.48990107801780347	0.06	0.5015907907746511	0.0030994937426938552	72.0	6.0	20.0	0.3967460238079361	0.5399537037037038	0.4487457557529285	0.440857026664775	0.8979635953269665	2.5790691357091258
seed1	moderately_unequal	mixed_covariate	0.1	sqrt_rooms	nested_max	300	199	0.4066666666666667	0.3526017598634212	0.46309159476516065	0.08	0.5015907907746511	0.0030994937426938552	72.0	6.0	20.0	0.3967460238079361	0.5399537037037038	0.4487457557529285	0.440857026664775	0.8979635953269665	2.5790691357091258
seed1	moderately_unequal	mixed_covariate	0.1	sqrt_rooms	standardized_max	300	199	0.4266666666666667	0.3719735758386311	0.4832140599409689	0.065	0.5015907907746511	0.0030994937426938552	72.0	6.0	20.0	0.3967460238079361	0.5399537037037038	0.4487457557529285	0.440857026664775	0.8979635953269665	2.5790691357091258
seed1	moderately_unequal	mixed_covariate	0.1	sqrt_rooms	cv_retrained	300	199	0.36333333333333334	0.3109540370105783	0.4191683751241309	0.0875	0.5015907907746511	0.0030994937426938552	72.0	6.0	20.0	0.3967460238079361	0.5399537037037038	0.4487457557529285	0.440857026664775	0.8979635953269665	2.5790691357091258
seed1	moderately_unequal	mixed_covariate	0.1	sqrt_rooms	cv_standardized	300	199	0.4166666666666667	0.3622760916643604	0.4731644035397305	0.07	0.5000273631475068	0.01120863608099522	72.0	6.0	20.0	0.3967460238079361	0.5399537037037038	0.4487457557529285	0.440857026664775	0.8979635953269665	2.5790691357091258
seed1	moderately_unequal	mixed_covariate	0.1	room_equal	profile	300	199	0.41333333333333333	0.3590487301690917	0.46980938484316287	0.085	0.5016259627569453	0.0029245711262113738	72.0	6.0	20.0	0.3967460238079361	0.5399537037037038	0.4487457557529285	0.440857026664775	0.8979635953269665	2.5790691357091258
seed1	moderately_unequal	mixed_covariate	0.1	room_equal	mantel	300	199	0.43333333333333335	0.3784513181454693	0.48990107801780347	0.06	0.5016259627569453	0.0029245711262113738	72.0	6.0	20.0	0.3967460238079361	0.5399537037037038	0.4487457557529285	0.440857026664775	0.8979635953269665	2.5790691357091258
seed1	moderately_unequal	mixed_covariate	0.1	room_equal	nested_max	300	199	0.4066666666666667	0.3526017598634212	0.46309159476516065	0.08	0.5016259627569453	0.0029245711262113738	72.0	6.0	20.0	0.3967460238079361	0.5399537037037038	0.4487457557529285	0.440857026664775	0.8979635953269665	2.5790691357091258
seed1	moderately_unequal	mixed_covariate	0.1	room_equal	standardized_max	300	199	0.4266666666666667	0.3719735758386311	0.4832140599409689	0.065	0.5016259627569453	0.0029245711262113738	72.0	6.0	20.0	0.3967460238079361	0.5399537037037038	0.4487457557529285	0.440857026664775	0.8979635953269665	2.5790691357091258
seed1	moderately_unequal	mixed_covariate	0.1	room_equal	cv_retrained	300	199	0.43	0.3752111767337645	0.48655883923767185	0.065	0.5016259627569453	0.0029245711262113738	72.0	6.0	20.0	0.3967460238079361	0.5399537037037038	0.4487457557529285	0.440857026664775	0.8979635953269665	2.5790691357091258
seed1	moderately_unequal	mixed_covariate	0.1	room_equal	cv_standardized	300	199	0.44	0.38493919498482354	0.49657796156212186	0.065	0.49978618110148126	0.011163119590813954	72.0	6.0	20.0	0.3967460238079361	0.5399537037037038	0.4487457557529285	0.440857026664775	0.8979635953269665	2.5790691357091258
seed1	moderately_unequal	mixed_covariate	0.25	building_equal	profile	300	199	0.41333333333333333	0.3590487301690917	0.46980938484316287	0.085	0.5038890674970918	0.008379668017092556	72.0	6.0	20.0	0.3967460238079361	0.5399537037037038	0.4487457557529285	0.440857026664775	0.8979635953269665	2.5790691357091258
seed1	moderately_unequal	mixed_covariate	0.25	building_equal	mantel	300	199	0.43333333333333335	0.3784513181454693	0.48990107801780347	0.06	0.5038890674970918	0.008379668017092556	72.0	6.0	20.0	0.3967460238079361	0.5399537037037038	0.4487457557529285	0.440857026664775	0.8979635953269665	2.5790691357091258
seed1	moderately_unequal	mixed_covariate	0.25	building_equal	nested_max	300	199	0.4066666666666667	0.3526017598634212	0.46309159476516065	0.08	0.5038890674970918	0.008379668017092556	72.0	6.0	20.0	0.3967460238079361	0.5399537037037038	0.4487457557529285	0.440857026664775	0.8979635953269665	2.5790691357091258
seed1	moderately_unequal	mixed_covariate	0.25	building_equal	standardized_max	300	199	0.4266666666666667	0.3719735758386311	0.4832140599409689	0.065	0.5038890674970918	0.008379668017092556	72.0	6.0	20.0	0.3967460238079361	0.5399537037037038	0.4487457557529285	0.440857026664775	0.8979635953269665	2.5790691357091258
seed1	moderately_unequal	mixed_covariate	0.25	building_equal	cv_retrained	300	199	0.30666666666666664	0.2572057600770161	0.3610161887964749	0.12	0.5038890674970918	0.008379668017092556	72.0	6.0	20.0	0.3967460238079361	0.5399537037037038	0.4487457557529285	0.440857026664775	0.8979635953269665	2.5790691357091258
seed1	moderately_unequal	mixed_covariate	0.25	building_equal	cv_standardized	300	199	0.39666666666666667	0.34295083194304077	0.452995382110032	0.08	0.5007097331340274	0.028624375685110406	72.0	6.0	20.0	0.3967460238079361	0.5399537037037038	0.4487457557529285	0.440857026664775	0.8979635953269665	2.5790691357091258
seed1	moderately_unequal	mixed_covariate	0.25	sqrt_rooms	profile	300	199	0.41333333333333333	0.3590487301690917	0.46980938484316287	0.085	0.5039760404811886	0.00774663965418484	72.0	6.0	20.0	0.3967460238079361	0.5399537037037038	0.4487457557529285	0.440857026664775	0.8979635953269665	2.5790691357091258
seed1	moderately_unequal	mixed_covariate	0.25	sqrt_rooms	mantel	300	199	0.43333333333333335	0.3784513181454693	0.48990107801780347	0.06	0.5039760404811886	0.00774663965418484	72.0	6.0	20.0	0.3967460238079361	0.5399537037037038	0.4487457557529285	0.440857026664775	0.8979635953269665	2.5790691357091258
seed1	moderately_unequal	mixed_covariate	0.25	sqrt_rooms	nested_max	300	199	0.4066666666666667	0.3526017598634212	0.46309159476516065	0.08	0.5039760404811886	0.00774663965418484	72.0	6.0	20.0	0.3967460238079361	0.5399537037037038	0.4487457557529285	0.440857026664775	0.8979635953269665	2.5790691357091258
seed1	moderately_unequal	mixed_covariate	0.25	sqrt_rooms	standardized_max	300	199	0.4266666666666667	0.3719735758386311	0.4832140599409689	0.065	0.5039760404811886	0.00774663965418484	72.0	6.0	20.0	0.3967460238079361	0.5399537037037038	0.4487457557529285	0.440857026664775	0.8979635953269665	2.5790691357091258
seed1	moderately_unequal	mixed_covariate	0.25	sqrt_rooms	cv_retrained	300	199	0.36666666666666664	0.3141415065082282	0.4225632858183173	0.0875	0.5039760404811886	0.00774663965418484	72.0	6.0	20.0	0.3967460238079361	0.5399537037037038	0.4487457557529285	0.440857026664775	0.8979635953269665	2.5790691357091258
seed1	moderately_unequal	mixed_covariate	0.25	sqrt_rooms	cv_standardized	300	199	0.4166666666666667	0.3622760916643604	0.4731644035397305	0.07	0.5000715006769817	0.027939828436408656	72.0	6.0	20.0	0.3967460238079361	0.5399537037037038	0.4487457557529285	0.440857026664775	0.8979635953269665	2.5790691357091258
seed1	moderately_unequal	mixed_covariate	0.25	room_equal	profile	300	199	0.41333333333333333	0.3590487301690917	0.46980938484316287	0.085	0.50406401584953	0.007309572708301768	72.0	6.0	20.0	0.3967460238079361	0.5399537037037038	0.4487457557529285	0.440857026664775	0.8979635953269665	2.5790691357091258
seed1	moderately_unequal	mixed_covariate	0.25	room_equal	mantel	300	199	0.43333333333333335	0.3784513181454693	0.48990107801780347	0.06	0.50406401584953	0.007309572708301768	72.0	6.0	20.0	0.3967460238079361	0.5399537037037038	0.4487457557529285	0.440857026664775	0.8979635953269665	2.5790691357091258
seed1	moderately_unequal	mixed_covariate	0.25	room_equal	nested_max	300	199	0.4066666666666667	0.3526017598634212	0.46309159476516065	0.08	0.50406401584953	0.007309572708301768	72.0	6.0	20.0	0.3967460238079361	0.5399537037037038	0.4487457557529285	0.440857026664775	0.8979635953269665	2.5790691357091258
seed1	moderately_unequal	mixed_covariate	0.25	room_equal	standardized_max	300	199	0.4266666666666667	0.3719735758386311	0.4832140599409689	0.065	0.50406401584953	0.007309572708301768	72.0	6.0	20.0	0.3967460238079361	0.5399537037037038	0.4487457557529285	0.440857026664775	0.8979635953269665	2.5790691357091258
seed1	moderately_unequal	mixed_covariate	0.25	room_equal	cv_retrained	300	199	0.4266666666666667	0.3719735758386311	0.4832140599409689	0.07	0.50406401584953	0.007309572708301768	72.0	6.0	20.0	0.3967460238079361	0.5399537037037038	0.4487457557529285	0.440857026664775	0.8979635953269665	2.5790691357091258
seed1	moderately_unequal	mixed_covariate	0.25	room_equal	cv_standardized	300	199	0.44333333333333336	0.38818691756565193	0.4999126191731299	0.0625	0.49947155530154363	0.027819189480621506	72.0	6.0	20.0	0.3967460238079361	0.5399537037037038	0.4487457557529285	0.440857026664775	0.8979635953269665	2.5790691357091258
seed1	moderately_unequal	mixed_covariate	0.5	building_equal	profile	300	199	0.41333333333333333	0.3590487301690917	0.46980938484316287	0.085	0.5077710472364175	0.016740987513444657	72.0	6.0	20.0	0.3967460238079361	0.5399537037037038	0.4487457557529285	0.440857026664775	0.8979635953269665	2.5790691357091258
seed1	moderately_unequal	mixed_covariate	0.5	building_equal	mantel	300	199	0.43333333333333335	0.3784513181454693	0.48990107801780347	0.06	0.5077710472364175	0.016740987513444657	72.0	6.0	20.0	0.3967460238079361	0.5399537037037038	0.4487457557529285	0.440857026664775	0.8979635953269665	2.5790691357091258
seed1	moderately_unequal	mixed_covariate	0.5	building_equal	nested_max	300	199	0.4066666666666667	0.3526017598634212	0.46309159476516065	0.08	0.5077710472364175	0.016740987513444657	72.0	6.0	20.0	0.3967460238079361	0.5399537037037038	0.4487457557529285	0.440857026664775	0.8979635953269665	2.5790691357091258
seed1	moderately_unequal	mixed_covariate	0.5	building_equal	standardized_max	300	199	0.4266666666666667	0.3719735758386311	0.4832140599409689	0.065	0.5077710472364175	0.016740987513444657	72.0	6.0	20.0	0.3967460238079361	0.5399537037037038	0.4487457557529285	0.440857026664775	0.8979635953269665	2.5790691357091258
seed1	moderately_unequal	mixed_covariate	0.5	building_equal	cv_retrained	300	199	0.31333333333333335	0.2634843975598553	0.36790231169730847	0.12	0.5077710472364175	0.016740987513444657	72.0	6.0	20.0	0.3967460238079361	0.5399537037037038	0.4487457557529285	0.440857026664775	0.8979635953269665	2.5790691357091258
seed1	moderately_unequal	mixed_covariate	0.5	building_equal	cv_standardized	300	199	0.39	0.3365300216309911	0.446251432038409	0.08	0.5014318581475888	0.05666272085713021	72.0	6.0	20.0	0.3967460238079361	0.5399537037037038	0.4487457557529285	0.440857026664775	0.8979635953269665	2.5790691357091258
seed1	moderately_unequal	mixed_covariate	0.5	sqrt_rooms	profile	300	199	0.41333333333333333	0.3590487301690917	0.46980938484316287	0.085	0.5079454053058006	0.01547835351287384	72.0	6.0	20.0	0.3967460238079361	0.5399537037037038	0.4487457557529285	0.440857026664775	0.8979635953269665	2.5790691357091258
seed1	moderately_unequal	mixed_covariate	0.5	sqrt_rooms	mantel	300	199	0.43333333333333335	0.3784513181454693	0.48990107801780347	0.06	0.5079454053058006	0.01547835351287384	72.0	6.0	20.0	0.3967460238079361	0.5399537037037038	0.4487457557529285	0.440857026664775	0.8979635953269665	2.5790691357091258
seed1	moderately_unequal	mixed_covariate	0.5	sqrt_rooms	nested_max	300	199	0.4066666666666667	0.3526017598634212	0.46309159476516065	0.08	0.5079454053058006	0.01547835351287384	72.0	6.0	20.0	0.3967460238079361	0.5399537037037038	0.4487457557529285	0.440857026664775	0.8979635953269665	2.5790691357091258
seed1	moderately_unequal	mixed_covariate	0.5	sqrt_rooms	standardized_max	300	199	0.4266666666666667	0.3719735758386311	0.4832140599409689	0.065	0.5079454053058006	0.01547835351287384	72.0	6.0	20.0	0.3967460238079361	0.5399537037037038	0.4487457557529285	0.440857026664775	0.8979635953269665	2.5790691357091258
seed1	moderately_unequal	mixed_covariate	0.5	sqrt_rooms	cv_retrained	300	199	0.36333333333333334	0.3109540370105783	0.4191683751241309	0.09	0.5079454053058006	0.01547835351287384	72.0	6.0	20.0	0.3967460238079361	0.5399537037037038	0.4487457557529285	0.440857026664775	0.8979635953269665	2.5790691357091258
seed1	moderately_unequal	mixed_covariate	0.5	sqrt_rooms	cv_standardized	300	199	0.42	0.3655060253806384	0.4765168500152888	0.07	0.5001635371783776	0.05531118473048508	72.0	6.0	20.0	0.3967460238079361	0.5399537037037038	0.4487457557529285	0.440857026664775	0.8979635953269665	2.5790691357091258
seed1	moderately_unequal	mixed_covariate	0.5	room_equal	profile	300	199	0.41333333333333333	0.3590487301690917	0.46980938484316287	0.085	0.5081216792766372	0.014605926158920767	72.0	6.0	20.0	0.3967460238079361	0.5399537037037038	0.4487457557529285	0.440857026664775	0.8979635953269665	2.5790691357091258
seed1	moderately_unequal	mixed_covariate	0.5	room_equal	mantel	300	199	0.43333333333333335	0.3784513181454693	0.48990107801780347	0.06	0.5081216792766372	0.014605926158920767	72.0	6.0	20.0	0.3967460238079361	0.5399537037037038	0.4487457557529285	0.440857026664775	0.8979635953269665	2.5790691357091258
seed1	moderately_unequal	mixed_covariate	0.5	room_equal	nested_max	300	199	0.4066666666666667	0.3526017598634212	0.46309159476516065	0.08	0.5081216792766372	0.014605926158920767	72.0	6.0	20.0	0.3967460238079361	0.5399537037037038	0.4487457557529285	0.440857026664775	0.8979635953269665	2.5790691357091258
seed1	moderately_unequal	mixed_covariate	0.5	room_equal	standardized_max	300	199	0.4266666666666667	0.3719735758386311	0.4832140599409689	0.065	0.5081216792766372	0.014605926158920767	72.0	6.0	20.0	0.3967460238079361	0.5399537037037038	0.4487457557529285	0.440857026664775	0.8979635953269665	2.5790691357091258
seed1	moderately_unequal	mixed_covariate	0.5	room_equal	cv_retrained	300	199	0.4266666666666667	0.3719735758386311	0.4832140599409689	0.07	0.5081216792766372	0.014605926158920767	72.0	6.0	20.0	0.3967460238079361	0.5399537037037038	0.4487457557529285	0.440857026664775	0.8979635953269665	2.5790691357091258
seed1	moderately_unequal	mixed_covariate	0.5	room_equal	cv_standardized	300	199	0.45	0.394689901646408	0.5065743954760465	0.0625	0.49898409637265984	0.055024690611222914	72.0	6.0	20.0	0.3967460238079361	0.5399537037037038	0.4487457557529285	0.440857026664775	0.8979635953269665	2.5790691357091258
seed1	moderately_unequal	mixed_covariate	1.0	building_equal	profile	300	199	0.41333333333333333	0.3590487301690917	0.46980938484316287	0.085	0.5154858515172273	0.03333668881346268	72.0	6.0	20.0	0.3967460238079361	0.5399537037037038	0.4487457557529285	0.440857026664775	0.8979635953269665	2.5790691357091258
seed1	moderately_unequal	mixed_covariate	1.0	building_equal	mantel	300	199	0.43333333333333335	0.3784513181454693	0.48990107801780347	0.06	0.5154858515172273	0.03333668881346268	72.0	6.0	20.0	0.3967460238079361	0.5399537037037038	0.4487457557529285	0.440857026664775	0.8979635953269665	2.5790691357091258
seed1	moderately_unequal	mixed_covariate	1.0	building_equal	nested_max	300	199	0.4066666666666667	0.3526017598634212	0.46309159476516065	0.08	0.5154858515172273	0.03333668881346268	72.0	6.0	20.0	0.3967460238079361	0.5399537037037038	0.4487457557529285	0.440857026664775	0.8979635953269665	2.5790691357091258
seed1	moderately_unequal	mixed_covariate	1.0	building_equal	standardized_max	300	199	0.4266666666666667	0.3719735758386311	0.4832140599409689	0.065	0.5154858515172273	0.03333668881346268	72.0	6.0	20.0	0.3967460238079361	0.5399537037037038	0.4487457557529285	0.440857026664775	0.8979635953269665	2.5790691357091258
seed1	moderately_unequal	mixed_covariate	1.0	building_equal	cv_retrained	300	199	0.31	0.26034352510199493	0.3644608039633325	0.1225	0.5154858515172273	0.03333668881346268	72.0	6.0	20.0	0.3967460238079361	0.5399537037037038	0.4487457557529285	0.440857026664775	0.8979635953269665	2.5790691357091258
seed1	moderately_unequal	mixed_covariate	1.0	building_equal	cv_standardized	300	199	0.36666666666666664	0.3141415065082282	0.4225632858183173	0.085	0.5029317859069472	0.10905926452875894	72.0	6.0	20.0	0.3967460238079361	0.5399537037037038	0.4487457557529285	0.440857026664775	0.8979635953269665	2.5790691357091258
seed1	moderately_unequal	mixed_covariate	1.0	sqrt_rooms	profile	300	199	0.41333333333333333	0.3590487301690917	0.46980938484316287	0.085	0.5158378168711424	0.030838422547673872	72.0	6.0	20.0	0.3967460238079361	0.5399537037037038	0.4487457557529285	0.440857026664775	0.8979635953269665	2.5790691357091258
seed1	moderately_unequal	mixed_covariate	1.0	sqrt_rooms	mantel	300	199	0.43333333333333335	0.3784513181454693	0.48990107801780347	0.06	0.5158378168711424	0.030838422547673872	72.0	6.0	20.0	0.3967460238079361	0.5399537037037038	0.4487457557529285	0.440857026664775	0.8979635953269665	2.5790691357091258
seed1	moderately_unequal	mixed_covariate	1.0	sqrt_rooms	nested_max	300	199	0.4066666666666667	0.3526017598634212	0.46309159476516065	0.08	0.5158378168711424	0.030838422547673872	72.0	6.0	20.0	0.3967460238079361	0.5399537037037038	0.4487457557529285	0.440857026664775	0.8979635953269665	2.5790691357091258
seed1	moderately_unequal	mixed_covariate	1.0	sqrt_rooms	standardized_max	300	199	0.4266666666666667	0.3719735758386311	0.4832140599409689	0.065	0.5158378168711424	0.030838422547673872	72.0	6.0	20.0	0.3967460238079361	0.5399537037037038	0.4487457557529285	0.440857026664775	0.8979635953269665	2.5790691357091258
seed1	moderately_unequal	mixed_covariate	1.0	sqrt_rooms	cv_retrained	300	199	0.36333333333333334	0.3109540370105783	0.4191683751241309	0.085	0.5158378168711424	0.030838422547673872	72.0	6.0	20.0	0.3967460238079361	0.5399537037037038	0.4487457557529285	0.440857026664775	0.8979635953269665	2.5790691357091258
seed1	moderately_unequal	mixed_covariate	1.0	sqrt_rooms	cv_standardized	300	199	0.41333333333333333	0.3590487301690917	0.46980938484316287	0.07	0.5004521941102646	0.10649673191248447	72.0	6.0	20.0	0.3967460238079361	0.5399537037037038	0.4487457557529285	0.440857026664775	0.8979635953269665	2.5790691357091258
seed1	moderately_unequal	mixed_covariate	1.0	room_equal	profile	300	199	0.41333333333333333	0.3590487301690917	0.46980938484316287	0.085	0.5161929154535081	0.029107070104052227	72.0	6.0	20.0	0.3967460238079361	0.5399537037037038	0.4487457557529285	0.440857026664775	0.8979635953269665	2.5790691357091258
seed1	moderately_unequal	mixed_covariate	1.0	room_equal	mantel	300	199	0.43333333333333335	0.3784513181454693	0.48990107801780347	0.06	0.5161929154535081	0.029107070104052227	72.0	6.0	20.0	0.3967460238079361	0.5399537037037038	0.4487457557529285	0.440857026664775	0.8979635953269665	2.5790691357091258
seed1	moderately_unequal	mixed_covariate	1.0	room_equal	nested_max	300	199	0.4066666666666667	0.3526017598634212	0.46309159476516065	0.08	0.5161929154535081	0.029107070104052227	72.0	6.0	20.0	0.3967460238079361	0.5399537037037038	0.4487457557529285	0.440857026664775	0.8979635953269665	2.5790691357091258
seed1	moderately_unequal	mixed_covariate	1.0	room_equal	standardized_max	300	199	0.4266666666666667	0.3719735758386311	0.4832140599409689	0.065	0.5161929154535081	0.029107070104052227	72.0	6.0	20.0	0.3967460238079361	0.5399537037037038	0.4487457557529285	0.440857026664775	0.8979635953269665	2.5790691357091258
seed1	moderately_unequal	mixed_covariate	1.0	room_equal	cv_retrained	300	199	0.41333333333333333	0.3590487301690917	0.46980938484316287	0.07	0.5161929154535081	0.029107070104052227	72.0	6.0	20.0	0.3967460238079361	0.5399537037037038	0.4487457557529285	0.440857026664775	0.8979635953269665	2.5790691357091258
seed1	moderately_unequal	mixed_covariate	1.0	room_equal	cv_standardized	300	199	0.46	0.4044631474970939	0.5165482902008698	0.065	0.49823078773803275	0.10565093778414146	72.0	6.0	20.0	0.3967460238079361	0.5399537037037038	0.4487457557529285	0.440857026664775	0.8979635953269665	2.5790691357091258
seed1	moderately_unequal	mixed_covariate	2.0	building_equal	profile	300	199	0.41333333333333333	0.3590487301690917	0.46980938484316287	0.085	0.5305358259789942	0.06555668616809925	72.0	6.0	20.0	0.3967460238079361	0.5399537037037038	0.4487457557529285	0.440857026664775	0.8979635953269665	2.5790691357091258
seed1	moderately_unequal	mixed_covariate	2.0	building_equal	mantel	300	199	0.43333333333333335	0.3784513181454693	0.48990107801780347	0.06	0.5305358259789942	0.06555668616809925	72.0	6.0	20.0	0.3967460238079361	0.5399537037037038	0.4487457557529285	0.440857026664775	0.8979635953269665	2.5790691357091258
seed1	moderately_unequal	mixed_covariate	2.0	building_equal	nested_max	300	199	0.4066666666666667	0.3526017598634212	0.46309159476516065	0.08	0.5305358259789942	0.06555668616809925	72.0	6.0	20.0	0.3967460238079361	0.5399537037037038	0.4487457557529285	0.440857026664775	0.8979635953269665	2.5790691357091258
seed1	moderately_unequal	mixed_covariate	2.0	building_equal	standardized_max	300	199	0.4266666666666667	0.3719735758386311	0.4832140599409689	0.065	0.5305358259789942	0.06555668616809925	72.0	6.0	20.0	0.3967460238079361	0.5399537037037038	0.4487457557529285	0.440857026664775	0.8979635953269665	2.5790691357091258
seed1	moderately_unequal	mixed_covariate	2.0	building_equal	cv_retrained	300	199	0.30333333333333334	0.2540711301237818	0.3575684385578729	0.125	0.5305358259789942	0.06555668616809925	72.0	6.0	20.0	0.3967460238079361	0.5399537037037038	0.4487457557529285	0.440857026664775	0.8979635953269665	2.5790691357091258
seed1	moderately_unequal	mixed_covariate	2.0	building_equal	cv_standardized	300	199	0.3433333333333333	0.29188793516981404	0.398740195813877	0.10250000000000001	0.5059044557669508	0.19291438130475905	72.0	6.0	20.0	0.3967460238079361	0.5399537037037038	0.4487457557529285	0.440857026664775	0.8979635953269665	2.5790691357091258
seed1	moderately_unequal	mixed_covariate	2.0	sqrt_rooms	profile	300	199	0.41333333333333333	0.3590487301690917	0.46980938484316287	0.085	0.5312643135857814	0.060764724591984856	72.0	6.0	20.0	0.3967460238079361	0.5399537037037038	0.4487457557529285	0.440857026664775	0.8979635953269665	2.5790691357091258
seed1	moderately_unequal	mixed_covariate	2.0	sqrt_rooms	mantel	300	199	0.43333333333333335	0.3784513181454693	0.48990107801780347	0.06	0.5312643135857814	0.060764724591984856	72.0	6.0	20.0	0.3967460238079361	0.5399537037037038	0.4487457557529285	0.440857026664775	0.8979635953269665	2.5790691357091258
seed1	moderately_unequal	mixed_covariate	2.0	sqrt_rooms	nested_max	300	199	0.4066666666666667	0.3526017598634212	0.46309159476516065	0.08	0.5312643135857814	0.060764724591984856	72.0	6.0	20.0	0.3967460238079361	0.5399537037037038	0.4487457557529285	0.440857026664775	0.8979635953269665	2.5790691357091258
seed1	moderately_unequal	mixed_covariate	2.0	sqrt_rooms	standardized_max	300	199	0.4266666666666667	0.3719735758386311	0.4832140599409689	0.065	0.5312643135857814	0.060764724591984856	72.0	6.0	20.0	0.3967460238079361	0.5399537037037038	0.4487457557529285	0.440857026664775	0.8979635953269665	2.5790691357091258
seed1	moderately_unequal	mixed_covariate	2.0	sqrt_rooms	cv_retrained	300	199	0.35	0.29823200252235404	0.4055608888450096	0.09	0.5312643135857814	0.060764724591984856	72.0	6.0	20.0	0.3967460238079361	0.5399537037037038	0.4487457557529285	0.440857026664775	0.8979635953269665	2.5790691357091258
seed1	moderately_unequal	mixed_covariate	2.0	sqrt_rooms	cv_standardized	300	199	0.3933333333333333	0.3397391051458938	0.44962472871534254	0.08	0.5012734212200444	0.18873110467284857	72.0	6.0	20.0	0.3967460238079361	0.5399537037037038	0.4487457557529285	0.440857026664775	0.8979635953269665	2.5790691357091258
seed1	moderately_unequal	mixed_covariate	2.0	room_equal	profile	300	199	0.41333333333333333	0.3590487301690917	0.46980938484316287	0.085	0.5319938420297473	0.05740545055169821	72.0	6.0	20.0	0.3967460238079361	0.5399537037037038	0.4487457557529285	0.440857026664775	0.8979635953269665	2.5790691357091258
seed1	moderately_unequal	mixed_covariate	2.0	room_equal	mantel	300	199	0.43333333333333335	0.3784513181454693	0.48990107801780347	0.06	0.5319938420297473	0.05740545055169821	72.0	6.0	20.0	0.3967460238079361	0.5399537037037038	0.4487457557529285	0.440857026664775	0.8979635953269665	2.5790691357091258
seed1	moderately_unequal	mixed_covariate	2.0	room_equal	nested_max	300	199	0.4066666666666667	0.3526017598634212	0.46309159476516065	0.08	0.5319938420297473	0.05740545055169821	72.0	6.0	20.0	0.3967460238079361	0.5399537037037038	0.4487457557529285	0.440857026664775	0.8979635953269665	2.5790691357091258
seed1	moderately_unequal	mixed_covariate	2.0	room_equal	standardized_max	300	199	0.4266666666666667	0.3719735758386311	0.4832140599409689	0.065	0.5319938420297473	0.05740545055169821	72.0	6.0	20.0	0.3967460238079361	0.5399537037037038	0.4487457557529285	0.440857026664775	0.8979635953269665	2.5790691357091258
seed1	moderately_unequal	mixed_covariate	2.0	room_equal	cv_retrained	300	199	0.4066666666666667	0.3526017598634212	0.46309159476516065	0.07	0.5319938420297473	0.05740545055169821	72.0	6.0	20.0	0.3967460238079361	0.5399537037037038	0.4487457557529285	0.440857026664775	0.8979635953269665	2.5790691357091258
seed1	moderately_unequal	mixed_covariate	2.0	room_equal	cv_standardized	300	199	0.43333333333333335	0.3784513181454693	0.48990107801780347	0.07	0.49750079990483737	0.18615372801923838	72.0	6.0	20.0	0.3967460238079361	0.5399537037037038	0.4487457557529285	0.440857026664775	0.8979635953269665	2.5790691357091258
seed1	moderately_unequal	mixed_covariate	4.0	building_equal	profile	300	199	0.41333333333333333	0.3590487301690917	0.46980938484316287	0.085	0.5579686739338413	0.12338557882694702	72.0	6.0	20.0	0.3967460238079361	0.5399537037037038	0.4487457557529285	0.440857026664775	0.8979635953269665	2.5790691357091258
seed1	moderately_unequal	mixed_covariate	4.0	building_equal	mantel	300	199	0.43333333333333335	0.3784513181454693	0.48990107801780347	0.06	0.5579686739338413	0.12338557882694702	72.0	6.0	20.0	0.3967460238079361	0.5399537037037038	0.4487457557529285	0.440857026664775	0.8979635953269665	2.5790691357091258
seed1	moderately_unequal	mixed_covariate	4.0	building_equal	nested_max	300	199	0.4066666666666667	0.3526017598634212	0.46309159476516065	0.08	0.5579686739338413	0.12338557882694702	72.0	6.0	20.0	0.3967460238079361	0.5399537037037038	0.4487457557529285	0.440857026664775	0.8979635953269665	2.5790691357091258
seed1	moderately_unequal	mixed_covariate	4.0	building_equal	standardized_max	300	199	0.4266666666666667	0.3719735758386311	0.4832140599409689	0.065	0.5579686739338413	0.12338557882694702	72.0	6.0	20.0	0.3967460238079361	0.5399537037037038	0.4487457557529285	0.440857026664775	0.8979635953269665	2.5790691357091258
seed1	moderately_unequal	mixed_covariate	4.0	building_equal	cv_retrained	300	199	0.28	0.23221902212795326	0.33334388521084696	0.14	0.5579686739338413	0.12338557882694702	72.0	6.0	20.0	0.3967460238079361	0.5399537037037038	0.4487457557529285	0.440857026664775	0.8979635953269665	2.5790691357091258
seed1	moderately_unequal	mixed_covariate	4.0	building_equal	cv_standardized	300	199	0.31	0.26034352510199493	0.3644608039633325	0.13	0.5096665358726481	0.28880316504997355	72.0	6.0	20.0	0.3967460238079361	0.5399537037037038	0.4487457557529285	0.440857026664775	0.8979635953269665	2.5790691357091258
seed1	moderately_unequal	mixed_covariate	4.0	sqrt_rooms	profile	300	199	0.41333333333333333	0.3590487301690917	0.46980938484316287	0.085	0.5595848730311468	0.11514470473255244	72.0	6.0	20.0	0.3967460238079361	0.5399537037037038	0.4487457557529285	0.440857026664775	0.8979635953269665	2.5790691357091258
seed1	moderately_unequal	mixed_covariate	4.0	sqrt_rooms	mantel	300	199	0.43333333333333335	0.3784513181454693	0.48990107801780347	0.06	0.5595848730311468	0.11514470473255244	72.0	6.0	20.0	0.3967460238079361	0.5399537037037038	0.4487457557529285	0.440857026664775	0.8979635953269665	2.5790691357091258
seed1	moderately_unequal	mixed_covariate	4.0	sqrt_rooms	nested_max	300	199	0.4066666666666667	0.3526017598634212	0.46309159476516065	0.08	0.5595848730311468	0.11514470473255244	72.0	6.0	20.0	0.3967460238079361	0.5399537037037038	0.4487457557529285	0.440857026664775	0.8979635953269665	2.5790691357091258
seed1	moderately_unequal	mixed_covariate	4.0	sqrt_rooms	standardized_max	300	199	0.4266666666666667	0.3719735758386311	0.4832140599409689	0.065	0.5595848730311468	0.11514470473255244	72.0	6.0	20.0	0.3967460238079361	0.5399537037037038	0.4487457557529285	0.440857026664775	0.8979635953269665	2.5790691357091258
seed1	moderately_unequal	mixed_covariate	4.0	sqrt_rooms	cv_retrained	300	199	0.3433333333333333	0.29188793516981404	0.398740195813877	0.105	0.5595848730311468	0.11514470473255244	72.0	6.0	20.0	0.3967460238079361	0.5399537037037038	0.4487457557529285	0.440857026664775	0.8979635953269665	2.5790691357091258
seed1	moderately_unequal	mixed_covariate	4.0	sqrt_rooms	cv_standardized	300	199	0.35	0.29823200252235404	0.4055608888450096	0.0975	0.5019669111696008	0.28387228814862003	72.0	6.0	20.0	0.3967460238079361	0.5399537037037038	0.4487457557529285	0.440857026664775	0.8979635953269665	2.5790691357091258
seed1	moderately_unequal	mixed_covariate	4.0	room_equal	profile	300	199	0.41333333333333333	0.3590487301690917	0.46980938484316287	0.085	0.5611699266370503	0.10913004770076029	72.0	6.0	20.0	0.3967460238079361	0.5399537037037038	0.4487457557529285	0.440857026664775	0.8979635953269665	2.5790691357091258
seed1	moderately_unequal	mixed_covariate	4.0	room_equal	mantel	300	199	0.43333333333333335	0.3784513181454693	0.48990107801780347	0.06	0.5611699266370503	0.10913004770076029	72.0	6.0	20.0	0.3967460238079361	0.5399537037037038	0.4487457557529285	0.440857026664775	0.8979635953269665	2.5790691357091258
seed1	moderately_unequal	mixed_covariate	4.0	room_equal	nested_max	300	199	0.4066666666666667	0.3526017598634212	0.46309159476516065	0.08	0.5611699266370503	0.10913004770076029	72.0	6.0	20.0	0.3967460238079361	0.5399537037037038	0.4487457557529285	0.440857026664775	0.8979635953269665	2.5790691357091258
seed1	moderately_unequal	mixed_covariate	4.0	room_equal	standardized_max	300	199	0.4266666666666667	0.3719735758386311	0.4832140599409689	0.065	0.5611699266370503	0.10913004770076029	72.0	6.0	20.0	0.3967460238079361	0.5399537037037038	0.4487457557529285	0.440857026664775	0.8979635953269665	2.5790691357091258
seed1	moderately_unequal	mixed_covariate	4.0	room_equal	cv_retrained	300	199	0.38333333333333336	0.330119832453064	0.43949686083266337	0.08	0.5611699266370503	0.10913004770076029	72.0	6.0	20.0	0.3967460238079361	0.5399537037037038	0.4487457557529285	0.440857026664775	0.8979635953269665	2.5790691357091258
seed1	moderately_unequal	mixed_covariate	4.0	room_equal	cv_standardized	300	199	0.37666666666666665	0.3237203650702255	0.4327315678318291	0.085	0.496527702733412	0.2784314813562975	72.0	6.0	20.0	0.3967460238079361	0.5399537037037038	0.4487457557529285	0.440857026664775	0.8979635953269665	2.5790691357091258
seed1	moderately_unequal	mixed_covariate	8.0	building_equal	profile	300	199	0.41333333333333333	0.3590487301690917	0.46980938484316287	0.085	0.5986582207846124	0.20669407499638337	72.0	6.0	20.0	0.3967460238079361	0.5399537037037038	0.4487457557529285	0.440857026664775	0.8979635953269665	2.5790691357091258
seed1	moderately_unequal	mixed_covariate	8.0	building_equal	mantel	300	199	0.43333333333333335	0.3784513181454693	0.48990107801780347	0.06	0.5986582207846124	0.20669407499638337	72.0	6.0	20.0	0.3967460238079361	0.5399537037037038	0.4487457557529285	0.440857026664775	0.8979635953269665	2.5790691357091258
seed1	moderately_unequal	mixed_covariate	8.0	building_equal	nested_max	300	199	0.4066666666666667	0.3526017598634212	0.46309159476516065	0.08	0.5986582207846124	0.20669407499638337	72.0	6.0	20.0	0.3967460238079361	0.5399537037037038	0.4487457557529285	0.440857026664775	0.8979635953269665	2.5790691357091258
seed1	moderately_unequal	mixed_covariate	8.0	building_equal	standardized_max	300	199	0.4266666666666667	0.3719735758386311	0.4832140599409689	0.065	0.5986582207846124	0.20669407499638337	72.0	6.0	20.0	0.3967460238079361	0.5399537037037038	0.4487457557529285	0.440857026664775	0.8979635953269665	2.5790691357091258
seed1	moderately_unequal	mixed_covariate	8.0	building_equal	cv_retrained	300	199	0.24666666666666667	0.20129380271657715	0.2984453027038595	0.155	0.5986582207846124	0.20669407499638337	72.0	6.0	20.0	0.3967460238079361	0.5399537037037038	0.4487457557529285	0.440857026664775	0.8979635953269665	2.5790691357091258
seed1	moderately_unequal	mixed_covariate	8.0	building_equal	cv_standardized	300	199	0.27666666666666667	0.22911058318108624	0.32986994396587765	0.15	0.5105809646381717	0.35850719703900685	72.0	6.0	20.0	0.3967460238079361	0.5399537037037038	0.4487457557529285	0.440857026664775	0.8979635953269665	2.5790691357091258
seed1	moderately_unequal	mixed_covariate	8.0	sqrt_rooms	profile	300	199	0.41333333333333333	0.3590487301690917	0.46980938484316287	0.085	0.6025346106989266	0.19613687197691212	72.0	6.0	20.0	0.3967460238079361	0.5399537037037038	0.4487457557529285	0.440857026664775	0.8979635953269665	2.5790691357091258
seed1	moderately_unequal	mixed_covariate	8.0	sqrt_rooms	mantel	300	199	0.43333333333333335	0.3784513181454693	0.48990107801780347	0.06	0.6025346106989266	0.19613687197691212	72.0	6.0	20.0	0.3967460238079361	0.5399537037037038	0.4487457557529285	0.440857026664775	0.8979635953269665	2.5790691357091258
seed1	moderately_unequal	mixed_covariate	8.0	sqrt_rooms	nested_max	300	199	0.4066666666666667	0.3526017598634212	0.46309159476516065	0.08	0.6025346106989266	0.19613687197691212	72.0	6.0	20.0	0.3967460238079361	0.5399537037037038	0.4487457557529285	0.440857026664775	0.8979635953269665	2.5790691357091258
seed1	moderately_unequal	mixed_covariate	8.0	sqrt_rooms	standardized_max	300	199	0.4266666666666667	0.3719735758386311	0.4832140599409689	0.065	0.6025346106989266	0.19613687197691212	72.0	6.0	20.0	0.3967460238079361	0.5399537037037038	0.4487457557529285	0.440857026664775	0.8979635953269665	2.5790691357091258
seed1	moderately_unequal	mixed_covariate	8.0	sqrt_rooms	cv_retrained	300	199	0.33	0.2792344636154957	0.3850641466008499	0.1225	0.6025346106989266	0.19613687197691212	72.0	6.0	20.0	0.3967460238079361	0.5399537037037038	0.4487457557529285	0.440857026664775	0.8979635953269665	2.5790691357091258
seed1	moderately_unequal	mixed_covariate	8.0	sqrt_rooms	cv_standardized	300	199	0.3333333333333333	0.2823934472922627	0.38848754311591926	0.11	0.500634937478212	0.35439578609230626	72.0	6.0	20.0	0.3967460238079361	0.5399537037037038	0.4487457557529285	0.440857026664775	0.8979635953269665	2.5790691357091258
seed1	moderately_unequal	mixed_covariate	8.0	room_equal	profile	300	199	0.41333333333333333	0.3590487301690917	0.46980938484316287	0.085	0.6062027769226231	0.18748436888249115	72.0	6.0	20.0	0.3967460238079361	0.5399537037037038	0.4487457557529285	0.440857026664775	0.8979635953269665	2.5790691357091258
seed1	moderately_unequal	mixed_covariate	8.0	room_equal	mantel	300	199	0.43333333333333335	0.3784513181454693	0.48990107801780347	0.06	0.6062027769226231	0.18748436888249115	72.0	6.0	20.0	0.3967460238079361	0.5399537037037038	0.4487457557529285	0.440857026664775	0.8979635953269665	2.5790691357091258
seed1	moderately_unequal	mixed_covariate	8.0	room_equal	nested_max	300	199	0.4066666666666667	0.3526017598634212	0.46309159476516065	0.08	0.6062027769226231	0.18748436888249115	72.0	6.0	20.0	0.3967460238079361	0.5399537037037038	0.4487457557529285	0.440857026664775	0.8979635953269665	2.5790691357091258
seed1	moderately_unequal	mixed_covariate	8.0	room_equal	standardized_max	300	199	0.4266666666666667	0.3719735758386311	0.4832140599409689	0.065	0.6062027769226231	0.18748436888249115	72.0	6.0	20.0	0.3967460238079361	0.5399537037037038	0.4487457557529285	0.440857026664775	0.8979635953269665	2.5790691357091258
seed1	moderately_unequal	mixed_covariate	8.0	room_equal	cv_retrained	300	199	0.37	0.317331727809741	0.42595544470864083	0.095	0.6062027769226231	0.18748436888249115	72.0	6.0	20.0	0.3967460238079361	0.5399537037037038	0.4487457557529285	0.440857026664775	0.8979635953269665	2.5790691357091258
seed1	moderately_unequal	mixed_covariate	8.0	room_equal	cv_standardized	300	199	0.3566666666666667	0.30458741740255907	0.41237023434847747	0.095	0.4944917163696732	0.34655628868941213	72.0	6.0	20.0	0.3967460238079361	0.5399537037037038	0.4487457557529285	0.440857026664775	0.8979635953269665	2.5790691357091258
seed1	moderately_unequal	mixed_covariate	16.0	building_equal	profile	300	199	0.41333333333333333	0.3590487301690917	0.46980938484316287	0.085	0.6374871648380762	0.28769605639287094	72.0	6.0	20.0	0.3967460238079361	0.5399537037037038	0.4487457557529285	0.440857026664775	0.8979635953269665	2.5790691357091258
seed1	moderately_unequal	mixed_covariate	16.0	building_equal	mantel	300	199	0.43333333333333335	0.3784513181454693	0.48990107801780347	0.06	0.6374871648380762	0.28769605639287094	72.0	6.0	20.0	0.3967460238079361	0.5399537037037038	0.4487457557529285	0.440857026664775	0.8979635953269665	2.5790691357091258
seed1	moderately_unequal	mixed_covariate	16.0	building_equal	nested_max	300	199	0.4066666666666667	0.3526017598634212	0.46309159476516065	0.08	0.6374871648380762	0.28769605639287094	72.0	6.0	20.0	0.3967460238079361	0.5399537037037038	0.4487457557529285	0.440857026664775	0.8979635953269665	2.5790691357091258
seed1	moderately_unequal	mixed_covariate	16.0	building_equal	standardized_max	300	199	0.4266666666666667	0.3719735758386311	0.4832140599409689	0.065	0.6374871648380762	0.28769605639287094	72.0	6.0	20.0	0.3967460238079361	0.5399537037037038	0.4487457557529285	0.440857026664775	0.8979635953269665	2.5790691357091258
seed1	moderately_unequal	mixed_covariate	16.0	building_equal	cv_retrained	300	199	0.23333333333333334	0.18902823823172718	0.28438134642136403	0.1875	0.6374871648380762	0.28769605639287094	72.0	6.0	20.0	0.3967460238079361	0.5399537037037038	0.4487457557529285	0.440857026664775	0.8979635953269665	2.5790691357091258
seed1	moderately_unequal	mixed_covariate	16.0	building_equal	cv_standardized	300	199	0.2833333333333333	0.2353308526310286	0.33681443489960794	0.155	0.5086001473849002	0.39217139379375604	72.0	6.0	20.0	0.3967460238079361	0.5399537037037038	0.4487457557529285	0.440857026664775	0.8979635953269665	2.5790691357091258
seed1	moderately_unequal	mixed_covariate	16.0	sqrt_rooms	profile	300	199	0.41333333333333333	0.3590487301690917	0.46980938484316287	0.085	0.6457438778854623	0.2793736870158615	72.0	6.0	20.0	0.3967460238079361	0.5399537037037038	0.4487457557529285	0.440857026664775	0.8979635953269665	2.5790691357091258
seed1	moderately_unequal	mixed_covariate	16.0	sqrt_rooms	mantel	300	199	0.43333333333333335	0.3784513181454693	0.48990107801780347	0.06	0.6457438778854623	0.2793736870158615	72.0	6.0	20.0	0.3967460238079361	0.5399537037037038	0.4487457557529285	0.440857026664775	0.8979635953269665	2.5790691357091258
seed1	moderately_unequal	mixed_covariate	16.0	sqrt_rooms	nested_max	300	199	0.4066666666666667	0.3526017598634212	0.46309159476516065	0.08	0.6457438778854623	0.2793736870158615	72.0	6.0	20.0	0.3967460238079361	0.5399537037037038	0.4487457557529285	0.440857026664775	0.8979635953269665	2.5790691357091258
seed1	moderately_unequal	mixed_covariate	16.0	sqrt_rooms	standardized_max	300	199	0.4266666666666667	0.3719735758386311	0.4832140599409689	0.065	0.6457438778854623	0.2793736870158615	72.0	6.0	20.0	0.3967460238079361	0.5399537037037038	0.4487457557529285	0.440857026664775	0.8979635953269665	2.5790691357091258
seed1	moderately_unequal	mixed_covariate	16.0	sqrt_rooms	cv_retrained	300	199	0.31	0.26034352510199493	0.3644608039633325	0.14250000000000002	0.6457438778854623	0.2793736870158615	72.0	6.0	20.0	0.3967460238079361	0.5399537037037038	0.4487457557529285	0.440857026664775	0.8979635953269665	2.5790691357091258
seed1	moderately_unequal	mixed_covariate	16.0	sqrt_rooms	cv_standardized	300	199	0.3233333333333333	0.2729253960837475	0.37820845374892526	0.125	0.4993282669016457	0.3896103189880124	72.0	6.0	20.0	0.3967460238079361	0.5399537037037038	0.4487457557529285	0.440857026664775	0.8979635953269665	2.5790691357091258
seed1	moderately_unequal	mixed_covariate	16.0	room_equal	profile	300	199	0.41333333333333333	0.3590487301690917	0.46980938484316287	0.085	0.653287582890449	0.27038125426667003	72.0	6.0	20.0	0.3967460238079361	0.5399537037037038	0.4487457557529285	0.440857026664775	0.8979635953269665	2.5790691357091258
seed1	moderately_unequal	mixed_covariate	16.0	room_equal	mantel	300	199	0.43333333333333335	0.3784513181454693	0.48990107801780347	0.06	0.653287582890449	0.27038125426667003	72.0	6.0	20.0	0.3967460238079361	0.5399537037037038	0.4487457557529285	0.440857026664775	0.8979635953269665	2.5790691357091258
seed1	moderately_unequal	mixed_covariate	16.0	room_equal	nested_max	300	199	0.4066666666666667	0.3526017598634212	0.46309159476516065	0.08	0.653287582890449	0.27038125426667003	72.0	6.0	20.0	0.3967460238079361	0.5399537037037038	0.4487457557529285	0.440857026664775	0.8979635953269665	2.5790691357091258
seed1	moderately_unequal	mixed_covariate	16.0	room_equal	standardized_max	300	199	0.4266666666666667	0.3719735758386311	0.4832140599409689	0.065	0.653287582890449	0.27038125426667003	72.0	6.0	20.0	0.3967460238079361	0.5399537037037038	0.4487457557529285	0.440857026664775	0.8979635953269665	2.5790691357091258
seed1	moderately_unequal	mixed_covariate	16.0	room_equal	cv_retrained	300	199	0.3433333333333333	0.29188793516981404	0.398740195813877	0.115	0.653287582890449	0.27038125426667003	72.0	6.0	20.0	0.3967460238079361	0.5399537037037038	0.4487457557529285	0.440857026664775	0.8979635953269665	2.5790691357091258
seed1	moderately_unequal	mixed_covariate	16.0	room_equal	cv_standardized	300	199	0.36333333333333334	0.3109540370105783	0.4191683751241309	0.0925	0.4926681789399756	0.3802176833313011	72.0	6.0	20.0	0.3967460238079361	0.5399537037037038	0.4487457557529285	0.440857026664775	0.8979635953269665	2.5790691357091258
seed1	severely_unequal	conditional_null	0.0	building_equal	profile	300	199	0.06	0.038286369524692054	0.09283944515290843	0.535	0.4999999999999999	5.551115123125783e-17	72.0	5.0	32.0	0.8093779046851923	0.5674305555555555	0.001437997567577196	-0.005101480739411957	0.8938719361506922	2.499838456359289
seed1	severely_unequal	conditional_null	0.0	building_equal	mantel	300	199	0.04666666666666667	0.027998933682334012	0.07679736022792105	0.5	0.4999999999999999	5.551115123125783e-17	72.0	5.0	32.0	0.8093779046851923	0.5674305555555555	0.001437997567577196	-0.005101480739411957	0.8938719361506922	2.499838456359289
seed1	severely_unequal	conditional_null	0.0	building_equal	nested_max	300	199	0.056666666666666664	0.03567747646328951	0.08886595802247463	0.54	0.4999999999999999	5.551115123125783e-17	72.0	5.0	32.0	0.8093779046851923	0.5674305555555555	0.001437997567577196	-0.005101480739411957	0.8938719361506922	2.499838456359289
seed1	severely_unequal	conditional_null	0.0	building_equal	standardized_max	300	199	0.03333333333333333	0.01820494733885481	0.06026182580405482	0.545	0.4999999999999999	5.551115123125783e-17	72.0	5.0	32.0	0.8093779046851923	0.5674305555555555	0.001437997567577196	-0.005101480739411957	0.8938719361506922	2.499838456359289
seed1	severely_unequal	conditional_null	0.0	building_equal	cv_retrained	300	199	0.04	0.023027321487942308	0.06860421203864003	0.51	0.4999999999999999	5.551115123125783e-17	72.0	5.0	32.0	0.8093779046851923	0.5674305555555555	0.001437997567577196	-0.005101480739411957	0.8938719361506922	2.499838456359289
seed1	severely_unequal	conditional_null	0.0	building_equal	cv_standardized	300	199	0.04666666666666667	0.027998933682334012	0.07679736022792105	0.5225	0.4999999999999999	5.551115123125783e-17	72.0	5.0	32.0	0.8093779046851923	0.5674305555555555	0.001437997567577196	-0.005101480739411957	0.8938719361506922	2.499838456359289
seed1	severely_unequal	conditional_null	0.0	sqrt_rooms	profile	300	199	0.06	0.038286369524692054	0.09283944515290843	0.535	0.5	0.0	72.0	5.0	32.0	0.8093779046851923	0.5674305555555555	0.001437997567577196	-0.005101480739411957	0.8938719361506922	2.499838456359289
seed1	severely_unequal	conditional_null	0.0	sqrt_rooms	mantel	300	199	0.04666666666666667	0.027998933682334012	0.07679736022792105	0.5	0.5	0.0	72.0	5.0	32.0	0.8093779046851923	0.5674305555555555	0.001437997567577196	-0.005101480739411957	0.8938719361506922	2.499838456359289
seed1	severely_unequal	conditional_null	0.0	sqrt_rooms	nested_max	300	199	0.056666666666666664	0.03567747646328951	0.08886595802247463	0.54	0.5	0.0	72.0	5.0	32.0	0.8093779046851923	0.5674305555555555	0.001437997567577196	-0.005101480739411957	0.8938719361506922	2.499838456359289
seed1	severely_unequal	conditional_null	0.0	sqrt_rooms	standardized_max	300	199	0.03333333333333333	0.01820494733885481	0.06026182580405482	0.545	0.5	0.0	72.0	5.0	32.0	0.8093779046851923	0.5674305555555555	0.001437997567577196	-0.005101480739411957	0.8938719361506922	2.499838456359289
seed1	severely_unequal	conditional_null	0.0	sqrt_rooms	cv_retrained	300	199	0.04666666666666667	0.027998933682334012	0.07679736022792105	0.5175000000000001	0.5	0.0	72.0	5.0	32.0	0.8093779046851923	0.5674305555555555	0.001437997567577196	-0.005101480739411957	0.8938719361506922	2.499838456359289
seed1	severely_unequal	conditional_null	0.0	sqrt_rooms	cv_standardized	300	199	0.05	0.03053164062934728	0.08084703347274415	0.555	0.5	0.0	72.0	5.0	32.0	0.8093779046851923	0.5674305555555555	0.001437997567577196	-0.005101480739411957	0.8938719361506922	2.499838456359289
seed1	severely_unequal	conditional_null	0.0	room_equal	profile	300	199	0.06	0.038286369524692054	0.09283944515290843	0.535	0.5	0.0	72.0	5.0	32.0	0.8093779046851923	0.5674305555555555	0.001437997567577196	-0.005101480739411957	0.8938719361506922	2.499838456359289
seed1	severely_unequal	conditional_null	0.0	room_equal	mantel	300	199	0.04666666666666667	0.027998933682334012	0.07679736022792105	0.5	0.5	0.0	72.0	5.0	32.0	0.8093779046851923	0.5674305555555555	0.001437997567577196	-0.005101480739411957	0.8938719361506922	2.499838456359289
seed1	severely_unequal	conditional_null	0.0	room_equal	nested_max	300	199	0.056666666666666664	0.03567747646328951	0.08886595802247463	0.54	0.5	0.0	72.0	5.0	32.0	0.8093779046851923	0.5674305555555555	0.001437997567577196	-0.005101480739411957	0.8938719361506922	2.499838456359289
seed1	severely_unequal	conditional_null	0.0	room_equal	standardized_max	300	199	0.03333333333333333	0.01820494733885481	0.06026182580405482	0.545	0.5	0.0	72.0	5.0	32.0	0.8093779046851923	0.5674305555555555	0.001437997567577196	-0.005101480739411957	0.8938719361506922	2.499838456359289
seed1	severely_unequal	conditional_null	0.0	room_equal	cv_retrained	300	199	0.05333333333333334	0.03309191251909646	0.08486914177483133	0.535	0.5	0.0	72.0	5.0	32.0	0.8093779046851923	0.5674305555555555	0.001437997567577196	-0.005101480739411957	0.8938719361506922	2.499838456359289
seed1	severely_unequal	conditional_null	0.0	room_equal	cv_standardized	300	199	0.05333333333333334	0.03309191251909646	0.08486914177483133	0.5375000000000001	0.5	0.0	72.0	5.0	32.0	0.8093779046851923	0.5674305555555555	0.001437997567577196	-0.005101480739411957	0.8938719361506922	2.499838456359289
seed1	severely_unequal	conditional_null	0.1	building_equal	profile	300	199	0.06	0.038286369524692054	0.09283944515290843	0.535	0.49986061694535616	0.004489066204706629	72.0	5.0	32.0	0.8093779046851923	0.5674305555555555	0.001437997567577196	-0.005101480739411957	0.8938719361506922	2.499838456359289
seed1	severely_unequal	conditional_null	0.1	building_equal	mantel	300	199	0.04666666666666667	0.027998933682334012	0.07679736022792105	0.5	0.49986061694535616	0.004489066204706629	72.0	5.0	32.0	0.8093779046851923	0.5674305555555555	0.001437997567577196	-0.005101480739411957	0.8938719361506922	2.499838456359289
seed1	severely_unequal	conditional_null	0.1	building_equal	nested_max	300	199	0.056666666666666664	0.03567747646328951	0.08886595802247463	0.54	0.49986061694535616	0.004489066204706629	72.0	5.0	32.0	0.8093779046851923	0.5674305555555555	0.001437997567577196	-0.005101480739411957	0.8938719361506922	2.499838456359289
seed1	severely_unequal	conditional_null	0.1	building_equal	standardized_max	300	199	0.03333333333333333	0.01820494733885481	0.06026182580405482	0.545	0.49986061694535616	0.004489066204706629	72.0	5.0	32.0	0.8093779046851923	0.5674305555555555	0.001437997567577196	-0.005101480739411957	0.8938719361506922	2.499838456359289
seed1	severely_unequal	conditional_null	0.1	building_equal	cv_retrained	300	199	0.04	0.023027321487942308	0.06860421203864003	0.51	0.49986061694535616	0.004489066204706629	72.0	5.0	32.0	0.8093779046851923	0.5674305555555555	0.001437997567577196	-0.005101480739411957	0.8938719361506922	2.499838456359289
seed1	severely_unequal	conditional_null	0.1	building_equal	cv_standardized	300	199	0.04666666666666667	0.027998933682334012	0.07679736022792105	0.52	0.4993351661829221	0.012134301379363822	72.0	5.0	32.0	0.8093779046851923	0.5674305555555555	0.001437997567577196	-0.005101480739411957	0.8938719361506922	2.499838456359289
seed1	severely_unequal	conditional_null	0.1	sqrt_rooms	profile	300	199	0.06	0.038286369524692054	0.09283944515290843	0.535	0.4998690949454319	0.0037824137571671125	72.0	5.0	32.0	0.8093779046851923	0.5674305555555555	0.001437997567577196	-0.005101480739411957	0.8938719361506922	2.499838456359289
seed1	severely_unequal	conditional_null	0.1	sqrt_rooms	mantel	300	199	0.04666666666666667	0.027998933682334012	0.07679736022792105	0.5	0.4998690949454319	0.0037824137571671125	72.0	5.0	32.0	0.8093779046851923	0.5674305555555555	0.001437997567577196	-0.005101480739411957	0.8938719361506922	2.499838456359289
seed1	severely_unequal	conditional_null	0.1	sqrt_rooms	nested_max	300	199	0.056666666666666664	0.03567747646328951	0.08886595802247463	0.54	0.4998690949454319	0.0037824137571671125	72.0	5.0	32.0	0.8093779046851923	0.5674305555555555	0.001437997567577196	-0.005101480739411957	0.8938719361506922	2.499838456359289
seed1	severely_unequal	conditional_null	0.1	sqrt_rooms	standardized_max	300	199	0.03333333333333333	0.01820494733885481	0.06026182580405482	0.545	0.4998690949454319	0.0037824137571671125	72.0	5.0	32.0	0.8093779046851923	0.5674305555555555	0.001437997567577196	-0.005101480739411957	0.8938719361506922	2.499838456359289
seed1	severely_unequal	conditional_null	0.1	sqrt_rooms	cv_retrained	300	199	0.043333333333333335	0.025496448084407246	0.07271746563401146	0.515	0.4998690949454319	0.0037824137571671125	72.0	5.0	32.0	0.8093779046851923	0.5674305555555555	0.001437997567577196	-0.005101480739411957	0.8938719361506922	2.499838456359289
seed1	severely_unequal	conditional_null	0.1	sqrt_rooms	cv_standardized	300	199	0.05	0.03053164062934728	0.08084703347274415	0.555	0.4992621731658332	0.011442010410822554	72.0	5.0	32.0	0.8093779046851923	0.5674305555555555	0.001437997567577196	-0.005101480739411957	0.8938719361506922	2.499838456359289
seed1	severely_unequal	conditional_null	0.1	room_equal	profile	300	199	0.06	0.038286369524692054	0.09283944515290843	0.535	0.4998859988595761	0.0032780194428474185	72.0	5.0	32.0	0.8093779046851923	0.5674305555555555	0.001437997567577196	-0.005101480739411957	0.8938719361506922	2.499838456359289
seed1	severely_unequal	conditional_null	0.1	room_equal	mantel	300	199	0.04666666666666667	0.027998933682334012	0.07679736022792105	0.5	0.4998859988595761	0.0032780194428474185	72.0	5.0	32.0	0.8093779046851923	0.5674305555555555	0.001437997567577196	-0.005101480739411957	0.8938719361506922	2.499838456359289
seed1	severely_unequal	conditional_null	0.1	room_equal	nested_max	300	199	0.056666666666666664	0.03567747646328951	0.08886595802247463	0.54	0.4998859988595761	0.0032780194428474185	72.0	5.0	32.0	0.8093779046851923	0.5674305555555555	0.001437997567577196	-0.005101480739411957	0.8938719361506922	2.499838456359289
seed1	severely_unequal	conditional_null	0.1	room_equal	standardized_max	300	199	0.03333333333333333	0.01820494733885481	0.06026182580405482	0.545	0.4998859988595761	0.0032780194428474185	72.0	5.0	32.0	0.8093779046851923	0.5674305555555555	0.001437997567577196	-0.005101480739411957	0.8938719361506922	2.499838456359289
seed1	severely_unequal	conditional_null	0.1	room_equal	cv_retrained	300	199	0.05333333333333334	0.03309191251909646	0.08486914177483133	0.5375000000000001	0.4998859988595761	0.0032780194428474185	72.0	5.0	32.0	0.8093779046851923	0.5674305555555555	0.001437997567577196	-0.005101480739411957	0.8938719361506922	2.499838456359289
seed1	severely_unequal	conditional_null	0.1	room_equal	cv_standardized	300	199	0.05333333333333334	0.03309191251909646	0.08486914177483133	0.54	0.4992553119760661	0.011397039887244989	72.0	5.0	32.0	0.8093779046851923	0.5674305555555555	0.001437997567577196	-0.005101480739411957	0.8938719361506922	2.499838456359289
seed1	severely_unequal	conditional_null	0.25	building_equal	profile	300	199	0.06	0.038286369524692054	0.09283944515290843	0.535	0.4996524799185404	0.01121714528945874	72.0	5.0	32.0	0.8093779046851923	0.5674305555555555	0.001437997567577196	-0.005101480739411957	0.8938719361506922	2.499838456359289
seed1	severely_unequal	conditional_null	0.25	building_equal	mantel	300	199	0.04666666666666667	0.027998933682334012	0.07679736022792105	0.5	0.4996524799185404	0.01121714528945874	72.0	5.0	32.0	0.8093779046851923	0.5674305555555555	0.001437997567577196	-0.005101480739411957	0.8938719361506922	2.499838456359289
seed1	severely_unequal	conditional_null	0.25	building_equal	nested_max	300	199	0.056666666666666664	0.03567747646328951	0.08886595802247463	0.54	0.4996524799185404	0.01121714528945874	72.0	5.0	32.0	0.8093779046851923	0.5674305555555555	0.001437997567577196	-0.005101480739411957	0.8938719361506922	2.499838456359289
seed1	severely_unequal	conditional_null	0.25	building_equal	standardized_max	300	199	0.03333333333333333	0.01820494733885481	0.06026182580405482	0.545	0.4996524799185404	0.01121714528945874	72.0	5.0	32.0	0.8093779046851923	0.5674305555555555	0.001437997567577196	-0.005101480739411957	0.8938719361506922	2.499838456359289
seed1	severely_unequal	conditional_null	0.25	building_equal	cv_retrained	300	199	0.04	0.023027321487942308	0.06860421203864003	0.5075000000000001	0.4996524799185404	0.01121714528945874	72.0	5.0	32.0	0.8093779046851923	0.5674305555555555	0.001437997567577196	-0.005101480739411957	0.8938719361506922	2.499838456359289
seed1	severely_unequal	conditional_null	0.25	building_equal	cv_standardized	300	199	0.04666666666666667	0.027998933682334012	0.07679736022792105	0.515	0.4983531464064724	0.030233883481708464	72.0	5.0	32.0	0.8093779046851923	0.5674305555555555	0.001437997567577196	-0.005101480739411957	0.8938719361506922	2.499838456359289
seed1	severely_unequal	conditional_null	0.25	sqrt_rooms	profile	300	199	0.06	0.038286369524692054	0.09283944515290843	0.535	0.49967312326988045	0.00945279160251281	72.0	5.0	32.0	0.8093779046851923	0.5674305555555555	0.001437997567577196	-0.005101480739411957	0.8938719361506922	2.499838456359289
seed1	severely_unequal	conditional_null	0.25	sqrt_rooms	mantel	300	199	0.04666666666666667	0.027998933682334012	0.07679736022792105	0.5	0.49967312326988045	0.00945279160251281	72.0	5.0	32.0	0.8093779046851923	0.5674305555555555	0.001437997567577196	-0.005101480739411957	0.8938719361506922	2.499838456359289
seed1	severely_unequal	conditional_null	0.25	sqrt_rooms	nested_max	300	199	0.056666666666666664	0.03567747646328951	0.08886595802247463	0.54	0.49967312326988045	0.00945279160251281	72.0	5.0	32.0	0.8093779046851923	0.5674305555555555	0.001437997567577196	-0.005101480739411957	0.8938719361506922	2.499838456359289
seed1	severely_unequal	conditional_null	0.25	sqrt_rooms	standardized_max	300	199	0.03333333333333333	0.01820494733885481	0.06026182580405482	0.545	0.49967312326988045	0.00945279160251281	72.0	5.0	32.0	0.8093779046851923	0.5674305555555555	0.001437997567577196	-0.005101480739411957	0.8938719361506922	2.499838456359289
seed1	severely_unequal	conditional_null	0.25	sqrt_rooms	cv_retrained	300	199	0.043333333333333335	0.025496448084407246	0.07271746563401146	0.51	0.49967312326988045	0.00945279160251281	72.0	5.0	32.0	0.8093779046851923	0.5674305555555555	0.001437997567577196	-0.005101480739411957	0.8938719361506922	2.499838456359289
seed1	severely_unequal	conditional_null	0.25	sqrt_rooms	cv_standardized	300	199	0.05333333333333334	0.03309191251909646	0.08486914177483133	0.555	0.4981684807963411	0.028513905117250826	72.0	5.0	32.0	0.8093779046851923	0.5674305555555555	0.001437997567577196	-0.005101480739411957	0.8938719361506922	2.499838456359289
seed1	severely_unequal	conditional_null	0.25	room_equal	profile	300	199	0.06	0.038286369524692054	0.09283944515290843	0.535	0.49971515932580984	0.008192759398080094	72.0	5.0	32.0	0.8093779046851923	0.5674305555555555	0.001437997567577196	-0.005101480739411957	0.8938719361506922	2.499838456359289
seed1	severely_unequal	conditional_null	0.25	room_equal	mantel	300	199	0.04666666666666667	0.027998933682334012	0.07679736022792105	0.5	0.49971515932580984	0.008192759398080094	72.0	5.0	32.0	0.8093779046851923	0.5674305555555555	0.001437997567577196	-0.005101480739411957	0.8938719361506922	2.499838456359289
seed1	severely_unequal	conditional_null	0.25	room_equal	nested_max	300	199	0.056666666666666664	0.03567747646328951	0.08886595802247463	0.54	0.49971515932580984	0.008192759398080094	72.0	5.0	32.0	0.8093779046851923	0.5674305555555555	0.001437997567577196	-0.005101480739411957	0.8938719361506922	2.499838456359289
seed1	severely_unequal	conditional_null	0.25	room_equal	standardized_max	300	199	0.03333333333333333	0.01820494733885481	0.06026182580405482	0.545	0.49971515932580984	0.008192759398080094	72.0	5.0	32.0	0.8093779046851923	0.5674305555555555	0.001437997567577196	-0.005101480739411957	0.8938719361506922	2.499838456359289
seed1	severely_unequal	conditional_null	0.25	room_equal	cv_retrained	300	199	0.05333333333333334	0.03309191251909646	0.08486914177483133	0.535	0.49971515932580984	0.008192759398080094	72.0	5.0	32.0	0.8093779046851923	0.5674305555555555	0.001437997567577196	-0.005101480739411957	0.8938719361506922	2.499838456359289
seed1	severely_unequal	conditional_null	0.25	room_equal	cv_standardized	300	199	0.056666666666666664	0.03567747646328951	0.08886595802247463	0.545	0.49816199252350735	0.028373162394483918	72.0	5.0	32.0	0.8093779046851923	0.5674305555555555	0.001437997567577196	-0.005101480739411957	0.8938719361506922	2.499838456359289
seed1	severely_unequal	conditional_null	0.5	building_equal	profile	300	199	0.06	0.038286369524692054	0.09283944515290843	0.535	0.499311607037644	0.022395073116541306	72.0	5.0	32.0	0.8093779046851923	0.5674305555555555	0.001437997567577196	-0.005101480739411957	0.8938719361506922	2.499838456359289
seed1	severely_unequal	conditional_null	0.5	building_equal	mantel	300	199	0.04666666666666667	0.027998933682334012	0.07679736022792105	0.5	0.499311607037644	0.022395073116541306	72.0	5.0	32.0	0.8093779046851923	0.5674305555555555	0.001437997567577196	-0.005101480739411957	0.8938719361506922	2.499838456359289
seed1	severely_unequal	conditional_null	0.5	building_equal	nested_max	300	199	0.056666666666666664	0.03567747646328951	0.08886595802247463	0.54	0.499311607037644	0.022395073116541306	72.0	5.0	32.0	0.8093779046851923	0.5674305555555555	0.001437997567577196	-0.005101480739411957	0.8938719361506922	2.499838456359289
seed1	severely_unequal	conditional_null	0.5	building_equal	standardized_max	300	199	0.03333333333333333	0.01820494733885481	0.06026182580405482	0.545	0.499311607037644	0.022395073116541306	72.0	5.0	32.0	0.8093779046851923	0.5674305555555555	0.001437997567577196	-0.005101480739411957	0.8938719361506922	2.499838456359289
seed1	severely_unequal	conditional_null	0.5	building_equal	cv_retrained	300	199	0.04	0.023027321487942308	0.06860421203864003	0.5075000000000001	0.499311607037644	0.022395073116541306	72.0	5.0	32.0	0.8093779046851923	0.5674305555555555	0.001437997567577196	-0.005101480739411957	0.8938719361506922	2.499838456359289
seed1	severely_unequal	conditional_null	0.5	building_equal	cv_standardized	300	199	0.05	0.03053164062934728	0.08084703347274415	0.505	0.49681039698426066	0.05976319728696015	72.0	5.0	32.0	0.8093779046851923	0.5674305555555555	0.001437997567577196	-0.005101480739411957	0.8938719361506922	2.499838456359289
seed1	severely_unequal	conditional_null	0.5	sqrt_rooms	profile	300	199	0.06	0.038286369524692054	0.09283944515290843	0.535	0.49934898853869497	0.018882505039971884	72.0	5.0	32.0	0.8093779046851923	0.5674305555555555	0.001437997567577196	-0.005101480739411957	0.8938719361506922	2.499838456359289
seed1	severely_unequal	conditional_null	0.5	sqrt_rooms	mantel	300	199	0.04666666666666667	0.027998933682334012	0.07679736022792105	0.5	0.49934898853869497	0.018882505039971884	72.0	5.0	32.0	0.8093779046851923	0.5674305555555555	0.001437997567577196	-0.005101480739411957	0.8938719361506922	2.499838456359289
seed1	severely_unequal	conditional_null	0.5	sqrt_rooms	nested_max	300	199	0.056666666666666664	0.03567747646328951	0.08886595802247463	0.54	0.49934898853869497	0.018882505039971884	72.0	5.0	32.0	0.8093779046851923	0.5674305555555555	0.001437997567577196	-0.005101480739411957	0.8938719361506922	2.499838456359289
seed1	severely_unequal	conditional_null	0.5	sqrt_rooms	standardized_max	300	199	0.03333333333333333	0.01820494733885481	0.06026182580405482	0.545	0.49934898853869497	0.018882505039971884	72.0	5.0	32.0	0.8093779046851923	0.5674305555555555	0.001437997567577196	-0.005101480739411957	0.8938719361506922	2.499838456359289
seed1	severely_unequal	conditional_null	0.5	sqrt_rooms	cv_retrained	300	199	0.04666666666666667	0.027998933682334012	0.07679736022792105	0.51	0.49934898853869497	0.018882505039971884	72.0	5.0	32.0	0.8093779046851923	0.5674305555555555	0.001437997567577196	-0.005101480739411957	0.8938719361506922	2.499838456359289
seed1	severely_unequal	conditional_null	0.5	sqrt_rooms	cv_standardized	300	199	0.05333333333333334	0.03309191251909646	0.08486914177483133	0.54	0.4964265954213329	0.05639618065422647	72.0	5.0	32.0	0.8093779046851923	0.5674305555555555	0.001437997567577196	-0.005101480739411957	0.8938719361506922	2.499838456359289
seed1	severely_unequal	conditional_null	0.5	room_equal	profile	300	199	0.06	0.038286369524692054	0.09283944515290843	0.535	0.49943147231071794	0.016369213855642124	72.0	5.0	32.0	0.8093779046851923	0.5674305555555555	0.001437997567577196	-0.005101480739411957	0.8938719361506922	2.499838456359289
seed1	severely_unequal	conditional_null	0.5	room_equal	mantel	300	199	0.04666666666666667	0.027998933682334012	0.07679736022792105	0.5	0.49943147231071794	0.016369213855642124	72.0	5.0	32.0	0.8093779046851923	0.5674305555555555	0.001437997567577196	-0.005101480739411957	0.8938719361506922	2.499838456359289
seed1	severely_unequal	conditional_null	0.5	room_equal	nested_max	300	199	0.056666666666666664	0.03567747646328951	0.08886595802247463	0.54	0.49943147231071794	0.016369213855642124	72.0	5.0	32.0	0.8093779046851923	0.5674305555555555	0.001437997567577196	-0.005101480739411957	0.8938719361506922	2.499838456359289
seed1	severely_unequal	conditional_null	0.5	room_equal	standardized_max	300	199	0.03333333333333333	0.01820494733885481	0.06026182580405482	0.545	0.49943147231071794	0.016369213855642124	72.0	5.0	32.0	0.8093779046851923	0.5674305555555555	0.001437997567577196	-0.005101480739411957	0.8938719361506922	2.499838456359289
seed1	severely_unequal	conditional_null	0.5	room_equal	cv_retrained	300	199	0.05	0.03053164062934728	0.08084703347274415	0.5375000000000001	0.49943147231071794	0.016369213855642124	72.0	5.0	32.0	0.8093779046851923	0.5674305555555555	0.001437997567577196	-0.005101480739411957	0.8938719361506922	2.499838456359289
seed1	severely_unequal	conditional_null	0.5	room_equal	cv_standardized	300	199	0.06333333333333334	0.040916882383915276	0.09679131248552161	0.5425	0.49648230953945927	0.05593286862147894	72.0	5.0	32.0	0.8093779046851923	0.5674305555555555	0.001437997567577196	-0.005101480739411957	0.8938719361506922	2.499838456359289
seed1	severely_unequal	conditional_null	1.0	building_equal	profile	300	199	0.06	0.038286369524692054	0.09283944515290843	0.535	0.4986748920955438	0.044482839692617564	72.0	5.0	32.0	0.8093779046851923	0.5674305555555555	0.001437997567577196	-0.005101480739411957	0.8938719361506922	2.499838456359289
seed1	severely_unequal	conditional_null	1.0	building_equal	mantel	300	199	0.04666666666666667	0.027998933682334012	0.07679736022792105	0.5	0.4986748920955438	0.044482839692617564	72.0	5.0	32.0	0.8093779046851923	0.5674305555555555	0.001437997567577196	-0.005101480739411957	0.8938719361506922	2.499838456359289
seed1	severely_unequal	conditional_null	1.0	building_equal	nested_max	300	199	0.056666666666666664	0.03567747646328951	0.08886595802247463	0.54	0.4986748920955438	0.044482839692617564	72.0	5.0	32.0	0.8093779046851923	0.5674305555555555	0.001437997567577196	-0.005101480739411957	0.8938719361506922	2.499838456359289
seed1	severely_unequal	conditional_null	1.0	building_equal	standardized_max	300	199	0.03333333333333333	0.01820494733885481	0.06026182580405482	0.545	0.4986748920955438	0.044482839692617564	72.0	5.0	32.0	0.8093779046851923	0.5674305555555555	0.001437997567577196	-0.005101480739411957	0.8938719361506922	2.499838456359289
seed1	severely_unequal	conditional_null	1.0	building_equal	cv_retrained	300	199	0.03666666666666667	0.02059530516285303	0.06445384817189295	0.5125	0.4986748920955438	0.044482839692617564	72.0	5.0	32.0	0.8093779046851923	0.5674305555555555	0.001437997567577196	-0.005101480739411957	0.8938719361506922	2.499838456359289
seed1	severely_unequal	conditional_null	1.0	building_equal	cv_standardized	300	199	0.056666666666666664	0.03567747646328951	0.08886595802247463	0.4975	0.4943322111536189	0.11449857282866277	72.0	5.0	32.0	0.8093779046851923	0.5674305555555555	0.001437997567577196	-0.005101480739411957	0.8938719361506922	2.499838456359289
seed1	severely_unequal	conditional_null	1.0	sqrt_rooms	profile	300	199	0.06	0.038286369524692054	0.09283944515290843	0.535	0.49871947158448715	0.03758297308917067	72.0	5.0	32.0	0.8093779046851923	0.5674305555555555	0.001437997567577196	-0.005101480739411957	0.8938719361506922	2.499838456359289
seed1	severely_unequal	conditional_null	1.0	sqrt_rooms	mantel	300	199	0.04666666666666667	0.027998933682334012	0.07679736022792105	0.5	0.49871947158448715	0.03758297308917067	72.0	5.0	32.0	0.8093779046851923	0.5674305555555555	0.001437997567577196	-0.005101480739411957	0.8938719361506922	2.499838456359289
seed1	severely_unequal	conditional_null	1.0	sqrt_rooms	nested_max	300	199	0.056666666666666664	0.03567747646328951	0.08886595802247463	0.54	0.49871947158448715	0.03758297308917067	72.0	5.0	32.0	0.8093779046851923	0.5674305555555555	0.001437997567577196	-0.005101480739411957	0.8938719361506922	2.499838456359289
seed1	severely_unequal	conditional_null	1.0	sqrt_rooms	standardized_max	300	199	0.03333333333333333	0.01820494733885481	0.06026182580405482	0.545	0.49871947158448715	0.03758297308917067	72.0	5.0	32.0	0.8093779046851923	0.5674305555555555	0.001437997567577196	-0.005101480739411957	0.8938719361506922	2.499838456359289
seed1	severely_unequal	conditional_null	1.0	sqrt_rooms	cv_retrained	300	199	0.043333333333333335	0.025496448084407246	0.07271746563401146	0.505	0.49871947158448715	0.03758297308917067	72.0	5.0	32.0	0.8093779046851923	0.5674305555555555	0.001437997567577196	-0.005101480739411957	0.8938719361506922	2.499838456359289
seed1	severely_unequal	conditional_null	1.0	sqrt_rooms	cv_standardized	300	199	0.056666666666666664	0.03567747646328951	0.08886595802247463	0.535	0.4934761032753761	0.10825428424253677	72.0	5.0	32.0	0.8093779046851923	0.5674305555555555	0.001437997567577196	-0.005101480739411957	0.8938719361506922	2.499838456359289
seed1	severely_unequal	conditional_null	1.0	room_equal	profile	300	199	0.06	0.038286369524692054	0.09283944515290843	0.535	0.4988720283395247	0.032609419772847516	72.0	5.0	32.0	0.8093779046851923	0.5674305555555555	0.001437997567577196	-0.005101480739411957	0.8938719361506922	2.499838456359289
seed1	severely_unequal	conditional_null	1.0	room_equal	mantel	300	199	0.04666666666666667	0.027998933682334012	0.07679736022792105	0.5	0.4988720283395247	0.032609419772847516	72.0	5.0	32.0	0.8093779046851923	0.5674305555555555	0.001437997567577196	-0.005101480739411957	0.8938719361506922	2.499838456359289
seed1	severely_unequal	conditional_null	1.0	room_equal	nested_max	300	199	0.056666666666666664	0.03567747646328951	0.08886595802247463	0.54	0.4988720283395247	0.032609419772847516	72.0	5.0	32.0	0.8093779046851923	0.5674305555555555	0.001437997567577196	-0.005101480739411957	0.8938719361506922	2.499838456359289
seed1	severely_unequal	conditional_null	1.0	room_equal	standardized_max	300	199	0.03333333333333333	0.01820494733885481	0.06026182580405482	0.545	0.4988720283395247	0.032609419772847516	72.0	5.0	32.0	0.8093779046851923	0.5674305555555555	0.001437997567577196	-0.005101480739411957	0.8938719361506922	2.499838456359289
seed1	severely_unequal	conditional_null	1.0	room_equal	cv_retrained	300	199	0.05	0.03053164062934728	0.08084703347274415	0.5425	0.4988720283395247	0.032609419772847516	72.0	5.0	32.0	0.8093779046851923	0.5674305555555555	0.001437997567577196	-0.005101480739411957	0.8938719361506922	2.499838456359289
seed1	severely_unequal	conditional_null	1.0	room_equal	cv_standardized	300	199	0.06333333333333334	0.040916882383915276	0.09679131248552161	0.5375000000000001	0.4939727611815242	0.10630752368916908	72.0	5.0	32.0	0.8093779046851923	0.5674305555555555	0.001437997567577196	-0.005101480739411957	0.8938719361506922	2.499838456359289
seed1	severely_unequal	conditional_null	2.0	building_equal	profile	300	199	0.06	0.038286369524692054	0.09283944515290843	0.535	0.49772087676064114	0.08668965276183922	72.0	5.0	32.0	0.8093779046851923	0.5674305555555555	0.001437997567577196	-0.005101480739411957	0.8938719361506922	2.499838456359289
seed1	severely_unequal	conditional_null	2.0	building_equal	mantel	300	199	0.04666666666666667	0.027998933682334012	0.07679736022792105	0.5	0.49772087676064114	0.08668965276183922	72.0	5.0	32.0	0.8093779046851923	0.5674305555555555	0.001437997567577196	-0.005101480739411957	0.8938719361506922	2.499838456359289
seed1	severely_unequal	conditional_null	2.0	building_equal	nested_max	300	199	0.056666666666666664	0.03567747646328951	0.08886595802247463	0.54	0.49772087676064114	0.08668965276183922	72.0	5.0	32.0	0.8093779046851923	0.5674305555555555	0.001437997567577196	-0.005101480739411957	0.8938719361506922	2.499838456359289
seed1	severely_unequal	conditional_null	2.0	building_equal	standardized_max	300	199	0.03333333333333333	0.01820494733885481	0.06026182580405482	0.545	0.49772087676064114	0.08668965276183922	72.0	5.0	32.0	0.8093779046851923	0.5674305555555555	0.001437997567577196	-0.005101480739411957	0.8938719361506922	2.499838456359289
seed1	severely_unequal	conditional_null	2.0	building_equal	cv_retrained	300	199	0.04	0.023027321487942308	0.06860421203864003	0.495	0.49772087676064114	0.08668965276183922	72.0	5.0	32.0	0.8093779046851923	0.5674305555555555	0.001437997567577196	-0.005101480739411957	0.8938719361506922	2.499838456359289
seed1	severely_unequal	conditional_null	2.0	building_equal	cv_standardized	300	199	0.056666666666666664	0.03567747646328951	0.08886595802247463	0.4925	0.4921630279341314	0.200525394747734	72.0	5.0	32.0	0.8093779046851923	0.5674305555555555	0.001437997567577196	-0.005101480739411957	0.8938719361506922	2.499838456359289
seed1	severely_unequal	conditional_null	2.0	sqrt_rooms	profile	300	199	0.06	0.038286369524692054	0.09283944515290843	0.535	0.4975980203662582	0.0737860000120822	72.0	5.0	32.0	0.8093779046851923	0.5674305555555555	0.001437997567577196	-0.005101480739411957	0.8938719361506922	2.499838456359289
seed1	severely_unequal	conditional_null	2.0	sqrt_rooms	mantel	300	199	0.04666666666666667	0.027998933682334012	0.07679736022792105	0.5	0.4975980203662582	0.0737860000120822	72.0	5.0	32.0	0.8093779046851923	0.5674305555555555	0.001437997567577196	-0.005101480739411957	0.8938719361506922	2.499838456359289
seed1	severely_unequal	conditional_null	2.0	sqrt_rooms	nested_max	300	199	0.056666666666666664	0.03567747646328951	0.08886595802247463	0.54	0.4975980203662582	0.0737860000120822	72.0	5.0	32.0	0.8093779046851923	0.5674305555555555	0.001437997567577196	-0.005101480739411957	0.8938719361506922	2.499838456359289
seed1	severely_unequal	conditional_null	2.0	sqrt_rooms	standardized_max	300	199	0.03333333333333333	0.01820494733885481	0.06026182580405482	0.545	0.4975980203662582	0.0737860000120822	72.0	5.0	32.0	0.8093779046851923	0.5674305555555555	0.001437997567577196	-0.005101480739411957	0.8938719361506922	2.499838456359289
seed1	severely_unequal	conditional_null	2.0	sqrt_rooms	cv_retrained	300	199	0.04	0.023027321487942308	0.06860421203864003	0.52	0.4975980203662582	0.0737860000120822	72.0	5.0	32.0	0.8093779046851923	0.5674305555555555	0.001437997567577196	-0.005101480739411957	0.8938719361506922	2.499838456359289
seed1	severely_unequal	conditional_null	2.0	sqrt_rooms	cv_standardized	300	199	0.05333333333333334	0.03309191251909646	0.08486914177483133	0.5275000000000001	0.4901519353604442	0.19047358346735335	72.0	5.0	32.0	0.8093779046851923	0.5674305555555555	0.001437997567577196	-0.005101480739411957	0.8938719361506922	2.499838456359289
seed1	severely_unequal	conditional_null	2.0	room_equal	profile	300	199	0.06	0.038286369524692054	0.09283944515290843	0.535	0.4978123976685787	0.06422984366999601	72.0	5.0	32.0	0.8093779046851923	0.5674305555555555	0.001437997567577196	-0.005101480739411957	0.8938719361506922	2.499838456359289
seed1	severely_unequal	conditional_null	2.0	room_equal	mantel	300	199	0.04666666666666667	0.027998933682334012	0.07679736022792105	0.5	0.4978123976685787	0.06422984366999601	72.0	5.0	32.0	0.8093779046851923	0.5674305555555555	0.001437997567577196	-0.005101480739411957	0.8938719361506922	2.499838456359289
seed1	severely_unequal	conditional_null	2.0	room_equal	nested_max	300	199	0.056666666666666664	0.03567747646328951	0.08886595802247463	0.54	0.4978123976685787	0.06422984366999601	72.0	5.0	32.0	0.8093779046851923	0.5674305555555555	0.001437997567577196	-0.005101480739411957	0.8938719361506922	2.499838456359289
seed1	severely_unequal	conditional_null	2.0	room_equal	standardized_max	300	199	0.03333333333333333	0.01820494733885481	0.06026182580405482	0.545	0.4978123976685787	0.06422984366999601	72.0	5.0	32.0	0.8093779046851923	0.5674305555555555	0.001437997567577196	-0.005101480739411957	0.8938719361506922	2.499838456359289
seed1	severely_unequal	conditional_null	2.0	room_equal	cv_retrained	300	199	0.056666666666666664	0.03567747646328951	0.08886595802247463	0.5325	0.4978123976685787	0.06422984366999601	72.0	5.0	32.0	0.8093779046851923	0.5674305555555555	0.001437997567577196	-0.005101480739411957	0.8938719361506922	2.499838456359289
seed1	severely_unequal	conditional_null	2.0	room_equal	cv_standardized	300	199	0.056666666666666664	0.03567747646328951	0.08886595802247463	0.53	0.49220405910590415	0.1835403595698477	72.0	5.0	32.0	0.8093779046851923	0.5674305555555555	0.001437997567577196	-0.005101480739411957	0.8938719361506922	2.499838456359289
seed1	severely_unequal	conditional_null	4.0	building_equal	profile	300	199	0.06	0.038286369524692054	0.09283944515290843	0.535	0.49751381490266056	0.15914391053387208	72.0	5.0	32.0	0.8093779046851923	0.5674305555555555	0.001437997567577196	-0.005101480739411957	0.8938719361506922	2.499838456359289
seed1	severely_unequal	conditional_null	4.0	building_equal	mantel	300	199	0.04666666666666667	0.027998933682334012	0.07679736022792105	0.5	0.49751381490266056	0.15914391053387208	72.0	5.0	32.0	0.8093779046851923	0.5674305555555555	0.001437997567577196	-0.005101480739411957	0.8938719361506922	2.499838456359289
seed1	severely_unequal	conditional_null	4.0	building_equal	nested_max	300	199	0.056666666666666664	0.03567747646328951	0.08886595802247463	0.54	0.49751381490266056	0.15914391053387208	72.0	5.0	32.0	0.8093779046851923	0.5674305555555555	0.001437997567577196	-0.005101480739411957	0.8938719361506922	2.499838456359289
seed1	severely_unequal	conditional_null	4.0	building_equal	standardized_max	300	199	0.03333333333333333	0.01820494733885481	0.06026182580405482	0.545	0.49751381490266056	0.15914391053387208	72.0	5.0	32.0	0.8093779046851923	0.5674305555555555	0.001437997567577196	-0.005101480739411957	0.8938719361506922	2.499838456359289
seed1	severely_unequal	conditional_null	4.0	building_equal	cv_retrained	300	199	0.03666666666666667	0.02059530516285303	0.06445384817189295	0.4775	0.49751381490266056	0.15914391053387208	72.0	5.0	32.0	0.8093779046851923	0.5674305555555555	0.001437997567577196	-0.005101480739411957	0.8938719361506922	2.499838456359289
seed1	severely_unequal	conditional_null	4.0	building_equal	cv_standardized	300	199	0.05	0.03053164062934728	0.08084703347274415	0.4775	0.4933484938874413	0.29604822989685187	72.0	5.0	32.0	0.8093779046851923	0.5674305555555555	0.001437997567577196	-0.005101480739411957	0.8938719361506922	2.499838456359289
seed1	severely_unequal	conditional_null	4.0	sqrt_rooms	profile	300	199	0.06	0.038286369524692054	0.09283944515290843	0.535	0.4961694301690848	0.13838342879117163	72.0	5.0	32.0	0.8093779046851923	0.5674305555555555	0.001437997567577196	-0.005101480739411957	0.8938719361506922	2.499838456359289
seed1	severely_unequal	conditional_null	4.0	sqrt_rooms	mantel	300	199	0.04666666666666667	0.027998933682334012	0.07679736022792105	0.5	0.4961694301690848	0.13838342879117163	72.0	5.0	32.0	0.8093779046851923	0.5674305555555555	0.001437997567577196	-0.005101480739411957	0.8938719361506922	2.499838456359289
seed1	severely_unequal	conditional_null	4.0	sqrt_rooms	nested_max	300	199	0.056666666666666664	0.03567747646328951	0.08886595802247463	0.54	0.4961694301690848	0.13838342879117163	72.0	5.0	32.0	0.8093779046851923	0.5674305555555555	0.001437997567577196	-0.005101480739411957	0.8938719361506922	2.499838456359289
seed1	severely_unequal	conditional_null	4.0	sqrt_rooms	standardized_max	300	199	0.03333333333333333	0.01820494733885481	0.06026182580405482	0.545	0.4961694301690848	0.13838342879117163	72.0	5.0	32.0	0.8093779046851923	0.5674305555555555	0.001437997567577196	-0.005101480739411957	0.8938719361506922	2.499838456359289
seed1	severely_unequal	conditional_null	4.0	sqrt_rooms	cv_retrained	300	199	0.03666666666666667	0.02059530516285303	0.06445384817189295	0.5	0.4961694301690848	0.13838342879117163	72.0	5.0	32.0	0.8093779046851923	0.5674305555555555	0.001437997567577196	-0.005101480739411957	0.8938719361506922	2.499838456359289
seed1	severely_unequal	conditional_null	4.0	sqrt_rooms	cv_standardized	300	199	0.043333333333333335	0.025496448084407246	0.07271746563401146	0.5175000000000001	0.48937480862236993	0.28379717115507247	72.0	5.0	32.0	0.8093779046851923	0.5674305555555555	0.001437997567577196	-0.005101480739411957	0.8938719361506922	2.499838456359289
seed1	severely_unequal	conditional_null	4.0	room_equal	profile	300	199	0.06	0.038286369524692054	0.09283944515290843	0.535	0.4960649345803542	0.12165491183043584	72.0	5.0	32.0	0.8093779046851923	0.5674305555555555	0.001437997567577196	-0.005101480739411957	0.8938719361506922	2.499838456359289
seed1	severely_unequal	conditional_null	4.0	room_equal	mantel	300	199	0.04666666666666667	0.027998933682334012	0.07679736022792105	0.5	0.4960649345803542	0.12165491183043584	72.0	5.0	32.0	0.8093779046851923	0.5674305555555555	0.001437997567577196	-0.005101480739411957	0.8938719361506922	2.499838456359289
seed1	severely_unequal	conditional_null	4.0	room_equal	nested_max	300	199	0.056666666666666664	0.03567747646328951	0.08886595802247463	0.54	0.4960649345803542	0.12165491183043584	72.0	5.0	32.0	0.8093779046851923	0.5674305555555555	0.001437997567577196	-0.005101480739411957	0.8938719361506922	2.499838456359289
seed1	severely_unequal	conditional_null	4.0	room_equal	standardized_max	300	199	0.03333333333333333	0.01820494733885481	0.06026182580405482	0.545	0.4960649345803542	0.12165491183043584	72.0	5.0	32.0	0.8093779046851923	0.5674305555555555	0.001437997567577196	-0.005101480739411957	0.8938719361506922	2.499838456359289
seed1	severely_unequal	conditional_null	4.0	room_equal	cv_retrained	300	199	0.056666666666666664	0.03567747646328951	0.08886595802247463	0.535	0.4960649345803542	0.12165491183043584	72.0	5.0	32.0	0.8093779046851923	0.5674305555555555	0.001437997567577196	-0.005101480739411957	0.8938719361506922	2.499838456359289
seed1	severely_unequal	conditional_null	4.0	room_equal	cv_standardized	300	199	0.05333333333333334	0.03309191251909646	0.08486914177483133	0.5475000000000001	0.49327698372305967	0.26853073526541815	72.0	5.0	32.0	0.8093779046851923	0.5674305555555555	0.001437997567577196	-0.005101480739411957	0.8938719361506922	2.499838456359289
seed1	severely_unequal	conditional_null	8.0	building_equal	profile	300	199	0.06	0.038286369524692054	0.09283944515290843	0.535	0.5014847670905863	0.2554010090211382	72.0	5.0	32.0	0.8093779046851923	0.5674305555555555	0.001437997567577196	-0.005101480739411957	0.8938719361506922	2.499838456359289
seed1	severely_unequal	conditional_null	8.0	building_equal	mantel	300	199	0.04666666666666667	0.027998933682334012	0.07679736022792105	0.5	0.5014847670905863	0.2554010090211382	72.0	5.0	32.0	0.8093779046851923	0.5674305555555555	0.001437997567577196	-0.005101480739411957	0.8938719361506922	2.499838456359289
seed1	severely_unequal	conditional_null	8.0	building_equal	nested_max	300	199	0.056666666666666664	0.03567747646328951	0.08886595802247463	0.54	0.5014847670905863	0.2554010090211382	72.0	5.0	32.0	0.8093779046851923	0.5674305555555555	0.001437997567577196	-0.005101480739411957	0.8938719361506922	2.499838456359289
seed1	severely_unequal	conditional_null	8.0	building_equal	standardized_max	300	199	0.03333333333333333	0.01820494733885481	0.06026182580405482	0.545	0.5014847670905863	0.2554010090211382	72.0	5.0	32.0	0.8093779046851923	0.5674305555555555	0.001437997567577196	-0.005101480739411957	0.8938719361506922	2.499838456359289
seed1	severely_unequal	conditional_null	8.0	building_equal	cv_retrained	300	199	0.043333333333333335	0.025496448084407246	0.07271746563401146	0.4875	0.5014847670905863	0.2554010090211382	72.0	5.0	32.0	0.8093779046851923	0.5674305555555555	0.001437997567577196	-0.005101480739411957	0.8938719361506922	2.499838456359289
seed1	severely_unequal	conditional_null	8.0	building_equal	cv_standardized	300	199	0.05	0.03053164062934728	0.08084703347274415	0.4825	0.4966059616633224	0.3612760216326794	72.0	5.0	32.0	0.8093779046851923	0.5674305555555555	0.001437997567577196	-0.005101480739411957	0.8938719361506922	2.499838456359289
seed1	severely_unequal	conditional_null	8.0	sqrt_rooms	profile	300	199	0.06	0.038286369524692054	0.09283944515290843	0.535	0.4961223648371658	0.23164574693723727	72.0	5.0	32.0	0.8093779046851923	0.5674305555555555	0.001437997567577196	-0.005101480739411957	0.8938719361506922	2.499838456359289
seed1	severely_unequal	conditional_null	8.0	sqrt_rooms	mantel	300	199	0.04666666666666667	0.027998933682334012	0.07679736022792105	0.5	0.4961223648371658	0.23164574693723727	72.0	5.0	32.0	0.8093779046851923	0.5674305555555555	0.001437997567577196	-0.005101480739411957	0.8938719361506922	2.499838456359289
seed1	severely_unequal	conditional_null	8.0	sqrt_rooms	nested_max	300	199	0.056666666666666664	0.03567747646328951	0.08886595802247463	0.54	0.4961223648371658	0.23164574693723727	72.0	5.0	32.0	0.8093779046851923	0.5674305555555555	0.001437997567577196	-0.005101480739411957	0.8938719361506922	2.499838456359289
seed1	severely_unequal	conditional_null	8.0	sqrt_rooms	standardized_max	300	199	0.03333333333333333	0.01820494733885481	0.06026182580405482	0.545	0.4961223648371658	0.23164574693723727	72.0	5.0	32.0	0.8093779046851923	0.5674305555555555	0.001437997567577196	-0.005101480739411957	0.8938719361506922	2.499838456359289
seed1	severely_unequal	conditional_null	8.0	sqrt_rooms	cv_retrained	300	199	0.03666666666666667	0.02059530516285303	0.06445384817189295	0.5025	0.4961223648371658	0.23164574693723727	72.0	5.0	32.0	0.8093779046851923	0.5674305555555555	0.001437997567577196	-0.005101480739411957	0.8938719361506922	2.499838456359289
seed1	severely_unequal	conditional_null	8.0	sqrt_rooms	cv_standardized	300	199	0.043333333333333335	0.025496448084407246	0.07271746563401146	0.495	0.4916060537081316	0.3511630068691185	72.0	5.0	32.0	0.8093779046851923	0.5674305555555555	0.001437997567577196	-0.005101480739411957	0.8938719361506922	2.499838456359289
seed1	severely_unequal	conditional_null	8.0	room_equal	profile	300	199	0.06	0.038286369524692054	0.09283944515290843	0.535	0.4940564526752255	0.20784565141113825	72.0	5.0	32.0	0.8093779046851923	0.5674305555555555	0.001437997567577196	-0.005101480739411957	0.8938719361506922	2.499838456359289
seed1	severely_unequal	conditional_null	8.0	room_equal	mantel	300	199	0.04666666666666667	0.027998933682334012	0.07679736022792105	0.5	0.4940564526752255	0.20784565141113825	72.0	5.0	32.0	0.8093779046851923	0.5674305555555555	0.001437997567577196	-0.005101480739411957	0.8938719361506922	2.499838456359289
seed1	severely_unequal	conditional_null	8.0	room_equal	nested_max	300	199	0.056666666666666664	0.03567747646328951	0.08886595802247463	0.54	0.4940564526752255	0.20784565141113825	72.0	5.0	32.0	0.8093779046851923	0.5674305555555555	0.001437997567577196	-0.005101480739411957	0.8938719361506922	2.499838456359289
seed1	severely_unequal	conditional_null	8.0	room_equal	standardized_max	300	199	0.03333333333333333	0.01820494733885481	0.06026182580405482	0.545	0.4940564526752255	0.20784565141113825	72.0	5.0	32.0	0.8093779046851923	0.5674305555555555	0.001437997567577196	-0.005101480739411957	0.8938719361506922	2.499838456359289
seed1	severely_unequal	conditional_null	8.0	room_equal	cv_retrained	300	199	0.04666666666666667	0.027998933682334012	0.07679736022792105	0.53	0.4940564526752255	0.20784565141113825	72.0	5.0	32.0	0.8093779046851923	0.5674305555555555	0.001437997567577196	-0.005101480739411957	0.8938719361506922	2.499838456359289
seed1	severely_unequal	conditional_null	8.0	room_equal	cv_standardized	300	199	0.043333333333333335	0.025496448084407246	0.07271746563401146	0.54	0.49495263601399664	0.3306118029357531	72.0	5.0	32.0	0.8093779046851923	0.5674305555555555	0.001437997567577196	-0.005101480739411957	0.8938719361506922	2.499838456359289
seed1	severely_unequal	conditional_null	16.0	building_equal	profile	300	199	0.06	0.038286369524692054	0.09283944515290843	0.535	0.5097473323475551	0.33863785858097906	72.0	5.0	32.0	0.8093779046851923	0.5674305555555555	0.001437997567577196	-0.005101480739411957	0.8938719361506922	2.499838456359289
seed1	severely_unequal	conditional_null	16.0	building_equal	mantel	300	199	0.04666666666666667	0.027998933682334012	0.07679736022792105	0.5	0.5097473323475551	0.33863785858097906	72.0	5.0	32.0	0.8093779046851923	0.5674305555555555	0.001437997567577196	-0.005101480739411957	0.8938719361506922	2.499838456359289
seed1	severely_unequal	conditional_null	16.0	building_equal	nested_max	300	199	0.056666666666666664	0.03567747646328951	0.08886595802247463	0.54	0.5097473323475551	0.33863785858097906	72.0	5.0	32.0	0.8093779046851923	0.5674305555555555	0.001437997567577196	-0.005101480739411957	0.8938719361506922	2.499838456359289
seed1	severely_unequal	conditional_null	16.0	building_equal	standardized_max	300	199	0.03333333333333333	0.01820494733885481	0.06026182580405482	0.545	0.5097473323475551	0.33863785858097906	72.0	5.0	32.0	0.8093779046851923	0.5674305555555555	0.001437997567577196	-0.005101480739411957	0.8938719361506922	2.499838456359289
seed1	severely_unequal	conditional_null	16.0	building_equal	cv_retrained	300	199	0.04	0.023027321487942308	0.06860421203864003	0.5	0.5097473323475551	0.33863785858097906	72.0	5.0	32.0	0.8093779046851923	0.5674305555555555	0.001437997567577196	-0.005101480739411957	0.8938719361506922	2.499838456359289
seed1	severely_unequal	conditional_null	16.0	building_equal	cv_standardized	300	199	0.05	0.03053164062934728	0.08084703347274415	0.4875	0.4984432321623372	0.38992369069234556	72.0	5.0	32.0	0.8093779046851923	0.5674305555555555	0.001437997567577196	-0.005101480739411957	0.8938719361506922	2.499838456359289
seed1	severely_unequal	conditional_null	16.0	sqrt_rooms	profile	300	199	0.06	0.038286369524692054	0.09283944515290843	0.535	0.49951222745844615	0.3236340895173433	72.0	5.0	32.0	0.8093779046851923	0.5674305555555555	0.001437997567577196	-0.005101480739411957	0.8938719361506922	2.499838456359289
seed1	severely_unequal	conditional_null	16.0	sqrt_rooms	mantel	300	199	0.04666666666666667	0.027998933682334012	0.07679736022792105	0.5	0.49951222745844615	0.3236340895173433	72.0	5.0	32.0	0.8093779046851923	0.5674305555555555	0.001437997567577196	-0.005101480739411957	0.8938719361506922	2.499838456359289
seed1	severely_unequal	conditional_null	16.0	sqrt_rooms	nested_max	300	199	0.056666666666666664	0.03567747646328951	0.08886595802247463	0.54	0.49951222745844615	0.3236340895173433	72.0	5.0	32.0	0.8093779046851923	0.5674305555555555	0.001437997567577196	-0.005101480739411957	0.8938719361506922	2.499838456359289
seed1	severely_unequal	conditional_null	16.0	sqrt_rooms	standardized_max	300	199	0.03333333333333333	0.01820494733885481	0.06026182580405482	0.545	0.49951222745844615	0.3236340895173433	72.0	5.0	32.0	0.8093779046851923	0.5674305555555555	0.001437997567577196	-0.005101480739411957	0.8938719361506922	2.499838456359289
seed1	severely_unequal	conditional_null	16.0	sqrt_rooms	cv_retrained	300	199	0.03333333333333333	0.01820494733885481	0.06026182580405482	0.48	0.49951222745844615	0.3236340895173433	72.0	5.0	32.0	0.8093779046851923	0.5674305555555555	0.001437997567577196	-0.005101480739411957	0.8938719361506922	2.499838456359289
seed1	severely_unequal	conditional_null	16.0	sqrt_rooms	cv_standardized	300	199	0.04	0.023027321487942308	0.06860421203864003	0.505	0.4941274944153285	0.38342435797827773	72.0	5.0	32.0	0.8093779046851923	0.5674305555555555	0.001437997567577196	-0.005101480739411957	0.8938719361506922	2.499838456359289
seed1	severely_unequal	conditional_null	16.0	room_equal	profile	300	199	0.06	0.038286369524692054	0.09283944515290843	0.535	0.4930281554900012	0.29870047521212184	72.0	5.0	32.0	0.8093779046851923	0.5674305555555555	0.001437997567577196	-0.005101480739411957	0.8938719361506922	2.499838456359289
seed1	severely_unequal	conditional_null	16.0	room_equal	mantel	300	199	0.04666666666666667	0.027998933682334012	0.07679736022792105	0.5	0.4930281554900012	0.29870047521212184	72.0	5.0	32.0	0.8093779046851923	0.5674305555555555	0.001437997567577196	-0.005101480739411957	0.8938719361506922	2.499838456359289
seed1	severely_unequal	conditional_null	16.0	room_equal	nested_max	300	199	0.056666666666666664	0.03567747646328951	0.08886595802247463	0.54	0.4930281554900012	0.29870047521212184	72.0	5.0	32.0	0.8093779046851923	0.5674305555555555	0.001437997567577196	-0.005101480739411957	0.8938719361506922	2.499838456359289
seed1	severely_unequal	conditional_null	16.0	room_equal	standardized_max	300	199	0.03333333333333333	0.01820494733885481	0.06026182580405482	0.545	0.4930281554900012	0.29870047521212184	72.0	5.0	32.0	0.8093779046851923	0.5674305555555555	0.001437997567577196	-0.005101480739411957	0.8938719361506922	2.499838456359289
seed1	severely_unequal	conditional_null	16.0	room_equal	cv_retrained	300	199	0.043333333333333335	0.025496448084407246	0.07271746563401146	0.52	0.4930281554900012	0.29870047521212184	72.0	5.0	32.0	0.8093779046851923	0.5674305555555555	0.001437997567577196	-0.005101480739411957	0.8938719361506922	2.499838456359289
seed1	severely_unequal	conditional_null	16.0	room_equal	cv_standardized	300	199	0.043333333333333335	0.025496448084407246	0.07271746563401146	0.545	0.4959041648038836	0.36288744603564077	72.0	5.0	32.0	0.8093779046851923	0.5674305555555555	0.001437997567577196	-0.005101480739411957	0.8938719361506922	2.499838456359289
seed1	severely_unequal	radial_node_size_only	0.0	building_equal	profile	300	199	0.6933333333333334	0.6389838112035251	0.7427942399229839	0.015	0.4999999999999999	5.551115123125783e-17	72.0	5.0	32.0	0.8093779046851923	0.49754629629629626	0.6432603098910166	-0.001763497774919749	0.0	1.0
seed1	severely_unequal	radial_node_size_only	0.0	building_equal	mantel	300	199	0.67	0.6149358533991501	0.7207655363845044	0.02	0.4999999999999999	5.551115123125783e-17	72.0	5.0	32.0	0.8093779046851923	0.49754629629629626	0.6432603098910166	-0.001763497774919749	0.0	1.0
seed1	severely_unequal	radial_node_size_only	0.0	building_equal	nested_max	300	199	0.6933333333333334	0.6389838112035251	0.7427942399229839	0.015	0.4999999999999999	5.551115123125783e-17	72.0	5.0	32.0	0.8093779046851923	0.49754629629629626	0.6432603098910166	-0.001763497774919749	0.0	1.0
seed1	severely_unequal	radial_node_size_only	0.0	building_equal	standardized_max	300	199	0.6833333333333333	0.628659261236736	0.7333716493142638	0.0175	0.4999999999999999	5.551115123125783e-17	72.0	5.0	32.0	0.8093779046851923	0.49754629629629626	0.6432603098910166	-0.001763497774919749	0.0	1.0
seed1	severely_unequal	radial_node_size_only	0.0	building_equal	cv_retrained	300	199	0.38333333333333336	0.330119832453064	0.43949686083266337	0.0925	0.4999999999999999	5.551115123125783e-17	72.0	5.0	32.0	0.8093779046851923	0.49754629629629626	0.6432603098910166	-0.001763497774919749	0.0	1.0
seed1	severely_unequal	radial_node_size_only	0.0	building_equal	cv_standardized	300	199	0.53	0.4735002333859323	0.5857411883405951	0.04	0.4999999999999999	5.551115123125783e-17	72.0	5.0	32.0	0.8093779046851923	0.49754629629629626	0.6432603098910166	-0.001763497774919749	0.0	1.0
seed1	severely_unequal	radial_node_size_only	0.0	sqrt_rooms	profile	300	199	0.6933333333333334	0.6389838112035251	0.7427942399229839	0.015	0.5	0.0	72.0	5.0	32.0	0.8093779046851923	0.49754629629629626	0.6432603098910166	-0.001763497774919749	0.0	1.0
seed1	severely_unequal	radial_node_size_only	0.0	sqrt_rooms	mantel	300	199	0.67	0.6149358533991501	0.7207655363845044	0.02	0.5	0.0	72.0	5.0	32.0	0.8093779046851923	0.49754629629629626	0.6432603098910166	-0.001763497774919749	0.0	1.0
seed1	severely_unequal	radial_node_size_only	0.0	sqrt_rooms	nested_max	300	199	0.6933333333333334	0.6389838112035251	0.7427942399229839	0.015	0.5	0.0	72.0	5.0	32.0	0.8093779046851923	0.49754629629629626	0.6432603098910166	-0.001763497774919749	0.0	1.0
seed1	severely_unequal	radial_node_size_only	0.0	sqrt_rooms	standardized_max	300	199	0.6833333333333333	0.628659261236736	0.7333716493142638	0.0175	0.5	0.0	72.0	5.0	32.0	0.8093779046851923	0.49754629629629626	0.6432603098910166	-0.001763497774919749	0.0	1.0
seed1	severely_unequal	radial_node_size_only	0.0	sqrt_rooms	cv_retrained	300	199	0.5233333333333333	0.466878323217167	0.5791983381256874	0.04	0.5	0.0	72.0	5.0	32.0	0.8093779046851923	0.49754629629629626	0.6432603098910166	-0.001763497774919749	0.0	1.0
seed1	severely_unequal	radial_node_size_only	0.0	sqrt_rooms	cv_standardized	300	199	0.5766666666666667	0.5201332672229635	0.6312614771892728	0.03	0.5	0.0	72.0	5.0	32.0	0.8093779046851923	0.49754629629629626	0.6432603098910166	-0.001763497774919749	0.0	1.0
seed1	severely_unequal	radial_node_size_only	0.0	room_equal	profile	300	199	0.6933333333333334	0.6389838112035251	0.7427942399229839	0.015	0.5	0.0	72.0	5.0	32.0	0.8093779046851923	0.49754629629629626	0.6432603098910166	-0.001763497774919749	0.0	1.0
seed1	severely_unequal	radial_node_size_only	0.0	room_equal	mantel	300	199	0.67	0.6149358533991501	0.7207655363845044	0.02	0.5	0.0	72.0	5.0	32.0	0.8093779046851923	0.49754629629629626	0.6432603098910166	-0.001763497774919749	0.0	1.0
seed1	severely_unequal	radial_node_size_only	0.0	room_equal	nested_max	300	199	0.6933333333333334	0.6389838112035251	0.7427942399229839	0.015	0.5	0.0	72.0	5.0	32.0	0.8093779046851923	0.49754629629629626	0.6432603098910166	-0.001763497774919749	0.0	1.0
seed1	severely_unequal	radial_node_size_only	0.0	room_equal	standardized_max	300	199	0.6833333333333333	0.628659261236736	0.7333716493142638	0.0175	0.5	0.0	72.0	5.0	32.0	0.8093779046851923	0.49754629629629626	0.6432603098910166	-0.001763497774919749	0.0	1.0
seed1	severely_unequal	radial_node_size_only	0.0	room_equal	cv_retrained	300	199	0.6066666666666667	0.5503752712846574	0.6602608948541061	0.025	0.5	0.0	72.0	5.0	32.0	0.8093779046851923	0.49754629629629626	0.6432603098910166	-0.001763497774919749	0.0	1.0
seed1	severely_unequal	radial_node_size_only	0.0	room_equal	cv_standardized	300	199	0.5833333333333334	0.5268355964602695	0.6377239083356395	0.03	0.5	0.0	72.0	5.0	32.0	0.8093779046851923	0.49754629629629626	0.6432603098910166	-0.001763497774919749	0.0	1.0
seed1	severely_unequal	radial_node_size_only	0.1	building_equal	profile	300	199	0.6933333333333334	0.6389838112035251	0.7427942399229839	0.015	0.5030342408726409	0.003592831193366619	72.0	5.0	32.0	0.8093779046851923	0.49754629629629626	0.6432603098910166	-0.001763497774919749	0.0	1.0
seed1	severely_unequal	radial_node_size_only	0.1	building_equal	mantel	300	199	0.67	0.6149358533991501	0.7207655363845044	0.02	0.5030342408726409	0.003592831193366619	72.0	5.0	32.0	0.8093779046851923	0.49754629629629626	0.6432603098910166	-0.001763497774919749	0.0	1.0
seed1	severely_unequal	radial_node_size_only	0.1	building_equal	nested_max	300	199	0.6933333333333334	0.6389838112035251	0.7427942399229839	0.015	0.5030342408726409	0.003592831193366619	72.0	5.0	32.0	0.8093779046851923	0.49754629629629626	0.6432603098910166	-0.001763497774919749	0.0	1.0
seed1	severely_unequal	radial_node_size_only	0.1	building_equal	standardized_max	300	199	0.6833333333333333	0.628659261236736	0.7333716493142638	0.0175	0.5030342408726409	0.003592831193366619	72.0	5.0	32.0	0.8093779046851923	0.49754629629629626	0.6432603098910166	-0.001763497774919749	0.0	1.0
seed1	severely_unequal	radial_node_size_only	0.1	building_equal	cv_retrained	300	199	0.38333333333333336	0.330119832453064	0.43949686083266337	0.095	0.5030342408726409	0.003592831193366619	72.0	5.0	32.0	0.8093779046851923	0.49754629629629626	0.6432603098910166	-0.001763497774919749	0.0	1.0
seed1	severely_unequal	radial_node_size_only	0.1	building_equal	cv_standardized	300	199	0.53	0.4735002333859323	0.5857411883405951	0.04	0.5037111565899798	0.008728185701219004	72.0	5.0	32.0	0.8093779046851923	0.49754629629629626	0.6432603098910166	-0.001763497774919749	0.0	1.0
seed1	severely_unequal	radial_node_size_only	0.1	sqrt_rooms	profile	300	199	0.6933333333333334	0.6389838112035251	0.7427942399229839	0.015	0.503103727070653	0.0030363335323340453	72.0	5.0	32.0	0.8093779046851923	0.49754629629629626	0.6432603098910166	-0.001763497774919749	0.0	1.0
seed1	severely_unequal	radial_node_size_only	0.1	sqrt_rooms	mantel	300	199	0.67	0.6149358533991501	0.7207655363845044	0.02	0.503103727070653	0.0030363335323340453	72.0	5.0	32.0	0.8093779046851923	0.49754629629629626	0.6432603098910166	-0.001763497774919749	0.0	1.0
seed1	severely_unequal	radial_node_size_only	0.1	sqrt_rooms	nested_max	300	199	0.6933333333333334	0.6389838112035251	0.7427942399229839	0.015	0.503103727070653	0.0030363335323340453	72.0	5.0	32.0	0.8093779046851923	0.49754629629629626	0.6432603098910166	-0.001763497774919749	0.0	1.0
seed1	severely_unequal	radial_node_size_only	0.1	sqrt_rooms	standardized_max	300	199	0.6833333333333333	0.628659261236736	0.7333716493142638	0.0175	0.503103727070653	0.0030363335323340453	72.0	5.0	32.0	0.8093779046851923	0.49754629629629626	0.6432603098910166	-0.001763497774919749	0.0	1.0
seed1	severely_unequal	radial_node_size_only	0.1	sqrt_rooms	cv_retrained	300	199	0.5233333333333333	0.466878323217167	0.5791983381256874	0.04	0.503103727070653	0.0030363335323340453	72.0	5.0	32.0	0.8093779046851923	0.49754629629629626	0.6432603098910166	-0.001763497774919749	0.0	1.0
seed1	severely_unequal	radial_node_size_only	0.1	sqrt_rooms	cv_standardized	300	199	0.5766666666666667	0.5201332672229635	0.6312614771892728	0.03	0.5033578246906163	0.007915561981616045	72.0	5.0	32.0	0.8093779046851923	0.49754629629629626	0.6432603098910166	-0.001763497774919749	0.0	1.0
seed1	severely_unequal	radial_node_size_only	0.1	room_equal	profile	300	199	0.6933333333333334	0.6389838112035251	0.7427942399229839	0.015	0.5031598415474622	0.002643498861644125	72.0	5.0	32.0	0.8093779046851923	0.49754629629629626	0.6432603098910166	-0.001763497774919749	0.0	1.0
seed1	severely_unequal	radial_node_size_only	0.1	room_equal	mantel	300	199	0.67	0.6149358533991501	0.7207655363845044	0.02	0.5031598415474622	0.002643498861644125	72.0	5.0	32.0	0.8093779046851923	0.49754629629629626	0.6432603098910166	-0.001763497774919749	0.0	1.0
seed1	severely_unequal	radial_node_size_only	0.1	room_equal	nested_max	300	199	0.6933333333333334	0.6389838112035251	0.7427942399229839	0.015	0.5031598415474622	0.002643498861644125	72.0	5.0	32.0	0.8093779046851923	0.49754629629629626	0.6432603098910166	-0.001763497774919749	0.0	1.0
seed1	severely_unequal	radial_node_size_only	0.1	room_equal	standardized_max	300	199	0.6833333333333333	0.628659261236736	0.7333716493142638	0.0175	0.5031598415474622	0.002643498861644125	72.0	5.0	32.0	0.8093779046851923	0.49754629629629626	0.6432603098910166	-0.001763497774919749	0.0	1.0
seed1	severely_unequal	radial_node_size_only	0.1	room_equal	cv_retrained	300	199	0.6066666666666667	0.5503752712846574	0.6602608948541061	0.025	0.5031598415474622	0.002643498861644125	72.0	5.0	32.0	0.8093779046851923	0.49754629629629626	0.6432603098910166	-0.001763497774919749	0.0	1.0
seed1	severely_unequal	radial_node_size_only	0.1	room_equal	cv_standardized	300	199	0.5833333333333334	0.5268355964602695	0.6377239083356395	0.03	0.5031204884363992	0.007678651113015499	72.0	5.0	32.0	0.8093779046851923	0.49754629629629626	0.6432603098910166	-0.001763497774919749	0.0	1.0
seed1	severely_unequal	radial_node_size_only	0.25	building_equal	profile	300	199	0.6933333333333334	0.6389838112035251	0.7427942399229839	0.015	0.5075827827707978	0.00897773799804184	72.0	5.0	32.0	0.8093779046851923	0.49754629629629626	0.6432603098910166	-0.001763497774919749	0.0	1.0
seed1	severely_unequal	radial_node_size_only	0.25	building_equal	mantel	300	199	0.67	0.6149358533991501	0.7207655363845044	0.02	0.5075827827707978	0.00897773799804184	72.0	5.0	32.0	0.8093779046851923	0.49754629629629626	0.6432603098910166	-0.001763497774919749	0.0	1.0
seed1	severely_unequal	radial_node_size_only	0.25	building_equal	nested_max	300	199	0.6933333333333334	0.6389838112035251	0.7427942399229839	0.015	0.5075827827707978	0.00897773799804184	72.0	5.0	32.0	0.8093779046851923	0.49754629629629626	0.6432603098910166	-0.001763497774919749	0.0	1.0
seed1	severely_unequal	radial_node_size_only	0.25	building_equal	standardized_max	300	199	0.6833333333333333	0.628659261236736	0.7333716493142638	0.0175	0.5075827827707978	0.00897773799804184	72.0	5.0	32.0	0.8093779046851923	0.49754629629629626	0.6432603098910166	-0.001763497774919749	0.0	1.0
seed1	severely_unequal	radial_node_size_only	0.25	building_equal	cv_retrained	300	199	0.38333333333333336	0.330119832453064	0.43949686083266337	0.0975	0.5075827827707978	0.00897773799804184	72.0	5.0	32.0	0.8093779046851923	0.49754629629629626	0.6432603098910166	-0.001763497774919749	0.0	1.0
seed1	severely_unequal	radial_node_size_only	0.25	building_equal	cv_standardized	300	199	0.5233333333333333	0.466878323217167	0.5791983381256874	0.042499999999999996	0.5092610954079368	0.02177475516211243	72.0	5.0	32.0	0.8093779046851923	0.49754629629629626	0.6432603098910166	-0.001763497774919749	0.0	1.0
seed1	severely_unequal	radial_node_size_only	0.25	sqrt_rooms	profile	300	199	0.6933333333333334	0.6389838112035251	0.7427942399229839	0.015	0.5077571419706413	0.0075878027862968465	72.0	5.0	32.0	0.8093779046851923	0.49754629629629626	0.6432603098910166	-0.001763497774919749	0.0	1.0
seed1	severely_unequal	radial_node_size_only	0.25	sqrt_rooms	mantel	300	199	0.67	0.6149358533991501	0.7207655363845044	0.02	0.5077571419706413	0.0075878027862968465	72.0	5.0	32.0	0.8093779046851923	0.49754629629629626	0.6432603098910166	-0.001763497774919749	0.0	1.0
seed1	severely_unequal	radial_node_size_only	0.25	sqrt_rooms	nested_max	300	199	0.6933333333333334	0.6389838112035251	0.7427942399229839	0.015	0.5077571419706413	0.0075878027862968465	72.0	5.0	32.0	0.8093779046851923	0.49754629629629626	0.6432603098910166	-0.001763497774919749	0.0	1.0
seed1	severely_unequal	radial_node_size_only	0.25	sqrt_rooms	standardized_max	300	199	0.6833333333333333	0.628659261236736	0.7333716493142638	0.0175	0.5077571419706413	0.0075878027862968465	72.0	5.0	32.0	0.8093779046851923	0.49754629629629626	0.6432603098910166	-0.001763497774919749	0.0	1.0
seed1	severely_unequal	radial_node_size_only	0.25	sqrt_rooms	cv_retrained	300	199	0.53	0.4735002333859323	0.5857411883405951	0.04	0.5077571419706413	0.0075878027862968465	72.0	5.0	32.0	0.8093779046851923	0.49754629629629626	0.6432603098910166	-0.001763497774919749	0.0	1.0
seed1	severely_unequal	radial_node_size_only	0.25	sqrt_rooms	cv_standardized	300	199	0.5766666666666667	0.5201332672229635	0.6312614771892728	0.0275	0.5083812424138352	0.01975388928835746	72.0	5.0	32.0	0.8093779046851923	0.49754629629629626	0.6432603098910166	-0.001763497774919749	0.0	1.0
seed1	severely_unequal	radial_node_size_only	0.25	room_equal	profile	300	199	0.6933333333333334	0.6389838112035251	0.7427942399229839	0.015	0.507897733622545	0.006606389024598504	72.0	5.0	32.0	0.8093779046851923	0.49754629629629626	0.6432603098910166	-0.001763497774919749	0.0	1.0
seed1	severely_unequal	radial_node_size_only	0.25	room_equal	mantel	300	199	0.67	0.6149358533991501	0.7207655363845044	0.02	0.507897733622545	0.006606389024598504	72.0	5.0	32.0	0.8093779046851923	0.49754629629629626	0.6432603098910166	-0.001763497774919749	0.0	1.0
seed1	severely_unequal	radial_node_size_only	0.25	room_equal	nested_max	300	199	0.6933333333333334	0.6389838112035251	0.7427942399229839	0.015	0.507897733622545	0.006606389024598504	72.0	5.0	32.0	0.8093779046851923	0.49754629629629626	0.6432603098910166	-0.001763497774919749	0.0	1.0
seed1	severely_unequal	radial_node_size_only	0.25	room_equal	standardized_max	300	199	0.6833333333333333	0.628659261236736	0.7333716493142638	0.0175	0.507897733622545	0.006606389024598504	72.0	5.0	32.0	0.8093779046851923	0.49754629629629626	0.6432603098910166	-0.001763497774919749	0.0	1.0
seed1	severely_unequal	radial_node_size_only	0.25	room_equal	cv_retrained	300	199	0.6166666666666667	0.5605031391673366	0.669880167546936	0.025	0.507897733622545	0.006606389024598504	72.0	5.0	32.0	0.8093779046851923	0.49754629629629626	0.6432603098910166	-0.001763497774919749	0.0	1.0
seed1	severely_unequal	radial_node_size_only	0.25	room_equal	cv_standardized	300	199	0.58	0.5234831499847111	0.6344939746193615	0.03	0.5077876115217664	0.019159538282394403	72.0	5.0	32.0	0.8093779046851923	0.49754629629629626	0.6432603098910166	-0.001763497774919749	0.0	1.0
seed1	severely_unequal	radial_node_size_only	0.5	building_equal	profile	300	199	0.6933333333333334	0.6389838112035251	0.7427942399229839	0.015	0.5151454932192485	0.017924615749140276	72.0	5.0	32.0	0.8093779046851923	0.49754629629629626	0.6432603098910166	-0.001763497774919749	0.0	1.0
seed1	severely_unequal	radial_node_size_only	0.5	building_equal	mantel	300	199	0.67	0.6149358533991501	0.7207655363845044	0.02	0.5151454932192485	0.017924615749140276	72.0	5.0	32.0	0.8093779046851923	0.49754629629629626	0.6432603098910166	-0.001763497774919749	0.0	1.0
seed1	severely_unequal	radial_node_size_only	0.5	building_equal	nested_max	300	199	0.6933333333333334	0.6389838112035251	0.7427942399229839	0.015	0.5151454932192485	0.017924615749140276	72.0	5.0	32.0	0.8093779046851923	0.49754629629629626	0.6432603098910166	-0.001763497774919749	0.0	1.0
seed1	severely_unequal	radial_node_size_only	0.5	building_equal	standardized_max	300	199	0.6833333333333333	0.628659261236736	0.7333716493142638	0.0175	0.5151454932192485	0.017924615749140276	72.0	5.0	32.0	0.8093779046851923	0.49754629629629626	0.6432603098910166	-0.001763497774919749	0.0	1.0
seed1	severely_unequal	radial_node_size_only	0.5	building_equal	cv_retrained	300	199	0.38666666666666666	0.3333235932848012	0.44287548019276246	0.095	0.5151454932192485	0.017924615749140276	72.0	5.0	32.0	0.8093779046851923	0.49754629629629626	0.6432603098910166	-0.001763497774919749	0.0	1.0
seed1	severely_unequal	radial_node_size_only	0.5	building_equal	cv_standardized	300	199	0.52	0.4635710820137406	0.5759231991372775	0.045	0.518404105807652	0.04322922247888398	72.0	5.0	32.0	0.8093779046851923	0.49754629629629626	0.6432603098910166	-0.001763497774919749	0.0	1.0
seed1	severely_unequal	radial_node_size_only	0.5	sqrt_rooms	profile	300	199	0.6933333333333334	0.6389838112035251	0.7427942399229839	0.015	0.515498782383662	0.015154034558987433	72.0	5.0	32.0	0.8093779046851923	0.49754629629629626	0.6432603098910166	-0.001763497774919749	0.0	1.0
seed1	severely_unequal	radial_node_size_only	0.5	sqrt_rooms	mantel	300	199	0.67	0.6149358533991501	0.7207655363845044	0.02	0.515498782383662	0.015154034558987433	72.0	5.0	32.0	0.8093779046851923	0.49754629629629626	0.6432603098910166	-0.001763497774919749	0.0	1.0
seed1	severely_unequal	radial_node_size_only	0.5	sqrt_rooms	nested_max	300	199	0.6933333333333334	0.6389838112035251	0.7427942399229839	0.015	0.515498782383662	0.015154034558987433	72.0	5.0	32.0	0.8093779046851923	0.49754629629629626	0.6432603098910166	-0.001763497774919749	0.0	1.0
seed1	severely_unequal	radial_node_size_only	0.5	sqrt_rooms	standardized_max	300	199	0.6833333333333333	0.628659261236736	0.7333716493142638	0.0175	0.515498782383662	0.015154034558987433	72.0	5.0	32.0	0.8093779046851923	0.49754629629629626	0.6432603098910166	-0.001763497774919749	0.0	1.0
seed1	severely_unequal	radial_node_size_only	0.5	sqrt_rooms	cv_retrained	300	199	0.5266666666666666	0.4701880395241621	0.5824710020105287	0.04	0.515498782383662	0.015154034558987433	72.0	5.0	32.0	0.8093779046851923	0.49754629629629626	0.6432603098910166	-0.001763497774919749	0.0	1.0
seed1	severely_unequal	radial_node_size_only	0.5	sqrt_rooms	cv_standardized	300	199	0.5833333333333334	0.5268355964602695	0.6377239083356395	0.0275	0.5166687378115973	0.03926182626362386	72.0	5.0	32.0	0.8093779046851923	0.49754629629629626	0.6432603098910166	-0.001763497774919749	0.0	1.0
seed1	severely_unequal	radial_node_size_only	0.5	room_equal	profile	300	199	0.6933333333333334	0.6389838112035251	0.7427942399229839	0.015	0.5157821372120481	0.013195990087581577	72.0	5.0	32.0	0.8093779046851923	0.49754629629629626	0.6432603098910166	-0.001763497774919749	0.0	1.0
seed1	severely_unequal	radial_node_size_only	0.5	room_equal	mantel	300	199	0.67	0.6149358533991501	0.7207655363845044	0.02	0.5157821372120481	0.013195990087581577	72.0	5.0	32.0	0.8093779046851923	0.49754629629629626	0.6432603098910166	-0.001763497774919749	0.0	1.0
seed1	severely_unequal	radial_node_size_only	0.5	room_equal	nested_max	300	199	0.6933333333333334	0.6389838112035251	0.7427942399229839	0.015	0.5157821372120481	0.013195990087581577	72.0	5.0	32.0	0.8093779046851923	0.49754629629629626	0.6432603098910166	-0.001763497774919749	0.0	1.0
seed1	severely_unequal	radial_node_size_only	0.5	room_equal	standardized_max	300	199	0.6833333333333333	0.628659261236736	0.7333716493142638	0.0175	0.5157821372120481	0.013195990087581577	72.0	5.0	32.0	0.8093779046851923	0.49754629629629626	0.6432603098910166	-0.001763497774919749	0.0	1.0
seed1	severely_unequal	radial_node_size_only	0.5	room_equal	cv_retrained	300	199	0.6233333333333333	0.5672684321681708	0.6762796349297745	0.025	0.5157821372120481	0.013195990087581577	72.0	5.0	32.0	0.8093779046851923	0.49754629629629626	0.6432603098910166	-0.001763497774919749	0.0	1.0
seed1	severely_unequal	radial_node_size_only	0.5	room_equal	cv_standardized	300	199	0.5733333333333334	0.5167859400590311	0.6280264241613689	0.03	0.5154797562037553	0.03805935532306597	72.0	5.0	32.0	0.8093779046851923	0.49754629629629626	0.6432603098910166	-0.001763497774919749	0.0	1.0
seed1	severely_unequal	radial_node_size_only	1.0	building_equal	profile	300	199	0.6933333333333334	0.6389838112035251	0.7427942399229839	0.015	0.5301324430174816	0.03560661132182175	72.0	5.0	32.0	0.8093779046851923	0.49754629629629626	0.6432603098910166	-0.001763497774919749	0.0	1.0
seed1	severely_unequal	radial_node_size_only	1.0	building_equal	mantel	300	199	0.67	0.6149358533991501	0.7207655363845044	0.02	0.5301324430174816	0.03560661132182175	72.0	5.0	32.0	0.8093779046851923	0.49754629629629626	0.6432603098910166	-0.001763497774919749	0.0	1.0
seed1	severely_unequal	radial_node_size_only	1.0	building_equal	nested_max	300	199	0.6933333333333334	0.6389838112035251	0.7427942399229839	0.015	0.5301324430174816	0.03560661132182175	72.0	5.0	32.0	0.8093779046851923	0.49754629629629626	0.6432603098910166	-0.001763497774919749	0.0	1.0
seed1	severely_unequal	radial_node_size_only	1.0	building_equal	standardized_max	300	199	0.6833333333333333	0.628659261236736	0.7333716493142638	0.0175	0.5301324430174816	0.03560661132182175	72.0	5.0	32.0	0.8093779046851923	0.49754629629629626	0.6432603098910166	-0.001763497774919749	0.0	1.0
seed1	severely_unequal	radial_node_size_only	1.0	building_equal	cv_retrained	300	199	0.38333333333333336	0.330119832453064	0.43949686083266337	0.095	0.5301324430174816	0.03560661132182175	72.0	5.0	32.0	0.8093779046851923	0.49754629629629626	0.6432603098910166	-0.001763497774919749	0.0	1.0
seed1	severely_unequal	radial_node_size_only	1.0	building_equal	cv_standardized	300	199	0.5166666666666667	0.4602663137927717	0.5726455871664101	0.045	0.535917771653327	0.0840722733568034	72.0	5.0	32.0	0.8093779046851923	0.49754629629629626	0.6432603098910166	-0.001763497774919749	0.0	1.0
seed1	severely_unequal	radial_node_size_only	1.0	sqrt_rooms	profile	300	199	0.6933333333333334	0.6389838112035251	0.7427942399229839	0.015	0.5308747596766188	0.03013793150026167	72.0	5.0	32.0	0.8093779046851923	0.49754629629629626	0.6432603098910166	-0.001763497774919749	0.0	1.0
seed1	severely_unequal	radial_node_size_only	1.0	sqrt_rooms	mantel	300	199	0.67	0.6149358533991501	0.7207655363845044	0.02	0.5308747596766188	0.03013793150026167	72.0	5.0	32.0	0.8093779046851923	0.49754629629629626	0.6432603098910166	-0.001763497774919749	0.0	1.0
seed1	severely_unequal	radial_node_size_only	1.0	sqrt_rooms	nested_max	300	199	0.6933333333333334	0.6389838112035251	0.7427942399229839	0.015	0.5308747596766188	0.03013793150026167	72.0	5.0	32.0	0.8093779046851923	0.49754629629629626	0.6432603098910166	-0.001763497774919749	0.0	1.0
seed1	severely_unequal	radial_node_size_only	1.0	sqrt_rooms	standardized_max	300	199	0.6833333333333333	0.628659261236736	0.7333716493142638	0.0175	0.5308747596766188	0.03013793150026167	72.0	5.0	32.0	0.8093779046851923	0.49754629629629626	0.6432603098910166	-0.001763497774919749	0.0	1.0
seed1	severely_unequal	radial_node_size_only	1.0	sqrt_rooms	cv_retrained	300	199	0.52	0.4635710820137406	0.5759231991372775	0.045	0.5308747596766188	0.03013793150026167	72.0	5.0	32.0	0.8093779046851923	0.49754629629629626	0.6432603098910166	-0.001763497774919749	0.0	1.0
seed1	severely_unequal	radial_node_size_only	1.0	sqrt_rooms	cv_standardized	300	199	0.59	0.5335482149789318	0.6441760502006498	0.03	0.5326275007476227	0.07667490397154124	72.0	5.0	32.0	0.8093779046851923	0.49754629629629626	0.6432603098910166	-0.001763497774919749	0.0	1.0
seed1	severely_unequal	radial_node_size_only	1.0	room_equal	profile	300	199	0.6933333333333334	0.6389838112035251	0.7427942399229839	0.015	0.531458524561772	0.026259388947646494	72.0	5.0	32.0	0.8093779046851923	0.49754629629629626	0.6432603098910166	-0.001763497774919749	0.0	1.0
seed1	severely_unequal	radial_node_size_only	1.0	room_equal	mantel	300	199	0.67	0.6149358533991501	0.7207655363845044	0.02	0.531458524561772	0.026259388947646494	72.0	5.0	32.0	0.8093779046851923	0.49754629629629626	0.6432603098910166	-0.001763497774919749	0.0	1.0
seed1	severely_unequal	radial_node_size_only	1.0	room_equal	nested_max	300	199	0.6933333333333334	0.6389838112035251	0.7427942399229839	0.015	0.531458524561772	0.026259388947646494	72.0	5.0	32.0	0.8093779046851923	0.49754629629629626	0.6432603098910166	-0.001763497774919749	0.0	1.0
seed1	severely_unequal	radial_node_size_only	1.0	room_equal	standardized_max	300	199	0.6833333333333333	0.628659261236736	0.7333716493142638	0.0175	0.531458524561772	0.026259388947646494	72.0	5.0	32.0	0.8093779046851923	0.49754629629629626	0.6432603098910166	-0.001763497774919749	0.0	1.0
seed1	severely_unequal	radial_node_size_only	1.0	room_equal	cv_retrained	300	199	0.6333333333333333	0.5774367141816825	0.6858584934917717	0.025	0.531458524561772	0.026259388947646494	72.0	5.0	32.0	0.8093779046851923	0.49754629629629626	0.6432603098910166	-0.001763497774919749	0.0	1.0
seed1	severely_unequal	radial_node_size_only	1.0	room_equal	cv_standardized	300	199	0.5866666666666667	0.5301906151568371	0.6409512698309082	0.03	0.5302447042461945	0.07418603813222724	72.0	5.0	32.0	0.8093779046851923	0.49754629629629626	0.6432603098910166	-0.001763497774919749	0.0	1.0
seed1	severely_unequal	radial_node_size_only	2.0	building_equal	profile	300	199	0.6933333333333334	0.6389838112035251	0.7427942399229839	0.015	0.5590572754500065	0.06939691090486787	72.0	5.0	32.0	0.8093779046851923	0.49754629629629626	0.6432603098910166	-0.001763497774919749	0.0	1.0
seed1	severely_unequal	radial_node_size_only	2.0	building_equal	mantel	300	199	0.67	0.6149358533991501	0.7207655363845044	0.02	0.5590572754500065	0.06939691090486787	72.0	5.0	32.0	0.8093779046851923	0.49754629629629626	0.6432603098910166	-0.001763497774919749	0.0	1.0
seed1	severely_unequal	radial_node_size_only	2.0	building_equal	nested_max	300	199	0.6933333333333334	0.6389838112035251	0.7427942399229839	0.015	0.5590572754500065	0.06939691090486787	72.0	5.0	32.0	0.8093779046851923	0.49754629629629626	0.6432603098910166	-0.001763497774919749	0.0	1.0
seed1	severely_unequal	radial_node_size_only	2.0	building_equal	standardized_max	300	199	0.6833333333333333	0.628659261236736	0.7333716493142638	0.0175	0.5590572754500065	0.06939691090486787	72.0	5.0	32.0	0.8093779046851923	0.49754629629629626	0.6432603098910166	-0.001763497774919749	0.0	1.0
seed1	severely_unequal	radial_node_size_only	2.0	building_equal	cv_retrained	300	199	0.38	0.3269187519503734	0.4361155611435176	0.09	0.5590572754500065	0.06939691090486787	72.0	5.0	32.0	0.8093779046851923	0.49754629629629626	0.6432603098910166	-0.001763497774919749	0.0	1.0
seed1	severely_unequal	radial_node_size_only	2.0	building_equal	cv_standardized	300	199	0.5	0.4437795161339169	0.5562204838660831	0.0475	0.5660192253976919	0.15312795836022025	72.0	5.0	32.0	0.8093779046851923	0.49754629629629626	0.6432603098910166	-0.001763497774919749	0.0	1.0
seed1	severely_unequal	radial_node_size_only	2.0	sqrt_rooms	profile	300	199	0.6933333333333334	0.6389838112035251	0.7427942399229839	0.015	0.5608036239611888	0.05898696245564126	72.0	5.0	32.0	0.8093779046851923	0.49754629629629626	0.6432603098910166	-0.001763497774919749	0.0	1.0
seed1	severely_unequal	radial_node_size_only	2.0	sqrt_rooms	mantel	300	199	0.67	0.6149358533991501	0.7207655363845044	0.02	0.5608036239611888	0.05898696245564126	72.0	5.0	32.0	0.8093779046851923	0.49754629629629626	0.6432603098910166	-0.001763497774919749	0.0	1.0
seed1	severely_unequal	radial_node_size_only	2.0	sqrt_rooms	nested_max	300	199	0.6933333333333334	0.6389838112035251	0.7427942399229839	0.015	0.5608036239611888	0.05898696245564126	72.0	5.0	32.0	0.8093779046851923	0.49754629629629626	0.6432603098910166	-0.001763497774919749	0.0	1.0
seed1	severely_unequal	radial_node_size_only	2.0	sqrt_rooms	standardized_max	300	199	0.6833333333333333	0.628659261236736	0.7333716493142638	0.0175	0.5608036239611888	0.05898696245564126	72.0	5.0	32.0	0.8093779046851923	0.49754629629629626	0.6432603098910166	-0.001763497774919749	0.0	1.0
seed1	severely_unequal	radial_node_size_only	2.0	sqrt_rooms	cv_retrained	300	199	0.5266666666666666	0.4701880395241621	0.5824710020105287	0.042499999999999996	0.5608036239611888	0.05898696245564126	72.0	5.0	32.0	0.8093779046851923	0.49754629629629626	0.6432603098910166	-0.001763497774919749	0.0	1.0
seed1	severely_unequal	radial_node_size_only	2.0	sqrt_rooms	cv_standardized	300	199	0.6033333333333334	0.5470046178899679	0.6570491680569592	0.03	0.5605441011375728	0.14137825967930542	72.0	5.0	32.0	0.8093779046851923	0.49754629629629626	0.6432603098910166	-0.001763497774919749	0.0	1.0
seed1	severely_unequal	radial_node_size_only	2.0	room_equal	profile	300	199	0.6933333333333334	0.6389838112035251	0.7427942399229839	0.015	0.5620981475627752	0.05150911446164824	72.0	5.0	32.0	0.8093779046851923	0.49754629629629626	0.6432603098910166	-0.001763497774919749	0.0	1.0
seed1	severely_unequal	radial_node_size_only	2.0	room_equal	mantel	300	199	0.67	0.6149358533991501	0.7207655363845044	0.02	0.5620981475627752	0.05150911446164824	72.0	5.0	32.0	0.8093779046851923	0.49754629629629626	0.6432603098910166	-0.001763497774919749	0.0	1.0
seed1	severely_unequal	radial_node_size_only	2.0	room_equal	nested_max	300	199	0.6933333333333334	0.6389838112035251	0.7427942399229839	0.015	0.5620981475627752	0.05150911446164824	72.0	5.0	32.0	0.8093779046851923	0.49754629629629626	0.6432603098910166	-0.001763497774919749	0.0	1.0
seed1	severely_unequal	radial_node_size_only	2.0	room_equal	standardized_max	300	199	0.6833333333333333	0.628659261236736	0.7333716493142638	0.0175	0.5620981475627752	0.05150911446164824	72.0	5.0	32.0	0.8093779046851923	0.49754629629629626	0.6432603098910166	-0.001763497774919749	0.0	1.0
seed1	severely_unequal	radial_node_size_only	2.0	room_equal	cv_retrained	300	199	0.6266666666666667	0.5706551328853308	0.6794753144044509	0.025	0.5620981475627752	0.05150911446164824	72.0	5.0	32.0	0.8093779046851923	0.49754629629629626	0.6432603098910166	-0.001763497774919749	0.0	1.0
seed1	severely_unequal	radial_node_size_only	2.0	room_equal	cv_standardized	300	199	0.5766666666666667	0.5201332672229635	0.6312614771892728	0.035	0.5558760035840944	0.13614202110811047	72.0	5.0	32.0	0.8093779046851923	0.49754629629629626	0.6432603098910166	-0.001763497774919749	0.0	1.0
seed1	severely_unequal	radial_node_size_only	4.0	building_equal	profile	300	199	0.6933333333333334	0.6389838112035251	0.7427942399229839	0.015	0.6099785023785681	0.12719802400737598	72.0	5.0	32.0	0.8093779046851923	0.49754629629629626	0.6432603098910166	-0.001763497774919749	0.0	1.0
seed1	severely_unequal	radial_node_size_only	4.0	building_equal	mantel	300	199	0.67	0.6149358533991501	0.7207655363845044	0.02	0.6099785023785681	0.12719802400737598	72.0	5.0	32.0	0.8093779046851923	0.49754629629629626	0.6432603098910166	-0.001763497774919749	0.0	1.0
seed1	severely_unequal	radial_node_size_only	4.0	building_equal	nested_max	300	199	0.6933333333333334	0.6389838112035251	0.7427942399229839	0.015	0.6099785023785681	0.12719802400737598	72.0	5.0	32.0	0.8093779046851923	0.49754629629629626	0.6432603098910166	-0.001763497774919749	0.0	1.0
seed1	severely_unequal	radial_node_size_only	4.0	building_equal	standardized_max	300	199	0.6833333333333333	0.628659261236736	0.7333716493142638	0.0175	0.6099785023785681	0.12719802400737598	72.0	5.0	32.0	0.8093779046851923	0.49754629629629626	0.6432603098910166	-0.001763497774919749	0.0	1.0
seed1	severely_unequal	radial_node_size_only	4.0	building_equal	cv_retrained	300	199	0.36666666666666664	0.3141415065082282	0.4225632858183173	0.095	0.6099785023785681	0.12719802400737598	72.0	5.0	32.0	0.8093779046851923	0.49754629629629626	0.6432603098910166	-0.001763497774919749	0.0	1.0
seed1	severely_unequal	radial_node_size_only	4.0	building_equal	cv_standardized	300	199	0.4633333333333333	0.4077258831288866	0.5198679347609133	0.052500000000000005	0.6051044167722065	0.24155364700506993	72.0	5.0	32.0	0.8093779046851923	0.49754629629629626	0.6432603098910166	-0.001763497774919749	0.0	1.0
seed1	severely_unequal	radial_node_size_only	4.0	sqrt_rooms	profile	300	199	0.6933333333333334	0.6389838112035251	0.7427942399229839	0.015	0.6150002367396235	0.10944540347744314	72.0	5.0	32.0	0.8093779046851923	0.49754629629629626	0.6432603098910166	-0.001763497774919749	0.0	1.0
seed1	severely_unequal	radial_node_size_only	4.0	sqrt_rooms	mantel	300	199	0.67	0.6149358533991501	0.7207655363845044	0.02	0.6150002367396235	0.10944540347744314	72.0	5.0	32.0	0.8093779046851923	0.49754629629629626	0.6432603098910166	-0.001763497774919749	0.0	1.0
seed1	severely_unequal	radial_node_size_only	4.0	sqrt_rooms	nested_max	300	199	0.6933333333333334	0.6389838112035251	0.7427942399229839	0.015	0.6150002367396235	0.10944540347744314	72.0	5.0	32.0	0.8093779046851923	0.49754629629629626	0.6432603098910166	-0.001763497774919749	0.0	1.0
seed1	severely_unequal	radial_node_size_only	4.0	sqrt_rooms	standardized_max	300	199	0.6833333333333333	0.628659261236736	0.7333716493142638	0.0175	0.6150002367396235	0.10944540347744314	72.0	5.0	32.0	0.8093779046851923	0.49754629629629626	0.6432603098910166	-0.001763497774919749	0.0	1.0
seed1	severely_unequal	radial_node_size_only	4.0	sqrt_rooms	cv_retrained	300	199	0.5266666666666666	0.4701880395241621	0.5824710020105287	0.04	0.6150002367396235	0.10944540347744314	72.0	5.0	32.0	0.8093779046851923	0.49754629629629626	0.6432603098910166	-0.001763497774919749	0.0	1.0
seed1	severely_unequal	radial_node_size_only	4.0	sqrt_rooms	cv_standardized	300	199	0.5833333333333334	0.5268355964602695	0.6377239083356395	0.035	0.5983282183218821	0.2280041172266299	72.0	5.0	32.0	0.8093779046851923	0.49754629629629626	0.6432603098910166	-0.001763497774919749	0.0	1.0
seed1	severely_unequal	radial_node_size_only	4.0	room_equal	profile	300	199	0.6933333333333334	0.6389838112035251	0.7427942399229839	0.015	0.6183706761668464	0.0962195368736039	72.0	5.0	32.0	0.8093779046851923	0.49754629629629626	0.6432603098910166	-0.001763497774919749	0.0	1.0
seed1	severely_unequal	radial_node_size_only	4.0	room_equal	mantel	300	199	0.67	0.6149358533991501	0.7207655363845044	0.02	0.6183706761668464	0.0962195368736039	72.0	5.0	32.0	0.8093779046851923	0.49754629629629626	0.6432603098910166	-0.001763497774919749	0.0	1.0
seed1	severely_unequal	radial_node_size_only	4.0	room_equal	nested_max	300	199	0.6933333333333334	0.6389838112035251	0.7427942399229839	0.015	0.6183706761668464	0.0962195368736039	72.0	5.0	32.0	0.8093779046851923	0.49754629629629626	0.6432603098910166	-0.001763497774919749	0.0	1.0
seed1	severely_unequal	radial_node_size_only	4.0	room_equal	standardized_max	300	199	0.6833333333333333	0.628659261236736	0.7333716493142638	0.0175	0.6183706761668464	0.0962195368736039	72.0	5.0	32.0	0.8093779046851923	0.49754629629629626	0.6432603098910166	-0.001763497774919749	0.0	1.0
seed1	severely_unequal	radial_node_size_only	4.0	room_equal	cv_retrained	300	199	0.63	0.5740445552913591	0.6826682721902588	0.025	0.6183706761668464	0.0962195368736039	72.0	5.0	32.0	0.8093779046851923	0.49754629629629626	0.6432603098910166	-0.001763497774919749	0.0	1.0
seed1	severely_unequal	radial_node_size_only	4.0	room_equal	cv_standardized	300	199	0.56	0.503422038437878	0.6150608050151765	0.035	0.5901072886840825	0.2178249525436845	72.0	5.0	32.0	0.8093779046851923	0.49754629629629626	0.6432603098910166	-0.001763497774919749	0.0	1.0
seed1	severely_unequal	radial_node_size_only	8.0	building_equal	profile	300	199	0.6933333333333334	0.6389838112035251	0.7427942399229839	0.015	0.6797561584719091	0.20310099230607537	72.0	5.0	32.0	0.8093779046851923	0.49754629629629626	0.6432603098910166	-0.001763497774919749	0.0	1.0
seed1	severely_unequal	radial_node_size_only	8.0	building_equal	mantel	300	199	0.67	0.6149358533991501	0.7207655363845044	0.02	0.6797561584719091	0.20310099230607537	72.0	5.0	32.0	0.8093779046851923	0.49754629629629626	0.6432603098910166	-0.001763497774919749	0.0	1.0
seed1	severely_unequal	radial_node_size_only	8.0	building_equal	nested_max	300	199	0.6933333333333334	0.6389838112035251	0.7427942399229839	0.015	0.6797561584719091	0.20310099230607537	72.0	5.0	32.0	0.8093779046851923	0.49754629629629626	0.6432603098910166	-0.001763497774919749	0.0	1.0
seed1	severely_unequal	radial_node_size_only	8.0	building_equal	standardized_max	300	199	0.6833333333333333	0.628659261236736	0.7333716493142638	0.0175	0.6797561584719091	0.20310099230607537	72.0	5.0	32.0	0.8093779046851923	0.49754629629629626	0.6432603098910166	-0.001763497774919749	0.0	1.0
seed1	severely_unequal	radial_node_size_only	8.0	building_equal	cv_retrained	300	199	0.37666666666666665	0.3237203650702255	0.4327315678318291	0.0975	0.6797561584719091	0.20310099230607537	72.0	5.0	32.0	0.8093779046851923	0.49754629629629626	0.6432603098910166	-0.001763497774919749	0.0	1.0
seed1	severely_unequal	radial_node_size_only	8.0	building_equal	cv_standardized	300	199	0.44	0.38493919498482354	0.49657796156212186	0.06	0.6364992799275345	0.316230122302943	72.0	5.0	32.0	0.8093779046851923	0.49754629629629626	0.6432603098910166	-0.001763497774919749	0.0	1.0
seed1	severely_unequal	radial_node_size_only	8.0	sqrt_rooms	profile	300	199	0.6933333333333334	0.6389838112035251	0.7427942399229839	0.015	0.6945496127523996	0.17846433933644304	72.0	5.0	32.0	0.8093779046851923	0.49754629629629626	0.6432603098910166	-0.001763497774919749	0.0	1.0
seed1	severely_unequal	radial_node_size_only	8.0	sqrt_rooms	mantel	300	199	0.67	0.6149358533991501	0.7207655363845044	0.02	0.6945496127523996	0.17846433933644304	72.0	5.0	32.0	0.8093779046851923	0.49754629629629626	0.6432603098910166	-0.001763497774919749	0.0	1.0
seed1	severely_unequal	radial_node_size_only	8.0	sqrt_rooms	nested_max	300	199	0.6933333333333334	0.6389838112035251	0.7427942399229839	0.015	0.6945496127523996	0.17846433933644304	72.0	5.0	32.0	0.8093779046851923	0.49754629629629626	0.6432603098910166	-0.001763497774919749	0.0	1.0
seed1	severely_unequal	radial_node_size_only	8.0	sqrt_rooms	standardized_max	300	199	0.6833333333333333	0.628659261236736	0.7333716493142638	0.0175	0.6945496127523996	0.17846433933644304	72.0	5.0	32.0	0.8093779046851923	0.49754629629629626	0.6432603098910166	-0.001763497774919749	0.0	1.0
seed1	severely_unequal	radial_node_size_only	8.0	sqrt_rooms	cv_retrained	300	199	0.52	0.4635710820137406	0.5759231991372775	0.042499999999999996	0.6945496127523996	0.17846433933644304	72.0	5.0	32.0	0.8093779046851923	0.49754629629629626	0.6432603098910166	-0.001763497774919749	0.0	1.0
seed1	severely_unequal	radial_node_size_only	8.0	sqrt_rooms	cv_standardized	300	199	0.54	0.4834517097991302	0.5955368525029061	0.035	0.6300680896441526	0.3054646880001798	72.0	5.0	32.0	0.8093779046851923	0.49754629629629626	0.6432603098910166	-0.001763497774919749	0.0	1.0
seed1	severely_unequal	radial_node_size_only	8.0	room_equal	profile	300	199	0.6933333333333334	0.6389838112035251	0.7427942399229839	0.015	0.7039972058978043	0.15883488706092258	72.0	5.0	32.0	0.8093779046851923	0.49754629629629626	0.6432603098910166	-0.001763497774919749	0.0	1.0
seed1	severely_unequal	radial_node_size_only	8.0	room_equal	mantel	300	199	0.67	0.6149358533991501	0.7207655363845044	0.02	0.7039972058978043	0.15883488706092258	72.0	5.0	32.0	0.8093779046851923	0.49754629629629626	0.6432603098910166	-0.001763497774919749	0.0	1.0
seed1	severely_unequal	radial_node_size_only	8.0	room_equal	nested_max	300	199	0.6933333333333334	0.6389838112035251	0.7427942399229839	0.015	0.7039972058978043	0.15883488706092258	72.0	5.0	32.0	0.8093779046851923	0.49754629629629626	0.6432603098910166	-0.001763497774919749	0.0	1.0
seed1	severely_unequal	radial_node_size_only	8.0	room_equal	standardized_max	300	199	0.6833333333333333	0.628659261236736	0.7333716493142638	0.0175	0.7039972058978043	0.15883488706092258	72.0	5.0	32.0	0.8093779046851923	0.49754629629629626	0.6432603098910166	-0.001763497774919749	0.0	1.0
seed1	severely_unequal	radial_node_size_only	8.0	room_equal	cv_retrained	300	199	0.6266666666666667	0.5706551328853308	0.6794753144044509	0.025	0.7039972058978043	0.15883488706092258	72.0	5.0	32.0	0.8093779046851923	0.49754629629629626	0.6432603098910166	-0.001763497774919749	0.0	1.0
seed1	severely_unequal	radial_node_size_only	8.0	room_equal	cv_standardized	300	199	0.5533333333333333	0.496755238029873	0.6085628450395089	0.04	0.6176775332912571	0.29025615949307054	72.0	5.0	32.0	0.8093779046851923	0.49754629629629626	0.6432603098910166	-0.001763497774919749	0.0	1.0
seed1	severely_unequal	radial_node_size_only	16.0	building_equal	profile	300	199	0.6933333333333334	0.6389838112035251	0.7427942399229839	0.015	0.7394952083918425	0.2702209128159961	72.0	5.0	32.0	0.8093779046851923	0.49754629629629626	0.6432603098910166	-0.001763497774919749	0.0	1.0
seed1	severely_unequal	radial_node_size_only	16.0	building_equal	mantel	300	199	0.67	0.6149358533991501	0.7207655363845044	0.02	0.7394952083918425	0.2702209128159961	72.0	5.0	32.0	0.8093779046851923	0.49754629629629626	0.6432603098910166	-0.001763497774919749	0.0	1.0
seed1	severely_unequal	radial_node_size_only	16.0	building_equal	nested_max	300	199	0.6933333333333334	0.6389838112035251	0.7427942399229839	0.015	0.7394952083918425	0.2702209128159961	72.0	5.0	32.0	0.8093779046851923	0.49754629629629626	0.6432603098910166	-0.001763497774919749	0.0	1.0
seed1	severely_unequal	radial_node_size_only	16.0	building_equal	standardized_max	300	199	0.6833333333333333	0.628659261236736	0.7333716493142638	0.0175	0.7394952083918425	0.2702209128159961	72.0	5.0	32.0	0.8093779046851923	0.49754629629629626	0.6432603098910166	-0.001763497774919749	0.0	1.0
seed1	severely_unequal	radial_node_size_only	16.0	building_equal	cv_retrained	300	199	0.37333333333333335	0.32052468559554903	0.42934486711466924	0.1	0.7394952083918425	0.2702209128159961	72.0	5.0	32.0	0.8093779046851923	0.49754629629629626	0.6432603098910166	-0.001763497774919749	0.0	1.0
seed1	severely_unequal	radial_node_size_only	16.0	building_equal	cv_standardized	300	199	0.44666666666666666	0.39143715496049114	0.503244761970127	0.07	0.6517530470193865	0.3573516930264268	72.0	5.0	32.0	0.8093779046851923	0.49754629629629626	0.6432603098910166	-0.001763497774919749	0.0	1.0
seed1	severely_unequal	radial_node_size_only	16.0	sqrt_rooms	profile	300	199	0.6933333333333334	0.6389838112035251	0.7427942399229839	0.015	0.7705732536781507	0.2419967676969757	72.0	5.0	32.0	0.8093779046851923	0.49754629629629626	0.6432603098910166	-0.001763497774919749	0.0	1.0
seed1	severely_unequal	radial_node_size_only	16.0	sqrt_rooms	mantel	300	199	0.67	0.6149358533991501	0.7207655363845044	0.02	0.7705732536781507	0.2419967676969757	72.0	5.0	32.0	0.8093779046851923	0.49754629629629626	0.6432603098910166	-0.001763497774919749	0.0	1.0
seed1	severely_unequal	radial_node_size_only	16.0	sqrt_rooms	nested_max	300	199	0.6933333333333334	0.6389838112035251	0.7427942399229839	0.015	0.7705732536781507	0.2419967676969757	72.0	5.0	32.0	0.8093779046851923	0.49754629629629626	0.6432603098910166	-0.001763497774919749	0.0	1.0
seed1	severely_unequal	radial_node_size_only	16.0	sqrt_rooms	standardized_max	300	199	0.6833333333333333	0.628659261236736	0.7333716493142638	0.0175	0.7705732536781507	0.2419967676969757	72.0	5.0	32.0	0.8093779046851923	0.49754629629629626	0.6432603098910166	-0.001763497774919749	0.0	1.0
seed1	severely_unequal	radial_node_size_only	16.0	sqrt_rooms	cv_retrained	300	199	0.5066666666666667	0.45036683073695566	0.5627979296467172	0.045	0.7705732536781507	0.2419967676969757	72.0	5.0	32.0	0.8093779046851923	0.49754629629629626	0.6432603098910166	-0.001763497774919749	0.0	1.0
seed1	severely_unequal	radial_node_size_only	16.0	sqrt_rooms	cv_standardized	300	199	0.53	0.4735002333859323	0.5857411883405951	0.04	0.6447405485346045	0.3522562049916909	72.0	5.0	32.0	0.8093779046851923	0.49754629629629626	0.6432603098910166	-0.001763497774919749	0.0	1.0
seed1	severely_unequal	radial_node_size_only	16.0	room_equal	profile	300	199	0.6933333333333334	0.6389838112035251	0.7427942399229839	0.015	0.7904849392845569	0.21716696163433233	72.0	5.0	32.0	0.8093779046851923	0.49754629629629626	0.6432603098910166	-0.001763497774919749	0.0	1.0
seed1	severely_unequal	radial_node_size_only	16.0	room_equal	mantel	300	199	0.67	0.6149358533991501	0.7207655363845044	0.02	0.7904849392845569	0.21716696163433233	72.0	5.0	32.0	0.8093779046851923	0.49754629629629626	0.6432603098910166	-0.001763497774919749	0.0	1.0
seed1	severely_unequal	radial_node_size_only	16.0	room_equal	nested_max	300	199	0.6933333333333334	0.6389838112035251	0.7427942399229839	0.015	0.7904849392845569	0.21716696163433233	72.0	5.0	32.0	0.8093779046851923	0.49754629629629626	0.6432603098910166	-0.001763497774919749	0.0	1.0
seed1	severely_unequal	radial_node_size_only	16.0	room_equal	standardized_max	300	199	0.6833333333333333	0.628659261236736	0.7333716493142638	0.0175	0.7904849392845569	0.21716696163433233	72.0	5.0	32.0	0.8093779046851923	0.49754629629629626	0.6432603098910166	-0.001763497774919749	0.0	1.0
seed1	severely_unequal	radial_node_size_only	16.0	room_equal	cv_retrained	300	199	0.61	0.553748567961591	0.6634699783690088	0.025	0.7904849392845569	0.21716696163433233	72.0	5.0	32.0	0.8093779046851923	0.49754629629629626	0.6432603098910166	-0.001763497774919749	0.0	1.0
seed1	severely_unequal	radial_node_size_only	16.0	room_equal	cv_standardized	300	199	0.55	0.4934256045239535	0.6053100983535921	0.04	0.6291098748347913	0.3367369107329454	72.0	5.0	32.0	0.8093779046851923	0.49754629629629626	0.6432603098910166	-0.001763497774919749	0.0	1.0
seed1	severely_unequal	radial_node	0.0	building_equal	profile	300	199	0.5033333333333333	0.44707193979203275	0.5595104403998036	0.045	0.4999999999999999	5.551115123125783e-17	72.0	5.0	32.0	0.8093779046851923	0.571111111111111	0.6544623084014232	0.0010239120934250718	0.9005292595463732	2.499838456359289
seed1	severely_unequal	radial_node	0.0	building_equal	mantel	300	199	0.45	0.394689901646408	0.5065743954760465	0.065	0.4999999999999999	5.551115123125783e-17	72.0	5.0	32.0	0.8093779046851923	0.571111111111111	0.6544623084014232	0.0010239120934250718	0.9005292595463732	2.499838456359289
seed1	severely_unequal	radial_node	0.0	building_equal	nested_max	300	199	0.51	0.45366418945602693	0.5660829511194823	0.045	0.4999999999999999	5.551115123125783e-17	72.0	5.0	32.0	0.8093779046851923	0.571111111111111	0.6544623084014232	0.0010239120934250718	0.9005292595463732	2.499838456359289
seed1	severely_unequal	radial_node	0.0	building_equal	standardized_max	300	199	0.49666666666666665	0.4404895596001963	0.5529280602079671	0.05	0.4999999999999999	5.551115123125783e-17	72.0	5.0	32.0	0.8093779046851923	0.571111111111111	0.6544623084014232	0.0010239120934250718	0.9005292595463732	2.499838456359289
seed1	severely_unequal	radial_node	0.0	building_equal	cv_retrained	300	199	0.22	0.1768274459698328	0.27025261791591293	0.19	0.4999999999999999	5.551115123125783e-17	72.0	5.0	32.0	0.8093779046851923	0.571111111111111	0.6544623084014232	0.0010239120934250718	0.9005292595463732	2.499838456359289
seed1	severely_unequal	radial_node	0.0	building_equal	cv_standardized	300	199	0.3933333333333333	0.3397391051458938	0.44962472871534254	0.08	0.4999999999999999	5.551115123125783e-17	72.0	5.0	32.0	0.8093779046851923	0.571111111111111	0.6544623084014232	0.0010239120934250718	0.9005292595463732	2.499838456359289
seed1	severely_unequal	radial_node	0.0	sqrt_rooms	profile	300	199	0.5033333333333333	0.44707193979203275	0.5595104403998036	0.045	0.5	0.0	72.0	5.0	32.0	0.8093779046851923	0.571111111111111	0.6544623084014232	0.0010239120934250718	0.9005292595463732	2.499838456359289
seed1	severely_unequal	radial_node	0.0	sqrt_rooms	mantel	300	199	0.45	0.394689901646408	0.5065743954760465	0.065	0.5	0.0	72.0	5.0	32.0	0.8093779046851923	0.571111111111111	0.6544623084014232	0.0010239120934250718	0.9005292595463732	2.499838456359289
seed1	severely_unequal	radial_node	0.0	sqrt_rooms	nested_max	300	199	0.51	0.45366418945602693	0.5660829511194823	0.045	0.5	0.0	72.0	5.0	32.0	0.8093779046851923	0.571111111111111	0.6544623084014232	0.0010239120934250718	0.9005292595463732	2.499838456359289
seed1	severely_unequal	radial_node	0.0	sqrt_rooms	standardized_max	300	199	0.49666666666666665	0.4404895596001963	0.5529280602079671	0.05	0.5	0.0	72.0	5.0	32.0	0.8093779046851923	0.571111111111111	0.6544623084014232	0.0010239120934250718	0.9005292595463732	2.499838456359289
seed1	severely_unequal	radial_node	0.0	sqrt_rooms	cv_retrained	300	199	0.36	0.30776933517318583	0.4157706967696869	0.095	0.5	0.0	72.0	5.0	32.0	0.8093779046851923	0.571111111111111	0.6544623084014232	0.0010239120934250718	0.9005292595463732	2.499838456359289
seed1	severely_unequal	radial_node	0.0	sqrt_rooms	cv_standardized	300	199	0.5166666666666667	0.4602663137927717	0.5726455871664101	0.04	0.5	0.0	72.0	5.0	32.0	0.8093779046851923	0.571111111111111	0.6544623084014232	0.0010239120934250718	0.9005292595463732	2.499838456359289
seed1	severely_unequal	radial_node	0.0	room_equal	profile	300	199	0.5033333333333333	0.44707193979203275	0.5595104403998036	0.045	0.5	0.0	72.0	5.0	32.0	0.8093779046851923	0.571111111111111	0.6544623084014232	0.0010239120934250718	0.9005292595463732	2.499838456359289
seed1	severely_unequal	radial_node	0.0	room_equal	mantel	300	199	0.45	0.394689901646408	0.5065743954760465	0.065	0.5	0.0	72.0	5.0	32.0	0.8093779046851923	0.571111111111111	0.6544623084014232	0.0010239120934250718	0.9005292595463732	2.499838456359289
seed1	severely_unequal	radial_node	0.0	room_equal	nested_max	300	199	0.51	0.45366418945602693	0.5660829511194823	0.045	0.5	0.0	72.0	5.0	32.0	0.8093779046851923	0.571111111111111	0.6544623084014232	0.0010239120934250718	0.9005292595463732	2.499838456359289
seed1	severely_unequal	radial_node	0.0	room_equal	standardized_max	300	199	0.49666666666666665	0.4404895596001963	0.5529280602079671	0.05	0.5	0.0	72.0	5.0	32.0	0.8093779046851923	0.571111111111111	0.6544623084014232	0.0010239120934250718	0.9005292595463732	2.499838456359289
seed1	severely_unequal	radial_node	0.0	room_equal	cv_retrained	300	199	0.53	0.4735002333859323	0.5857411883405951	0.042499999999999996	0.5	0.0	72.0	5.0	32.0	0.8093779046851923	0.571111111111111	0.6544623084014232	0.0010239120934250718	0.9005292595463732	2.499838456359289
seed1	severely_unequal	radial_node	0.0	room_equal	cv_standardized	300	199	0.5366666666666666	0.4801320652390865	0.5922741168711132	0.037500000000000006	0.5	0.0	72.0	5.0	32.0	0.8093779046851923	0.571111111111111	0.6544623084014232	0.0010239120934250718	0.9005292595463732	2.499838456359289
seed1	severely_unequal	radial_node	0.1	building_equal	profile	300	199	0.5033333333333333	0.44707193979203275	0.5595104403998036	0.045	0.500493824095718	0.00456610954481981	72.0	5.0	32.0	0.8093779046851923	0.571111111111111	0.6544623084014232	0.0010239120934250718	0.9005292595463732	2.499838456359289
seed1	severely_unequal	radial_node	0.1	building_equal	mantel	300	199	0.45	0.394689901646408	0.5065743954760465	0.065	0.500493824095718	0.00456610954481981	72.0	5.0	32.0	0.8093779046851923	0.571111111111111	0.6544623084014232	0.0010239120934250718	0.9005292595463732	2.499838456359289
seed1	severely_unequal	radial_node	0.1	building_equal	nested_max	300	199	0.51	0.45366418945602693	0.5660829511194823	0.045	0.500493824095718	0.00456610954481981	72.0	5.0	32.0	0.8093779046851923	0.571111111111111	0.6544623084014232	0.0010239120934250718	0.9005292595463732	2.499838456359289
seed1	severely_unequal	radial_node	0.1	building_equal	standardized_max	300	199	0.49666666666666665	0.4404895596001963	0.5529280602079671	0.05	0.500493824095718	0.00456610954481981	72.0	5.0	32.0	0.8093779046851923	0.571111111111111	0.6544623084014232	0.0010239120934250718	0.9005292595463732	2.499838456359289
seed1	severely_unequal	radial_node	0.1	building_equal	cv_retrained	300	199	0.22333333333333333	0.17987135808006235	0.27379108599751967	0.185	0.500493824095718	0.00456610954481981	72.0	5.0	32.0	0.8093779046851923	0.571111111111111	0.6544623084014232	0.0010239120934250718	0.9005292595463732	2.499838456359289
seed1	severely_unequal	radial_node	0.1	building_equal	cv_standardized	300	199	0.39	0.3365300216309911	0.446251432038409	0.08	0.4974961942317419	0.012481784530240583	72.0	5.0	32.0	0.8093779046851923	0.571111111111111	0.6544623084014232	0.0010239120934250718	0.9005292595463732	2.499838456359289
seed1	severely_unequal	radial_node	0.1	sqrt_rooms	profile	300	199	0.5033333333333333	0.44707193979203275	0.5595104403998036	0.045	0.5007190497797954	0.003863092568278226	72.0	5.0	32.0	0.8093779046851923	0.571111111111111	0.6544623084014232	0.0010239120934250718	0.9005292595463732	2.499838456359289
seed1	severely_unequal	radial_node	0.1	sqrt_rooms	mantel	300	199	0.45	0.394689901646408	0.5065743954760465	0.065	0.5007190497797954	0.003863092568278226	72.0	5.0	32.0	0.8093779046851923	0.571111111111111	0.6544623084014232	0.0010239120934250718	0.9005292595463732	2.499838456359289
seed1	severely_unequal	radial_node	0.1	sqrt_rooms	nested_max	300	199	0.51	0.45366418945602693	0.5660829511194823	0.045	0.5007190497797954	0.003863092568278226	72.0	5.0	32.0	0.8093779046851923	0.571111111111111	0.6544623084014232	0.0010239120934250718	0.9005292595463732	2.499838456359289
seed1	severely_unequal	radial_node	0.1	sqrt_rooms	standardized_max	300	199	0.49666666666666665	0.4404895596001963	0.5529280602079671	0.05	0.5007190497797954	0.003863092568278226	72.0	5.0	32.0	0.8093779046851923	0.571111111111111	0.6544623084014232	0.0010239120934250718	0.9005292595463732	2.499838456359289
seed1	severely_unequal	radial_node	0.1	sqrt_rooms	cv_retrained	300	199	0.35333333333333333	0.30140830066923496	0.40896697088996514	0.0975	0.5007190497797954	0.003863092568278226	72.0	5.0	32.0	0.8093779046851923	0.571111111111111	0.6544623084014232	0.0010239120934250718	0.9005292595463732	2.499838456359289
seed1	severely_unequal	radial_node	0.1	sqrt_rooms	cv_standardized	300	199	0.5133333333333333	0.4569640167618392	0.5693655040055061	0.042499999999999996	0.4970575674755412	0.011888090875846498	72.0	5.0	32.0	0.8093779046851923	0.571111111111111	0.6544623084014232	0.0010239120934250718	0.9005292595463732	2.499838456359289
seed1	severely_unequal	radial_node	0.1	room_equal	profile	300	199	0.5033333333333333	0.44707193979203275	0.5595104403998036	0.045	0.5008915904933235	0.0033758381490246723	72.0	5.0	32.0	0.8093779046851923	0.571111111111111	0.6544623084014232	0.0010239120934250718	0.9005292595463732	2.499838456359289
seed1	severely_unequal	radial_node	0.1	room_equal	mantel	300	199	0.45	0.394689901646408	0.5065743954760465	0.065	0.5008915904933235	0.0033758381490246723	72.0	5.0	32.0	0.8093779046851923	0.571111111111111	0.6544623084014232	0.0010239120934250718	0.9005292595463732	2.499838456359289
seed1	severely_unequal	radial_node	0.1	room_equal	nested_max	300	199	0.51	0.45366418945602693	0.5660829511194823	0.045	0.5008915904933235	0.0033758381490246723	72.0	5.0	32.0	0.8093779046851923	0.571111111111111	0.6544623084014232	0.0010239120934250718	0.9005292595463732	2.499838456359289
seed1	severely_unequal	radial_node	0.1	room_equal	standardized_max	300	199	0.49666666666666665	0.4404895596001963	0.5529280602079671	0.05	0.5008915904933235	0.0033758381490246723	72.0	5.0	32.0	0.8093779046851923	0.571111111111111	0.6544623084014232	0.0010239120934250718	0.9005292595463732	2.499838456359289
seed1	severely_unequal	radial_node	0.1	room_equal	cv_retrained	300	199	0.52	0.4635710820137406	0.5759231991372775	0.042499999999999996	0.5008915904933235	0.0033758381490246723	72.0	5.0	32.0	0.8093779046851923	0.571111111111111	0.6544623084014232	0.0010239120934250718	0.9005292595463732	2.499838456359289
seed1	severely_unequal	radial_node	0.1	room_equal	cv_standardized	300	199	0.5333333333333333	0.4768149075854061	0.5890088943329576	0.04	0.4966638283064454	0.011922137562774021	72.0	5.0	32.0	0.8093779046851923	0.571111111111111	0.6544623084014232	0.0010239120934250718	0.9005292595463732	2.499838456359289
seed1	severely_unequal	radial_node	0.25	building_equal	profile	300	199	0.5033333333333333	0.44707193979203275	0.5595104403998036	0.045	0.501235052480333	0.011408922185558461	72.0	5.0	32.0	0.8093779046851923	0.571111111111111	0.6544623084014232	0.0010239120934250718	0.9005292595463732	2.499838456359289
seed1	severely_unequal	radial_node	0.25	building_equal	mantel	300	199	0.45	0.394689901646408	0.5065743954760465	0.065	0.501235052480333	0.011408922185558461	72.0	5.0	32.0	0.8093779046851923	0.571111111111111	0.6544623084014232	0.0010239120934250718	0.9005292595463732	2.499838456359289
seed1	severely_unequal	radial_node	0.25	building_equal	nested_max	300	199	0.51	0.45366418945602693	0.5660829511194823	0.045	0.501235052480333	0.011408922185558461	72.0	5.0	32.0	0.8093779046851923	0.571111111111111	0.6544623084014232	0.0010239120934250718	0.9005292595463732	2.499838456359289
seed1	severely_unequal	radial_node	0.25	building_equal	standardized_max	300	199	0.49666666666666665	0.4404895596001963	0.5529280602079671	0.05	0.501235052480333	0.011408922185558461	72.0	5.0	32.0	0.8093779046851923	0.571111111111111	0.6544623084014232	0.0010239120934250718	0.9005292595463732	2.499838456359289
seed1	severely_unequal	radial_node	0.25	building_equal	cv_retrained	300	199	0.22666666666666666	0.18291950380328575	0.2773253204661327	0.19	0.501235052480333	0.011408922185558461	72.0	5.0	32.0	0.8093779046851923	0.571111111111111	0.6544623084014232	0.0010239120934250718	0.9005292595463732	2.499838456359289
seed1	severely_unequal	radial_node	0.25	building_equal	cv_standardized	300	199	0.38	0.3269187519503734	0.4361155611435176	0.08	0.4937810319859837	0.031083449619627244	72.0	5.0	32.0	0.8093779046851923	0.571111111111111	0.6544623084014232	0.0010239120934250718	0.9005292595463732	2.499838456359289
seed1	severely_unequal	radial_node	0.25	sqrt_rooms	profile	300	199	0.5033333333333333	0.44707193979203275	0.5595104403998036	0.045	0.5017975607653788	0.009653985439275611	72.0	5.0	32.0	0.8093779046851923	0.571111111111111	0.6544623084014232	0.0010239120934250718	0.9005292595463732	2.499838456359289
seed1	severely_unequal	radial_node	0.25	sqrt_rooms	mantel	300	199	0.45	0.394689901646408	0.5065743954760465	0.065	0.5017975607653788	0.009653985439275611	72.0	5.0	32.0	0.8093779046851923	0.571111111111111	0.6544623084014232	0.0010239120934250718	0.9005292595463732	2.499838456359289
seed1	severely_unequal	radial_node	0.25	sqrt_rooms	nested_max	300	199	0.51	0.45366418945602693	0.5660829511194823	0.045	0.5017975607653788	0.009653985439275611	72.0	5.0	32.0	0.8093779046851923	0.571111111111111	0.6544623084014232	0.0010239120934250718	0.9005292595463732	2.499838456359289
seed1	severely_unequal	radial_node	0.25	sqrt_rooms	standardized_max	300	199	0.49666666666666665	0.4404895596001963	0.5529280602079671	0.05	0.5017975607653788	0.009653985439275611	72.0	5.0	32.0	0.8093779046851923	0.571111111111111	0.6544623084014232	0.0010239120934250718	0.9005292595463732	2.499838456359289
seed1	severely_unequal	radial_node	0.25	sqrt_rooms	cv_retrained	300	199	0.35	0.29823200252235404	0.4055608888450096	0.095	0.5017975607653788	0.009653985439275611	72.0	5.0	32.0	0.8093779046851923	0.571111111111111	0.6544623084014232	0.0010239120934250718	0.9005292595463732	2.499838456359289
seed1	severely_unequal	radial_node	0.25	sqrt_rooms	cv_standardized	300	199	0.5133333333333333	0.4569640167618392	0.5693655040055061	0.045	0.4926839327180168	0.029611427315281873	72.0	5.0	32.0	0.8093779046851923	0.571111111111111	0.6544623084014232	0.0010239120934250718	0.9005292595463732	2.499838456359289
seed1	severely_unequal	radial_node	0.25	room_equal	profile	300	199	0.5033333333333333	0.44707193979203275	0.5595104403998036	0.045	0.5022287410049683	0.008436892014720473	72.0	5.0	32.0	0.8093779046851923	0.571111111111111	0.6544623084014232	0.0010239120934250718	0.9005292595463732	2.499838456359289
seed1	severely_unequal	radial_node	0.25	room_equal	mantel	300	199	0.45	0.394689901646408	0.5065743954760465	0.065	0.5022287410049683	0.008436892014720473	72.0	5.0	32.0	0.8093779046851923	0.571111111111111	0.6544623084014232	0.0010239120934250718	0.9005292595463732	2.499838456359289
seed1	severely_unequal	radial_node	0.25	room_equal	nested_max	300	199	0.51	0.45366418945602693	0.5660829511194823	0.045	0.5022287410049683	0.008436892014720473	72.0	5.0	32.0	0.8093779046851923	0.571111111111111	0.6544623084014232	0.0010239120934250718	0.9005292595463732	2.499838456359289
seed1	severely_unequal	radial_node	0.25	room_equal	standardized_max	300	199	0.49666666666666665	0.4404895596001963	0.5529280602079671	0.05	0.5022287410049683	0.008436892014720473	72.0	5.0	32.0	0.8093779046851923	0.571111111111111	0.6544623084014232	0.0010239120934250718	0.9005292595463732	2.499838456359289
seed1	severely_unequal	radial_node	0.25	room_equal	cv_retrained	300	199	0.5133333333333333	0.4569640167618392	0.5693655040055061	0.045	0.5022287410049683	0.008436892014720473	72.0	5.0	32.0	0.8093779046851923	0.571111111111111	0.6544623084014232	0.0010239120934250718	0.9005292595463732	2.499838456359289
seed1	severely_unequal	radial_node	0.25	room_equal	cv_standardized	300	199	0.54	0.4834517097991302	0.5955368525029061	0.04	0.49171254459085806	0.02966700753810171	72.0	5.0	32.0	0.8093779046851923	0.571111111111111	0.6544623084014232	0.0010239120934250718	0.9005292595463732	2.499838456359289
seed1	severely_unequal	radial_node	0.5	building_equal	profile	300	199	0.5033333333333333	0.44707193979203275	0.5595104403998036	0.045	0.502473561543898	0.022772801742896396	72.0	5.0	32.0	0.8093779046851923	0.571111111111111	0.6544623084014232	0.0010239120934250718	0.9005292595463732	2.499838456359289
seed1	severely_unequal	radial_node	0.5	building_equal	mantel	300	199	0.45	0.394689901646408	0.5065743954760465	0.065	0.502473561543898	0.022772801742896396	72.0	5.0	32.0	0.8093779046851923	0.571111111111111	0.6544623084014232	0.0010239120934250718	0.9005292595463732	2.499838456359289
seed1	severely_unequal	radial_node	0.5	building_equal	nested_max	300	199	0.51	0.45366418945602693	0.5660829511194823	0.045	0.502473561543898	0.022772801742896396	72.0	5.0	32.0	0.8093779046851923	0.571111111111111	0.6544623084014232	0.0010239120934250718	0.9005292595463732	2.499838456359289
seed1	severely_unequal	radial_node	0.5	building_equal	standardized_max	300	199	0.49666666666666665	0.4404895596001963	0.5529280602079671	0.05	0.502473561543898	0.022772801742896396	72.0	5.0	32.0	0.8093779046851923	0.571111111111111	0.6544623084014232	0.0010239120934250718	0.9005292595463732	2.499838456359289
seed1	severely_unequal	radial_node	0.5	building_equal	cv_retrained	300	199	0.22666666666666666	0.18291950380328575	0.2773253204661327	0.195	0.502473561543898	0.022772801742896396	72.0	5.0	32.0	0.8093779046851923	0.571111111111111	0.6544623084014232	0.0010239120934250718	0.9005292595463732	2.499838456359289
seed1	severely_unequal	radial_node	0.5	building_equal	cv_standardized	300	199	0.39	0.3365300216309911	0.446251432038409	0.075	0.48783977965141695	0.0613360637673876	72.0	5.0	32.0	0.8093779046851923	0.571111111111111	0.6544623084014232	0.0010239120934250718	0.9005292595463732	2.499838456359289
seed1	severely_unequal	radial_node	0.5	sqrt_rooms	profile	300	199	0.5033333333333333	0.44707193979203275	0.5595104403998036	0.045	0.5035946471329387	0.019281356411791496	72.0	5.0	32.0	0.8093779046851923	0.571111111111111	0.6544623084014232	0.0010239120934250718	0.9005292595463732	2.499838456359289
seed1	severely_unequal	radial_node	0.5	sqrt_rooms	mantel	300	199	0.45	0.394689901646408	0.5065743954760465	0.065	0.5035946471329387	0.019281356411791496	72.0	5.0	32.0	0.8093779046851923	0.571111111111111	0.6544623084014232	0.0010239120934250718	0.9005292595463732	2.499838456359289
seed1	severely_unequal	radial_node	0.5	sqrt_rooms	nested_max	300	199	0.51	0.45366418945602693	0.5660829511194823	0.045	0.5035946471329387	0.019281356411791496	72.0	5.0	32.0	0.8093779046851923	0.571111111111111	0.6544623084014232	0.0010239120934250718	0.9005292595463732	2.499838456359289
seed1	severely_unequal	radial_node	0.5	sqrt_rooms	standardized_max	300	199	0.49666666666666665	0.4404895596001963	0.5529280602079671	0.05	0.5035946471329387	0.019281356411791496	72.0	5.0	32.0	0.8093779046851923	0.571111111111111	0.6544623084014232	0.0010239120934250718	0.9005292595463732	2.499838456359289
seed1	severely_unequal	radial_node	0.5	sqrt_rooms	cv_retrained	300	199	0.35	0.29823200252235404	0.4055608888450096	0.1	0.5035946471329387	0.019281356411791496	72.0	5.0	32.0	0.8093779046851923	0.571111111111111	0.6544623084014232	0.0010239120934250718	0.9005292595463732	2.499838456359289
seed1	severely_unequal	radial_node	0.5	sqrt_rooms	cv_standardized	300	199	0.5266666666666666	0.4701880395241621	0.5824710020105287	0.045	0.4856430759498085	0.05847339896445696	72.0	5.0	32.0	0.8093779046851923	0.571111111111111	0.6544623084014232	0.0010239120934250718	0.9005292595463732	2.499838456359289
seed1	severely_unequal	radial_node	0.5	room_equal	profile	300	199	0.5033333333333333	0.44707193979203275	0.5595104403998036	0.045	0.504455793841985	0.01685455389772137	72.0	5.0	32.0	0.8093779046851923	0.571111111111111	0.6544623084014232	0.0010239120934250718	0.9005292595463732	2.499838456359289
seed1	severely_unequal	radial_node	0.5	room_equal	mantel	300	199	0.45	0.394689901646408	0.5065743954760465	0.065	0.504455793841985	0.01685455389772137	72.0	5.0	32.0	0.8093779046851923	0.571111111111111	0.6544623084014232	0.0010239120934250718	0.9005292595463732	2.499838456359289
seed1	severely_unequal	radial_node	0.5	room_equal	nested_max	300	199	0.51	0.45366418945602693	0.5660829511194823	0.045	0.504455793841985	0.01685455389772137	72.0	5.0	32.0	0.8093779046851923	0.571111111111111	0.6544623084014232	0.0010239120934250718	0.9005292595463732	2.499838456359289
seed1	severely_unequal	radial_node	0.5	room_equal	standardized_max	300	199	0.49666666666666665	0.4404895596001963	0.5529280602079671	0.05	0.504455793841985	0.01685455389772137	72.0	5.0	32.0	0.8093779046851923	0.571111111111111	0.6544623084014232	0.0010239120934250718	0.9005292595463732	2.499838456359289
seed1	severely_unequal	radial_node	0.5	room_equal	cv_retrained	300	199	0.5066666666666667	0.45036683073695566	0.5627979296467172	0.045	0.504455793841985	0.01685455389772137	72.0	5.0	32.0	0.8093779046851923	0.571111111111111	0.6544623084014232	0.0010239120934250718	0.9005292595463732	2.499838456359289
seed1	severely_unequal	radial_node	0.5	room_equal	cv_standardized	300	199	0.54	0.4834517097991302	0.5955368525029061	0.037500000000000006	0.4837858781618634	0.058392731873604775	72.0	5.0	32.0	0.8093779046851923	0.571111111111111	0.6544623084014232	0.0010239120934250718	0.9005292595463732	2.499838456359289
seed1	severely_unequal	radial_node	1.0	building_equal	profile	300	199	0.5033333333333333	0.44707193979203275	0.5595104403998036	0.045	0.5049730178441261	0.04519493763476955	72.0	5.0	32.0	0.8093779046851923	0.571111111111111	0.6544623084014232	0.0010239120934250718	0.9005292595463732	2.499838456359289
seed1	severely_unequal	radial_node	1.0	building_equal	mantel	300	199	0.45	0.394689901646408	0.5065743954760465	0.065	0.5049730178441261	0.04519493763476955	72.0	5.0	32.0	0.8093779046851923	0.571111111111111	0.6544623084014232	0.0010239120934250718	0.9005292595463732	2.499838456359289
seed1	severely_unequal	radial_node	1.0	building_equal	nested_max	300	199	0.51	0.45366418945602693	0.5660829511194823	0.045	0.5049730178441261	0.04519493763476955	72.0	5.0	32.0	0.8093779046851923	0.571111111111111	0.6544623084014232	0.0010239120934250718	0.9005292595463732	2.499838456359289
seed1	severely_unequal	radial_node	1.0	building_equal	standardized_max	300	199	0.49666666666666665	0.4404895596001963	0.5529280602079671	0.05	0.5049730178441261	0.04519493763476955	72.0	5.0	32.0	0.8093779046851923	0.571111111111111	0.6544623084014232	0.0010239120934250718	0.9005292595463732	2.499838456359289
seed1	severely_unequal	radial_node	1.0	building_equal	cv_retrained	300	199	0.23	0.18597181807303015	0.28085538638822466	0.2025	0.5049730178441261	0.04519493763476955	72.0	5.0	32.0	0.8093779046851923	0.571111111111111	0.6544623084014232	0.0010239120934250718	0.9005292595463732	2.499838456359289
seed1	severely_unequal	radial_node	1.0	building_equal	cv_standardized	300	199	0.36666666666666664	0.3141415065082282	0.4225632858183173	0.09	0.4775954229638766	0.1168720436327381	72.0	5.0	32.0	0.8093779046851923	0.571111111111111	0.6544623084014232	0.0010239120934250718	0.9005292595463732	2.499838456359289
seed1	severely_unequal	radial_node	1.0	sqrt_rooms	profile	300	199	0.5033333333333333	0.44707193979203275	0.5595104403998036	0.045	0.5071849247150182	0.03835405935394267	72.0	5.0	32.0	0.8093779046851923	0.571111111111111	0.6544623084014232	0.0010239120934250718	0.9005292595463732	2.499838456359289
seed1	severely_unequal	radial_node	1.0	sqrt_rooms	mantel	300	199	0.45	0.394689901646408	0.5065743954760465	0.065	0.5071849247150182	0.03835405935394267	72.0	5.0	32.0	0.8093779046851923	0.571111111111111	0.6544623084014232	0.0010239120934250718	0.9005292595463732	2.499838456359289
seed1	severely_unequal	radial_node	1.0	sqrt_rooms	nested_max	300	199	0.51	0.45366418945602693	0.5660829511194823	0.045	0.5071849247150182	0.03835405935394267	72.0	5.0	32.0	0.8093779046851923	0.571111111111111	0.6544623084014232	0.0010239120934250718	0.9005292595463732	2.499838456359289
seed1	severely_unequal	radial_node	1.0	sqrt_rooms	standardized_max	300	199	0.49666666666666665	0.4404895596001963	0.5529280602079671	0.05	0.5071849247150182	0.03835405935394267	72.0	5.0	32.0	0.8093779046851923	0.571111111111111	0.6544623084014232	0.0010239120934250718	0.9005292595463732	2.499838456359289
seed1	severely_unequal	radial_node	1.0	sqrt_rooms	cv_retrained	300	199	0.3466666666666667	0.2950585411049252	0.40215197007060216	0.105	0.5071849247150182	0.03835405935394267	72.0	5.0	32.0	0.8093779046851923	0.571111111111111	0.6544623084014232	0.0010239120934250718	0.9005292595463732	2.499838456359289
seed1	severely_unequal	radial_node	1.0	sqrt_rooms	cv_standardized	300	199	0.5233333333333333	0.466878323217167	0.5791983381256874	0.04	0.47320998929026	0.11166685231434885	72.0	5.0	32.0	0.8093779046851923	0.571111111111111	0.6544623084014232	0.0010239120934250718	0.9005292595463732	2.499838456359289
seed1	severely_unequal	radial_node	1.0	room_equal	profile	300	199	0.5033333333333333	0.44707193979203275	0.5595104403998036	0.045	0.5088978474225642	0.03355767599493064	72.0	5.0	32.0	0.8093779046851923	0.571111111111111	0.6544623084014232	0.0010239120934250718	0.9005292595463732	2.499838456359289
seed1	severely_unequal	radial_node	1.0	room_equal	mantel	300	199	0.45	0.394689901646408	0.5065743954760465	0.065	0.5088978474225642	0.03355767599493064	72.0	5.0	32.0	0.8093779046851923	0.571111111111111	0.6544623084014232	0.0010239120934250718	0.9005292595463732	2.499838456359289
seed1	severely_unequal	radial_node	1.0	room_equal	nested_max	300	199	0.51	0.45366418945602693	0.5660829511194823	0.045	0.5088978474225642	0.03355767599493064	72.0	5.0	32.0	0.8093779046851923	0.571111111111111	0.6544623084014232	0.0010239120934250718	0.9005292595463732	2.499838456359289
seed1	severely_unequal	radial_node	1.0	room_equal	standardized_max	300	199	0.49666666666666665	0.4404895596001963	0.5529280602079671	0.05	0.5088978474225642	0.03355767599493064	72.0	5.0	32.0	0.8093779046851923	0.571111111111111	0.6544623084014232	0.0010239120934250718	0.9005292595463732	2.499838456359289
seed1	severely_unequal	radial_node	1.0	room_equal	cv_retrained	300	199	0.5033333333333333	0.44707193979203275	0.5595104403998036	0.045	0.5088978474225642	0.03355767599493064	72.0	5.0	32.0	0.8093779046851923	0.571111111111111	0.6544623084014232	0.0010239120934250718	0.9005292595463732	2.499838456359289
seed1	severely_unequal	radial_node	1.0	room_equal	cv_standardized	300	199	0.54	0.4834517097991302	0.5955368525029061	0.035	0.47001607348016594	0.11040021113175799	72.0	5.0	32.0	0.8093779046851923	0.571111111111111	0.6544623084014232	0.0010239120934250718	0.9005292595463732	2.499838456359289
seed1	severely_unequal	radial_node	2.0	building_equal	profile	300	199	0.5033333333333333	0.44707193979203275	0.5595104403998036	0.045	0.5101069956707962	0.08784188409275903	72.0	5.0	32.0	0.8093779046851923	0.571111111111111	0.6544623084014232	0.0010239120934250718	0.9005292595463732	2.499838456359289
seed1	severely_unequal	radial_node	2.0	building_equal	mantel	300	199	0.45	0.394689901646408	0.5065743954760465	0.065	0.5101069956707962	0.08784188409275903	72.0	5.0	32.0	0.8093779046851923	0.571111111111111	0.6544623084014232	0.0010239120934250718	0.9005292595463732	2.499838456359289
seed1	severely_unequal	radial_node	2.0	building_equal	nested_max	300	199	0.51	0.45366418945602693	0.5660829511194823	0.045	0.5101069956707962	0.08784188409275903	72.0	5.0	32.0	0.8093779046851923	0.571111111111111	0.6544623084014232	0.0010239120934250718	0.9005292595463732	2.499838456359289
seed1	severely_unequal	radial_node	2.0	building_equal	standardized_max	300	199	0.49666666666666665	0.4404895596001963	0.5529280602079671	0.05	0.5101069956707962	0.08784188409275903	72.0	5.0	32.0	0.8093779046851923	0.571111111111111	0.6544623084014232	0.0010239120934250718	0.9005292595463732	2.499838456359289
seed1	severely_unequal	radial_node	2.0	building_equal	cv_retrained	300	199	0.21333333333333335	0.1707525956382275	0.2631627078638455	0.2075	0.5101069956707962	0.08784188409275903	72.0	5.0	32.0	0.8093779046851923	0.571111111111111	0.6544623084014232	0.0010239120934250718	0.9005292595463732	2.499838456359289
seed1	severely_unequal	radial_node	2.0	building_equal	cv_standardized	300	199	0.3466666666666667	0.2950585411049252	0.40215197007060216	0.105	0.46498323455860185	0.20238234308914568	72.0	5.0	32.0	0.8093779046851923	0.571111111111111	0.6544623084014232	0.0010239120934250718	0.9005292595463732	2.499838456359289
seed1	severely_unequal	radial_node	2.0	sqrt_rooms	profile	300	199	0.5033333333333333	0.44707193979203275	0.5595104403998036	0.045	0.5143201525543233	0.07515561210261615	72.0	5.0	32.0	0.8093779046851923	0.571111111111111	0.6544623084014232	0.0010239120934250718	0.9005292595463732	2.499838456359289
seed1	severely_unequal	radial_node	2.0	sqrt_rooms	mantel	300	199	0.45	0.394689901646408	0.5065743954760465	0.065	0.5143201525543233	0.07515561210261615	72.0	5.0	32.0	0.8093779046851923	0.571111111111111	0.6544623084014232	0.0010239120934250718	0.9005292595463732	2.499838456359289
seed1	severely_unequal	radial_node	2.0	sqrt_rooms	nested_max	300	199	0.51	0.45366418945602693	0.5660829511194823	0.045	0.5143201525543233	0.07515561210261615	72.0	5.0	32.0	0.8093779046851923	0.571111111111111	0.6544623084014232	0.0010239120934250718	0.9005292595463732	2.499838456359289
seed1	severely_unequal	radial_node	2.0	sqrt_rooms	standardized_max	300	199	0.49666666666666665	0.4404895596001963	0.5529280602079671	0.05	0.5143201525543233	0.07515561210261615	72.0	5.0	32.0	0.8093779046851923	0.571111111111111	0.6544623084014232	0.0010239120934250718	0.9005292595463732	2.499838456359289
seed1	severely_unequal	radial_node	2.0	sqrt_rooms	cv_retrained	300	199	0.33666666666666667	0.2855553679085868	0.39190800269143145	0.1125	0.5143201525543233	0.07515561210261615	72.0	5.0	32.0	0.8093779046851923	0.571111111111111	0.6544623084014232	0.0010239120934250718	0.9005292595463732	2.499838456359289
seed1	severely_unequal	radial_node	2.0	sqrt_rooms	cv_standardized	300	199	0.49666666666666665	0.4404895596001963	0.5529280602079671	0.05	0.456580537017038	0.19430778142049862	72.0	5.0	32.0	0.8093779046851923	0.571111111111111	0.6544623084014232	0.0010239120934250718	0.9005292595463732	2.499838456359289
seed1	severely_unequal	radial_node	2.0	room_equal	profile	300	199	0.5033333333333333	0.44707193979203275	0.5595104403998036	0.045	0.5176797661640307	0.06597261226911474	72.0	5.0	32.0	0.8093779046851923	0.571111111111111	0.6544623084014232	0.0010239120934250718	0.9005292595463732	2.499838456359289
seed1	severely_unequal	radial_node	2.0	room_equal	mantel	300	199	0.45	0.394689901646408	0.5065743954760465	0.065	0.5176797661640307	0.06597261226911474	72.0	5.0	32.0	0.8093779046851923	0.571111111111111	0.6544623084014232	0.0010239120934250718	0.9005292595463732	2.499838456359289
seed1	severely_unequal	radial_node	2.0	room_equal	nested_max	300	199	0.51	0.45366418945602693	0.5660829511194823	0.045	0.5176797661640307	0.06597261226911474	72.0	5.0	32.0	0.8093779046851923	0.571111111111111	0.6544623084014232	0.0010239120934250718	0.9005292595463732	2.499838456359289
seed1	severely_unequal	radial_node	2.0	room_equal	standardized_max	300	199	0.49666666666666665	0.4404895596001963	0.5529280602079671	0.05	0.5176797661640307	0.06597261226911474	72.0	5.0	32.0	0.8093779046851923	0.571111111111111	0.6544623084014232	0.0010239120934250718	0.9005292595463732	2.499838456359289
seed1	severely_unequal	radial_node	2.0	room_equal	cv_retrained	300	199	0.4866666666666667	0.43063449599449377	0.5430359832381607	0.052500000000000005	0.5176797661640307	0.06597261226911474	72.0	5.0	32.0	0.8093779046851923	0.571111111111111	0.6544623084014232	0.0010239120934250718	0.9005292595463732	2.499838456359289
seed1	severely_unequal	radial_node	2.0	room_equal	cv_standardized	300	199	0.5233333333333333	0.466878323217167	0.5791983381256874	0.04	0.45204919109195696	0.18839452742098325	72.0	5.0	32.0	0.8093779046851923	0.571111111111111	0.6544623084014232	0.0010239120934250718	0.9005292595463732	2.499838456359289
seed1	severely_unequal	radial_node	4.0	building_equal	profile	300	199	0.5033333333333333	0.44707193979203275	0.5595104403998036	0.045	0.5206866201871645	0.16024080471592653	72.0	5.0	32.0	0.8093779046851923	0.571111111111111	0.6544623084014232	0.0010239120934250718	0.9005292595463732	2.499838456359289
seed1	severely_unequal	radial_node	4.0	building_equal	mantel	300	199	0.45	0.394689901646408	0.5065743954760465	0.065	0.5206866201871645	0.16024080471592653	72.0	5.0	32.0	0.8093779046851923	0.571111111111111	0.6544623084014232	0.0010239120934250718	0.9005292595463732	2.499838456359289
seed1	severely_unequal	radial_node	4.0	building_equal	nested_max	300	199	0.51	0.45366418945602693	0.5660829511194823	0.045	0.5206866201871645	0.16024080471592653	72.0	5.0	32.0	0.8093779046851923	0.571111111111111	0.6544623084014232	0.0010239120934250718	0.9005292595463732	2.499838456359289
seed1	severely_unequal	radial_node	4.0	building_equal	standardized_max	300	199	0.49666666666666665	0.4404895596001963	0.5529280602079671	0.05	0.5206866201871645	0.16024080471592653	72.0	5.0	32.0	0.8093779046851923	0.571111111111111	0.6544623084014232	0.0010239120934250718	0.9005292595463732	2.499838456359289
seed1	severely_unequal	radial_node	4.0	building_equal	cv_retrained	300	199	0.20333333333333334	0.16167385164165787	0.25249431128490607	0.22	0.5206866201871645	0.16024080471592653	72.0	5.0	32.0	0.8093779046851923	0.571111111111111	0.6544623084014232	0.0010239120934250718	0.9005292595463732	2.499838456359289
seed1	severely_unequal	radial_node	4.0	building_equal	cv_standardized	300	199	0.31	0.26034352510199493	0.3644608039633325	0.1175	0.4584518486572034	0.29575784035090075	72.0	5.0	32.0	0.8093779046851923	0.571111111111111	0.6544623084014232	0.0010239120934250718	0.9005292595463732	2.499838456359289
seed1	severely_unequal	radial_node	4.0	sqrt_rooms	profile	300	199	0.5033333333333333	0.44707193979203275	0.5595104403998036	0.045	0.5280135093737559	0.14029855775315409	72.0	5.0	32.0	0.8093779046851923	0.571111111111111	0.6544623084014232	0.0010239120934250718	0.9005292595463732	2.499838456359289
seed1	severely_unequal	radial_node	4.0	sqrt_rooms	mantel	300	199	0.45	0.394689901646408	0.5065743954760465	0.065	0.5280135093737559	0.14029855775315409	72.0	5.0	32.0	0.8093779046851923	0.571111111111111	0.6544623084014232	0.0010239120934250718	0.9005292595463732	2.499838456359289
seed1	severely_unequal	radial_node	4.0	sqrt_rooms	nested_max	300	199	0.51	0.45366418945602693	0.5660829511194823	0.045	0.5280135093737559	0.14029855775315409	72.0	5.0	32.0	0.8093779046851923	0.571111111111111	0.6544623084014232	0.0010239120934250718	0.9005292595463732	2.499838456359289
seed1	severely_unequal	radial_node	4.0	sqrt_rooms	standardized_max	300	199	0.49666666666666665	0.4404895596001963	0.5529280602079671	0.05	0.5280135093737559	0.14029855775315409	72.0	5.0	32.0	0.8093779046851923	0.571111111111111	0.6544623084014232	0.0010239120934250718	0.9005292595463732	2.499838456359289
seed1	severely_unequal	radial_node	4.0	sqrt_rooms	cv_retrained	300	199	0.31333333333333335	0.2634843975598553	0.36790231169730847	0.12	0.5280135093737559	0.14029855775315409	72.0	5.0	32.0	0.8093779046851923	0.571111111111111	0.6544623084014232	0.0010239120934250718	0.9005292595463732	2.499838456359289
seed1	severely_unequal	radial_node	4.0	sqrt_rooms	cv_standardized	300	199	0.45666666666666667	0.40120290256178365	0.5132261549443436	0.055	0.44449186301161603	0.2857877564623277	72.0	5.0	32.0	0.8093779046851923	0.571111111111111	0.6544623084014232	0.0010239120934250718	0.9005292595463732	2.499838456359289
seed1	severely_unequal	radial_node	4.0	room_equal	profile	300	199	0.5033333333333333	0.44707193979203275	0.5595104403998036	0.045	0.5343517057331644	0.12435007026774703	72.0	5.0	32.0	0.8093779046851923	0.571111111111111	0.6544623084014232	0.0010239120934250718	0.9005292595463732	2.499838456359289
seed1	severely_unequal	radial_node	4.0	room_equal	mantel	300	199	0.45	0.394689901646408	0.5065743954760465	0.065	0.5343517057331644	0.12435007026774703	72.0	5.0	32.0	0.8093779046851923	0.571111111111111	0.6544623084014232	0.0010239120934250718	0.9005292595463732	2.499838456359289
seed1	severely_unequal	radial_node	4.0	room_equal	nested_max	300	199	0.51	0.45366418945602693	0.5660829511194823	0.045	0.5343517057331644	0.12435007026774703	72.0	5.0	32.0	0.8093779046851923	0.571111111111111	0.6544623084014232	0.0010239120934250718	0.9005292595463732	2.499838456359289
seed1	severely_unequal	radial_node	4.0	room_equal	standardized_max	300	199	0.49666666666666665	0.4404895596001963	0.5529280602079671	0.05	0.5343517057331644	0.12435007026774703	72.0	5.0	32.0	0.8093779046851923	0.571111111111111	0.6544623084014232	0.0010239120934250718	0.9005292595463732	2.499838456359289
seed1	severely_unequal	radial_node	4.0	room_equal	cv_retrained	300	199	0.46	0.4044631474970939	0.5165482902008698	0.057499999999999996	0.5343517057331644	0.12435007026774703	72.0	5.0	32.0	0.8093779046851923	0.571111111111111	0.6544623084014232	0.0010239120934250718	0.9005292595463732	2.499838456359289
seed1	severely_unequal	radial_node	4.0	room_equal	cv_standardized	300	199	0.5233333333333333	0.466878323217167	0.5791983381256874	0.042499999999999996	0.4381405557423282	0.27193215496258555	72.0	5.0	32.0	0.8093779046851923	0.571111111111111	0.6544623084014232	0.0010239120934250718	0.9005292595463732	2.499838456359289
seed1	severely_unequal	radial_node	8.0	building_equal	profile	300	199	0.5033333333333333	0.44707193979203275	0.5595104403998036	0.045	0.5389840705650452	0.2540476712950694	72.0	5.0	32.0	0.8093779046851923	0.571111111111111	0.6544623084014232	0.0010239120934250718	0.9005292595463732	2.499838456359289
seed1	severely_unequal	radial_node	8.0	building_equal	mantel	300	199	0.45	0.394689901646408	0.5065743954760465	0.065	0.5389840705650452	0.2540476712950694	72.0	5.0	32.0	0.8093779046851923	0.571111111111111	0.6544623084014232	0.0010239120934250718	0.9005292595463732	2.499838456359289
seed1	severely_unequal	radial_node	8.0	building_equal	nested_max	300	199	0.51	0.45366418945602693	0.5660829511194823	0.045	0.5389840705650452	0.2540476712950694	72.0	5.0	32.0	0.8093779046851923	0.571111111111111	0.6544623084014232	0.0010239120934250718	0.9005292595463732	2.499838456359289
seed1	severely_unequal	radial_node	8.0	building_equal	standardized_max	300	199	0.49666666666666665	0.4404895596001963	0.5529280602079671	0.05	0.5389840705650452	0.2540476712950694	72.0	5.0	32.0	0.8093779046851923	0.571111111111111	0.6544623084014232	0.0010239120934250718	0.9005292595463732	2.499838456359289
seed1	severely_unequal	radial_node	8.0	building_equal	cv_retrained	300	199	0.17666666666666667	0.13767670929949632	0.22383241209237675	0.25	0.5389840705650452	0.2540476712950694	72.0	5.0	32.0	0.8093779046851923	0.571111111111111	0.6544623084014232	0.0010239120934250718	0.9005292595463732	2.499838456359289
seed1	severely_unequal	radial_node	8.0	building_equal	cv_standardized	300	199	0.30333333333333334	0.2540711301237818	0.3575684385578729	0.13	0.45999352464640964	0.36113689400746285	72.0	5.0	32.0	0.8093779046851923	0.571111111111111	0.6544623084014232	0.0010239120934250718	0.9005292595463732	2.499838456359289
seed1	severely_unequal	radial_node	8.0	sqrt_rooms	profile	300	199	0.5033333333333333	0.44707193979203275	0.5595104403998036	0.045	0.5504147385569615	0.23240659379329134	72.0	5.0	32.0	0.8093779046851923	0.571111111111111	0.6544623084014232	0.0010239120934250718	0.9005292595463732	2.499838456359289
seed1	severely_unequal	radial_node	8.0	sqrt_rooms	mantel	300	199	0.45	0.394689901646408	0.5065743954760465	0.065	0.5504147385569615	0.23240659379329134	72.0	5.0	32.0	0.8093779046851923	0.571111111111111	0.6544623084014232	0.0010239120934250718	0.9005292595463732	2.499838456359289
seed1	severely_unequal	radial_node	8.0	sqrt_rooms	nested_max	300	199	0.51	0.45366418945602693	0.5660829511194823	0.045	0.5504147385569615	0.23240659379329134	72.0	5.0	32.0	0.8093779046851923	0.571111111111111	0.6544623084014232	0.0010239120934250718	0.9005292595463732	2.499838456359289
seed1	severely_unequal	radial_node	8.0	sqrt_rooms	standardized_max	300	199	0.49666666666666665	0.4404895596001963	0.5529280602079671	0.05	0.5504147385569615	0.23240659379329134	72.0	5.0	32.0	0.8093779046851923	0.571111111111111	0.6544623084014232	0.0010239120934250718	0.9005292595463732	2.499838456359289
seed1	severely_unequal	radial_node	8.0	sqrt_rooms	cv_retrained	300	199	0.27666666666666667	0.22911058318108624	0.32986994396587765	0.145	0.5504147385569615	0.23240659379329134	72.0	5.0	32.0	0.8093779046851923	0.571111111111111	0.6544623084014232	0.0010239120934250718	0.9005292595463732	2.499838456359289
seed1	severely_unequal	radial_node	8.0	sqrt_rooms	cv_standardized	300	199	0.43333333333333335	0.3784513181454693	0.48990107801780347	0.065	0.44085211646458344	0.3504086720643181	72.0	5.0	32.0	0.8093779046851923	0.571111111111111	0.6544623084014232	0.0010239120934250718	0.9005292595463732	2.499838456359289
seed1	severely_unequal	radial_node	8.0	room_equal	profile	300	199	0.5033333333333333	0.44707193979203275	0.5595104403998036	0.045	0.5614091581946714	0.2104917888888886	72.0	5.0	32.0	0.8093779046851923	0.571111111111111	0.6544623084014232	0.0010239120934250718	0.9005292595463732	2.499838456359289
seed1	severely_unequal	radial_node	8.0	room_equal	mantel	300	199	0.45	0.394689901646408	0.5065743954760465	0.065	0.5614091581946714	0.2104917888888886	72.0	5.0	32.0	0.8093779046851923	0.571111111111111	0.6544623084014232	0.0010239120934250718	0.9005292595463732	2.499838456359289
seed1	severely_unequal	radial_node	8.0	room_equal	nested_max	300	199	0.51	0.45366418945602693	0.5660829511194823	0.045	0.5614091581946714	0.2104917888888886	72.0	5.0	32.0	0.8093779046851923	0.571111111111111	0.6544623084014232	0.0010239120934250718	0.9005292595463732	2.499838456359289
seed1	severely_unequal	radial_node	8.0	room_equal	standardized_max	300	199	0.49666666666666665	0.4404895596001963	0.5529280602079671	0.05	0.5614091581946714	0.2104917888888886	72.0	5.0	32.0	0.8093779046851923	0.571111111111111	0.6544623084014232	0.0010239120934250718	0.9005292595463732	2.499838456359289
seed1	severely_unequal	radial_node	8.0	room_equal	cv_retrained	300	199	0.41	0.35582394979935006	0.4664517850210681	0.07	0.5614091581946714	0.2104917888888886	72.0	5.0	32.0	0.8093779046851923	0.571111111111111	0.6544623084014232	0.0010239120934250718	0.9005292595463732	2.499838456359289
seed1	severely_unequal	radial_node	8.0	room_equal	cv_standardized	300	199	0.49	0.43391704888051774	0.5463358105439731	0.05	0.43169569552197296	0.33081835681556404	72.0	5.0	32.0	0.8093779046851923	0.571111111111111	0.6544623084014232	0.0010239120934250718	0.9005292595463732	2.499838456359289
seed1	severely_unequal	radial_node	16.0	building_equal	profile	300	199	0.5033333333333333	0.44707193979203275	0.5595104403998036	0.045	0.557772875114473	0.33269612121761344	72.0	5.0	32.0	0.8093779046851923	0.571111111111111	0.6544623084014232	0.0010239120934250718	0.9005292595463732	2.499838456359289
seed1	severely_unequal	radial_node	16.0	building_equal	mantel	300	199	0.45	0.394689901646408	0.5065743954760465	0.065	0.557772875114473	0.33269612121761344	72.0	5.0	32.0	0.8093779046851923	0.571111111111111	0.6544623084014232	0.0010239120934250718	0.9005292595463732	2.499838456359289
seed1	severely_unequal	radial_node	16.0	building_equal	nested_max	300	199	0.51	0.45366418945602693	0.5660829511194823	0.045	0.557772875114473	0.33269612121761344	72.0	5.0	32.0	0.8093779046851923	0.571111111111111	0.6544623084014232	0.0010239120934250718	0.9005292595463732	2.499838456359289
seed1	severely_unequal	radial_node	16.0	building_equal	standardized_max	300	199	0.49666666666666665	0.4404895596001963	0.5529280602079671	0.05	0.557772875114473	0.33269612121761344	72.0	5.0	32.0	0.8093779046851923	0.571111111111111	0.6544623084014232	0.0010239120934250718	0.9005292595463732	2.499838456359289
seed1	severely_unequal	radial_node	16.0	building_equal	cv_retrained	300	199	0.18	0.1406583026966649	0.2274331988870445	0.2825	0.557772875114473	0.33269612121761344	72.0	5.0	32.0	0.8093779046851923	0.571111111111111	0.6544623084014232	0.0010239120934250718	0.9005292595463732	2.499838456359289
seed1	severely_unequal	radial_node	16.0	building_equal	cv_standardized	300	199	0.30333333333333334	0.2540711301237818	0.3575684385578729	0.145	0.462324219487007	0.3922084105962868	72.0	5.0	32.0	0.8093779046851923	0.571111111111111	0.6544623084014232	0.0010239120934250718	0.9005292595463732	2.499838456359289
seed1	severely_unequal	radial_node	16.0	sqrt_rooms	profile	300	199	0.5033333333333333	0.44707193979203275	0.5595104403998036	0.045	0.5751913527752234	0.31953573169920263	72.0	5.0	32.0	0.8093779046851923	0.571111111111111	0.6544623084014232	0.0010239120934250718	0.9005292595463732	2.499838456359289
seed1	severely_unequal	radial_node	16.0	sqrt_rooms	mantel	300	199	0.45	0.394689901646408	0.5065743954760465	0.065	0.5751913527752234	0.31953573169920263	72.0	5.0	32.0	0.8093779046851923	0.571111111111111	0.6544623084014232	0.0010239120934250718	0.9005292595463732	2.499838456359289
seed1	severely_unequal	radial_node	16.0	sqrt_rooms	nested_max	300	199	0.51	0.45366418945602693	0.5660829511194823	0.045	0.5751913527752234	0.31953573169920263	72.0	5.0	32.0	0.8093779046851923	0.571111111111111	0.6544623084014232	0.0010239120934250718	0.9005292595463732	2.499838456359289
seed1	severely_unequal	radial_node	16.0	sqrt_rooms	standardized_max	300	199	0.49666666666666665	0.4404895596001963	0.5529280602079671	0.05	0.5751913527752234	0.31953573169920263	72.0	5.0	32.0	0.8093779046851923	0.571111111111111	0.6544623084014232	0.0010239120934250718	0.9005292595463732	2.499838456359289
seed1	severely_unequal	radial_node	16.0	sqrt_rooms	cv_retrained	300	199	0.25	0.20436988915825566	0.3019515964540173	0.1575	0.5751913527752234	0.31953573169920263	72.0	5.0	32.0	0.8093779046851923	0.571111111111111	0.6544623084014232	0.0010239120934250718	0.9005292595463732	2.499838456359289
seed1	severely_unequal	radial_node	16.0	sqrt_rooms	cv_standardized	300	199	0.4	0.3461651905860969	0.4563634036588123	0.07250000000000001	0.4400527037423773	0.38056187460657936	72.0	5.0	32.0	0.8093779046851923	0.571111111111111	0.6544623084014232	0.0010239120934250718	0.9005292595463732	2.499838456359289
seed1	severely_unequal	radial_node	16.0	room_equal	profile	300	199	0.5033333333333333	0.44707193979203275	0.5595104403998036	0.045	0.5913533855069212	0.29854727285319516	72.0	5.0	32.0	0.8093779046851923	0.571111111111111	0.6544623084014232	0.0010239120934250718	0.9005292595463732	2.499838456359289
seed1	severely_unequal	radial_node	16.0	room_equal	mantel	300	199	0.45	0.394689901646408	0.5065743954760465	0.065	0.5913533855069212	0.29854727285319516	72.0	5.0	32.0	0.8093779046851923	0.571111111111111	0.6544623084014232	0.0010239120934250718	0.9005292595463732	2.499838456359289
seed1	severely_unequal	radial_node	16.0	room_equal	nested_max	300	199	0.51	0.45366418945602693	0.5660829511194823	0.045	0.5913533855069212	0.29854727285319516	72.0	5.0	32.0	0.8093779046851923	0.571111111111111	0.6544623084014232	0.0010239120934250718	0.9005292595463732	2.499838456359289
seed1	severely_unequal	radial_node	16.0	room_equal	standardized_max	300	199	0.49666666666666665	0.4404895596001963	0.5529280602079671	0.05	0.5913533855069212	0.29854727285319516	72.0	5.0	32.0	0.8093779046851923	0.571111111111111	0.6544623084014232	0.0010239120934250718	0.9005292595463732	2.499838456359289
seed1	severely_unequal	radial_node	16.0	room_equal	cv_retrained	300	199	0.38333333333333336	0.330119832453064	0.43949686083266337	0.085	0.5913533855069212	0.29854727285319516	72.0	5.0	32.0	0.8093779046851923	0.571111111111111	0.6544623084014232	0.0010239120934250718	0.9005292595463732	2.499838456359289
seed1	severely_unequal	radial_node	16.0	room_equal	cv_standardized	300	199	0.49666666666666665	0.4404895596001963	0.5529280602079671	0.05	0.4294406575945631	0.36033525209210915	72.0	5.0	32.0	0.8093779046851923	0.571111111111111	0.6544623084014232	0.0010239120934250718	0.9005292595463732	2.499838456359289
seed1	severely_unequal	dyadic	0.0	building_equal	profile	300	199	0.16333333333333333	0.1258064331944026	0.20937316743012502	0.28	0.4999999999999999	5.551115123125783e-17	72.0	5.0	32.0	0.8093779046851923	0.5724768518518518	-0.009317946493722563	0.6449270584877006	0.8897312616432238	2.499838456359289
seed1	severely_unequal	dyadic	0.0	building_equal	mantel	300	199	0.21333333333333335	0.1707525956382275	0.2631627078638455	0.19	0.4999999999999999	5.551115123125783e-17	72.0	5.0	32.0	0.8093779046851923	0.5724768518518518	-0.009317946493722563	0.6449270584877006	0.8897312616432238	2.499838456359289
seed1	severely_unequal	dyadic	0.0	building_equal	nested_max	300	199	0.16	0.1228535455840995	0.20574367484859174	0.255	0.4999999999999999	5.551115123125783e-17	72.0	5.0	32.0	0.8093779046851923	0.5724768518518518	-0.009317946493722563	0.6449270584877006	0.8897312616432238	2.499838456359289
seed1	severely_unequal	dyadic	0.0	building_equal	standardized_max	300	199	0.19666666666666666	0.1556446341979055	0.24535876834498568	0.23249999999999998	0.4999999999999999	5.551115123125783e-17	72.0	5.0	32.0	0.8093779046851923	0.5724768518518518	-0.009317946493722563	0.6449270584877006	0.8897312616432238	2.499838456359289
seed1	severely_unequal	dyadic	0.0	building_equal	cv_retrained	300	199	0.12666666666666668	0.09369224846506602	0.16908117004926165	0.375	0.4999999999999999	5.551115123125783e-17	72.0	5.0	32.0	0.8093779046851923	0.5724768518518518	-0.009317946493722563	0.6449270584877006	0.8897312616432238	2.499838456359289
seed1	severely_unequal	dyadic	0.0	building_equal	cv_standardized	300	199	0.14333333333333334	0.1081847423238497	0.18750057714965976	0.355	0.4999999999999999	5.551115123125783e-17	72.0	5.0	32.0	0.8093779046851923	0.5724768518518518	-0.009317946493722563	0.6449270584877006	0.8897312616432238	2.499838456359289
seed1	severely_unequal	dyadic	0.0	sqrt_rooms	profile	300	199	0.16333333333333333	0.1258064331944026	0.20937316743012502	0.28	0.5	0.0	72.0	5.0	32.0	0.8093779046851923	0.5724768518518518	-0.009317946493722563	0.6449270584877006	0.8897312616432238	2.499838456359289
seed1	severely_unequal	dyadic	0.0	sqrt_rooms	mantel	300	199	0.21333333333333335	0.1707525956382275	0.2631627078638455	0.19	0.5	0.0	72.0	5.0	32.0	0.8093779046851923	0.5724768518518518	-0.009317946493722563	0.6449270584877006	0.8897312616432238	2.499838456359289
seed1	severely_unequal	dyadic	0.0	sqrt_rooms	nested_max	300	199	0.16	0.1228535455840995	0.20574367484859174	0.255	0.5	0.0	72.0	5.0	32.0	0.8093779046851923	0.5724768518518518	-0.009317946493722563	0.6449270584877006	0.8897312616432238	2.499838456359289
seed1	severely_unequal	dyadic	0.0	sqrt_rooms	standardized_max	300	199	0.19666666666666666	0.1556446341979055	0.24535876834498568	0.23249999999999998	0.5	0.0	72.0	5.0	32.0	0.8093779046851923	0.5724768518518518	-0.009317946493722563	0.6449270584877006	0.8897312616432238	2.499838456359289
seed1	severely_unequal	dyadic	0.0	sqrt_rooms	cv_retrained	300	199	0.14333333333333334	0.1081847423238497	0.18750057714965976	0.36	0.5	0.0	72.0	5.0	32.0	0.8093779046851923	0.5724768518518518	-0.009317946493722563	0.6449270584877006	0.8897312616432238	2.499838456359289
seed1	severely_unequal	dyadic	0.0	sqrt_rooms	cv_standardized	300	199	0.14	0.10527132693072412	0.18383161235094903	0.2975	0.5	0.0	72.0	5.0	32.0	0.8093779046851923	0.5724768518518518	-0.009317946493722563	0.6449270584877006	0.8897312616432238	2.499838456359289
seed1	severely_unequal	dyadic	0.0	room_equal	profile	300	199	0.16333333333333333	0.1258064331944026	0.20937316743012502	0.28	0.5	0.0	72.0	5.0	32.0	0.8093779046851923	0.5724768518518518	-0.009317946493722563	0.6449270584877006	0.8897312616432238	2.499838456359289
seed1	severely_unequal	dyadic	0.0	room_equal	mantel	300	199	0.21333333333333335	0.1707525956382275	0.2631627078638455	0.19	0.5	0.0	72.0	5.0	32.0	0.8093779046851923	0.5724768518518518	-0.009317946493722563	0.6449270584877006	0.8897312616432238	2.499838456359289
seed1	severely_unequal	dyadic	0.0	room_equal	nested_max	300	199	0.16	0.1228535455840995	0.20574367484859174	0.255	0.5	0.0	72.0	5.0	32.0	0.8093779046851923	0.5724768518518518	-0.009317946493722563	0.6449270584877006	0.8897312616432238	2.499838456359289
seed1	severely_unequal	dyadic	0.0	room_equal	standardized_max	300	199	0.19666666666666666	0.1556446341979055	0.24535876834498568	0.23249999999999998	0.5	0.0	72.0	5.0	32.0	0.8093779046851923	0.5724768518518518	-0.009317946493722563	0.6449270584877006	0.8897312616432238	2.499838456359289
seed1	severely_unequal	dyadic	0.0	room_equal	cv_retrained	300	199	0.15	0.11403246871185316	0.194817611145329	0.3075	0.5	0.0	72.0	5.0	32.0	0.8093779046851923	0.5724768518518518	-0.009317946493722563	0.6449270584877006	0.8897312616432238	2.499838456359289
seed1	severely_unequal	dyadic	0.0	room_equal	cv_standardized	300	199	0.13666666666666666	0.10236514609208625	0.1801554129977505	0.3	0.5	0.0	72.0	5.0	32.0	0.8093779046851923	0.5724768518518518	-0.009317946493722563	0.6449270584877006	0.8897312616432238	2.499838456359289
seed1	severely_unequal	dyadic	0.1	building_equal	profile	300	199	0.16333333333333333	0.1258064331944026	0.20937316743012502	0.28	0.5009490228721764	0.004248031570053857	72.0	5.0	32.0	0.8093779046851923	0.5724768518518518	-0.009317946493722563	0.6449270584877006	0.8897312616432238	2.499838456359289
seed1	severely_unequal	dyadic	0.1	building_equal	mantel	300	199	0.21333333333333335	0.1707525956382275	0.2631627078638455	0.19	0.5009490228721764	0.004248031570053857	72.0	5.0	32.0	0.8093779046851923	0.5724768518518518	-0.009317946493722563	0.6449270584877006	0.8897312616432238	2.499838456359289
seed1	severely_unequal	dyadic	0.1	building_equal	nested_max	300	199	0.16	0.1228535455840995	0.20574367484859174	0.255	0.5009490228721764	0.004248031570053857	72.0	5.0	32.0	0.8093779046851923	0.5724768518518518	-0.009317946493722563	0.6449270584877006	0.8897312616432238	2.499838456359289
seed1	severely_unequal	dyadic	0.1	building_equal	standardized_max	300	199	0.19666666666666666	0.1556446341979055	0.24535876834498568	0.23249999999999998	0.5009490228721764	0.004248031570053857	72.0	5.0	32.0	0.8093779046851923	0.5724768518518518	-0.009317946493722563	0.6449270584877006	0.8897312616432238	2.499838456359289
seed1	severely_unequal	dyadic	0.1	building_equal	cv_retrained	300	199	0.13	0.09657536941275233	0.17278042929341172	0.3725	0.5009490228721764	0.004248031570053857	72.0	5.0	32.0	0.8093779046851923	0.5724768518518518	-0.009317946493722563	0.6449270584877006	0.8897312616432238	2.499838456359289
seed1	severely_unequal	dyadic	0.1	building_equal	cv_standardized	300	199	0.14333333333333334	0.1081847423238497	0.18750057714965976	0.36	0.5017003300563531	0.011613442990714708	72.0	5.0	32.0	0.8093779046851923	0.5724768518518518	-0.009317946493722563	0.6449270584877006	0.8897312616432238	2.499838456359289
seed1	severely_unequal	dyadic	0.1	sqrt_rooms	profile	300	199	0.16333333333333333	0.1258064331944026	0.20937316743012502	0.28	0.5009486510082833	0.003594339450158229	72.0	5.0	32.0	0.8093779046851923	0.5724768518518518	-0.009317946493722563	0.6449270584877006	0.8897312616432238	2.499838456359289
seed1	severely_unequal	dyadic	0.1	sqrt_rooms	mantel	300	199	0.21333333333333335	0.1707525956382275	0.2631627078638455	0.19	0.5009486510082833	0.003594339450158229	72.0	5.0	32.0	0.8093779046851923	0.5724768518518518	-0.009317946493722563	0.6449270584877006	0.8897312616432238	2.499838456359289
seed1	severely_unequal	dyadic	0.1	sqrt_rooms	nested_max	300	199	0.16	0.1228535455840995	0.20574367484859174	0.255	0.5009486510082833	0.003594339450158229	72.0	5.0	32.0	0.8093779046851923	0.5724768518518518	-0.009317946493722563	0.6449270584877006	0.8897312616432238	2.499838456359289
seed1	severely_unequal	dyadic	0.1	sqrt_rooms	standardized_max	300	199	0.19666666666666666	0.1556446341979055	0.24535876834498568	0.23249999999999998	0.5009486510082833	0.003594339450158229	72.0	5.0	32.0	0.8093779046851923	0.5724768518518518	-0.009317946493722563	0.6449270584877006	0.8897312616432238	2.499838456359289
seed1	severely_unequal	dyadic	0.1	sqrt_rooms	cv_retrained	300	199	0.13666666666666666	0.10236514609208625	0.1801554129977505	0.365	0.5009486510082833	0.003594339450158229	72.0	5.0	32.0	0.8093779046851923	0.5724768518518518	-0.009317946493722563	0.6449270584877006	0.8897312616432238	2.499838456359289
seed1	severely_unequal	dyadic	0.1	sqrt_rooms	cv_standardized	300	199	0.14	0.10527132693072412	0.18383161235094903	0.3	0.5018170601625808	0.011152756478410174	72.0	5.0	32.0	0.8093779046851923	0.5724768518518518	-0.009317946493722563	0.6449270584877006	0.8897312616432238	2.499838456359289
seed1	severely_unequal	dyadic	0.1	room_equal	profile	300	199	0.16333333333333333	0.1258064331944026	0.20937316743012502	0.28	0.5009216857740053	0.003131233566062807	72.0	5.0	32.0	0.8093779046851923	0.5724768518518518	-0.009317946493722563	0.6449270584877006	0.8897312616432238	2.499838456359289
seed1	severely_unequal	dyadic	0.1	room_equal	mantel	300	199	0.21333333333333335	0.1707525956382275	0.2631627078638455	0.19	0.5009216857740053	0.003131233566062807	72.0	5.0	32.0	0.8093779046851923	0.5724768518518518	-0.009317946493722563	0.6449270584877006	0.8897312616432238	2.499838456359289
seed1	severely_unequal	dyadic	0.1	room_equal	nested_max	300	199	0.16	0.1228535455840995	0.20574367484859174	0.255	0.5009216857740053	0.003131233566062807	72.0	5.0	32.0	0.8093779046851923	0.5724768518518518	-0.009317946493722563	0.6449270584877006	0.8897312616432238	2.499838456359289
seed1	severely_unequal	dyadic	0.1	room_equal	standardized_max	300	199	0.19666666666666666	0.1556446341979055	0.24535876834498568	0.23249999999999998	0.5009216857740053	0.003131233566062807	72.0	5.0	32.0	0.8093779046851923	0.5724768518518518	-0.009317946493722563	0.6449270584877006	0.8897312616432238	2.499838456359289
seed1	severely_unequal	dyadic	0.1	room_equal	cv_retrained	300	199	0.15	0.11403246871185316	0.194817611145329	0.3075	0.5009216857740053	0.003131233566062807	72.0	5.0	32.0	0.8093779046851923	0.5724768518518518	-0.009317946493722563	0.6449270584877006	0.8897312616432238	2.499838456359289
seed1	severely_unequal	dyadic	0.1	room_equal	cv_standardized	300	199	0.13666666666666666	0.10236514609208625	0.1801554129977505	0.2975	0.5017972601718299	0.011240466997997805	72.0	5.0	32.0	0.8093779046851923	0.5724768518518518	-0.009317946493722563	0.6449270584877006	0.8897312616432238	2.499838456359289
seed1	severely_unequal	dyadic	0.25	building_equal	profile	300	199	0.16333333333333333	0.1258064331944026	0.20937316743012502	0.28	0.5023724964192513	0.010614473863485878	72.0	5.0	32.0	0.8093779046851923	0.5724768518518518	-0.009317946493722563	0.6449270584877006	0.8897312616432238	2.499838456359289
seed1	severely_unequal	dyadic	0.25	building_equal	mantel	300	199	0.21333333333333335	0.1707525956382275	0.2631627078638455	0.19	0.5023724964192513	0.010614473863485878	72.0	5.0	32.0	0.8093779046851923	0.5724768518518518	-0.009317946493722563	0.6449270584877006	0.8897312616432238	2.499838456359289
seed1	severely_unequal	dyadic	0.25	building_equal	nested_max	300	199	0.16	0.1228535455840995	0.20574367484859174	0.255	0.5023724964192513	0.010614473863485878	72.0	5.0	32.0	0.8093779046851923	0.5724768518518518	-0.009317946493722563	0.6449270584877006	0.8897312616432238	2.499838456359289
seed1	severely_unequal	dyadic	0.25	building_equal	standardized_max	300	199	0.19666666666666666	0.1556446341979055	0.24535876834498568	0.23249999999999998	0.5023724964192513	0.010614473863485878	72.0	5.0	32.0	0.8093779046851923	0.5724768518518518	-0.009317946493722563	0.6449270584877006	0.8897312616432238	2.499838456359289
seed1	severely_unequal	dyadic	0.25	building_equal	cv_retrained	300	199	0.13333333333333333	0.09946641683411198	0.1764717620638884	0.3725	0.5023724964192513	0.010614473863485878	72.0	5.0	32.0	0.8093779046851923	0.5724768518518518	-0.009317946493722563	0.6449270584877006	0.8897312616432238	2.499838456359289
seed1	severely_unequal	dyadic	0.25	building_equal	cv_standardized	300	199	0.14333333333333334	0.1081847423238497	0.18750057714965976	0.3525	0.5042527484319007	0.0289226097064932	72.0	5.0	32.0	0.8093779046851923	0.5724768518518518	-0.009317946493722563	0.6449270584877006	0.8897312616432238	2.499838456359289
seed1	severely_unequal	dyadic	0.25	sqrt_rooms	profile	300	199	0.16333333333333333	0.1258064331944026	0.20937316743012502	0.28	0.5023713214814908	0.00898247145362088	72.0	5.0	32.0	0.8093779046851923	0.5724768518518518	-0.009317946493722563	0.6449270584877006	0.8897312616432238	2.499838456359289
seed1	severely_unequal	dyadic	0.25	sqrt_rooms	mantel	300	199	0.21333333333333335	0.1707525956382275	0.2631627078638455	0.19	0.5023713214814908	0.00898247145362088	72.0	5.0	32.0	0.8093779046851923	0.5724768518518518	-0.009317946493722563	0.6449270584877006	0.8897312616432238	2.499838456359289
seed1	severely_unequal	dyadic	0.25	sqrt_rooms	nested_max	300	199	0.16	0.1228535455840995	0.20574367484859174	0.255	0.5023713214814908	0.00898247145362088	72.0	5.0	32.0	0.8093779046851923	0.5724768518518518	-0.009317946493722563	0.6449270584877006	0.8897312616432238	2.499838456359289
seed1	severely_unequal	dyadic	0.25	sqrt_rooms	standardized_max	300	199	0.19666666666666666	0.1556446341979055	0.24535876834498568	0.23249999999999998	0.5023713214814908	0.00898247145362088	72.0	5.0	32.0	0.8093779046851923	0.5724768518518518	-0.009317946493722563	0.6449270584877006	0.8897312616432238	2.499838456359289
seed1	severely_unequal	dyadic	0.25	sqrt_rooms	cv_retrained	300	199	0.13666666666666666	0.10236514609208625	0.1801554129977505	0.365	0.5023713214814908	0.00898247145362088	72.0	5.0	32.0	0.8093779046851923	0.5724768518518518	-0.009317946493722563	0.6449270584877006	0.8897312616432238	2.499838456359289
seed1	severely_unequal	dyadic	0.25	sqrt_rooms	cv_standardized	300	199	0.14333333333333334	0.1081847423238497	0.18750057714965976	0.3025	0.5045400553628742	0.027781464067830712	72.0	5.0	32.0	0.8093779046851923	0.5724768518518518	-0.009317946493722563	0.6449270584877006	0.8897312616432238	2.499838456359289
seed1	severely_unequal	dyadic	0.25	room_equal	profile	300	199	0.16333333333333333	0.1258064331944026	0.20937316743012502	0.28	0.5023038390271457	0.007825727587291383	72.0	5.0	32.0	0.8093779046851923	0.5724768518518518	-0.009317946493722563	0.6449270584877006	0.8897312616432238	2.499838456359289
seed1	severely_unequal	dyadic	0.25	room_equal	mantel	300	199	0.21333333333333335	0.1707525956382275	0.2631627078638455	0.19	0.5023038390271457	0.007825727587291383	72.0	5.0	32.0	0.8093779046851923	0.5724768518518518	-0.009317946493722563	0.6449270584877006	0.8897312616432238	2.499838456359289
seed1	severely_unequal	dyadic	0.25	room_equal	nested_max	300	199	0.16	0.1228535455840995	0.20574367484859174	0.255	0.5023038390271457	0.007825727587291383	72.0	5.0	32.0	0.8093779046851923	0.5724768518518518	-0.009317946493722563	0.6449270584877006	0.8897312616432238	2.499838456359289
seed1	severely_unequal	dyadic	0.25	room_equal	standardized_max	300	199	0.19666666666666666	0.1556446341979055	0.24535876834498568	0.23249999999999998	0.5023038390271457	0.007825727587291383	72.0	5.0	32.0	0.8093779046851923	0.5724768518518518	-0.009317946493722563	0.6449270584877006	0.8897312616432238	2.499838456359289
seed1	severely_unequal	dyadic	0.25	room_equal	cv_retrained	300	199	0.15	0.11403246871185316	0.194817611145329	0.3075	0.5023038390271457	0.007825727587291383	72.0	5.0	32.0	0.8093779046851923	0.5724768518518518	-0.009317946493722563	0.6449270584877006	0.8897312616432238	2.499838456359289
seed1	severely_unequal	dyadic	0.25	room_equal	cv_standardized	300	199	0.13666666666666666	0.10236514609208625	0.1801554129977505	0.3025	0.5044894786244766	0.02798546082639958	72.0	5.0	32.0	0.8093779046851923	0.5724768518518518	-0.009317946493722563	0.6449270584877006	0.8897312616432238	2.499838456359289
seed1	severely_unequal	dyadic	0.5	building_equal	profile	300	199	0.16333333333333333	0.1258064331944026	0.20937316743012502	0.28	0.5047445269953083	0.021189161114179848	72.0	5.0	32.0	0.8093779046851923	0.5724768518518518	-0.009317946493722563	0.6449270584877006	0.8897312616432238	2.499838456359289
seed1	severely_unequal	dyadic	0.5	building_equal	mantel	300	199	0.21333333333333335	0.1707525956382275	0.2631627078638455	0.19	0.5047445269953083	0.021189161114179848	72.0	5.0	32.0	0.8093779046851923	0.5724768518518518	-0.009317946493722563	0.6449270584877006	0.8897312616432238	2.499838456359289
seed1	severely_unequal	dyadic	0.5	building_equal	nested_max	300	199	0.16	0.1228535455840995	0.20574367484859174	0.255	0.5047445269953083	0.021189161114179848	72.0	5.0	32.0	0.8093779046851923	0.5724768518518518	-0.009317946493722563	0.6449270584877006	0.8897312616432238	2.499838456359289
seed1	severely_unequal	dyadic	0.5	building_equal	standardized_max	300	199	0.19666666666666666	0.1556446341979055	0.24535876834498568	0.23249999999999998	0.5047445269953083	0.021189161114179848	72.0	5.0	32.0	0.8093779046851923	0.5724768518518518	-0.009317946493722563	0.6449270584877006	0.8897312616432238	2.499838456359289
seed1	severely_unequal	dyadic	0.5	building_equal	cv_retrained	300	199	0.13333333333333333	0.09946641683411198	0.1764717620638884	0.3725	0.5047445269953083	0.021189161114179848	72.0	5.0	32.0	0.8093779046851923	0.5724768518518518	-0.009317946493722563	0.6449270584877006	0.8897312616432238	2.499838456359289
seed1	severely_unequal	dyadic	0.5	building_equal	cv_standardized	300	199	0.14666666666666667	0.11110518744033696	0.19116251222500888	0.36	0.508516533328772	0.05708189438385212	72.0	5.0	32.0	0.8093779046851923	0.5724768518518518	-0.009317946493722563	0.6449270584877006	0.8897312616432238	2.499838456359289
seed1	severely_unequal	dyadic	0.5	sqrt_rooms	profile	300	199	0.16333333333333333	0.1258064331944026	0.20937316743012502	0.28	0.504740452877489	0.017940914382132946	72.0	5.0	32.0	0.8093779046851923	0.5724768518518518	-0.009317946493722563	0.6449270584877006	0.8897312616432238	2.499838456359289
seed1	severely_unequal	dyadic	0.5	sqrt_rooms	mantel	300	199	0.21333333333333335	0.1707525956382275	0.2631627078638455	0.19	0.504740452877489	0.017940914382132946	72.0	5.0	32.0	0.8093779046851923	0.5724768518518518	-0.009317946493722563	0.6449270584877006	0.8897312616432238	2.499838456359289
seed1	severely_unequal	dyadic	0.5	sqrt_rooms	nested_max	300	199	0.16	0.1228535455840995	0.20574367484859174	0.255	0.504740452877489	0.017940914382132946	72.0	5.0	32.0	0.8093779046851923	0.5724768518518518	-0.009317946493722563	0.6449270584877006	0.8897312616432238	2.499838456359289
seed1	severely_unequal	dyadic	0.5	sqrt_rooms	standardized_max	300	199	0.19666666666666666	0.1556446341979055	0.24535876834498568	0.23249999999999998	0.504740452877489	0.017940914382132946	72.0	5.0	32.0	0.8093779046851923	0.5724768518518518	-0.009317946493722563	0.6449270584877006	0.8897312616432238	2.499838456359289
seed1	severely_unequal	dyadic	0.5	sqrt_rooms	cv_retrained	300	199	0.13666666666666666	0.10236514609208625	0.1801554129977505	0.365	0.504740452877489	0.017940914382132946	72.0	5.0	32.0	0.8093779046851923	0.5724768518518518	-0.009317946493722563	0.6449270584877006	0.8897312616432238	2.499838456359289
seed1	severely_unequal	dyadic	0.5	sqrt_rooms	cv_standardized	300	199	0.14666666666666667	0.11110518744033696	0.19116251222500888	0.305	0.5090607855234068	0.05486968144875461	72.0	5.0	32.0	0.8093779046851923	0.5724768518518518	-0.009317946493722563	0.6449270584877006	0.8897312616432238	2.499838456359289
seed1	severely_unequal	dyadic	0.5	room_equal	profile	300	199	0.16333333333333333	0.1258064331944026	0.20937316743012502	0.28	0.5046049995811176	0.015634671238678666	72.0	5.0	32.0	0.8093779046851923	0.5724768518518518	-0.009317946493722563	0.6449270584877006	0.8897312616432238	2.499838456359289
seed1	severely_unequal	dyadic	0.5	room_equal	mantel	300	199	0.21333333333333335	0.1707525956382275	0.2631627078638455	0.19	0.5046049995811176	0.015634671238678666	72.0	5.0	32.0	0.8093779046851923	0.5724768518518518	-0.009317946493722563	0.6449270584877006	0.8897312616432238	2.499838456359289
seed1	severely_unequal	dyadic	0.5	room_equal	nested_max	300	199	0.16	0.1228535455840995	0.20574367484859174	0.255	0.5046049995811176	0.015634671238678666	72.0	5.0	32.0	0.8093779046851923	0.5724768518518518	-0.009317946493722563	0.6449270584877006	0.8897312616432238	2.499838456359289
seed1	severely_unequal	dyadic	0.5	room_equal	standardized_max	300	199	0.19666666666666666	0.1556446341979055	0.24535876834498568	0.23249999999999998	0.5046049995811176	0.015634671238678666	72.0	5.0	32.0	0.8093779046851923	0.5724768518518518	-0.009317946493722563	0.6449270584877006	0.8897312616432238	2.499838456359289
seed1	severely_unequal	dyadic	0.5	room_equal	cv_retrained	300	199	0.14666666666666667	0.11110518744033696	0.19116251222500888	0.305	0.5046049995811176	0.015634671238678666	72.0	5.0	32.0	0.8093779046851923	0.5724768518518518	-0.009317946493722563	0.6449270584877006	0.8897312616432238	2.499838456359289
seed1	severely_unequal	dyadic	0.5	room_equal	cv_standardized	300	199	0.13666666666666666	0.10236514609208625	0.1801554129977505	0.3125	0.5089511758531733	0.05517733056336776	72.0	5.0	32.0	0.8093779046851923	0.5724768518518518	-0.009317946493722563	0.6449270584877006	0.8897312616432238	2.499838456359289
seed1	severely_unequal	dyadic	1.0	building_equal	profile	300	199	0.16333333333333333	0.1258064331944026	0.20937316743012502	0.28	0.5094843878795839	0.0420674967332943	72.0	5.0	32.0	0.8093779046851923	0.5724768518518518	-0.009317946493722563	0.6449270584877006	0.8897312616432238	2.499838456359289
seed1	severely_unequal	dyadic	1.0	building_equal	mantel	300	199	0.21333333333333335	0.1707525956382275	0.2631627078638455	0.19	0.5094843878795839	0.0420674967332943	72.0	5.0	32.0	0.8093779046851923	0.5724768518518518	-0.009317946493722563	0.6449270584877006	0.8897312616432238	2.499838456359289
seed1	severely_unequal	dyadic	1.0	building_equal	nested_max	300	199	0.16	0.1228535455840995	0.20574367484859174	0.255	0.5094843878795839	0.0420674967332943	72.0	5.0	32.0	0.8093779046851923	0.5724768518518518	-0.009317946493722563	0.6449270584877006	0.8897312616432238	2.499838456359289
seed1	severely_unequal	dyadic	1.0	building_equal	standardized_max	300	199	0.19666666666666666	0.1556446341979055	0.24535876834498568	0.23249999999999998	0.5094843878795839	0.0420674967332943	72.0	5.0	32.0	0.8093779046851923	0.5724768518518518	-0.009317946493722563	0.6449270584877006	0.8897312616432238	2.499838456359289
seed1	severely_unequal	dyadic	1.0	building_equal	cv_retrained	300	199	0.14	0.10527132693072412	0.18383161235094903	0.365	0.5094843878795839	0.0420674967332943	72.0	5.0	32.0	0.8093779046851923	0.5724768518518518	-0.009317946493722563	0.6449270584877006	0.8897312616432238	2.499838456359289
seed1	severely_unequal	dyadic	1.0	building_equal	cv_standardized	300	199	0.14333333333333334	0.1081847423238497	0.18750057714965976	0.355	0.517055099374655	0.10881975307543583	72.0	5.0	32.0	0.8093779046851923	0.5724768518518518	-0.009317946493722563	0.6449270584877006	0.8897312616432238	2.499838456359289
seed1	severely_unequal	dyadic	1.0	sqrt_rooms	profile	300	199	0.16333333333333333	0.1258064331944026	0.20937316743012502	0.28	0.509463265222525	0.03569247419495748	72.0	5.0	32.0	0.8093779046851923	0.5724768518518518	-0.009317946493722563	0.6449270584877006	0.8897312616432238	2.499838456359289
seed1	severely_unequal	dyadic	1.0	sqrt_rooms	mantel	300	199	0.21333333333333335	0.1707525956382275	0.2631627078638455	0.19	0.509463265222525	0.03569247419495748	72.0	5.0	32.0	0.8093779046851923	0.5724768518518518	-0.009317946493722563	0.6449270584877006	0.8897312616432238	2.499838456359289
seed1	severely_unequal	dyadic	1.0	sqrt_rooms	nested_max	300	199	0.16	0.1228535455840995	0.20574367484859174	0.255	0.509463265222525	0.03569247419495748	72.0	5.0	32.0	0.8093779046851923	0.5724768518518518	-0.009317946493722563	0.6449270584877006	0.8897312616432238	2.499838456359289
seed1	severely_unequal	dyadic	1.0	sqrt_rooms	standardized_max	300	199	0.19666666666666666	0.1556446341979055	0.24535876834498568	0.23249999999999998	0.509463265222525	0.03569247419495748	72.0	5.0	32.0	0.8093779046851923	0.5724768518518518	-0.009317946493722563	0.6449270584877006	0.8897312616432238	2.499838456359289
seed1	severely_unequal	dyadic	1.0	sqrt_rooms	cv_retrained	300	199	0.14666666666666667	0.11110518744033696	0.19116251222500888	0.3675	0.509463265222525	0.03569247419495748	72.0	5.0	32.0	0.8093779046851923	0.5724768518518518	-0.009317946493722563	0.6449270584877006	0.8897312616432238	2.499838456359289
seed1	severely_unequal	dyadic	1.0	sqrt_rooms	cv_standardized	300	199	0.15333333333333332	0.11696640299091687	0.19846605705810166	0.3025	0.5179479683422269	0.1048300034097716	72.0	5.0	32.0	0.8093779046851923	0.5724768518518518	-0.009317946493722563	0.6449270584877006	0.8897312616432238	2.499838456359289
seed1	severely_unequal	dyadic	1.0	room_equal	profile	300	199	0.16333333333333333	0.1258064331944026	0.20937316743012502	0.28	0.509188665493138	0.03113651799317898	72.0	5.0	32.0	0.8093779046851923	0.5724768518518518	-0.009317946493722563	0.6449270584877006	0.8897312616432238	2.499838456359289
seed1	severely_unequal	dyadic	1.0	room_equal	mantel	300	199	0.21333333333333335	0.1707525956382275	0.2631627078638455	0.19	0.509188665493138	0.03113651799317898	72.0	5.0	32.0	0.8093779046851923	0.5724768518518518	-0.009317946493722563	0.6449270584877006	0.8897312616432238	2.499838456359289
seed1	severely_unequal	dyadic	1.0	room_equal	nested_max	300	199	0.16	0.1228535455840995	0.20574367484859174	0.255	0.509188665493138	0.03113651799317898	72.0	5.0	32.0	0.8093779046851923	0.5724768518518518	-0.009317946493722563	0.6449270584877006	0.8897312616432238	2.499838456359289
seed1	severely_unequal	dyadic	1.0	room_equal	standardized_max	300	199	0.19666666666666666	0.1556446341979055	0.24535876834498568	0.23249999999999998	0.509188665493138	0.03113651799317898	72.0	5.0	32.0	0.8093779046851923	0.5724768518518518	-0.009317946493722563	0.6449270584877006	0.8897312616432238	2.499838456359289
seed1	severely_unequal	dyadic	1.0	room_equal	cv_retrained	300	199	0.16	0.1228535455840995	0.20574367484859174	0.3	0.509188665493138	0.03113651799317898	72.0	5.0	32.0	0.8093779046851923	0.5724768518518518	-0.009317946493722563	0.6449270584877006	0.8897312616432238	2.499838456359289
seed1	severely_unequal	dyadic	1.0	room_equal	cv_standardized	300	199	0.13666666666666666	0.10236514609208625	0.1801554129977505	0.31	0.5176484209741603	0.10484291253816716	72.0	5.0	32.0	0.8093779046851923	0.5724768518518518	-0.009317946493722563	0.6449270584877006	0.8897312616432238	2.499838456359289
seed1	severely_unequal	dyadic	2.0	building_equal	profile	300	199	0.16333333333333333	0.1258064331944026	0.20937316743012502	0.28	0.5189071323970781	0.08185317082281576	72.0	5.0	32.0	0.8093779046851923	0.5724768518518518	-0.009317946493722563	0.6449270584877006	0.8897312616432238	2.499838456359289
seed1	severely_unequal	dyadic	2.0	building_equal	mantel	300	199	0.21333333333333335	0.1707525956382275	0.2631627078638455	0.19	0.5189071323970781	0.08185317082281576	72.0	5.0	32.0	0.8093779046851923	0.5724768518518518	-0.009317946493722563	0.6449270584877006	0.8897312616432238	2.499838456359289
seed1	severely_unequal	dyadic	2.0	building_equal	nested_max	300	199	0.16	0.1228535455840995	0.20574367484859174	0.255	0.5189071323970781	0.08185317082281576	72.0	5.0	32.0	0.8093779046851923	0.5724768518518518	-0.009317946493722563	0.6449270584877006	0.8897312616432238	2.499838456359289
seed1	severely_unequal	dyadic	2.0	building_equal	standardized_max	300	199	0.19666666666666666	0.1556446341979055	0.24535876834498568	0.23249999999999998	0.5189071323970781	0.08185317082281576	72.0	5.0	32.0	0.8093779046851923	0.5724768518518518	-0.009317946493722563	0.6449270584877006	0.8897312616432238	2.499838456359289
seed1	severely_unequal	dyadic	2.0	building_equal	cv_retrained	300	199	0.15	0.11403246871185316	0.194817611145329	0.3725	0.5189071323970781	0.08185317082281576	72.0	5.0	32.0	0.8093779046851923	0.5724768518518518	-0.009317946493722563	0.6449270584877006	0.8897312616432238	2.499838456359289
seed1	severely_unequal	dyadic	2.0	building_equal	cv_standardized	300	199	0.15333333333333332	0.11696640299091687	0.19846605705810166	0.3675	0.5333066544622701	0.18879838431462326	72.0	5.0	32.0	0.8093779046851923	0.5724768518518518	-0.009317946493722563	0.6449270584877006	0.8897312616432238	2.499838456359289
seed1	severely_unequal	dyadic	2.0	sqrt_rooms	profile	300	199	0.16333333333333333	0.1258064331944026	0.20937316743012502	0.28	0.5187824552271455	0.06995433408797894	72.0	5.0	32.0	0.8093779046851923	0.5724768518518518	-0.009317946493722563	0.6449270584877006	0.8897312616432238	2.499838456359289
seed1	severely_unequal	dyadic	2.0	sqrt_rooms	mantel	300	199	0.21333333333333335	0.1707525956382275	0.2631627078638455	0.19	0.5187824552271455	0.06995433408797894	72.0	5.0	32.0	0.8093779046851923	0.5724768518518518	-0.009317946493722563	0.6449270584877006	0.8897312616432238	2.499838456359289
seed1	severely_unequal	dyadic	2.0	sqrt_rooms	nested_max	300	199	0.16	0.1228535455840995	0.20574367484859174	0.255	0.5187824552271455	0.06995433408797894	72.0	5.0	32.0	0.8093779046851923	0.5724768518518518	-0.009317946493722563	0.6449270584877006	0.8897312616432238	2.499838456359289
seed1	severely_unequal	dyadic	2.0	sqrt_rooms	standardized_max	300	199	0.19666666666666666	0.1556446341979055	0.24535876834498568	0.23249999999999998	0.5187824552271455	0.06995433408797894	72.0	5.0	32.0	0.8093779046851923	0.5724768518518518	-0.009317946493722563	0.6449270584877006	0.8897312616432238	2.499838456359289
seed1	severely_unequal	dyadic	2.0	sqrt_rooms	cv_retrained	300	199	0.14666666666666667	0.11110518744033696	0.19116251222500888	0.365	0.5187824552271455	0.06995433408797894	72.0	5.0	32.0	0.8093779046851923	0.5724768518518518	-0.009317946493722563	0.6449270584877006	0.8897312616432238	2.499838456359289
seed1	severely_unequal	dyadic	2.0	sqrt_rooms	cv_standardized	300	199	0.15333333333333332	0.11696640299091687	0.19846605705810166	0.32	0.5342823007099841	0.1825671738009052	72.0	5.0	32.0	0.8093779046851923	0.5724768518518518	-0.009317946493722563	0.6449270584877006	0.8897312616432238	2.499838456359289
seed1	severely_unequal	dyadic	2.0	room_equal	profile	300	199	0.16333333333333333	0.1258064331944026	0.20937316743012502	0.28	0.5182096666001661	0.061254231433064674	72.0	5.0	32.0	0.8093779046851923	0.5724768518518518	-0.009317946493722563	0.6449270584877006	0.8897312616432238	2.499838456359289
seed1	severely_unequal	dyadic	2.0	room_equal	mantel	300	199	0.21333333333333335	0.1707525956382275	0.2631627078638455	0.19	0.5182096666001661	0.061254231433064674	72.0	5.0	32.0	0.8093779046851923	0.5724768518518518	-0.009317946493722563	0.6449270584877006	0.8897312616432238	2.499838456359289
seed1	severely_unequal	dyadic	2.0	room_equal	nested_max	300	199	0.16	0.1228535455840995	0.20574367484859174	0.255	0.5182096666001661	0.061254231433064674	72.0	5.0	32.0	0.8093779046851923	0.5724768518518518	-0.009317946493722563	0.6449270584877006	0.8897312616432238	2.499838456359289
seed1	severely_unequal	dyadic	2.0	room_equal	standardized_max	300	199	0.19666666666666666	0.1556446341979055	0.24535876834498568	0.23249999999999998	0.5182096666001661	0.061254231433064674	72.0	5.0	32.0	0.8093779046851923	0.5724768518518518	-0.009317946493722563	0.6449270584877006	0.8897312616432238	2.499838456359289
seed1	severely_unequal	dyadic	2.0	room_equal	cv_retrained	300	199	0.15333333333333332	0.11696640299091687	0.19846605705810166	0.3075	0.5182096666001661	0.061254231433064674	72.0	5.0	32.0	0.8093779046851923	0.5724768518518518	-0.009317946493722563	0.6449270584877006	0.8897312616432238	2.499838456359289
seed1	severely_unequal	dyadic	2.0	room_equal	cv_standardized	300	199	0.14333333333333334	0.1081847423238497	0.18750057714965976	0.3225	0.5330828393515454	0.18042206901173755	72.0	5.0	32.0	0.8093779046851923	0.5724768518518518	-0.009317946493722563	0.6449270584877006	0.8897312616432238	2.499838456359289
seed1	severely_unequal	dyadic	4.0	building_equal	profile	300	199	0.16333333333333333	0.1258064331944026	0.20937316743012502	0.28	0.536933112745959	0.14963516904909013	72.0	5.0	32.0	0.8093779046851923	0.5724768518518518	-0.009317946493722563	0.6449270584877006	0.8897312616432238	2.499838456359289
seed1	severely_unequal	dyadic	4.0	building_equal	mantel	300	199	0.21333333333333335	0.1707525956382275	0.2631627078638455	0.19	0.536933112745959	0.14963516904909013	72.0	5.0	32.0	0.8093779046851923	0.5724768518518518	-0.009317946493722563	0.6449270584877006	0.8897312616432238	2.499838456359289
seed1	severely_unequal	dyadic	4.0	building_equal	nested_max	300	199	0.16	0.1228535455840995	0.20574367484859174	0.255	0.536933112745959	0.14963516904909013	72.0	5.0	32.0	0.8093779046851923	0.5724768518518518	-0.009317946493722563	0.6449270584877006	0.8897312616432238	2.499838456359289
seed1	severely_unequal	dyadic	4.0	building_equal	standardized_max	300	199	0.19666666666666666	0.1556446341979055	0.24535876834498568	0.23249999999999998	0.536933112745959	0.14963516904909013	72.0	5.0	32.0	0.8093779046851923	0.5724768518518518	-0.009317946493722563	0.6449270584877006	0.8897312616432238	2.499838456359289
seed1	severely_unequal	dyadic	4.0	building_equal	cv_retrained	300	199	0.13	0.09657536941275233	0.17278042929341172	0.38	0.536933112745959	0.14963516904909013	72.0	5.0	32.0	0.8093779046851923	0.5724768518518518	-0.009317946493722563	0.6449270584877006	0.8897312616432238	2.499838456359289
seed1	severely_unequal	dyadic	4.0	building_equal	cv_standardized	300	199	0.13	0.09657536941275233	0.17278042929341172	0.3725	0.5571433130653005	0.2779660418827251	72.0	5.0	32.0	0.8093779046851923	0.5724768518518518	-0.009317946493722563	0.6449270584877006	0.8897312616432238	2.499838456359289
seed1	severely_unequal	dyadic	4.0	sqrt_rooms	profile	300	199	0.16333333333333333	0.1258064331944026	0.20937316743012502	0.28	0.536387350218612	0.1304750268812833	72.0	5.0	32.0	0.8093779046851923	0.5724768518518518	-0.009317946493722563	0.6449270584877006	0.8897312616432238	2.499838456359289
seed1	severely_unequal	dyadic	4.0	sqrt_rooms	mantel	300	199	0.21333333333333335	0.1707525956382275	0.2631627078638455	0.19	0.536387350218612	0.1304750268812833	72.0	5.0	32.0	0.8093779046851923	0.5724768518518518	-0.009317946493722563	0.6449270584877006	0.8897312616432238	2.499838456359289
seed1	severely_unequal	dyadic	4.0	sqrt_rooms	nested_max	300	199	0.16	0.1228535455840995	0.20574367484859174	0.255	0.536387350218612	0.1304750268812833	72.0	5.0	32.0	0.8093779046851923	0.5724768518518518	-0.009317946493722563	0.6449270584877006	0.8897312616432238	2.499838456359289
seed1	severely_unequal	dyadic	4.0	sqrt_rooms	standardized_max	300	199	0.19666666666666666	0.1556446341979055	0.24535876834498568	0.23249999999999998	0.536387350218612	0.1304750268812833	72.0	5.0	32.0	0.8093779046851923	0.5724768518518518	-0.009317946493722563	0.6449270584877006	0.8897312616432238	2.499838456359289
seed1	severely_unequal	dyadic	4.0	sqrt_rooms	cv_retrained	300	199	0.15333333333333332	0.11696640299091687	0.19846605705810166	0.3675	0.536387350218612	0.1304750268812833	72.0	5.0	32.0	0.8093779046851923	0.5724768518518518	-0.009317946493722563	0.6449270584877006	0.8897312616432238	2.499838456359289
seed1	severely_unequal	dyadic	4.0	sqrt_rooms	cv_standardized	300	199	0.14666666666666667	0.11110518744033696	0.19116251222500888	0.335	0.5577596625521759	0.2695763913178121	72.0	5.0	32.0	0.8093779046851923	0.5724768518518518	-0.009317946493722563	0.6449270584877006	0.8897312616432238	2.499838456359289
seed1	severely_unequal	dyadic	4.0	room_equal	profile	300	199	0.16333333333333333	0.1258064331944026	0.20937316743012502	0.28	0.5351709241957204	0.11550366369720161	72.0	5.0	32.0	0.8093779046851923	0.5724768518518518	-0.009317946493722563	0.6449270584877006	0.8897312616432238	2.499838456359289
seed1	severely_unequal	dyadic	4.0	room_equal	mantel	300	199	0.21333333333333335	0.1707525956382275	0.2631627078638455	0.19	0.5351709241957204	0.11550366369720161	72.0	5.0	32.0	0.8093779046851923	0.5724768518518518	-0.009317946493722563	0.6449270584877006	0.8897312616432238	2.499838456359289
seed1	severely_unequal	dyadic	4.0	room_equal	nested_max	300	199	0.16	0.1228535455840995	0.20574367484859174	0.255	0.5351709241957204	0.11550366369720161	72.0	5.0	32.0	0.8093779046851923	0.5724768518518518	-0.009317946493722563	0.6449270584877006	0.8897312616432238	2.499838456359289
seed1	severely_unequal	dyadic	4.0	room_equal	standardized_max	300	199	0.19666666666666666	0.1556446341979055	0.24535876834498568	0.23249999999999998	0.5351709241957204	0.11550366369720161	72.0	5.0	32.0	0.8093779046851923	0.5724768518518518	-0.009317946493722563	0.6449270584877006	0.8897312616432238	2.499838456359289
seed1	severely_unequal	dyadic	4.0	room_equal	cv_retrained	300	199	0.14333333333333334	0.1081847423238497	0.18750057714965976	0.32	0.5351709241957204	0.11550366369720161	72.0	5.0	32.0	0.8093779046851923	0.5724768518518518	-0.009317946493722563	0.6449270584877006	0.8897312616432238	2.499838456359289
seed1	severely_unequal	dyadic	4.0	room_equal	cv_standardized	300	199	0.14	0.10527132693072412	0.18383161235094903	0.3375	0.5535677676198237	0.26211912282105854	72.0	5.0	32.0	0.8093779046851923	0.5724768518518518	-0.009317946493722563	0.6449270584877006	0.8897312616432238	2.499838456359289
seed1	severely_unequal	dyadic	8.0	building_equal	profile	300	199	0.16333333333333333	0.1258064331944026	0.20937316743012502	0.28	0.5656180029440903	0.23801797262730504	72.0	5.0	32.0	0.8093779046851923	0.5724768518518518	-0.009317946493722563	0.6449270584877006	0.8897312616432238	2.499838456359289
seed1	severely_unequal	dyadic	8.0	building_equal	mantel	300	199	0.21333333333333335	0.1707525956382275	0.2631627078638455	0.19	0.5656180029440903	0.23801797262730504	72.0	5.0	32.0	0.8093779046851923	0.5724768518518518	-0.009317946493722563	0.6449270584877006	0.8897312616432238	2.499838456359289
seed1	severely_unequal	dyadic	8.0	building_equal	nested_max	300	199	0.16	0.1228535455840995	0.20574367484859174	0.255	0.5656180029440903	0.23801797262730504	72.0	5.0	32.0	0.8093779046851923	0.5724768518518518	-0.009317946493722563	0.6449270584877006	0.8897312616432238	2.499838456359289
seed1	severely_unequal	dyadic	8.0	building_equal	standardized_max	300	199	0.19666666666666666	0.1556446341979055	0.24535876834498568	0.23249999999999998	0.5656180029440903	0.23801797262730504	72.0	5.0	32.0	0.8093779046851923	0.5724768518518518	-0.009317946493722563	0.6449270584877006	0.8897312616432238	2.499838456359289
seed1	severely_unequal	dyadic	8.0	building_equal	cv_retrained	300	199	0.12	0.0879508443036389	0.16165781382701605	0.3675	0.5656180029440903	0.23801797262730504	72.0	5.0	32.0	0.8093779046851923	0.5724768518518518	-0.009317946493722563	0.6449270584877006	0.8897312616432238	2.499838456359289
seed1	severely_unequal	dyadic	8.0	building_equal	cv_standardized	300	199	0.13	0.09657536941275233	0.17278042929341172	0.4025	0.5774851896221124	0.34330489354163723	72.0	5.0	32.0	0.8093779046851923	0.5724768518518518	-0.009317946493722563	0.6449270584877006	0.8897312616432238	2.499838456359289
seed1	severely_unequal	dyadic	8.0	sqrt_rooms	profile	300	199	0.16333333333333333	0.1258064331944026	0.20937316743012502	0.28	0.5646978723416227	0.2157313218056168	72.0	5.0	32.0	0.8093779046851923	0.5724768518518518	-0.009317946493722563	0.6449270584877006	0.8897312616432238	2.499838456359289
seed1	severely_unequal	dyadic	8.0	sqrt_rooms	mantel	300	199	0.21333333333333335	0.1707525956382275	0.2631627078638455	0.19	0.5646978723416227	0.2157313218056168	72.0	5.0	32.0	0.8093779046851923	0.5724768518518518	-0.009317946493722563	0.6449270584877006	0.8897312616432238	2.499838456359289
seed1	severely_unequal	dyadic	8.0	sqrt_rooms	nested_max	300	199	0.16	0.1228535455840995	0.20574367484859174	0.255	0.5646978723416227	0.2157313218056168	72.0	5.0	32.0	0.8093779046851923	0.5724768518518518	-0.009317946493722563	0.6449270584877006	0.8897312616432238	2.499838456359289
seed1	severely_unequal	dyadic	8.0	sqrt_rooms	standardized_max	300	199	0.19666666666666666	0.1556446341979055	0.24535876834498568	0.23249999999999998	0.5646978723416227	0.2157313218056168	72.0	5.0	32.0	0.8093779046851923	0.5724768518518518	-0.009317946493722563	0.6449270584877006	0.8897312616432238	2.499838456359289
seed1	severely_unequal	dyadic	8.0	sqrt_rooms	cv_retrained	300	199	0.13666666666666666	0.10236514609208625	0.1801554129977505	0.3675	0.5646978723416227	0.2157313218056168	72.0	5.0	32.0	0.8093779046851923	0.5724768518518518	-0.009317946493722563	0.6449270584877006	0.8897312616432238	2.499838456359289
seed1	severely_unequal	dyadic	8.0	sqrt_rooms	cv_standardized	300	199	0.14333333333333334	0.1081847423238497	0.18750057714965976	0.34	0.5785873979235013	0.3333243861974503	72.0	5.0	32.0	0.8093779046851923	0.5724768518518518	-0.009317946493722563	0.6449270584877006	0.8897312616432238	2.499838456359289
seed1	severely_unequal	dyadic	8.0	room_equal	profile	300	199	0.16333333333333333	0.1258064331944026	0.20937316743012502	0.28	0.5626659099354657	0.19510242860151042	72.0	5.0	32.0	0.8093779046851923	0.5724768518518518	-0.009317946493722563	0.6449270584877006	0.8897312616432238	2.499838456359289
seed1	severely_unequal	dyadic	8.0	room_equal	mantel	300	199	0.21333333333333335	0.1707525956382275	0.2631627078638455	0.19	0.5626659099354657	0.19510242860151042	72.0	5.0	32.0	0.8093779046851923	0.5724768518518518	-0.009317946493722563	0.6449270584877006	0.8897312616432238	2.499838456359289
seed1	severely_unequal	dyadic	8.0	room_equal	nested_max	300	199	0.16	0.1228535455840995	0.20574367484859174	0.255	0.5626659099354657	0.19510242860151042	72.0	5.0	32.0	0.8093779046851923	0.5724768518518518	-0.009317946493722563	0.6449270584877006	0.8897312616432238	2.499838456359289
seed1	severely_unequal	dyadic	8.0	room_equal	standardized_max	300	199	0.19666666666666666	0.1556446341979055	0.24535876834498568	0.23249999999999998	0.5626659099354657	0.19510242860151042	72.0	5.0	32.0	0.8093779046851923	0.5724768518518518	-0.009317946493722563	0.6449270584877006	0.8897312616432238	2.499838456359289
seed1	severely_unequal	dyadic	8.0	room_equal	cv_retrained	300	199	0.14333333333333334	0.1081847423238497	0.18750057714965976	0.3275	0.5626659099354657	0.19510242860151042	72.0	5.0	32.0	0.8093779046851923	0.5724768518518518	-0.009317946493722563	0.6449270584877006	0.8897312616432238	2.499838456359289
seed1	severely_unequal	dyadic	8.0	room_equal	cv_standardized	300	199	0.14	0.10527132693072412	0.18383161235094903	0.33	0.5697886837720224	0.3205945584263631	72.0	5.0	32.0	0.8093779046851923	0.5724768518518518	-0.009317946493722563	0.6449270584877006	0.8897312616432238	2.499838456359289
seed1	severely_unequal	dyadic	16.0	building_equal	profile	300	199	0.16333333333333333	0.1258064331944026	0.20937316743012502	0.28	0.5946336198439527	0.31322106248804915	72.0	5.0	32.0	0.8093779046851923	0.5724768518518518	-0.009317946493722563	0.6449270584877006	0.8897312616432238	2.499838456359289
seed1	severely_unequal	dyadic	16.0	building_equal	mantel	300	199	0.21333333333333335	0.1707525956382275	0.2631627078638455	0.19	0.5946336198439527	0.31322106248804915	72.0	5.0	32.0	0.8093779046851923	0.5724768518518518	-0.009317946493722563	0.6449270584877006	0.8897312616432238	2.499838456359289
seed1	severely_unequal	dyadic	16.0	building_equal	nested_max	300	199	0.16	0.1228535455840995	0.20574367484859174	0.255	0.5946336198439527	0.31322106248804915	72.0	5.0	32.0	0.8093779046851923	0.5724768518518518	-0.009317946493722563	0.6449270584877006	0.8897312616432238	2.499838456359289
seed1	severely_unequal	dyadic	16.0	building_equal	standardized_max	300	199	0.19666666666666666	0.1556446341979055	0.24535876834498568	0.23249999999999998	0.5946336198439527	0.31322106248804915	72.0	5.0	32.0	0.8093779046851923	0.5724768518518518	-0.009317946493722563	0.6449270584877006	0.8897312616432238	2.499838456359289
seed1	severely_unequal	dyadic	16.0	building_equal	cv_retrained	300	199	0.12666666666666668	0.09369224846506602	0.16908117004926165	0.3875	0.5946336198439527	0.31322106248804915	72.0	5.0	32.0	0.8093779046851923	0.5724768518518518	-0.009317946493722563	0.6449270584877006	0.8897312616432238	2.499838456359289
seed1	severely_unequal	dyadic	16.0	building_equal	cv_standardized	300	199	0.13	0.09657536941275233	0.17278042929341172	0.3975	0.5870661650512937	0.37636302427724383	72.0	5.0	32.0	0.8093779046851923	0.5724768518518518	-0.009317946493722563	0.6449270584877006	0.8897312616432238	2.499838456359289
seed1	severely_unequal	dyadic	16.0	sqrt_rooms	profile	300	199	0.16333333333333333	0.1258064331944026	0.20937316743012502	0.28	0.5957643510856099	0.29778129710834045	72.0	5.0	32.0	0.8093779046851923	0.5724768518518518	-0.009317946493722563	0.6449270584877006	0.8897312616432238	2.499838456359289
seed1	severely_unequal	dyadic	16.0	sqrt_rooms	mantel	300	199	0.21333333333333335	0.1707525956382275	0.2631627078638455	0.19	0.5957643510856099	0.29778129710834045	72.0	5.0	32.0	0.8093779046851923	0.5724768518518518	-0.009317946493722563	0.6449270584877006	0.8897312616432238	2.499838456359289
seed1	severely_unequal	dyadic	16.0	sqrt_rooms	nested_max	300	199	0.16	0.1228535455840995	0.20574367484859174	0.255	0.5957643510856099	0.29778129710834045	72.0	5.0	32.0	0.8093779046851923	0.5724768518518518	-0.009317946493722563	0.6449270584877006	0.8897312616432238	2.499838456359289
seed1	severely_unequal	dyadic	16.0	sqrt_rooms	standardized_max	300	199	0.19666666666666666	0.1556446341979055	0.24535876834498568	0.23249999999999998	0.5957643510856099	0.29778129710834045	72.0	5.0	32.0	0.8093779046851923	0.5724768518518518	-0.009317946493722563	0.6449270584877006	0.8897312616432238	2.499838456359289
seed1	severely_unequal	dyadic	16.0	sqrt_rooms	cv_retrained	300	199	0.14333333333333334	0.1081847423238497	0.18750057714965976	0.3725	0.5957643510856099	0.29778129710834045	72.0	5.0	32.0	0.8093779046851923	0.5724768518518518	-0.009317946493722563	0.6449270584877006	0.8897312616432238	2.499838456359289
seed1	severely_unequal	dyadic	16.0	sqrt_rooms	cv_standardized	300	199	0.13666666666666666	0.10236514609208625	0.1801554129977505	0.355	0.5889867625366213	0.3659424081650023	72.0	5.0	32.0	0.8093779046851923	0.5724768518518518	-0.009317946493722563	0.6449270584877006	0.8897312616432238	2.499838456359289
seed1	severely_unequal	dyadic	16.0	room_equal	profile	300	199	0.16333333333333333	0.1258064331944026	0.20937316743012502	0.28	0.5947341967424322	0.2775025993771209	72.0	5.0	32.0	0.8093779046851923	0.5724768518518518	-0.009317946493722563	0.6449270584877006	0.8897312616432238	2.499838456359289
seed1	severely_unequal	dyadic	16.0	room_equal	mantel	300	199	0.21333333333333335	0.1707525956382275	0.2631627078638455	0.19	0.5947341967424322	0.2775025993771209	72.0	5.0	32.0	0.8093779046851923	0.5724768518518518	-0.009317946493722563	0.6449270584877006	0.8897312616432238	2.499838456359289
seed1	severely_unequal	dyadic	16.0	room_equal	nested_max	300	199	0.16	0.1228535455840995	0.20574367484859174	0.255	0.5947341967424322	0.2775025993771209	72.0	5.0	32.0	0.8093779046851923	0.5724768518518518	-0.009317946493722563	0.6449270584877006	0.8897312616432238	2.499838456359289
seed1	severely_unequal	dyadic	16.0	room_equal	standardized_max	300	199	0.19666666666666666	0.1556446341979055	0.24535876834498568	0.23249999999999998	0.5947341967424322	0.2775025993771209	72.0	5.0	32.0	0.8093779046851923	0.5724768518518518	-0.009317946493722563	0.6449270584877006	0.8897312616432238	2.499838456359289
seed1	severely_unequal	dyadic	16.0	room_equal	cv_retrained	300	199	0.13	0.09657536941275233	0.17278042929341172	0.32	0.5947341967424322	0.2775025993771209	72.0	5.0	32.0	0.8093779046851923	0.5724768518518518	-0.009317946493722563	0.6449270584877006	0.8897312616432238	2.499838456359289
seed1	severely_unequal	dyadic	16.0	room_equal	cv_standardized	300	199	0.12333333333333334	0.09081731429366795	0.1653737240288234	0.3275	0.5772821835057682	0.3521540468208681	72.0	5.0	32.0	0.8093779046851923	0.5724768518518518	-0.009317946493722563	0.6449270584877006	0.8897312616432238	2.499838456359289
seed1	severely_unequal	mixed_covariate	0.0	building_equal	profile	300	199	0.44666666666666666	0.39143715496049114	0.503244761970127	0.065	0.4999999999999999	5.551115123125783e-17	72.0	5.0	32.0	0.8093779046851923	0.5661805555555556	0.46567211321376684	0.43823388354556203	0.8928005903731219	2.499838456359289
seed1	severely_unequal	mixed_covariate	0.0	building_equal	mantel	300	199	0.47	0.4142588116594049	0.5264997666140677	0.055	0.4999999999999999	5.551115123125783e-17	72.0	5.0	32.0	0.8093779046851923	0.5661805555555556	0.46567211321376684	0.43823388354556203	0.8928005903731219	2.499838456359289
seed1	severely_unequal	mixed_covariate	0.0	building_equal	nested_max	300	199	0.44666666666666666	0.39143715496049114	0.503244761970127	0.06	0.4999999999999999	5.551115123125783e-17	72.0	5.0	32.0	0.8093779046851923	0.5661805555555556	0.46567211321376684	0.43823388354556203	0.8928005903731219	2.499838456359289
seed1	severely_unequal	mixed_covariate	0.0	building_equal	standardized_max	300	199	0.48333333333333334	0.4273544128335898	0.5397336862072283	0.052500000000000005	0.4999999999999999	5.551115123125783e-17	72.0	5.0	32.0	0.8093779046851923	0.5661805555555556	0.46567211321376684	0.43823388354556203	0.8928005903731219	2.499838456359289
seed1	severely_unequal	mixed_covariate	0.0	building_equal	cv_retrained	300	199	0.19333333333333333	0.15263726685545376	0.2417837554956011	0.1875	0.4999999999999999	5.551115123125783e-17	72.0	5.0	32.0	0.8093779046851923	0.5661805555555556	0.46567211321376684	0.43823388354556203	0.8928005903731219	2.499838456359289
seed1	severely_unequal	mixed_covariate	0.0	building_equal	cv_standardized	300	199	0.33	0.2792344636154957	0.3850641466008499	0.105	0.4999999999999999	5.551115123125783e-17	72.0	5.0	32.0	0.8093779046851923	0.5661805555555556	0.46567211321376684	0.43823388354556203	0.8928005903731219	2.499838456359289
seed1	severely_unequal	mixed_covariate	0.0	sqrt_rooms	profile	300	199	0.44666666666666666	0.39143715496049114	0.503244761970127	0.065	0.5	0.0	72.0	5.0	32.0	0.8093779046851923	0.5661805555555556	0.46567211321376684	0.43823388354556203	0.8928005903731219	2.499838456359289
seed1	severely_unequal	mixed_covariate	0.0	sqrt_rooms	mantel	300	199	0.47	0.4142588116594049	0.5264997666140677	0.055	0.5	0.0	72.0	5.0	32.0	0.8093779046851923	0.5661805555555556	0.46567211321376684	0.43823388354556203	0.8928005903731219	2.499838456359289
seed1	severely_unequal	mixed_covariate	0.0	sqrt_rooms	nested_max	300	199	0.44666666666666666	0.39143715496049114	0.503244761970127	0.06	0.5	0.0	72.0	5.0	32.0	0.8093779046851923	0.5661805555555556	0.46567211321376684	0.43823388354556203	0.8928005903731219	2.499838456359289
seed1	severely_unequal	mixed_covariate	0.0	sqrt_rooms	standardized_max	300	199	0.48333333333333334	0.4273544128335898	0.5397336862072283	0.052500000000000005	0.5	0.0	72.0	5.0	32.0	0.8093779046851923	0.5661805555555556	0.46567211321376684	0.43823388354556203	0.8928005903731219	2.499838456359289
seed1	severely_unequal	mixed_covariate	0.0	sqrt_rooms	cv_retrained	300	199	0.30333333333333334	0.2540711301237818	0.3575684385578729	0.115	0.5	0.0	72.0	5.0	32.0	0.8093779046851923	0.5661805555555556	0.46567211321376684	0.43823388354556203	0.8928005903731219	2.499838456359289
seed1	severely_unequal	mixed_covariate	0.0	sqrt_rooms	cv_standardized	300	199	0.4266666666666667	0.3719735758386311	0.4832140599409689	0.0625	0.5	0.0	72.0	5.0	32.0	0.8093779046851923	0.5661805555555556	0.46567211321376684	0.43823388354556203	0.8928005903731219	2.499838456359289
seed1	severely_unequal	mixed_covariate	0.0	room_equal	profile	300	199	0.44666666666666666	0.39143715496049114	0.503244761970127	0.065	0.5	0.0	72.0	5.0	32.0	0.8093779046851923	0.5661805555555556	0.46567211321376684	0.43823388354556203	0.8928005903731219	2.499838456359289
seed1	severely_unequal	mixed_covariate	0.0	room_equal	mantel	300	199	0.47	0.4142588116594049	0.5264997666140677	0.055	0.5	0.0	72.0	5.0	32.0	0.8093779046851923	0.5661805555555556	0.46567211321376684	0.43823388354556203	0.8928005903731219	2.499838456359289
seed1	severely_unequal	mixed_covariate	0.0	room_equal	nested_max	300	199	0.44666666666666666	0.39143715496049114	0.503244761970127	0.06	0.5	0.0	72.0	5.0	32.0	0.8093779046851923	0.5661805555555556	0.46567211321376684	0.43823388354556203	0.8928005903731219	2.499838456359289
seed1	severely_unequal	mixed_covariate	0.0	room_equal	standardized_max	300	199	0.48333333333333334	0.4273544128335898	0.5397336862072283	0.052500000000000005	0.5	0.0	72.0	5.0	32.0	0.8093779046851923	0.5661805555555556	0.46567211321376684	0.43823388354556203	0.8928005903731219	2.499838456359289
seed1	severely_unequal	mixed_covariate	0.0	room_equal	cv_retrained	300	199	0.4166666666666667	0.3622760916643604	0.4731644035397305	0.065	0.5	0.0	72.0	5.0	32.0	0.8093779046851923	0.5661805555555556	0.46567211321376684	0.43823388354556203	0.8928005903731219	2.499838456359289
seed1	severely_unequal	mixed_covariate	0.0	room_equal	cv_standardized	300	199	0.47333333333333333	0.4175289979894712	0.5298119604758378	0.055	0.5	0.0	72.0	5.0	32.0	0.8093779046851923	0.5661805555555556	0.46567211321376684	0.43823388354556203	0.8928005903731219	2.499838456359289
seed1	severely_unequal	mixed_covariate	0.1	building_equal	profile	300	199	0.44666666666666666	0.39143715496049114	0.503244761970127	0.065	0.5013711323461524	0.0041250021830035455	72.0	5.0	32.0	0.8093779046851923	0.5661805555555556	0.46567211321376684	0.43823388354556203	0.8928005903731219	2.499838456359289
seed1	severely_unequal	mixed_covariate	0.1	building_equal	mantel	300	199	0.47	0.4142588116594049	0.5264997666140677	0.055	0.5013711323461524	0.0041250021830035455	72.0	5.0	32.0	0.8093779046851923	0.5661805555555556	0.46567211321376684	0.43823388354556203	0.8928005903731219	2.499838456359289
seed1	severely_unequal	mixed_covariate	0.1	building_equal	nested_max	300	199	0.44666666666666666	0.39143715496049114	0.503244761970127	0.06	0.5013711323461524	0.0041250021830035455	72.0	5.0	32.0	0.8093779046851923	0.5661805555555556	0.46567211321376684	0.43823388354556203	0.8928005903731219	2.499838456359289
seed1	severely_unequal	mixed_covariate	0.1	building_equal	standardized_max	300	199	0.48333333333333334	0.4273544128335898	0.5397336862072283	0.052500000000000005	0.5013711323461524	0.0041250021830035455	72.0	5.0	32.0	0.8093779046851923	0.5661805555555556	0.46567211321376684	0.43823388354556203	0.8928005903731219	2.499838456359289
seed1	severely_unequal	mixed_covariate	0.1	building_equal	cv_retrained	300	199	0.19333333333333333	0.15263726685545376	0.2417837554956011	0.185	0.5013711323461524	0.0041250021830035455	72.0	5.0	32.0	0.8093779046851923	0.5661805555555556	0.46567211321376684	0.43823388354556203	0.8928005903731219	2.499838456359289
seed1	severely_unequal	mixed_covariate	0.1	building_equal	cv_standardized	300	199	0.32666666666666666	0.2760784389482685	0.3816377910762407	0.11	0.5000374244993849	0.011233767615480625	72.0	5.0	32.0	0.8093779046851923	0.5661805555555556	0.46567211321376684	0.43823388354556203	0.8928005903731219	2.499838456359289
seed1	severely_unequal	mixed_covariate	0.1	sqrt_rooms	profile	300	199	0.44666666666666666	0.39143715496049114	0.503244761970127	0.065	0.5014189060963573	0.0034606868543966413	72.0	5.0	32.0	0.8093779046851923	0.5661805555555556	0.46567211321376684	0.43823388354556203	0.8928005903731219	2.499838456359289
seed1	severely_unequal	mixed_covariate	0.1	sqrt_rooms	mantel	300	199	0.47	0.4142588116594049	0.5264997666140677	0.055	0.5014189060963573	0.0034606868543966413	72.0	5.0	32.0	0.8093779046851923	0.5661805555555556	0.46567211321376684	0.43823388354556203	0.8928005903731219	2.499838456359289
seed1	severely_unequal	mixed_covariate	0.1	sqrt_rooms	nested_max	300	199	0.44666666666666666	0.39143715496049114	0.503244761970127	0.06	0.5014189060963573	0.0034606868543966413	72.0	5.0	32.0	0.8093779046851923	0.5661805555555556	0.46567211321376684	0.43823388354556203	0.8928005903731219	2.499838456359289
seed1	severely_unequal	mixed_covariate	0.1	sqrt_rooms	standardized_max	300	199	0.48333333333333334	0.4273544128335898	0.5397336862072283	0.052500000000000005	0.5014189060963573	0.0034606868543966413	72.0	5.0	32.0	0.8093779046851923	0.5661805555555556	0.46567211321376684	0.43823388354556203	0.8928005903731219	2.499838456359289
seed1	severely_unequal	mixed_covariate	0.1	sqrt_rooms	cv_retrained	300	199	0.30333333333333334	0.2540711301237818	0.3575684385578729	0.115	0.5014189060963573	0.0034606868543966413	72.0	5.0	32.0	0.8093779046851923	0.5661805555555556	0.46567211321376684	0.43823388354556203	0.8928005903731219	2.499838456359289
seed1	severely_unequal	mixed_covariate	0.1	sqrt_rooms	cv_standardized	300	199	0.43333333333333335	0.3784513181454693	0.48990107801780347	0.0625	0.499423097559429	0.010855035699244373	72.0	5.0	32.0	0.8093779046851923	0.5661805555555556	0.46567211321376684	0.43823388354556203	0.8928005903731219	2.499838456359289
seed1	severely_unequal	mixed_covariate	0.1	room_equal	profile	300	199	0.44666666666666666	0.39143715496049114	0.503244761970127	0.065	0.5014369879458481	0.0029961605923831632	72.0	5.0	32.0	0.8093779046851923	0.5661805555555556	0.46567211321376684	0.43823388354556203	0.8928005903731219	2.499838456359289
seed1	severely_unequal	mixed_covariate	0.1	room_equal	mantel	300	199	0.47	0.4142588116594049	0.5264997666140677	0.055	0.5014369879458481	0.0029961605923831632	72.0	5.0	32.0	0.8093779046851923	0.5661805555555556	0.46567211321376684	0.43823388354556203	0.8928005903731219	2.499838456359289
seed1	severely_unequal	mixed_covariate	0.1	room_equal	nested_max	300	199	0.44666666666666666	0.39143715496049114	0.503244761970127	0.06	0.5014369879458481	0.0029961605923831632	72.0	5.0	32.0	0.8093779046851923	0.5661805555555556	0.46567211321376684	0.43823388354556203	0.8928005903731219	2.499838456359289
seed1	severely_unequal	mixed_covariate	0.1	room_equal	standardized_max	300	199	0.48333333333333334	0.4273544128335898	0.5397336862072283	0.052500000000000005	0.5014369879458481	0.0029961605923831632	72.0	5.0	32.0	0.8093779046851923	0.5661805555555556	0.46567211321376684	0.43823388354556203	0.8928005903731219	2.499838456359289
seed1	severely_unequal	mixed_covariate	0.1	room_equal	cv_retrained	300	199	0.42	0.3655060253806384	0.4765168500152888	0.065	0.5014369879458481	0.0029961605923831632	72.0	5.0	32.0	0.8093779046851923	0.5661805555555556	0.46567211321376684	0.43823388354556203	0.8928005903731219	2.499838456359289
seed1	severely_unequal	mixed_covariate	0.1	room_equal	cv_standardized	300	199	0.47333333333333333	0.4175289979894712	0.5298119604758378	0.055	0.49888188367251984	0.011041608278470887	72.0	5.0	32.0	0.8093779046851923	0.5661805555555556	0.46567211321376684	0.43823388354556203	0.8928005903731219	2.499838456359289
seed1	severely_unequal	mixed_covariate	0.25	building_equal	profile	300	199	0.44666666666666666	0.39143715496049114	0.503244761970127	0.065	0.5034270862025263	0.010308059889365681	72.0	5.0	32.0	0.8093779046851923	0.5661805555555556	0.46567211321376684	0.43823388354556203	0.8928005903731219	2.499838456359289
seed1	severely_unequal	mixed_covariate	0.25	building_equal	mantel	300	199	0.47	0.4142588116594049	0.5264997666140677	0.055	0.5034270862025263	0.010308059889365681	72.0	5.0	32.0	0.8093779046851923	0.5661805555555556	0.46567211321376684	0.43823388354556203	0.8928005903731219	2.499838456359289
seed1	severely_unequal	mixed_covariate	0.25	building_equal	nested_max	300	199	0.44666666666666666	0.39143715496049114	0.503244761970127	0.06	0.5034270862025263	0.010308059889365681	72.0	5.0	32.0	0.8093779046851923	0.5661805555555556	0.46567211321376684	0.43823388354556203	0.8928005903731219	2.499838456359289
seed1	severely_unequal	mixed_covariate	0.25	building_equal	standardized_max	300	199	0.48333333333333334	0.4273544128335898	0.5397336862072283	0.052500000000000005	0.5034270862025263	0.010308059889365681	72.0	5.0	32.0	0.8093779046851923	0.5661805555555556	0.46567211321376684	0.43823388354556203	0.8928005903731219	2.499838456359289
seed1	severely_unequal	mixed_covariate	0.25	building_equal	cv_retrained	300	199	0.2	0.1586568589669413	0.24892892376778628	0.1875	0.5034270862025263	0.010308059889365681	72.0	5.0	32.0	0.8093779046851923	0.5661805555555556	0.46567211321376684	0.43823388354556203	0.8928005903731219	2.499838456359289
seed1	severely_unequal	mixed_covariate	0.25	building_equal	cv_standardized	300	199	0.32666666666666666	0.2760784389482685	0.3816377910762407	0.11	0.5001056040327104	0.027991110196410172	72.0	5.0	32.0	0.8093779046851923	0.5661805555555556	0.46567211321376684	0.43823388354556203	0.8928005903731219	2.499838456359289
seed1	severely_unequal	mixed_covariate	0.25	sqrt_rooms	profile	300	199	0.44666666666666666	0.39143715496049114	0.503244761970127	0.065	0.5035465189982378	0.008648988873236058	72.0	5.0	32.0	0.8093779046851923	0.5661805555555556	0.46567211321376684	0.43823388354556203	0.8928005903731219	2.499838456359289
seed1	severely_unequal	mixed_covariate	0.25	sqrt_rooms	mantel	300	199	0.47	0.4142588116594049	0.5264997666140677	0.055	0.5035465189982378	0.008648988873236058	72.0	5.0	32.0	0.8093779046851923	0.5661805555555556	0.46567211321376684	0.43823388354556203	0.8928005903731219	2.499838456359289
seed1	severely_unequal	mixed_covariate	0.25	sqrt_rooms	nested_max	300	199	0.44666666666666666	0.39143715496049114	0.503244761970127	0.06	0.5035465189982378	0.008648988873236058	72.0	5.0	32.0	0.8093779046851923	0.5661805555555556	0.46567211321376684	0.43823388354556203	0.8928005903731219	2.499838456359289
seed1	severely_unequal	mixed_covariate	0.25	sqrt_rooms	standardized_max	300	199	0.48333333333333334	0.4273544128335898	0.5397336862072283	0.052500000000000005	0.5035465189982378	0.008648988873236058	72.0	5.0	32.0	0.8093779046851923	0.5661805555555556	0.46567211321376684	0.43823388354556203	0.8928005903731219	2.499838456359289
seed1	severely_unequal	mixed_covariate	0.25	sqrt_rooms	cv_retrained	300	199	0.30333333333333334	0.2540711301237818	0.3575684385578729	0.115	0.5035465189982378	0.008648988873236058	72.0	5.0	32.0	0.8093779046851923	0.5661805555555556	0.46567211321376684	0.43823388354556203	0.8928005903731219	2.499838456359289
seed1	severely_unequal	mixed_covariate	0.25	sqrt_rooms	cv_standardized	300	199	0.43	0.3752111767337645	0.48655883923767185	0.06	0.4985727979052128	0.027045286208995104	72.0	5.0	32.0	0.8093779046851923	0.5661805555555556	0.46567211321376684	0.43823388354556203	0.8928005903731219	2.499838456359289
seed1	severely_unequal	mixed_covariate	0.25	room_equal	profile	300	199	0.44666666666666666	0.39143715496049114	0.503244761970127	0.065	0.5035917990926686	0.007488291751896557	72.0	5.0	32.0	0.8093779046851923	0.5661805555555556	0.46567211321376684	0.43823388354556203	0.8928005903731219	2.499838456359289
seed1	severely_unequal	mixed_covariate	0.25	room_equal	mantel	300	199	0.47	0.4142588116594049	0.5264997666140677	0.055	0.5035917990926686	0.007488291751896557	72.0	5.0	32.0	0.8093779046851923	0.5661805555555556	0.46567211321376684	0.43823388354556203	0.8928005903731219	2.499838456359289
seed1	severely_unequal	mixed_covariate	0.25	room_equal	nested_max	300	199	0.44666666666666666	0.39143715496049114	0.503244761970127	0.06	0.5035917990926686	0.007488291751896557	72.0	5.0	32.0	0.8093779046851923	0.5661805555555556	0.46567211321376684	0.43823388354556203	0.8928005903731219	2.499838456359289
seed1	severely_unequal	mixed_covariate	0.25	room_equal	standardized_max	300	199	0.48333333333333334	0.4273544128335898	0.5397336862072283	0.052500000000000005	0.5035917990926686	0.007488291751896557	72.0	5.0	32.0	0.8093779046851923	0.5661805555555556	0.46567211321376684	0.43823388354556203	0.8928005903731219	2.499838456359289
seed1	severely_unequal	mixed_covariate	0.25	room_equal	cv_retrained	300	199	0.42	0.3655060253806384	0.4765168500152888	0.065	0.5035917990926686	0.007488291751896557	72.0	5.0	32.0	0.8093779046851923	0.5661805555555556	0.46567211321376684	0.43823388354556203	0.8928005903731219	2.499838456359289
seed1	severely_unequal	mixed_covariate	0.25	room_equal	cv_standardized	300	199	0.4766666666666667	0.42080166187431245	0.533121676782833	0.055	0.4972282716982454	0.02748279410829141	72.0	5.0	32.0	0.8093779046851923	0.5661805555555556	0.46567211321376684	0.43823388354556203	0.8928005903731219	2.499838456359289
seed1	severely_unequal	mixed_covariate	0.5	building_equal	profile	300	199	0.44666666666666666	0.39143715496049114	0.503244761970127	0.065	0.5068488586830264	0.020584486401572254	72.0	5.0	32.0	0.8093779046851923	0.5661805555555556	0.46567211321376684	0.43823388354556203	0.8928005903731219	2.499838456359289
seed1	severely_unequal	mixed_covariate	0.5	building_equal	mantel	300	199	0.47	0.4142588116594049	0.5264997666140677	0.055	0.5068488586830264	0.020584486401572254	72.0	5.0	32.0	0.8093779046851923	0.5661805555555556	0.46567211321376684	0.43823388354556203	0.8928005903731219	2.499838456359289
seed1	severely_unequal	mixed_covariate	0.5	building_equal	nested_max	300	199	0.44666666666666666	0.39143715496049114	0.503244761970127	0.06	0.5068488586830264	0.020584486401572254	72.0	5.0	32.0	0.8093779046851923	0.5661805555555556	0.46567211321376684	0.43823388354556203	0.8928005903731219	2.499838456359289
seed1	severely_unequal	mixed_covariate	0.5	building_equal	standardized_max	300	199	0.48333333333333334	0.4273544128335898	0.5397336862072283	0.052500000000000005	0.5068488586830264	0.020584486401572254	72.0	5.0	32.0	0.8093779046851923	0.5661805555555556	0.46567211321376684	0.43823388354556203	0.8928005903731219	2.499838456359289
seed1	severely_unequal	mixed_covariate	0.5	building_equal	cv_retrained	300	199	0.19666666666666666	0.1556446341979055	0.24535876834498568	0.19	0.5068488586830264	0.020584486401572254	72.0	5.0	32.0	0.8093779046851923	0.5661805555555556	0.46567211321376684	0.43823388354556203	0.8928005903731219	2.499838456359289
seed1	severely_unequal	mixed_covariate	0.5	building_equal	cv_standardized	300	199	0.33	0.2792344636154957	0.3850641466008499	0.1175	0.5002930670121307	0.05533704974198345	72.0	5.0	32.0	0.8093779046851923	0.5661805555555556	0.46567211321376684	0.43823388354556203	0.8928005903731219	2.499838456359289
seed1	severely_unequal	mixed_covariate	0.5	sqrt_rooms	profile	300	199	0.44666666666666666	0.39143715496049114	0.503244761970127	0.065	0.5070877168491279	0.017278544000528005	72.0	5.0	32.0	0.8093779046851923	0.5661805555555556	0.46567211321376684	0.43823388354556203	0.8928005903731219	2.499838456359289
seed1	severely_unequal	mixed_covariate	0.5	sqrt_rooms	mantel	300	199	0.47	0.4142588116594049	0.5264997666140677	0.055	0.5070877168491279	0.017278544000528005	72.0	5.0	32.0	0.8093779046851923	0.5661805555555556	0.46567211321376684	0.43823388354556203	0.8928005903731219	2.499838456359289
seed1	severely_unequal	mixed_covariate	0.5	sqrt_rooms	nested_max	300	199	0.44666666666666666	0.39143715496049114	0.503244761970127	0.06	0.5070877168491279	0.017278544000528005	72.0	5.0	32.0	0.8093779046851923	0.5661805555555556	0.46567211321376684	0.43823388354556203	0.8928005903731219	2.499838456359289
seed1	severely_unequal	mixed_covariate	0.5	sqrt_rooms	standardized_max	300	199	0.48333333333333334	0.4273544128335898	0.5397336862072283	0.052500000000000005	0.5070877168491279	0.017278544000528005	72.0	5.0	32.0	0.8093779046851923	0.5661805555555556	0.46567211321376684	0.43823388354556203	0.8928005903731219	2.499838456359289
seed1	severely_unequal	mixed_covariate	0.5	sqrt_rooms	cv_retrained	300	199	0.2966666666666667	0.24781139053784687	0.35066341776013515	0.115	0.5070877168491279	0.017278544000528005	72.0	5.0	32.0	0.8093779046851923	0.5661805555555556	0.46567211321376684	0.43823388354556203	0.8928005903731219	2.499838456359289
seed1	severely_unequal	mixed_covariate	0.5	sqrt_rooms	cv_standardized	300	199	0.42	0.3655060253806384	0.4765168500152888	0.0625	0.4972483477074557	0.05345373708562931	72.0	5.0	32.0	0.8093779046851923	0.5661805555555556	0.46567211321376684	0.43823388354556203	0.8928005903731219	2.499838456359289
seed1	severely_unequal	mixed_covariate	0.5	room_equal	profile	300	199	0.44666666666666666	0.39143715496049114	0.503244761970127	0.065	0.507178814677477	0.01496155248864108	72.0	5.0	32.0	0.8093779046851923	0.5661805555555556	0.46567211321376684	0.43823388354556203	0.8928005903731219	2.499838456359289
seed1	severely_unequal	mixed_covariate	0.5	room_equal	mantel	300	199	0.47	0.4142588116594049	0.5264997666140677	0.055	0.507178814677477	0.01496155248864108	72.0	5.0	32.0	0.8093779046851923	0.5661805555555556	0.46567211321376684	0.43823388354556203	0.8928005903731219	2.499838456359289
seed1	severely_unequal	mixed_covariate	0.5	room_equal	nested_max	300	199	0.44666666666666666	0.39143715496049114	0.503244761970127	0.06	0.507178814677477	0.01496155248864108	72.0	5.0	32.0	0.8093779046851923	0.5661805555555556	0.46567211321376684	0.43823388354556203	0.8928005903731219	2.499838456359289
seed1	severely_unequal	mixed_covariate	0.5	room_equal	standardized_max	300	199	0.48333333333333334	0.4273544128335898	0.5397336862072283	0.052500000000000005	0.507178814677477	0.01496155248864108	72.0	5.0	32.0	0.8093779046851923	0.5661805555555556	0.46567211321376684	0.43823388354556203	0.8928005903731219	2.499838456359289
seed1	severely_unequal	mixed_covariate	0.5	room_equal	cv_retrained	300	199	0.42333333333333334	0.3687385228107271	0.47986673277703656	0.0625	0.507178814677477	0.01496155248864108	72.0	5.0	32.0	0.8093779046851923	0.5661805555555556	0.46567211321376684	0.43823388354556203	0.8928005903731219	2.499838456359289
seed1	severely_unequal	mixed_covariate	0.5	room_equal	cv_standardized	300	199	0.47333333333333333	0.4175289979894712	0.5298119604758378	0.055	0.4946155465300991	0.05413880903685722	72.0	5.0	32.0	0.8093779046851923	0.5661805555555556	0.46567211321376684	0.43823388354556203	0.8928005903731219	2.499838456359289
seed1	severely_unequal	mixed_covariate	1.0	building_equal	profile	300	199	0.44666666666666666	0.39143715496049114	0.503244761970127	0.065	0.5136553760332896	0.04091960157685081	72.0	5.0	32.0	0.8093779046851923	0.5661805555555556	0.46567211321376684	0.43823388354556203	0.8928005903731219	2.499838456359289
seed1	severely_unequal	mixed_covariate	1.0	building_equal	mantel	300	199	0.47	0.4142588116594049	0.5264997666140677	0.055	0.5136553760332896	0.04091960157685081	72.0	5.0	32.0	0.8093779046851923	0.5661805555555556	0.46567211321376684	0.43823388354556203	0.8928005903731219	2.499838456359289
seed1	severely_unequal	mixed_covariate	1.0	building_equal	nested_max	300	199	0.44666666666666666	0.39143715496049114	0.503244761970127	0.06	0.5136553760332896	0.04091960157685081	72.0	5.0	32.0	0.8093779046851923	0.5661805555555556	0.46567211321376684	0.43823388354556203	0.8928005903731219	2.499838456359289
seed1	severely_unequal	mixed_covariate	1.0	building_equal	standardized_max	300	199	0.48333333333333334	0.4273544128335898	0.5397336862072283	0.052500000000000005	0.5136553760332896	0.04091960157685081	72.0	5.0	32.0	0.8093779046851923	0.5661805555555556	0.46567211321376684	0.43823388354556203	0.8928005903731219	2.499838456359289
seed1	severely_unequal	mixed_covariate	1.0	building_equal	cv_retrained	300	199	0.19333333333333333	0.15263726685545376	0.2417837554956011	0.2	0.5136553760332896	0.04091960157685081	72.0	5.0	32.0	0.8093779046851923	0.5661805555555556	0.46567211321376684	0.43823388354556203	0.8928005903731219	2.499838456359289
seed1	severely_unequal	mixed_covariate	1.0	building_equal	cv_standardized	300	199	0.31333333333333335	0.2634843975598553	0.36790231169730847	0.115	0.5011329756364411	0.106077901912357	72.0	5.0	32.0	0.8093779046851923	0.5661805555555556	0.46567211321376684	0.43823388354556203	0.8928005903731219	2.499838456359289
seed1	severely_unequal	mixed_covariate	1.0	sqrt_rooms	profile	300	199	0.44666666666666666	0.39143715496049114	0.503244761970127	0.065	0.5141331481883715	0.034403276624914554	72.0	5.0	32.0	0.8093779046851923	0.5661805555555556	0.46567211321376684	0.43823388354556203	0.8928005903731219	2.499838456359289
seed1	severely_unequal	mixed_covariate	1.0	sqrt_rooms	mantel	300	199	0.47	0.4142588116594049	0.5264997666140677	0.055	0.5141331481883715	0.034403276624914554	72.0	5.0	32.0	0.8093779046851923	0.5661805555555556	0.46567211321376684	0.43823388354556203	0.8928005903731219	2.499838456359289
seed1	severely_unequal	mixed_covariate	1.0	sqrt_rooms	nested_max	300	199	0.44666666666666666	0.39143715496049114	0.503244761970127	0.06	0.5141331481883715	0.034403276624914554	72.0	5.0	32.0	0.8093779046851923	0.5661805555555556	0.46567211321376684	0.43823388354556203	0.8928005903731219	2.499838456359289
seed1	severely_unequal	mixed_covariate	1.0	sqrt_rooms	standardized_max	300	199	0.48333333333333334	0.4273544128335898	0.5397336862072283	0.052500000000000005	0.5141331481883715	0.034403276624914554	72.0	5.0	32.0	0.8093779046851923	0.5661805555555556	0.46567211321376684	0.43823388354556203	0.8928005903731219	2.499838456359289
seed1	severely_unequal	mixed_covariate	1.0	sqrt_rooms	cv_retrained	300	199	0.29	0.24156454610318367	0.3437455018111255	0.12	0.5141331481883715	0.034403276624914554	72.0	5.0	32.0	0.8093779046851923	0.5661805555555556	0.46567211321376684	0.43823388354556203	0.8928005903731219	2.499838456359289
seed1	severely_unequal	mixed_covariate	1.0	sqrt_rooms	cv_standardized	300	199	0.42333333333333334	0.3687385228107271	0.47986673277703656	0.07	0.495194998905637	0.10240026984893152	72.0	5.0	32.0	0.8093779046851923	0.5661805555555556	0.46567211321376684	0.43823388354556203	0.8928005903731219	2.499838456359289
seed1	severely_unequal	mixed_covariate	1.0	room_equal	profile	300	199	0.44666666666666666	0.39143715496049114	0.503244761970127	0.065	0.514319600357022	0.029804043461456407	72.0	5.0	32.0	0.8093779046851923	0.5661805555555556	0.46567211321376684	0.43823388354556203	0.8928005903731219	2.499838456359289
seed1	severely_unequal	mixed_covariate	1.0	room_equal	mantel	300	199	0.47	0.4142588116594049	0.5264997666140677	0.055	0.514319600357022	0.029804043461456407	72.0	5.0	32.0	0.8093779046851923	0.5661805555555556	0.46567211321376684	0.43823388354556203	0.8928005903731219	2.499838456359289
seed1	severely_unequal	mixed_covariate	1.0	room_equal	nested_max	300	199	0.44666666666666666	0.39143715496049114	0.503244761970127	0.06	0.514319600357022	0.029804043461456407	72.0	5.0	32.0	0.8093779046851923	0.5661805555555556	0.46567211321376684	0.43823388354556203	0.8928005903731219	2.499838456359289
seed1	severely_unequal	mixed_covariate	1.0	room_equal	standardized_max	300	199	0.48333333333333334	0.4273544128335898	0.5397336862072283	0.052500000000000005	0.514319600357022	0.029804043461456407	72.0	5.0	32.0	0.8093779046851923	0.5661805555555556	0.46567211321376684	0.43823388354556203	0.8928005903731219	2.499838456359289
seed1	severely_unequal	mixed_covariate	1.0	room_equal	cv_retrained	300	199	0.42	0.3655060253806384	0.4765168500152888	0.0675	0.514319600357022	0.029804043461456407	72.0	5.0	32.0	0.8093779046851923	0.5661805555555556	0.46567211321376684	0.43823388354556203	0.8928005903731219	2.499838456359289
seed1	severely_unequal	mixed_covariate	1.0	room_equal	cv_standardized	300	199	0.47333333333333333	0.4175289979894712	0.5298119604758378	0.055	0.4902743934583116	0.10263067064333559	72.0	5.0	32.0	0.8093779046851923	0.5661805555555556	0.46567211321376684	0.43823388354556203	0.8928005903731219	2.499838456359289
seed1	severely_unequal	mixed_covariate	2.0	building_equal	profile	300	199	0.44666666666666666	0.39143715496049114	0.503244761970127	0.065	0.5269777035594368	0.07995372665373555	72.0	5.0	32.0	0.8093779046851923	0.5661805555555556	0.46567211321376684	0.43823388354556203	0.8928005903731219	2.499838456359289
seed1	severely_unequal	mixed_covariate	2.0	building_equal	mantel	300	199	0.47	0.4142588116594049	0.5264997666140677	0.055	0.5269777035594368	0.07995372665373555	72.0	5.0	32.0	0.8093779046851923	0.5661805555555556	0.46567211321376684	0.43823388354556203	0.8928005903731219	2.499838456359289
seed1	severely_unequal	mixed_covariate	2.0	building_equal	nested_max	300	199	0.44666666666666666	0.39143715496049114	0.503244761970127	0.06	0.5269777035594368	0.07995372665373555	72.0	5.0	32.0	0.8093779046851923	0.5661805555555556	0.46567211321376684	0.43823388354556203	0.8928005903731219	2.499838456359289
seed1	severely_unequal	mixed_covariate	2.0	building_equal	standardized_max	300	199	0.48333333333333334	0.4273544128335898	0.5397336862072283	0.052500000000000005	0.5269777035594368	0.07995372665373555	72.0	5.0	32.0	0.8093779046851923	0.5661805555555556	0.46567211321376684	0.43823388354556203	0.8928005903731219	2.499838456359289
seed1	severely_unequal	mixed_covariate	2.0	building_equal	cv_retrained	300	199	0.19666666666666666	0.1556446341979055	0.24535876834498568	0.2125	0.5269777035594368	0.07995372665373555	72.0	5.0	32.0	0.8093779046851923	0.5661805555555556	0.46567211321376684	0.43823388354556203	0.8928005903731219	2.499838456359289
seed1	severely_unequal	mixed_covariate	2.0	building_equal	cv_standardized	300	199	0.3	0.2509396637848768	0.35411752470494157	0.14	0.5047065471456483	0.1863340908957281	72.0	5.0	32.0	0.8093779046851923	0.5661805555555556	0.46567211321376684	0.43823388354556203	0.8928005903731219	2.499838456359289
seed1	severely_unequal	mixed_covariate	2.0	sqrt_rooms	profile	300	199	0.44666666666666666	0.39143715496049114	0.503244761970127	0.065	0.527936784105648	0.06762626428616746	72.0	5.0	32.0	0.8093779046851923	0.5661805555555556	0.46567211321376684	0.43823388354556203	0.8928005903731219	2.499838456359289
seed1	severely_unequal	mixed_covariate	2.0	sqrt_rooms	mantel	300	199	0.47	0.4142588116594049	0.5264997666140677	0.055	0.527936784105648	0.06762626428616746	72.0	5.0	32.0	0.8093779046851923	0.5661805555555556	0.46567211321376684	0.43823388354556203	0.8928005903731219	2.499838456359289
seed1	severely_unequal	mixed_covariate	2.0	sqrt_rooms	nested_max	300	199	0.44666666666666666	0.39143715496049114	0.503244761970127	0.06	0.527936784105648	0.06762626428616746	72.0	5.0	32.0	0.8093779046851923	0.5661805555555556	0.46567211321376684	0.43823388354556203	0.8928005903731219	2.499838456359289
seed1	severely_unequal	mixed_covariate	2.0	sqrt_rooms	standardized_max	300	199	0.48333333333333334	0.4273544128335898	0.5397336862072283	0.052500000000000005	0.527936784105648	0.06762626428616746	72.0	5.0	32.0	0.8093779046851923	0.5661805555555556	0.46567211321376684	0.43823388354556203	0.8928005903731219	2.499838456359289
seed1	severely_unequal	mixed_covariate	2.0	sqrt_rooms	cv_retrained	300	199	0.3	0.2509396637848768	0.35411752470494157	0.125	0.527936784105648	0.06762626428616746	72.0	5.0	32.0	0.8093779046851923	0.5661805555555556	0.46567211321376684	0.43823388354556203	0.8928005903731219	2.499838456359289
seed1	severely_unequal	mixed_covariate	2.0	sqrt_rooms	cv_standardized	300	199	0.3933333333333333	0.3397391051458938	0.44962472871534254	0.07	0.49374909542801315	0.17979193784600486	72.0	5.0	32.0	0.8093779046851923	0.5661805555555556	0.46567211321376684	0.43823388354556203	0.8928005903731219	2.499838456359289
seed1	severely_unequal	mixed_covariate	2.0	room_equal	profile	300	199	0.44666666666666666	0.39143715496049114	0.503244761970127	0.065	0.5283423517816073	0.058691664825830124	72.0	5.0	32.0	0.8093779046851923	0.5661805555555556	0.46567211321376684	0.43823388354556203	0.8928005903731219	2.499838456359289
seed1	severely_unequal	mixed_covariate	2.0	room_equal	mantel	300	199	0.47	0.4142588116594049	0.5264997666140677	0.055	0.5283423517816073	0.058691664825830124	72.0	5.0	32.0	0.8093779046851923	0.5661805555555556	0.46567211321376684	0.43823388354556203	0.8928005903731219	2.499838456359289
seed1	severely_unequal	mixed_covariate	2.0	room_equal	nested_max	300	199	0.44666666666666666	0.39143715496049114	0.503244761970127	0.06	0.5283423517816073	0.058691664825830124	72.0	5.0	32.0	0.8093779046851923	0.5661805555555556	0.46567211321376684	0.43823388354556203	0.8928005903731219	2.499838456359289
seed1	severely_unequal	mixed_covariate	2.0	room_equal	standardized_max	300	199	0.48333333333333334	0.4273544128335898	0.5397336862072283	0.052500000000000005	0.5283423517816073	0.058691664825830124	72.0	5.0	32.0	0.8093779046851923	0.5661805555555556	0.46567211321376684	0.43823388354556203	0.8928005903731219	2.499838456359289
seed1	severely_unequal	mixed_covariate	2.0	room_equal	cv_retrained	300	199	0.4166666666666667	0.3622760916643604	0.4731644035397305	0.0675	0.5283423517816073	0.058691664825830124	72.0	5.0	32.0	0.8093779046851923	0.5661805555555556	0.46567211321376684	0.43823388354556203	0.8928005903731219	2.499838456359289
seed1	severely_unequal	mixed_covariate	2.0	room_equal	cv_standardized	300	199	0.46	0.4044631474970939	0.5165482902008698	0.055	0.4852249381985458	0.1762289804202813	72.0	5.0	32.0	0.8093779046851923	0.5661805555555556	0.46567211321376684	0.43823388354556203	0.8928005903731219	2.499838456359289
seed1	severely_unequal	mixed_covariate	4.0	building_equal	profile	300	199	0.44666666666666666	0.39143715496049114	0.503244761970127	0.065	0.5514869552217	0.14750707271279817	72.0	5.0	32.0	0.8093779046851923	0.5661805555555556	0.46567211321376684	0.43823388354556203	0.8928005903731219	2.499838456359289
seed1	severely_unequal	mixed_covariate	4.0	building_equal	mantel	300	199	0.47	0.4142588116594049	0.5264997666140677	0.055	0.5514869552217	0.14750707271279817	72.0	5.0	32.0	0.8093779046851923	0.5661805555555556	0.46567211321376684	0.43823388354556203	0.8928005903731219	2.499838456359289
seed1	severely_unequal	mixed_covariate	4.0	building_equal	nested_max	300	199	0.44666666666666666	0.39143715496049114	0.503244761970127	0.06	0.5514869552217	0.14750707271279817	72.0	5.0	32.0	0.8093779046851923	0.5661805555555556	0.46567211321376684	0.43823388354556203	0.8928005903731219	2.499838456359289
seed1	severely_unequal	mixed_covariate	4.0	building_equal	standardized_max	300	199	0.48333333333333334	0.4273544128335898	0.5397336862072283	0.052500000000000005	0.5514869552217	0.14750707271279817	72.0	5.0	32.0	0.8093779046851923	0.5661805555555556	0.46567211321376684	0.43823388354556203	0.8928005903731219	2.499838456359289
seed1	severely_unequal	mixed_covariate	4.0	building_equal	cv_retrained	300	199	0.19	0.14963485033440665	0.23820379182481183	0.2175	0.5514869552217	0.14750707271279817	72.0	5.0	32.0	0.8093779046851923	0.5661805555555556	0.46567211321376684	0.43823388354556203	0.8928005903731219	2.499838456359289
seed1	severely_unequal	mixed_covariate	4.0	building_equal	cv_standardized	300	199	0.26	0.21362060325993487	0.3124480229278472	0.16	0.5135335697322994	0.2786686231432605	72.0	5.0	32.0	0.8093779046851923	0.5661805555555556	0.46567211321376684	0.43823388354556203	0.8928005903731219	2.499838456359289
seed1	severely_unequal	mixed_covariate	4.0	sqrt_rooms	profile	300	199	0.44666666666666666	0.39143715496049114	0.503244761970127	0.065	0.5534843996586256	0.12712481532340322	72.0	5.0	32.0	0.8093779046851923	0.5661805555555556	0.46567211321376684	0.43823388354556203	0.8928005903731219	2.499838456359289
seed1	severely_unequal	mixed_covariate	4.0	sqrt_rooms	mantel	300	199	0.47	0.4142588116594049	0.5264997666140677	0.055	0.5534843996586256	0.12712481532340322	72.0	5.0	32.0	0.8093779046851923	0.5661805555555556	0.46567211321376684	0.43823388354556203	0.8928005903731219	2.499838456359289
seed1	severely_unequal	mixed_covariate	4.0	sqrt_rooms	nested_max	300	199	0.44666666666666666	0.39143715496049114	0.503244761970127	0.06	0.5534843996586256	0.12712481532340322	72.0	5.0	32.0	0.8093779046851923	0.5661805555555556	0.46567211321376684	0.43823388354556203	0.8928005903731219	2.499838456359289
seed1	severely_unequal	mixed_covariate	4.0	sqrt_rooms	standardized_max	300	199	0.48333333333333334	0.4273544128335898	0.5397336862072283	0.052500000000000005	0.5534843996586256	0.12712481532340322	72.0	5.0	32.0	0.8093779046851923	0.5661805555555556	0.46567211321376684	0.43823388354556203	0.8928005903731219	2.499838456359289
seed1	severely_unequal	mixed_covariate	4.0	sqrt_rooms	cv_retrained	300	199	0.2833333333333333	0.2353308526310286	0.33681443489960794	0.135	0.5534843996586256	0.12712481532340322	72.0	5.0	32.0	0.8093779046851923	0.5661805555555556	0.46567211321376684	0.43823388354556203	0.8928005903731219	2.499838456359289
seed1	severely_unequal	mixed_covariate	4.0	sqrt_rooms	cv_standardized	300	199	0.3566666666666667	0.30458741740255907	0.41237023434847747	0.0875	0.4956374413440409	0.2692945192455093	72.0	5.0	32.0	0.8093779046851923	0.5661805555555556	0.46567211321376684	0.43823388354556203	0.8928005903731219	2.499838456359289
seed1	severely_unequal	mixed_covariate	4.0	room_equal	profile	300	199	0.44666666666666666	0.39143715496049114	0.503244761970127	0.065	0.55451724368479	0.11100938721223257	72.0	5.0	32.0	0.8093779046851923	0.5661805555555556	0.46567211321376684	0.43823388354556203	0.8928005903731219	2.499838456359289
seed1	severely_unequal	mixed_covariate	4.0	room_equal	mantel	300	199	0.47	0.4142588116594049	0.5264997666140677	0.055	0.55451724368479	0.11100938721223257	72.0	5.0	32.0	0.8093779046851923	0.5661805555555556	0.46567211321376684	0.43823388354556203	0.8928005903731219	2.499838456359289
seed1	severely_unequal	mixed_covariate	4.0	room_equal	nested_max	300	199	0.44666666666666666	0.39143715496049114	0.503244761970127	0.06	0.55451724368479	0.11100938721223257	72.0	5.0	32.0	0.8093779046851923	0.5661805555555556	0.46567211321376684	0.43823388354556203	0.8928005903731219	2.499838456359289
seed1	severely_unequal	mixed_covariate	4.0	room_equal	standardized_max	300	199	0.48333333333333334	0.4273544128335898	0.5397336862072283	0.052500000000000005	0.55451724368479	0.11100938721223257	72.0	5.0	32.0	0.8093779046851923	0.5661805555555556	0.46567211321376684	0.43823388354556203	0.8928005903731219	2.499838456359289
seed1	severely_unequal	mixed_covariate	4.0	room_equal	cv_retrained	300	199	0.4033333333333333	0.3493821700801514	0.459728804356594	0.07	0.55451724368479	0.11100938721223257	72.0	5.0	32.0	0.8093779046851923	0.5661805555555556	0.46567211321376684	0.43823388354556203	0.8928005903731219	2.499838456359289
seed1	severely_unequal	mixed_covariate	4.0	room_equal	cv_standardized	300	199	0.4266666666666667	0.3719735758386311	0.4832140599409689	0.06	0.48150885287429757	0.25708049118821874	72.0	5.0	32.0	0.8093779046851923	0.5661805555555556	0.46567211321376684	0.43823388354556203	0.8928005903731219	2.499838456359289
seed1	severely_unequal	mixed_covariate	8.0	building_equal	profile	300	199	0.44666666666666666	0.39143715496049114	0.503244761970127	0.065	0.5884036391380522	0.23711656778997442	72.0	5.0	32.0	0.8093779046851923	0.5661805555555556	0.46567211321376684	0.43823388354556203	0.8928005903731219	2.499838456359289
seed1	severely_unequal	mixed_covariate	8.0	building_equal	mantel	300	199	0.47	0.4142588116594049	0.5264997666140677	0.055	0.5884036391380522	0.23711656778997442	72.0	5.0	32.0	0.8093779046851923	0.5661805555555556	0.46567211321376684	0.43823388354556203	0.8928005903731219	2.499838456359289
seed1	severely_unequal	mixed_covariate	8.0	building_equal	nested_max	300	199	0.44666666666666666	0.39143715496049114	0.503244761970127	0.06	0.5884036391380522	0.23711656778997442	72.0	5.0	32.0	0.8093779046851923	0.5661805555555556	0.46567211321376684	0.43823388354556203	0.8928005903731219	2.499838456359289
seed1	severely_unequal	mixed_covariate	8.0	building_equal	standardized_max	300	199	0.48333333333333334	0.4273544128335898	0.5397336862072283	0.052500000000000005	0.5884036391380522	0.23711656778997442	72.0	5.0	32.0	0.8093779046851923	0.5661805555555556	0.46567211321376684	0.43823388354556203	0.8928005903731219	2.499838456359289
seed1	severely_unequal	mixed_covariate	8.0	building_equal	cv_retrained	300	199	0.16	0.1228535455840995	0.20574367484859174	0.2225	0.5884036391380522	0.23711656778997442	72.0	5.0	32.0	0.8093779046851923	0.5661805555555556	0.46567211321376684	0.43823388354556203	0.8928005903731219	2.499838456359289
seed1	severely_unequal	mixed_covariate	8.0	building_equal	cv_standardized	300	199	0.24666666666666667	0.20129380271657715	0.2984453027038595	0.1675	0.5235648528603771	0.3483825094274735	72.0	5.0	32.0	0.8093779046851923	0.5661805555555556	0.46567211321376684	0.43823388354556203	0.8928005903731219	2.499838456359289
seed1	severely_unequal	mixed_covariate	8.0	sqrt_rooms	profile	300	199	0.44666666666666666	0.39143715496049114	0.503244761970127	0.065	0.5930670302688058	0.21245371148440514	72.0	5.0	32.0	0.8093779046851923	0.5661805555555556	0.46567211321376684	0.43823388354556203	0.8928005903731219	2.499838456359289
seed1	severely_unequal	mixed_covariate	8.0	sqrt_rooms	mantel	300	199	0.47	0.4142588116594049	0.5264997666140677	0.055	0.5930670302688058	0.21245371148440514	72.0	5.0	32.0	0.8093779046851923	0.5661805555555556	0.46567211321376684	0.43823388354556203	0.8928005903731219	2.499838456359289
seed1	severely_unequal	mixed_covariate	8.0	sqrt_rooms	nested_max	300	199	0.44666666666666666	0.39143715496049114	0.503244761970127	0.06	0.5930670302688058	0.21245371148440514	72.0	5.0	32.0	0.8093779046851923	0.5661805555555556	0.46567211321376684	0.43823388354556203	0.8928005903731219	2.499838456359289
seed1	severely_unequal	mixed_covariate	8.0	sqrt_rooms	standardized_max	300	199	0.48333333333333334	0.4273544128335898	0.5397336862072283	0.052500000000000005	0.5930670302688058	0.21245371148440514	72.0	5.0	32.0	0.8093779046851923	0.5661805555555556	0.46567211321376684	0.43823388354556203	0.8928005903731219	2.499838456359289
seed1	severely_unequal	mixed_covariate	8.0	sqrt_rooms	cv_retrained	300	199	0.24666666666666667	0.20129380271657715	0.2984453027038595	0.1475	0.5930670302688058	0.21245371148440514	72.0	5.0	32.0	0.8093779046851923	0.5661805555555556	0.46567211321376684	0.43823388354556203	0.8928005903731219	2.499838456359289
seed1	severely_unequal	mixed_covariate	8.0	sqrt_rooms	cv_standardized	300	199	0.3433333333333333	0.29188793516981404	0.398740195813877	0.105	0.4994080463083391	0.33761132867177884	72.0	5.0	32.0	0.8093779046851923	0.5661805555555556	0.46567211321376684	0.43823388354556203	0.8928005903731219	2.499838456359289
seed1	severely_unequal	mixed_covariate	8.0	room_equal	profile	300	199	0.44666666666666666	0.39143715496049114	0.503244761970127	0.065	0.5961045352761374	0.18844629057531181	72.0	5.0	32.0	0.8093779046851923	0.5661805555555556	0.46567211321376684	0.43823388354556203	0.8928005903731219	2.499838456359289
seed1	severely_unequal	mixed_covariate	8.0	room_equal	mantel	300	199	0.47	0.4142588116594049	0.5264997666140677	0.055	0.5961045352761374	0.18844629057531181	72.0	5.0	32.0	0.8093779046851923	0.5661805555555556	0.46567211321376684	0.43823388354556203	0.8928005903731219	2.499838456359289
seed1	severely_unequal	mixed_covariate	8.0	room_equal	nested_max	300	199	0.44666666666666666	0.39143715496049114	0.503244761970127	0.06	0.5961045352761374	0.18844629057531181	72.0	5.0	32.0	0.8093779046851923	0.5661805555555556	0.46567211321376684	0.43823388354556203	0.8928005903731219	2.499838456359289
seed1	severely_unequal	mixed_covariate	8.0	room_equal	standardized_max	300	199	0.48333333333333334	0.4273544128335898	0.5397336862072283	0.052500000000000005	0.5961045352761374	0.18844629057531181	72.0	5.0	32.0	0.8093779046851923	0.5661805555555556	0.46567211321376684	0.43823388354556203	0.8928005903731219	2.499838456359289
seed1	severely_unequal	mixed_covariate	8.0	room_equal	cv_retrained	300	199	0.3466666666666667	0.2950585411049252	0.40215197007060216	0.08	0.5961045352761374	0.18844629057531181	72.0	5.0	32.0	0.8093779046851923	0.5661805555555556	0.46567211321376684	0.43823388354556203	0.8928005903731219	2.499838456359289
seed1	severely_unequal	mixed_covariate	8.0	room_equal	cv_standardized	300	199	0.4166666666666667	0.3622760916643604	0.4731644035397305	0.07	0.47861853541542054	0.31654250872063416	72.0	5.0	32.0	0.8093779046851923	0.5661805555555556	0.46567211321376684	0.43823388354556203	0.8928005903731219	2.499838456359289
seed1	severely_unequal	mixed_covariate	16.0	building_equal	profile	300	199	0.44666666666666666	0.39143715496049114	0.503244761970127	0.065	0.6245504266229714	0.31447620800389026	72.0	5.0	32.0	0.8093779046851923	0.5661805555555556	0.46567211321376684	0.43823388354556203	0.8928005903731219	2.499838456359289
seed1	severely_unequal	mixed_covariate	16.0	building_equal	mantel	300	199	0.47	0.4142588116594049	0.5264997666140677	0.055	0.6245504266229714	0.31447620800389026	72.0	5.0	32.0	0.8093779046851923	0.5661805555555556	0.46567211321376684	0.43823388354556203	0.8928005903731219	2.499838456359289
seed1	severely_unequal	mixed_covariate	16.0	building_equal	nested_max	300	199	0.44666666666666666	0.39143715496049114	0.503244761970127	0.06	0.6245504266229714	0.31447620800389026	72.0	5.0	32.0	0.8093779046851923	0.5661805555555556	0.46567211321376684	0.43823388354556203	0.8928005903731219	2.499838456359289
seed1	severely_unequal	mixed_covariate	16.0	building_equal	standardized_max	300	199	0.48333333333333334	0.4273544128335898	0.5397336862072283	0.052500000000000005	0.6245504266229714	0.31447620800389026	72.0	5.0	32.0	0.8093779046851923	0.5661805555555556	0.46567211321376684	0.43823388354556203	0.8928005903731219	2.499838456359289
seed1	severely_unequal	mixed_covariate	16.0	building_equal	cv_retrained	300	199	0.16333333333333333	0.1258064331944026	0.20937316743012502	0.25	0.6245504266229714	0.31447620800389026	72.0	5.0	32.0	0.8093779046851923	0.5661805555555556	0.46567211321376684	0.43823388354556203	0.8928005903731219	2.499838456359289
seed1	severely_unequal	mixed_covariate	16.0	building_equal	cv_standardized	300	199	0.24333333333333335	0.19822154125071836	0.2949351839778819	0.1675	0.528464865777664	0.3833147569503243	72.0	5.0	32.0	0.8093779046851923	0.5661805555555556	0.46567211321376684	0.43823388354556203	0.8928005903731219	2.499838456359289
seed1	severely_unequal	mixed_covariate	16.0	sqrt_rooms	profile	300	199	0.44666666666666666	0.39143715496049114	0.503244761970127	0.065	0.634636317228562	0.2945222664813612	72.0	5.0	32.0	0.8093779046851923	0.5661805555555556	0.46567211321376684	0.43823388354556203	0.8928005903731219	2.499838456359289
seed1	severely_unequal	mixed_covariate	16.0	sqrt_rooms	mantel	300	199	0.47	0.4142588116594049	0.5264997666140677	0.055	0.634636317228562	0.2945222664813612	72.0	5.0	32.0	0.8093779046851923	0.5661805555555556	0.46567211321376684	0.43823388354556203	0.8928005903731219	2.499838456359289
seed1	severely_unequal	mixed_covariate	16.0	sqrt_rooms	nested_max	300	199	0.44666666666666666	0.39143715496049114	0.503244761970127	0.06	0.634636317228562	0.2945222664813612	72.0	5.0	32.0	0.8093779046851923	0.5661805555555556	0.46567211321376684	0.43823388354556203	0.8928005903731219	2.499838456359289
seed1	severely_unequal	mixed_covariate	16.0	sqrt_rooms	standardized_max	300	199	0.48333333333333334	0.4273544128335898	0.5397336862072283	0.052500000000000005	0.634636317228562	0.2945222664813612	72.0	5.0	32.0	0.8093779046851923	0.5661805555555556	0.46567211321376684	0.43823388354556203	0.8928005903731219	2.499838456359289
seed1	severely_unequal	mixed_covariate	16.0	sqrt_rooms	cv_retrained	300	199	0.24	0.19515315695222746	0.29142118808453643	0.16	0.634636317228562	0.2945222664813612	72.0	5.0	32.0	0.8093779046851923	0.5661805555555556	0.46567211321376684	0.43823388354556203	0.8928005903731219	2.499838456359289
seed1	severely_unequal	mixed_covariate	16.0	sqrt_rooms	cv_standardized	300	199	0.33666666666666667	0.2855553679085868	0.39190800269143145	0.11	0.5018231124978676	0.37329860786876057	72.0	5.0	32.0	0.8093779046851923	0.5661805555555556	0.46567211321376684	0.43823388354556203	0.8928005903731219	2.499838456359289
seed1	severely_unequal	mixed_covariate	16.0	room_equal	profile	300	199	0.44666666666666666	0.39143715496049114	0.503244761970127	0.065	0.6418441085408267	0.26784712234323277	72.0	5.0	32.0	0.8093779046851923	0.5661805555555556	0.46567211321376684	0.43823388354556203	0.8928005903731219	2.499838456359289
seed1	severely_unequal	mixed_covariate	16.0	room_equal	mantel	300	199	0.47	0.4142588116594049	0.5264997666140677	0.055	0.6418441085408267	0.26784712234323277	72.0	5.0	32.0	0.8093779046851923	0.5661805555555556	0.46567211321376684	0.43823388354556203	0.8928005903731219	2.499838456359289
seed1	severely_unequal	mixed_covariate	16.0	room_equal	nested_max	300	199	0.44666666666666666	0.39143715496049114	0.503244761970127	0.06	0.6418441085408267	0.26784712234323277	72.0	5.0	32.0	0.8093779046851923	0.5661805555555556	0.46567211321376684	0.43823388354556203	0.8928005903731219	2.499838456359289
seed1	severely_unequal	mixed_covariate	16.0	room_equal	standardized_max	300	199	0.48333333333333334	0.4273544128335898	0.5397336862072283	0.052500000000000005	0.6418441085408267	0.26784712234323277	72.0	5.0	32.0	0.8093779046851923	0.5661805555555556	0.46567211321376684	0.43823388354556203	0.8928005903731219	2.499838456359289
seed1	severely_unequal	mixed_covariate	16.0	room_equal	cv_retrained	300	199	0.31666666666666665	0.26662835068573615	0.37134073876326396	0.0925	0.6418441085408267	0.26784712234323277	72.0	5.0	32.0	0.8093779046851923	0.5661805555555556	0.46567211321376684	0.43823388354556203	0.8928005903731219	2.499838456359289
seed1	severely_unequal	mixed_covariate	16.0	room_equal	cv_standardized	300	199	0.4	0.3461651905860969	0.4563634036588123	0.075	0.4765820811929124	0.34753358436503207	72.0	5.0	32.0	0.8093779046851923	0.5661805555555556	0.46567211321376684	0.43823388354556203	0.8928005903731219	2.499838456359289
