design	scenario	temperature	aggregation	method	repetitions	reject_count	rejection_rate	wilson_low	wilson_high	mean_profile_weight
balanced	conditional_null	0.0	building_equal	cv_retrained	600	25	0.041666666666666664	0.02837972965493859	0.06078516294095374	0.4999999999999999
balanced	conditional_null	0.0	building_equal	cv_standardized	600	27	0.045	0.03110848866772835	0.0646806592547393	0.4999999999999999
balanced	conditional_null	0.0	building_equal	mantel	600	19	0.03166666666666667	0.020364911485651824	0.048927215130514526	0.4999999999999999
balanced	conditional_null	0.0	building_equal	nested_max	600	22	0.03666666666666667	0.024336895975690734	0.05489161363033859	0.4999999999999999
balanced	conditional_null	0.0	building_equal	profile	600	21	0.035	0.023004350476005058	0.052912031466736606	0.4999999999999999
balanced	conditional_null	0.0	building_equal	standardized_max	600	18	0.03	0.01905925662590196	0.046920742326976704	0.4999999999999999
balanced	conditional_null	0.0	room_equal	cv_retrained	600	25	0.041666666666666664	0.02837972965493859	0.06078516294095374	0.4999999999999999
balanced	conditional_null	0.0	room_equal	cv_standardized	600	27	0.045	0.03110848866772835	0.0646806592547393	0.4999999999999999
balanced	conditional_null	0.0	room_equal	mantel	600	19	0.03166666666666667	0.020364911485651824	0.048927215130514526	0.4999999999999999
balanced	conditional_null	0.0	room_equal	nested_max	600	22	0.03666666666666667	0.024336895975690734	0.05489161363033859	0.4999999999999999
balanced	conditional_null	0.0	room_equal	profile	600	21	0.035	0.023004350476005058	0.052912031466736606	0.4999999999999999
balanced	conditional_null	0.0	room_equal	standardized_max	600	18	0.03	0.01905925662590196	0.046920742326976704	0.4999999999999999
balanced	conditional_null	0.0	sqrt_rooms	cv_retrained	600	25	0.041666666666666664	0.02837972965493859	0.06078516294095374	0.5000000000000001
balanced	conditional_null	0.0	sqrt_rooms	cv_standardized	600	27	0.045	0.03110848866772835	0.0646806592547393	0.5000000000000001
balanced	conditional_null	0.0	sqrt_rooms	mantel	600	19	0.03166666666666667	0.020364911485651824	0.048927215130514526	0.5000000000000001
balanced	conditional_null	0.0	sqrt_rooms	nested_max	600	22	0.03666666666666667	0.024336895975690734	0.05489161363033859	0.5000000000000001
balanced	conditional_null	0.0	sqrt_rooms	profile	600	21	0.035	0.023004350476005058	0.052912031466736606	0.5000000000000001
balanced	conditional_null	0.0	sqrt_rooms	standardized_max	600	18	0.03	0.01905925662590196	0.046920742326976704	0.5000000000000001
balanced	conditional_null	0.1	building_equal	cv_retrained	600	25	0.041666666666666664	0.02837972965493859	0.06078516294095374	0.4999925804864866
balanced	conditional_null	0.1	building_equal	cv_standardized	600	29	0.04833333333333333	0.03386090038689244	0.06855250286215053	0.5000485733535913
balanced	conditional_null	0.1	building_equal	mantel	600	19	0.03166666666666667	0.020364911485651824	0.048927215130514526	0.4999925804864866
balanced	conditional_null	0.1	building_equal	nested_max	600	22	0.03666666666666667	0.024336895975690734	0.05489161363033859	0.4999925804864866
balanced	conditional_null	0.1	building_equal	profile	600	21	0.035	0.023004350476005058	0.052912031466736606	0.4999925804864866
balanced	conditional_null	0.1	building_equal	standardized_max	600	18	0.03	0.01905925662590196	0.046920742326976704	0.4999925804864866
balanced	conditional_null	0.1	room_equal	cv_retrained	600	25	0.041666666666666664	0.02837972965493859	0.06078516294095374	0.4999925804864866
balanced	conditional_null	0.1	room_equal	cv_standardized	600	29	0.04833333333333333	0.03386090038689244	0.06855250286215053	0.5000485733535913
balanced	conditional_null	0.1	room_equal	mantel	600	19	0.03166666666666667	0.020364911485651824	0.048927215130514526	0.4999925804864866
balanced	conditional_null	0.1	room_equal	nested_max	600	22	0.03666666666666667	0.024336895975690734	0.05489161363033859	0.4999925804864866
balanced	conditional_null	0.1	room_equal	profile	600	21	0.035	0.023004350476005058	0.052912031466736606	0.4999925804864866
balanced	conditional_null	0.1	room_equal	standardized_max	600	18	0.03	0.01905925662590196	0.046920742326976704	0.4999925804864866
balanced	conditional_null	0.1	sqrt_rooms	cv_retrained	600	25	0.041666666666666664	0.02837972965493859	0.06078516294095374	0.4999925804864867
balanced	conditional_null	0.1	sqrt_rooms	cv_standardized	600	29	0.04833333333333333	0.03386090038689244	0.06855250286215053	0.5000485733535915
balanced	conditional_null	0.1	sqrt_rooms	mantel	600	19	0.03166666666666667	0.020364911485651824	0.048927215130514526	0.4999925804864867
balanced	conditional_null	0.1	sqrt_rooms	nested_max	600	22	0.03666666666666667	0.024336895975690734	0.05489161363033859	0.4999925804864867
balanced	conditional_null	0.1	sqrt_rooms	profile	600	21	0.035	0.023004350476005058	0.052912031466736606	0.4999925804864867
balanced	conditional_null	0.1	sqrt_rooms	standardized_max	600	18	0.03	0.01905925662590196	0.046920742326976704	0.4999925804864867
balanced	conditional_null	0.25	building_equal	cv_retrained	600	24	0.04	0.02702502927655182	0.05882773565605286	0.4999815650928245
balanced	conditional_null	0.25	building_equal	cv_standardized	600	29	0.04833333333333333	0.03386090038689244	0.06855250286215053	0.500136218338253
balanced	conditional_null	0.25	building_equal	mantel	600	19	0.03166666666666667	0.020364911485651824	0.048927215130514526	0.4999815650928245
balanced	conditional_null	0.25	building_equal	nested_max	600	22	0.03666666666666667	0.024336895975690734	0.05489161363033859	0.4999815650928245
balanced	conditional_null	0.25	building_equal	profile	600	21	0.035	0.023004350476005058	0.052912031466736606	0.4999815650928245
balanced	conditional_null	0.25	building_equal	standardized_max	600	18	0.03	0.01905925662590196	0.046920742326976704	0.4999815650928245
balanced	conditional_null	0.25	room_equal	cv_retrained	600	24	0.04	0.02702502927655182	0.05882773565605286	0.4999815650928245
balanced	conditional_null	0.25	room_equal	cv_standardized	600	29	0.04833333333333333	0.03386090038689244	0.06855250286215053	0.500136218338253
balanced	conditional_null	0.25	room_equal	mantel	600	19	0.03166666666666667	0.020364911485651824	0.048927215130514526	0.4999815650928245
balanced	conditional_null	0.25	room_equal	nested_max	600	22	0.03666666666666667	0.024336895975690734	0.05489161363033859	0.4999815650928245
balanced	conditional_null	0.25	room_equal	profile	600	21	0.035	0.023004350476005058	0.052912031466736606	0.4999815650928245
balanced	conditional_null	0.25	room_equal	standardized_max	600	18	0.03	0.01905925662590196	0.046920742326976704	0.4999815650928245
balanced	conditional_null	0.25	sqrt_rooms	cv_retrained	600	24	0.04	0.02702502927655182	0.05882773565605286	0.4999815650928245
balanced	conditional_null	0.25	sqrt_rooms	cv_standardized	600	29	0.04833333333333333	0.03386090038689244	0.06855250286215053	0.500136218338253
balanced	conditional_null	0.25	sqrt_rooms	mantel	600	19	0.03166666666666667	0.020364911485651824	0.048927215130514526	0.4999815650928245
balanced	conditional_null	0.25	sqrt_rooms	nested_max	600	22	0.03666666666666667	0.024336895975690734	0.05489161363033859	0.4999815650928245
balanced	conditional_null	0.25	sqrt_rooms	profile	600	21	0.035	0.023004350476005058	0.052912031466736606	0.4999815650928245
balanced	conditional_null	0.25	sqrt_rooms	standardized_max	600	18	0.03	0.01905925662590196	0.046920742326976704	0.4999815650928245
balanced	conditional_null	0.5	building_equal	cv_retrained	600	25	0.041666666666666664	0.02837972965493859	0.06078516294095374	0.49996394095572083
balanced	conditional_null	0.5	building_equal	cv_standardized	600	28	0.04666666666666667	0.03248188567095377	0.06661938991480156	0.5003718798283514
balanced	conditional_null	0.5	building_equal	mantel	600	19	0.03166666666666667	0.020364911485651824	0.048927215130514526	0.49996394095572083
balanced	conditional_null	0.5	building_equal	nested_max	600	22	0.03666666666666667	0.024336895975690734	0.05489161363033859	0.49996394095572083
balanced	conditional_null	0.5	building_equal	profile	600	21	0.035	0.023004350476005058	0.052912031466736606	0.49996394095572083
balanced	conditional_null	0.5	building_equal	standardized_max	600	18	0.03	0.01905925662590196	0.046920742326976704	0.49996394095572083
balanced	conditional_null	0.5	room_equal	cv_retrained	600	25	0.041666666666666664	0.02837972965493859	0.06078516294095374	0.49996394095572083
balanced	conditional_null	0.5	room_equal	cv_standardized	600	28	0.04666666666666667	0.03248188567095377	0.06661938991480156	0.5003718798283514
balanced	conditional_null	0.5	room_equal	mantel	600	19	0.03166666666666667	0.020364911485651824	0.048927215130514526	0.49996394095572083
balanced	conditional_null	0.5	room_equal	nested_max	600	22	0.03666666666666667	0.024336895975690734	0.05489161363033859	0.49996394095572083
balanced	conditional_null	0.5	room_equal	profile	600	21	0.035	0.023004350476005058	0.052912031466736606	0.49996394095572083
balanced	conditional_null	0.5	room_equal	standardized_max	600	18	0.03	0.01905925662590196	0.046920742326976704	0.49996394095572083
balanced	conditional_null	0.5	sqrt_rooms	cv_retrained	600	25	0.041666666666666664	0.02837972965493859	0.06078516294095374	0.49996394095572083
balanced	conditional_null	0.5	sqrt_rooms	cv_standardized	600	28	0.04666666666666667	0.03248188567095377	0.06661938991480156	0.5003718798283515
balanced	conditional_null	0.5	sqrt_rooms	mantel	600	19	0.03166666666666667	0.020364911485651824	0.048927215130514526	0.49996394095572083
balanced	conditional_null	0.5	sqrt_rooms	nested_max	600	22	0.03666666666666667	0.024336895975690734	0.05489161363033859	0.49996394095572083
balanced	conditional_null	0.5	sqrt_rooms	profile	600	21	0.035	0.023004350476005058	0.052912031466736606	0.49996394095572083
balanced	conditional_null	0.5	sqrt_rooms	standardized_max	600	18	0.03	0.01905925662590196	0.046920742326976704	0.49996394095572083
balanced	conditional_null	1.0	building_equal	cv_retrained	600	23	0.03833333333333333	0.025677277815960083	0.0568633594533569	0.49993428692139624
balanced	conditional_null	1.0	building_equal	cv_standardized	600	27	0.045	0.03110848866772835	0.0646806592547393	0.5013862348141815
balanced	conditional_null	1.0	building_equal	mantel	600	19	0.03166666666666667	0.020364911485651824	0.048927215130514526	0.49993428692139624
balanced	conditional_null	1.0	building_equal	nested_max	600	22	0.03666666666666667	0.024336895975690734	0.05489161363033859	0.49993428692139624
balanced	conditional_null	1.0	building_equal	profile	600	21	0.035	0.023004350476005058	0.052912031466736606	0.49993428692139624
balanced	conditional_null	1.0	building_equal	standardized_max	600	18	0.03	0.01905925662590196	0.046920742326976704	0.49993428692139624
balanced	conditional_null	1.0	room_equal	cv_retrained	600	23	0.03833333333333333	0.025677277815960083	0.0568633594533569	0.4999342869213962
balanced	conditional_null	1.0	room_equal	cv_standardized	600	27	0.045	0.03110848866772835	0.0646806592547393	0.5013862348141815
balanced	conditional_null	1.0	room_equal	mantel	600	19	0.03166666666666667	0.020364911485651824	0.048927215130514526	0.4999342869213962
balanced	conditional_null	1.0	room_equal	nested_max	600	22	0.03666666666666667	0.024336895975690734	0.05489161363033859	0.4999342869213962
balanced	conditional_null	1.0	room_equal	profile	600	21	0.035	0.023004350476005058	0.052912031466736606	0.4999342869213962
balanced	conditional_null	1.0	room_equal	standardized_max	600	18	0.03	0.01905925662590196	0.046920742326976704	0.4999342869213962
balanced	conditional_null	1.0	sqrt_rooms	cv_retrained	600	23	0.03833333333333333	0.025677277815960083	0.0568633594533569	0.49993428692139624
balanced	conditional_null	1.0	sqrt_rooms	cv_standardized	600	27	0.045	0.03110848866772835	0.0646806592547393	0.5013862348141817
balanced	conditional_null	1.0	sqrt_rooms	mantel	600	19	0.03166666666666667	0.020364911485651824	0.048927215130514526	0.49993428692139624
balanced	conditional_null	1.0	sqrt_rooms	nested_max	600	22	0.03666666666666667	0.024336895975690734	0.05489161363033859	0.49993428692139624
balanced	conditional_null	1.0	sqrt_rooms	profile	600	21	0.035	0.023004350476005058	0.052912031466736606	0.49993428692139624
balanced	conditional_null	1.0	sqrt_rooms	standardized_max	600	18	0.03	0.01905925662590196	0.046920742326976704	0.49993428692139624
balanced	conditional_null	16.0	building_equal	cv_retrained	600	20	0.03333333333333333	0.021680161456561077	0.05092409282289293	0.5063881657862674
balanced	conditional_null	16.0	building_equal	cv_standardized	600	23	0.03833333333333333	0.025677277815960083	0.0568633594533569	0.530811147324283
balanced	conditional_null	16.0	building_equal	mantel	600	19	0.03166666666666667	0.020364911485651824	0.048927215130514526	0.5063881657862674
balanced	conditional_null	16.0	building_equal	nested_max	600	22	0.03666666666666667	0.024336895975690734	0.05489161363033859	0.5063881657862674
balanced	conditional_null	16.0	building_equal	profile	600	21	0.035	0.023004350476005058	0.052912031466736606	0.5063881657862674
balanced	conditional_null	16.0	building_equal	standardized_max	600	18	0.03	0.01905925662590196	0.046920742326976704	0.5063881657862674
balanced	conditional_null	16.0	room_equal	cv_retrained	600	20	0.03333333333333333	0.021680161456561077	0.05092409282289293	0.5063881657862674
balanced	conditional_null	16.0	room_equal	cv_standardized	600	23	0.03833333333333333	0.025677277815960083	0.0568633594533569	0.530811147324283
balanced	conditional_null	16.0	room_equal	mantel	600	19	0.03166666666666667	0.020364911485651824	0.048927215130514526	0.5063881657862674
balanced	conditional_null	16.0	room_equal	nested_max	600	22	0.03666666666666667	0.024336895975690734	0.05489161363033859	0.5063881657862674
balanced	conditional_null	16.0	room_equal	profile	600	21	0.035	0.023004350476005058	0.052912031466736606	0.5063881657862674
balanced	conditional_null	16.0	room_equal	standardized_max	600	18	0.03	0.01905925662590196	0.046920742326976704	0.5063881657862674
balanced	conditional_null	16.0	sqrt_rooms	cv_retrained	600	20	0.03333333333333333	0.021680161456561077	0.05092409282289293	0.5063881657862674
balanced	conditional_null	16.0	sqrt_rooms	cv_standardized	600	23	0.03833333333333333	0.025677277815960083	0.0568633594533569	0.5308111473242831
balanced	conditional_null	16.0	sqrt_rooms	mantel	600	19	0.03166666666666667	0.020364911485651824	0.048927215130514526	0.5063881657862674
balanced	conditional_null	16.0	sqrt_rooms	nested_max	600	22	0.03666666666666667	0.024336895975690734	0.05489161363033859	0.5063881657862674
balanced	conditional_null	16.0	sqrt_rooms	profile	600	21	0.035	0.023004350476005058	0.052912031466736606	0.5063881657862674
balanced	conditional_null	16.0	sqrt_rooms	standardized_max	600	18	0.03	0.01905925662590196	0.046920742326976704	0.5063881657862674
balanced	conditional_null	2.0	building_equal	cv_retrained	600	21	0.035	0.023004350476005058	0.052912031466736606	0.49991735701467566
balanced	conditional_null	2.0	building_equal	cv_standardized	600	24	0.04	0.02702502927655182	0.05882773565605286	0.505423258878794
balanced	conditional_null	2.0	building_equal	mantel	600	19	0.03166666666666667	0.020364911485651824	0.048927215130514526	0.49991735701467566
balanced	conditional_null	2.0	building_equal	nested_max	600	22	0.03666666666666667	0.024336895975690734	0.05489161363033859	0.49991735701467566
balanced	conditional_null	2.0	building_equal	profile	600	21	0.035	0.023004350476005058	0.052912031466736606	0.49991735701467566
balanced	conditional_null	2.0	building_equal	standardized_max	600	18	0.03	0.01905925662590196	0.046920742326976704	0.49991735701467566
balanced	conditional_null	2.0	room_equal	cv_retrained	600	21	0.035	0.023004350476005058	0.052912031466736606	0.49991735701467566
balanced	conditional_null	2.0	room_equal	cv_standardized	600	24	0.04	0.02702502927655182	0.05882773565605286	0.505423258878794
balanced	conditional_null	2.0	room_equal	mantel	600	19	0.03166666666666667	0.020364911485651824	0.048927215130514526	0.49991735701467566
balanced	conditional_null	2.0	room_equal	nested_max	600	22	0.03666666666666667	0.024336895975690734	0.05489161363033859	0.49991735701467566
balanced	conditional_null	2.0	room_equal	profile	600	21	0.035	0.023004350476005058	0.052912031466736606	0.49991735701467566
balanced	conditional_null	2.0	room_equal	standardized_max	600	18	0.03	0.01905925662590196	0.046920742326976704	0.49991735701467566
balanced	conditional_null	2.0	sqrt_rooms	cv_retrained	600	21	0.035	0.023004350476005058	0.052912031466736606	0.49991735701467577
balanced	conditional_null	2.0	sqrt_rooms	cv_standardized	600	24	0.04	0.02702502927655182	0.05882773565605286	0.5054232588787941
balanced	conditional_null	2.0	sqrt_rooms	mantel	600	19	0.03166666666666667	0.020364911485651824	0.048927215130514526	0.49991735701467577
balanced	conditional_null	2.0	sqrt_rooms	nested_max	600	22	0.03666666666666667	0.024336895975690734	0.05489161363033859	0.49991735701467577
balanced	conditional_null	2.0	sqrt_rooms	profile	600	21	0.035	0.023004350476005058	0.052912031466736606	0.49991735701467577
balanced	conditional_null	2.0	sqrt_rooms	standardized_max	600	18	0.03	0.01905925662590196	0.046920742326976704	0.49991735701467577
balanced	conditional_null	4.0	building_equal	cv_retrained	600	21	0.035	0.023004350476005058	0.052912031466736606	0.5001606498454814
balanced	conditional_null	4.0	building_equal	cv_standardized	600	24	0.04	0.02702502927655182	0.05882773565605286	0.5146269946303386
balanced	conditional_null	4.0	building_equal	mantel	600	19	0.03166666666666667	0.020364911485651824	0.048927215130514526	0.5001606498454814
balanced	conditional_null	4.0	building_equal	nested_max	600	22	0.03666666666666667	0.024336895975690734	0.05489161363033859	0.5001606498454814
balanced	conditional_null	4.0	building_equal	profile	600	21	0.035	0.023004350476005058	0.052912031466736606	0.5001606498454814
balanced	conditional_null	4.0	building_equal	standardized_max	600	18	0.03	0.01905925662590196	0.046920742326976704	0.5001606498454814
balanced	conditional_null	4.0	room_equal	cv_retrained	600	21	0.035	0.023004350476005058	0.052912031466736606	0.5001606498454814
balanced	conditional_null	4.0	room_equal	cv_standardized	600	24	0.04	0.02702502927655182	0.05882773565605286	0.5146269946303386
balanced	conditional_null	4.0	room_equal	mantel	600	19	0.03166666666666667	0.020364911485651824	0.048927215130514526	0.5001606498454814
balanced	conditional_null	4.0	room_equal	nested_max	600	22	0.03666666666666667	0.024336895975690734	0.05489161363033859	0.5001606498454814
balanced	conditional_null	4.0	room_equal	profile	600	21	0.035	0.023004350476005058	0.052912031466736606	0.5001606498454814
balanced	conditional_null	4.0	room_equal	standardized_max	600	18	0.03	0.01905925662590196	0.046920742326976704	0.5001606498454814
balanced	conditional_null	4.0	sqrt_rooms	cv_retrained	600	21	0.035	0.023004350476005058	0.052912031466736606	0.5001606498454814
balanced	conditional_null	4.0	sqrt_rooms	cv_standardized	600	24	0.04	0.02702502927655182	0.05882773565605286	0.5146269946303386
balanced	conditional_null	4.0	sqrt_rooms	mantel	600	19	0.03166666666666667	0.020364911485651824	0.048927215130514526	0.5001606498454814
balanced	conditional_null	4.0	sqrt_rooms	nested_max	600	22	0.03666666666666667	0.024336895975690734	0.05489161363033859	0.5001606498454814
balanced	conditional_null	4.0	sqrt_rooms	profile	600	21	0.035	0.023004350476005058	0.052912031466736606	0.5001606498454814
balanced	conditional_null	4.0	sqrt_rooms	standardized_max	600	18	0.03	0.01905925662590196	0.046920742326976704	0.5001606498454814
balanced	conditional_null	8.0	building_equal	cv_retrained	600	18	0.03	0.01905925662590196	0.046920742326976704	0.5018040702068819
balanced	conditional_null	8.0	building_equal	cv_standardized	600	23	0.03833333333333333	0.025677277815960083	0.0568633594533569	0.5246287227954414
balanced	conditional_null	8.0	building_equal	mantel	600	19	0.03166666666666667	0.020364911485651824	0.048927215130514526	0.5018040702068819
balanced	conditional_null	8.0	building_equal	nested_max	600	22	0.03666666666666667	0.024336895975690734	0.05489161363033859	0.5018040702068819
balanced	conditional_null	8.0	building_equal	profile	600	21	0.035	0.023004350476005058	0.052912031466736606	0.5018040702068819
balanced	conditional_null	8.0	building_equal	standardized_max	600	18	0.03	0.01905925662590196	0.046920742326976704	0.5018040702068819
balanced	conditional_null	8.0	room_equal	cv_retrained	600	18	0.03	0.01905925662590196	0.046920742326976704	0.5018040702068819
balanced	conditional_null	8.0	room_equal	cv_standardized	600	23	0.03833333333333333	0.025677277815960083	0.0568633594533569	0.5246287227954414
balanced	conditional_null	8.0	room_equal	mantel	600	19	0.03166666666666667	0.020364911485651824	0.048927215130514526	0.5018040702068819
balanced	conditional_null	8.0	room_equal	nested_max	600	22	0.03666666666666667	0.024336895975690734	0.05489161363033859	0.5018040702068819
balanced	conditional_null	8.0	room_equal	profile	600	21	0.035	0.023004350476005058	0.052912031466736606	0.5018040702068819
balanced	conditional_null	8.0	room_equal	standardized_max	600	18	0.03	0.01905925662590196	0.046920742326976704	0.5018040702068819
balanced	conditional_null	8.0	sqrt_rooms	cv_retrained	600	18	0.03	0.01905925662590196	0.046920742326976704	0.5018040702068819
balanced	conditional_null	8.0	sqrt_rooms	cv_standardized	600	23	0.03833333333333333	0.025677277815960083	0.0568633594533569	0.5246287227954415
balanced	conditional_null	8.0	sqrt_rooms	mantel	600	19	0.03166666666666667	0.020364911485651824	0.048927215130514526	0.5018040702068819
balanced	conditional_null	8.0	sqrt_rooms	nested_max	600	22	0.03666666666666667	0.024336895975690734	0.05489161363033859	0.5018040702068819
balanced	conditional_null	8.0	sqrt_rooms	profile	600	21	0.035	0.023004350476005058	0.052912031466736606	0.5018040702068819
balanced	conditional_null	8.0	sqrt_rooms	standardized_max	600	18	0.03	0.01905925662590196	0.046920742326976704	0.5018040702068819
balanced	dyadic	0.0	building_equal	cv_retrained	600	82	0.13666666666666666	0.111483490917006	0.16647267848628314	0.4999999999999999
balanced	dyadic	0.0	building_equal	cv_standardized	600	75	0.125	0.10089974887356176	0.15387152688671377	0.4999999999999999
balanced	dyadic	0.0	building_equal	mantel	600	162	0.27	0.23602264667772457	0.3069037357885778	0.4999999999999999
balanced	dyadic	0.0	building_equal	nested_max	600	99	0.165	0.13744910047022482	0.1968132392089547	0.4999999999999999
balanced	dyadic	0.0	building_equal	profile	600	92	0.15333333333333332	0.12671592117000455	0.18436152486616128	0.4999999999999999
balanced	dyadic	0.0	building_equal	standardized_max	600	141	0.235	0.20282559541589984	0.27054610612136154	0.4999999999999999
balanced	dyadic	0.0	room_equal	cv_retrained	600	82	0.13666666666666666	0.111483490917006	0.16647267848628314	0.4999999999999999
balanced	dyadic	0.0	room_equal	cv_standardized	600	75	0.125	0.10089974887356176	0.15387152688671377	0.4999999999999999
balanced	dyadic	0.0	room_equal	mantel	600	162	0.27	0.23602264667772457	0.3069037357885778	0.4999999999999999
balanced	dyadic	0.0	room_equal	nested_max	600	99	0.165	0.13744910047022482	0.1968132392089547	0.4999999999999999
balanced	dyadic	0.0	room_equal	profile	600	92	0.15333333333333332	0.12671592117000455	0.18436152486616128	0.4999999999999999
balanced	dyadic	0.0	room_equal	standardized_max	600	141	0.235	0.20282559541589984	0.27054610612136154	0.4999999999999999
balanced	dyadic	0.0	sqrt_rooms	cv_retrained	600	82	0.13666666666666666	0.111483490917006	0.16647267848628314	0.5000000000000001
balanced	dyadic	0.0	sqrt_rooms	cv_standardized	600	75	0.125	0.10089974887356176	0.15387152688671377	0.5000000000000001
balanced	dyadic	0.0	sqrt_rooms	mantel	600	162	0.27	0.23602264667772457	0.3069037357885778	0.5000000000000001
balanced	dyadic	0.0	sqrt_rooms	nested_max	600	99	0.165	0.13744910047022482	0.1968132392089547	0.5000000000000001
balanced	dyadic	0.0	sqrt_rooms	profile	600	92	0.15333333333333332	0.12671592117000455	0.18436152486616128	0.5000000000000001
balanced	dyadic	0.0	sqrt_rooms	standardized_max	600	141	0.235	0.20282559541589984	0.27054610612136154	0.5000000000000001
balanced	dyadic	0.1	building_equal	cv_retrained	600	81	0.135	0.10996732443966875	0.16467671730033281	0.5015368433485549
balanced	dyadic	0.1	building_equal	cv_standardized	600	73	0.12166666666666667	0.09788899177278657	0.15025802866091367	0.5036240943345679
balanced	dyadic	0.1	building_equal	mantel	600	162	0.27	0.23602264667772457	0.3069037357885778	0.5015368433485549
balanced	dyadic	0.1	building_equal	nested_max	600	99	0.165	0.13744910047022482	0.1968132392089547	0.5015368433485549
balanced	dyadic	0.1	building_equal	profile	600	92	0.15333333333333332	0.12671592117000455	0.18436152486616128	0.5015368433485549
balanced	dyadic	0.1	building_equal	standardized_max	600	141	0.235	0.20282559541589984	0.27054610612136154	0.5015368433485549
balanced	dyadic	0.1	room_equal	cv_retrained	600	81	0.135	0.10996732443966875	0.16467671730033281	0.5015368433485549
balanced	dyadic	0.1	room_equal	cv_standardized	600	73	0.12166666666666667	0.09788899177278657	0.15025802866091367	0.5036240943345679
balanced	dyadic	0.1	room_equal	mantel	600	162	0.27	0.23602264667772457	0.3069037357885778	0.5015368433485549
balanced	dyadic	0.1	room_equal	nested_max	600	99	0.165	0.13744910047022482	0.1968132392089547	0.5015368433485549
balanced	dyadic	0.1	room_equal	profile	600	92	0.15333333333333332	0.12671592117000455	0.18436152486616128	0.5015368433485549
balanced	dyadic	0.1	room_equal	standardized_max	600	141	0.235	0.20282559541589984	0.27054610612136154	0.5015368433485549
balanced	dyadic	0.1	sqrt_rooms	cv_retrained	600	81	0.135	0.10996732443966875	0.16467671730033281	0.5015368433485551
balanced	dyadic	0.1	sqrt_rooms	cv_standardized	600	73	0.12166666666666667	0.09788899177278657	0.15025802866091367	0.5036240943345681
balanced	dyadic	0.1	sqrt_rooms	mantel	600	162	0.27	0.23602264667772457	0.3069037357885778	0.5015368433485551
balanced	dyadic	0.1	sqrt_rooms	nested_max	600	99	0.165	0.13744910047022482	0.1968132392089547	0.5015368433485551
balanced	dyadic	0.1	sqrt_rooms	profile	600	92	0.15333333333333332	0.12671592117000455	0.18436152486616128	0.5015368433485551
balanced	dyadic	0.1	sqrt_rooms	standardized_max	600	141	0.235	0.20282559541589984	0.27054610612136154	0.5015368433485551
balanced	dyadic	0.25	building_equal	cv_retrained	600	80	0.13333333333333333	0.10845252233661881	0.16287939174009505	0.5038414574138549
balanced	dyadic	0.25	building_equal	cv_standardized	600	74	0.12333333333333334	0.09939360586276594	0.15206554223422195	0.5090432815339934
balanced	dyadic	0.25	building_equal	mantel	600	162	0.27	0.23602264667772457	0.3069037357885778	0.5038414574138549
balanced	dyadic	0.25	building_equal	nested_max	600	99	0.165	0.13744910047022482	0.1968132392089547	0.5038414574138549
balanced	dyadic	0.25	building_equal	profile	600	92	0.15333333333333332	0.12671592117000455	0.18436152486616128	0.5038414574138549
balanced	dyadic	0.25	building_equal	standardized_max	600	141	0.235	0.20282559541589984	0.27054610612136154	0.5038414574138549
balanced	dyadic	0.25	room_equal	cv_retrained	600	80	0.13333333333333333	0.10845252233661881	0.16287939174009505	0.5038414574138549
balanced	dyadic	0.25	room_equal	cv_standardized	600	74	0.12333333333333334	0.09939360586276594	0.15206554223422195	0.5090432815339934
balanced	dyadic	0.25	room_equal	mantel	600	162	0.27	0.23602264667772457	0.3069037357885778	0.5038414574138549
balanced	dyadic	0.25	room_equal	nested_max	600	99	0.165	0.13744910047022482	0.1968132392089547	0.5038414574138549
balanced	dyadic	0.25	room_equal	profile	600	92	0.15333333333333332	0.12671592117000455	0.18436152486616128	0.5038414574138549
balanced	dyadic	0.25	room_equal	standardized_max	600	141	0.235	0.20282559541589984	0.27054610612136154	0.5038414574138549
balanced	dyadic	0.25	sqrt_rooms	cv_retrained	600	80	0.13333333333333333	0.10845252233661881	0.16287939174009505	0.5038414574138551
balanced	dyadic	0.25	sqrt_rooms	cv_standardized	600	74	0.12333333333333334	0.09939360586276594	0.15206554223422195	0.5090432815339936
balanced	dyadic	0.25	sqrt_rooms	mantel	600	162	0.27	0.23602264667772457	0.3069037357885778	0.5038414574138551
balanced	dyadic	0.25	sqrt_rooms	nested_max	600	99	0.165	0.13744910047022482	0.1968132392089547	0.5038414574138551
balanced	dyadic	0.25	sqrt_rooms	profile	600	92	0.15333333333333332	0.12671592117000455	0.18436152486616128	0.5038414574138551
balanced	dyadic	0.25	sqrt_rooms	standardized_max	600	141	0.235	0.20282559541589984	0.27054610612136154	0.5038414574138551
balanced	dyadic	0.5	building_equal	cv_retrained	600	80	0.13333333333333333	0.10845252233661881	0.16287939174009505	0.5076782726260167
balanced	dyadic	0.5	building_equal	cv_standardized	600	75	0.125	0.10089974887356176	0.15387152688671377	0.5179672523800235
balanced	dyadic	0.5	building_equal	mantel	600	162	0.27	0.23602264667772457	0.3069037357885778	0.5076782726260167
balanced	dyadic	0.5	building_equal	nested_max	600	99	0.165	0.13744910047022482	0.1968132392089547	0.5076782726260167
balanced	dyadic	0.5	building_equal	profile	600	92	0.15333333333333332	0.12671592117000455	0.18436152486616128	0.5076782726260167
balanced	dyadic	0.5	building_equal	standardized_max	600	141	0.235	0.20282559541589984	0.27054610612136154	0.5076782726260167
balanced	dyadic	0.5	room_equal	cv_retrained	600	80	0.13333333333333333	0.10845252233661881	0.16287939174009505	0.5076782726260167
balanced	dyadic	0.5	room_equal	cv_standardized	600	75	0.125	0.10089974887356176	0.15387152688671377	0.5179672523800235
balanced	dyadic	0.5	room_equal	mantel	600	162	0.27	0.23602264667772457	0.3069037357885778	0.5076782726260167
balanced	dyadic	0.5	room_equal	nested_max	600	99	0.165	0.13744910047022482	0.1968132392089547	0.5076782726260167
balanced	dyadic	0.5	room_equal	profile	600	92	0.15333333333333332	0.12671592117000455	0.18436152486616128	0.5076782726260167
balanced	dyadic	0.5	room_equal	standardized_max	600	141	0.235	0.20282559541589984	0.27054610612136154	0.5076782726260167
balanced	dyadic	0.5	sqrt_rooms	cv_retrained	600	80	0.13333333333333333	0.10845252233661881	0.16287939174009505	0.5076782726260168
balanced	dyadic	0.5	sqrt_rooms	cv_standardized	600	75	0.125	0.10089974887356176	0.15387152688671377	0.5179672523800236
balanced	dyadic	0.5	sqrt_rooms	mantel	600	162	0.27	0.23602264667772457	0.3069037357885778	0.5076782726260168
balanced	dyadic	0.5	sqrt_rooms	nested_max	600	99	0.165	0.13744910047022482	0.1968132392089547	0.5076782726260168
balanced	dyadic	0.5	sqrt_rooms	profile	600	92	0.15333333333333332	0.12671592117000455	0.18436152486616128	0.5076782726260168
balanced	dyadic	0.5	sqrt_rooms	standardized_max	600	141	0.235	0.20282559541589984	0.27054610612136154	0.5076782726260168
balanced	dyadic	1.0	building_equal	cv_retrained	600	81	0.135	0.10996732443966875	0.16467671730033281	0.5153196396349372
balanced	dyadic	1.0	building_equal	cv_standardized	600	77	0.12833333333333333	0.1039165192128853	0.15747901187396557	0.5350318991091466
balanced	dyadic	1.0	building_equal	mantel	600	162	0.27	0.23602264667772457	0.3069037357885778	0.5153196396349372
balanced	dyadic	1.0	building_equal	nested_max	600	99	0.165	0.13744910047022482	0.1968132392089547	0.5153196396349372
balanced	dyadic	1.0	building_equal	profile	600	92	0.15333333333333332	0.12671592117000455	0.18436152486616128	0.5153196396349372
balanced	dyadic	1.0	building_equal	standardized_max	600	141	0.235	0.20282559541589984	0.27054610612136154	0.5153196396349372
balanced	dyadic	1.0	room_equal	cv_retrained	600	81	0.135	0.10996732443966875	0.16467671730033281	0.5153196396349372
balanced	dyadic	1.0	room_equal	cv_standardized	600	77	0.12833333333333333	0.1039165192128853	0.15747901187396557	0.5350318991091466
balanced	dyadic	1.0	room_equal	mantel	600	162	0.27	0.23602264667772457	0.3069037357885778	0.5153196396349372
balanced	dyadic	1.0	room_equal	nested_max	600	99	0.165	0.13744910047022482	0.1968132392089547	0.5153196396349372
balanced	dyadic	1.0	room_equal	profile	600	92	0.15333333333333332	0.12671592117000455	0.18436152486616128	0.5153196396349372
balanced	dyadic	1.0	room_equal	standardized_max	600	141	0.235	0.20282559541589984	0.27054610612136154	0.5153196396349372
balanced	dyadic	1.0	sqrt_rooms	cv_retrained	600	81	0.135	0.10996732443966875	0.16467671730033281	0.5153196396349373
balanced	dyadic	1.0	sqrt_rooms	cv_standardized	600	77	0.12833333333333333	0.1039165192128853	0.15747901187396557	0.5350318991091466
balanced	dyadic	1.0	sqrt_rooms	mantel	600	162	0.27	0.23602264667772457	0.3069037357885778	0.5153196396349373
balanced	dyadic	1.0	sqrt_rooms	nested_max	600	99	0.165	0.13744910047022482	0.1968132392089547	0.5153196396349373
balanced	dyadic	1.0	sqrt_rooms	profile	600	92	0.15333333333333332	0.12671592117000455	0.18436152486616128	0.5153196396349373
balanced	dyadic	1.0	sqrt_rooms	standardized_max	600	141	0.235	0.20282559541589984	0.27054610612136154	0.5153196396349373
balanced	dyadic	16.0	building_equal	cv_retrained	600	78	0.13	0.10542709735321987	0.15928056139691865	0.658021967848379
balanced	dyadic	16.0	building_equal	cv_standardized	600	57	0.095	0.07404809033012902	0.12110488749096857	0.6380944443463928
balanced	dyadic	16.0	building_equal	mantel	600	162	0.27	0.23602264667772457	0.3069037357885778	0.658021967848379
balanced	dyadic	16.0	building_equal	nested_max	600	99	0.165	0.13744910047022482	0.1968132392089547	0.658021967848379
balanced	dyadic	16.0	building_equal	profile	600	92	0.15333333333333332	0.12671592117000455	0.18436152486616128	0.658021967848379
balanced	dyadic	16.0	building_equal	standardized_max	600	141	0.235	0.20282559541589984	0.27054610612136154	0.658021967848379
balanced	dyadic	16.0	room_equal	cv_retrained	600	78	0.13	0.10542709735321987	0.15928056139691865	0.658021967848379
balanced	dyadic	16.0	room_equal	cv_standardized	600	57	0.095	0.07404809033012902	0.12110488749096857	0.6380944443463928
balanced	dyadic	16.0	room_equal	mantel	600	162	0.27	0.23602264667772457	0.3069037357885778	0.658021967848379
balanced	dyadic	16.0	room_equal	nested_max	600	99	0.165	0.13744910047022482	0.1968132392089547	0.658021967848379
balanced	dyadic	16.0	room_equal	profile	600	92	0.15333333333333332	0.12671592117000455	0.18436152486616128	0.658021967848379
balanced	dyadic	16.0	room_equal	standardized_max	600	141	0.235	0.20282559541589984	0.27054610612136154	0.658021967848379
balanced	dyadic	16.0	sqrt_rooms	cv_retrained	600	78	0.13	0.10542709735321987	0.15928056139691865	0.658021967848379
balanced	dyadic	16.0	sqrt_rooms	cv_standardized	600	57	0.095	0.07404809033012902	0.12110488749096857	0.638094444346393
balanced	dyadic	16.0	sqrt_rooms	mantel	600	162	0.27	0.23602264667772457	0.3069037357885778	0.658021967848379
balanced	dyadic	16.0	sqrt_rooms	nested_max	600	99	0.165	0.13744910047022482	0.1968132392089547	0.658021967848379
balanced	dyadic	16.0	sqrt_rooms	profile	600	92	0.15333333333333332	0.12671592117000455	0.18436152486616128	0.658021967848379
balanced	dyadic	16.0	sqrt_rooms	standardized_max	600	141	0.235	0.20282559541589984	0.27054610612136154	0.658021967848379
balanced	dyadic	2.0	building_equal	cv_retrained	600	78	0.13	0.10542709735321987	0.15928056139691865	0.5303511883883786
balanced	dyadic	2.0	building_equal	cv_standardized	600	64	0.10666666666666667	0.08442099093830635	0.1339168805258049	0.5641190864235692
balanced	dyadic	2.0	building_equal	mantel	600	162	0.27	0.23602264667772457	0.3069037357885778	0.5303511883883786
balanced	dyadic	2.0	building_equal	nested_max	600	99	0.165	0.13744910047022482	0.1968132392089547	0.5303511883883786
balanced	dyadic	2.0	building_equal	profile	600	92	0.15333333333333332	0.12671592117000455	0.18436152486616128	0.5303511883883786
balanced	dyadic	2.0	building_equal	standardized_max	600	141	0.235	0.20282559541589984	0.27054610612136154	0.5303511883883786
balanced	dyadic	2.0	room_equal	cv_retrained	600	78	0.13	0.10542709735321987	0.15928056139691865	0.5303511883883786
balanced	dyadic	2.0	room_equal	cv_standardized	600	64	0.10666666666666667	0.08442099093830635	0.1339168805258049	0.5641190864235693
balanced	dyadic	2.0	room_equal	mantel	600	162	0.27	0.23602264667772457	0.3069037357885778	0.5303511883883786
balanced	dyadic	2.0	room_equal	nested_max	600	99	0.165	0.13744910047022482	0.1968132392089547	0.5303511883883786
balanced	dyadic	2.0	room_equal	profile	600	92	0.15333333333333332	0.12671592117000455	0.18436152486616128	0.5303511883883786
balanced	dyadic	2.0	room_equal	standardized_max	600	141	0.235	0.20282559541589984	0.27054610612136154	0.5303511883883786
balanced	dyadic	2.0	sqrt_rooms	cv_retrained	600	78	0.13	0.10542709735321987	0.15928056139691865	0.5303511883883787
balanced	dyadic	2.0	sqrt_rooms	cv_standardized	600	64	0.10666666666666667	0.08442099093830635	0.1339168805258049	0.5641190864235694
balanced	dyadic	2.0	sqrt_rooms	mantel	600	162	0.27	0.23602264667772457	0.3069037357885778	0.5303511883883787
balanced	dyadic	2.0	sqrt_rooms	nested_max	600	99	0.165	0.13744910047022482	0.1968132392089547	0.5303511883883787
balanced	dyadic	2.0	sqrt_rooms	profile	600	92	0.15333333333333332	0.12671592117000455	0.18436152486616128	0.5303511883883787
balanced	dyadic	2.0	sqrt_rooms	standardized_max	600	141	0.235	0.20282559541589984	0.27054610612136154	0.5303511883883787
balanced	dyadic	4.0	building_equal	cv_retrained	600	80	0.13333333333333333	0.10845252233661881	0.16287939174009505	0.5585974567826025
balanced	dyadic	4.0	building_equal	cv_standardized	600	64	0.10666666666666667	0.08442099093830635	0.1339168805258049	0.6005433977785313
balanced	dyadic	4.0	building_equal	mantel	600	162	0.27	0.23602264667772457	0.3069037357885778	0.5585974567826025
balanced	dyadic	4.0	building_equal	nested_max	600	99	0.165	0.13744910047022482	0.1968132392089547	0.5585974567826025
balanced	dyadic	4.0	building_equal	profile	600	92	0.15333333333333332	0.12671592117000455	0.18436152486616128	0.5585974567826025
balanced	dyadic	4.0	building_equal	standardized_max	600	141	0.235	0.20282559541589984	0.27054610612136154	0.5585974567826025
balanced	dyadic	4.0	room_equal	cv_retrained	600	80	0.13333333333333333	0.10845252233661881	0.16287939174009505	0.5585974567826025
balanced	dyadic	4.0	room_equal	cv_standardized	600	64	0.10666666666666667	0.08442099093830635	0.1339168805258049	0.6005433977785313
balanced	dyadic	4.0	room_equal	mantel	600	162	0.27	0.23602264667772457	0.3069037357885778	0.5585974567826025
balanced	dyadic	4.0	room_equal	nested_max	600	99	0.165	0.13744910047022482	0.1968132392089547	0.5585974567826025
balanced	dyadic	4.0	room_equal	profile	600	92	0.15333333333333332	0.12671592117000455	0.18436152486616128	0.5585974567826025
balanced	dyadic	4.0	room_equal	standardized_max	600	141	0.235	0.20282559541589984	0.27054610612136154	0.5585974567826025
balanced	dyadic	4.0	sqrt_rooms	cv_retrained	600	80	0.13333333333333333	0.10845252233661881	0.16287939174009505	0.5585974567826026
balanced	dyadic	4.0	sqrt_rooms	cv_standardized	600	64	0.10666666666666667	0.08442099093830635	0.1339168805258049	0.6005433977785315
balanced	dyadic	4.0	sqrt_rooms	mantel	600	162	0.27	0.23602264667772457	0.3069037357885778	0.5585974567826026
balanced	dyadic	4.0	sqrt_rooms	nested_max	600	99	0.165	0.13744910047022482	0.1968132392089547	0.5585974567826026
balanced	dyadic	4.0	sqrt_rooms	profile	600	92	0.15333333333333332	0.12671592117000455	0.18436152486616128	0.5585974567826026
balanced	dyadic	4.0	sqrt_rooms	standardized_max	600	141	0.235	0.20282559541589984	0.27054610612136154	0.5585974567826026
balanced	dyadic	8.0	building_equal	cv_retrained	600	79	0.13166666666666665	0.10693910596672464	0.1610806804467015	0.6045460457030732
balanced	dyadic	8.0	building_equal	cv_standardized	600	61	0.10166666666666667	0.07996359842758784	0.1284378900466604	0.6270248505164161
balanced	dyadic	8.0	building_equal	mantel	600	162	0.27	0.23602264667772457	0.3069037357885778	0.6045460457030732
balanced	dyadic	8.0	building_equal	nested_max	600	99	0.165	0.13744910047022482	0.1968132392089547	0.6045460457030732
balanced	dyadic	8.0	building_equal	profile	600	92	0.15333333333333332	0.12671592117000455	0.18436152486616128	0.6045460457030732
balanced	dyadic	8.0	building_equal	standardized_max	600	141	0.235	0.20282559541589984	0.27054610612136154	0.6045460457030732
balanced	dyadic	8.0	room_equal	cv_retrained	600	79	0.13166666666666665	0.10693910596672464	0.1610806804467015	0.6045460457030734
balanced	dyadic	8.0	room_equal	cv_standardized	600	61	0.10166666666666667	0.07996359842758784	0.1284378900466604	0.6270248505164161
balanced	dyadic	8.0	room_equal	mantel	600	162	0.27	0.23602264667772457	0.3069037357885778	0.6045460457030734
balanced	dyadic	8.0	room_equal	nested_max	600	99	0.165	0.13744910047022482	0.1968132392089547	0.6045460457030734
balanced	dyadic	8.0	room_equal	profile	600	92	0.15333333333333332	0.12671592117000455	0.18436152486616128	0.6045460457030734
balanced	dyadic	8.0	room_equal	standardized_max	600	141	0.235	0.20282559541589984	0.27054610612136154	0.6045460457030734
balanced	dyadic	8.0	sqrt_rooms	cv_retrained	600	79	0.13166666666666665	0.10693910596672464	0.1610806804467015	0.6045460457030735
balanced	dyadic	8.0	sqrt_rooms	cv_standardized	600	61	0.10166666666666667	0.07996359842758784	0.1284378900466604	0.6270248505164162
balanced	dyadic	8.0	sqrt_rooms	mantel	600	162	0.27	0.23602264667772457	0.3069037357885778	0.6045460457030735
balanced	dyadic	8.0	sqrt_rooms	nested_max	600	99	0.165	0.13744910047022482	0.1968132392089547	0.6045460457030735
balanced	dyadic	8.0	sqrt_rooms	profile	600	92	0.15333333333333332	0.12671592117000455	0.18436152486616128	0.6045460457030735
balanced	dyadic	8.0	sqrt_rooms	standardized_max	600	141	0.235	0.20282559541589984	0.27054610612136154	0.6045460457030735
balanced	mixed_covariate	0.0	building_equal	cv_retrained	600	221	0.36833333333333335	0.3306892770911631	0.40765263750911157	0.4999999999999999
balanced	mixed_covariate	0.0	building_equal	cv_standardized	600	213	0.355	0.3177449480721892	0.39409994522178404	0.4999999999999999
balanced	mixed_covariate	0.0	building_equal	mantel	600	210	0.35	0.3128990638700219	0.38900944643408836	0.4999999999999999
balanced	mixed_covariate	0.0	building_equal	nested_max	600	189	0.315	0.279108313899091	0.3532455154759783	0.4999999999999999
balanced	mixed_covariate	0.0	building_equal	profile	600	185	0.30833333333333335	0.27269878773134837	0.3464065309905704	0.4999999999999999
balanced	mixed_covariate	0.0	building_equal	standardized_max	600	202	0.33666666666666667	0.2999991284980691	0.3754123604997399	0.4999999999999999
balanced	mixed_covariate	0.0	room_equal	cv_retrained	600	221	0.36833333333333335	0.3306892770911631	0.40765263750911157	0.4999999999999999
balanced	mixed_covariate	0.0	room_equal	cv_standardized	600	213	0.355	0.3177449480721892	0.39409994522178404	0.4999999999999999
balanced	mixed_covariate	0.0	room_equal	mantel	600	210	0.35	0.3128990638700219	0.38900944643408836	0.4999999999999999
balanced	mixed_covariate	0.0	room_equal	nested_max	600	189	0.315	0.279108313899091	0.3532455154759783	0.4999999999999999
balanced	mixed_covariate	0.0	room_equal	profile	600	185	0.30833333333333335	0.27269878773134837	0.3464065309905704	0.4999999999999999
balanced	mixed_covariate	0.0	room_equal	standardized_max	600	202	0.33666666666666667	0.2999991284980691	0.3754123604997399	0.4999999999999999
balanced	mixed_covariate	0.0	sqrt_rooms	cv_retrained	600	221	0.36833333333333335	0.3306892770911631	0.40765263750911157	0.5000000000000001
balanced	mixed_covariate	0.0	sqrt_rooms	cv_standardized	600	213	0.355	0.3177449480721892	0.39409994522178404	0.5000000000000001
balanced	mixed_covariate	0.0	sqrt_rooms	mantel	600	210	0.35	0.3128990638700219	0.38900944643408836	0.5000000000000001
balanced	mixed_covariate	0.0	sqrt_rooms	nested_max	600	189	0.315	0.279108313899091	0.3532455154759783	0.5000000000000001
balanced	mixed_covariate	0.0	sqrt_rooms	profile	600	185	0.30833333333333335	0.27269878773134837	0.3464065309905704	0.5000000000000001
balanced	mixed_covariate	0.0	sqrt_rooms	standardized_max	600	202	0.33666666666666667	0.2999991284980691	0.3754123604997399	0.5000000000000001
balanced	mixed_covariate	0.1	building_equal	cv_retrained	600	221	0.36833333333333335	0.3306892770911631	0.40765263750911157	0.501600941298517
balanced	mixed_covariate	0.1	building_equal	cv_standardized	600	212	0.35333333333333333	0.3161291493367635	0.3924036162939222	0.5007112889616682
balanced	mixed_covariate	0.1	building_equal	mantel	600	210	0.35	0.3128990638700219	0.38900944643408836	0.501600941298517
balanced	mixed_covariate	0.1	building_equal	nested_max	600	189	0.315	0.279108313899091	0.3532455154759783	0.501600941298517
balanced	mixed_covariate	0.1	building_equal	profile	600	185	0.30833333333333335	0.27269878773134837	0.3464065309905704	0.501600941298517
balanced	mixed_covariate	0.1	building_equal	standardized_max	600	202	0.33666666666666667	0.2999991284980691	0.3754123604997399	0.501600941298517
balanced	mixed_covariate	0.1	room_equal	cv_retrained	600	221	0.36833333333333335	0.3306892770911631	0.40765263750911157	0.501600941298517
balanced	mixed_covariate	0.1	room_equal	cv_standardized	600	212	0.35333333333333333	0.3161291493367635	0.3924036162939222	0.5007112889616682
balanced	mixed_covariate	0.1	room_equal	mantel	600	210	0.35	0.3128990638700219	0.38900944643408836	0.501600941298517
balanced	mixed_covariate	0.1	room_equal	nested_max	600	189	0.315	0.279108313899091	0.3532455154759783	0.501600941298517
balanced	mixed_covariate	0.1	room_equal	profile	600	185	0.30833333333333335	0.27269878773134837	0.3464065309905704	0.501600941298517
balanced	mixed_covariate	0.1	room_equal	standardized_max	600	202	0.33666666666666667	0.2999991284980691	0.3754123604997399	0.501600941298517
balanced	mixed_covariate	0.1	sqrt_rooms	cv_retrained	600	221	0.36833333333333335	0.3306892770911631	0.40765263750911157	0.501600941298517
balanced	mixed_covariate	0.1	sqrt_rooms	cv_standardized	600	212	0.35333333333333333	0.3161291493367635	0.3924036162939222	0.5007112889616683
balanced	mixed_covariate	0.1	sqrt_rooms	mantel	600	210	0.35	0.3128990638700219	0.38900944643408836	0.501600941298517
balanced	mixed_covariate	0.1	sqrt_rooms	nested_max	600	189	0.315	0.279108313899091	0.3532455154759783	0.501600941298517
balanced	mixed_covariate	0.1	sqrt_rooms	profile	600	185	0.30833333333333335	0.27269878773134837	0.3464065309905704	0.501600941298517
balanced	mixed_covariate	0.1	sqrt_rooms	standardized_max	600	202	0.33666666666666667	0.2999991284980691	0.3754123604997399	0.501600941298517
balanced	mixed_covariate	0.25	building_equal	cv_retrained	600	221	0.36833333333333335	0.3306892770911631	0.40765263750911157	0.5040015326534817
balanced	mixed_covariate	0.25	building_equal	cv_standardized	600	211	0.3516666666666667	0.3145138540633485	0.3907067839040495	0.5017867679046822
balanced	mixed_covariate	0.25	building_equal	mantel	600	210	0.35	0.3128990638700219	0.38900944643408836	0.5040015326534817
balanced	mixed_covariate	0.25	building_equal	nested_max	600	189	0.315	0.279108313899091	0.3532455154759783	0.5040015326534817
balanced	mixed_covariate	0.25	building_equal	profile	600	185	0.30833333333333335	0.27269878773134837	0.3464065309905704	0.5040015326534817
balanced	mixed_covariate	0.25	building_equal	standardized_max	600	202	0.33666666666666667	0.2999991284980691	0.3754123604997399	0.5040015326534817
balanced	mixed_covariate	0.25	room_equal	cv_retrained	600	221	0.36833333333333335	0.3306892770911631	0.40765263750911157	0.5040015326534817
balanced	mixed_covariate	0.25	room_equal	cv_standardized	600	211	0.3516666666666667	0.3145138540633485	0.3907067839040495	0.5017867679046822
balanced	mixed_covariate	0.25	room_equal	mantel	600	210	0.35	0.3128990638700219	0.38900944643408836	0.5040015326534817
balanced	mixed_covariate	0.25	room_equal	nested_max	600	189	0.315	0.279108313899091	0.3532455154759783	0.5040015326534817
balanced	mixed_covariate	0.25	room_equal	profile	600	185	0.30833333333333335	0.27269878773134837	0.3464065309905704	0.5040015326534817
balanced	mixed_covariate	0.25	room_equal	standardized_max	600	202	0.33666666666666667	0.2999991284980691	0.3754123604997399	0.5040015326534817
balanced	mixed_covariate	0.25	sqrt_rooms	cv_retrained	600	221	0.36833333333333335	0.3306892770911631	0.40765263750911157	0.5040015326534818
balanced	mixed_covariate	0.25	sqrt_rooms	cv_standardized	600	211	0.3516666666666667	0.3145138540633485	0.3907067839040495	0.5017867679046824
balanced	mixed_covariate	0.25	sqrt_rooms	mantel	600	210	0.35	0.3128990638700219	0.38900944643408836	0.5040015326534818
balanced	mixed_covariate	0.25	sqrt_rooms	nested_max	600	189	0.315	0.279108313899091	0.3532455154759783	0.5040015326534818
balanced	mixed_covariate	0.25	sqrt_rooms	profile	600	185	0.30833333333333335	0.27269878773134837	0.3464065309905704	0.5040015326534818
balanced	mixed_covariate	0.25	sqrt_rooms	standardized_max	600	202	0.33666666666666667	0.2999991284980691	0.3754123604997399	0.5040015326534818
balanced	mixed_covariate	0.5	building_equal	cv_retrained	600	220	0.36666666666666664	0.32906950577084787	0.4059602811661391	0.507997213984345
balanced	mixed_covariate	0.5	building_equal	cv_standardized	600	215	0.35833333333333334	0.3209780495902078	0.39749109903034086	0.503629087370745
balanced	mixed_covariate	0.5	building_equal	mantel	600	210	0.35	0.3128990638700219	0.38900944643408836	0.507997213984345
balanced	mixed_covariate	0.5	building_equal	nested_max	600	189	0.315	0.279108313899091	0.3532455154759783	0.507997213984345
balanced	mixed_covariate	0.5	building_equal	profile	600	185	0.30833333333333335	0.27269878773134837	0.3464065309905704	0.507997213984345
balanced	mixed_covariate	0.5	building_equal	standardized_max	600	202	0.33666666666666667	0.2999991284980691	0.3754123604997399	0.507997213984345
balanced	mixed_covariate	0.5	room_equal	cv_retrained	600	220	0.36666666666666664	0.32906950577084787	0.4059602811661391	0.507997213984345
balanced	mixed_covariate	0.5	room_equal	cv_standardized	600	215	0.35833333333333334	0.3209780495902078	0.39749109903034086	0.503629087370745
balanced	mixed_covariate	0.5	room_equal	mantel	600	210	0.35	0.3128990638700219	0.38900944643408836	0.507997213984345
balanced	mixed_covariate	0.5	room_equal	nested_max	600	189	0.315	0.279108313899091	0.3532455154759783	0.507997213984345
balanced	mixed_covariate	0.5	room_equal	profile	600	185	0.30833333333333335	0.27269878773134837	0.3464065309905704	0.507997213984345
balanced	mixed_covariate	0.5	room_equal	standardized_max	600	202	0.33666666666666667	0.2999991284980691	0.3754123604997399	0.507997213984345
balanced	mixed_covariate	0.5	sqrt_rooms	cv_retrained	600	220	0.36666666666666664	0.32906950577084787	0.4059602811661391	0.507997213984345
balanced	mixed_covariate	0.5	sqrt_rooms	cv_standardized	600	215	0.35833333333333334	0.3209780495902078	0.39749109903034086	0.503629087370745
balanced	mixed_covariate	0.5	sqrt_rooms	mantel	600	210	0.35	0.3128990638700219	0.38900944643408836	0.507997213984345
balanced	mixed_covariate	0.5	sqrt_rooms	nested_max	600	189	0.315	0.279108313899091	0.3532455154759783	0.507997213984345
balanced	mixed_covariate	0.5	sqrt_rooms	profile	600	185	0.30833333333333335	0.27269878773134837	0.3464065309905704	0.507997213984345
balanced	mixed_covariate	0.5	sqrt_rooms	standardized_max	600	202	0.33666666666666667	0.2999991284980691	0.3754123604997399	0.507997213984345
balanced	mixed_covariate	1.0	building_equal	cv_retrained	600	211	0.3516666666666667	0.3145138540633485	0.3907067839040495	0.5159479287387047
balanced	mixed_covariate	1.0	building_equal	cv_standardized	600	207	0.345	0.3080577403603192	0.3839143869539281	0.5075713346809617
balanced	mixed_covariate	1.0	building_equal	mantel	600	210	0.35	0.3128990638700219	0.38900944643408836	0.5159479287387047
balanced	mixed_covariate	1.0	building_equal	nested_max	600	189	0.315	0.279108313899091	0.3532455154759783	0.5159479287387047
balanced	mixed_covariate	1.0	building_equal	profile	600	185	0.30833333333333335	0.27269878773134837	0.3464065309905704	0.5159479287387047
balanced	mixed_covariate	1.0	building_equal	standardized_max	600	202	0.33666666666666667	0.2999991284980691	0.3754123604997399	0.5159479287387047
balanced	mixed_covariate	1.0	room_equal	cv_retrained	600	211	0.3516666666666667	0.3145138540633485	0.3907067839040495	0.5159479287387047
balanced	mixed_covariate	1.0	room_equal	cv_standardized	600	207	0.345	0.3080577403603192	0.3839143869539281	0.5075713346809616
balanced	mixed_covariate	1.0	room_equal	mantel	600	210	0.35	0.3128990638700219	0.38900944643408836	0.5159479287387047
balanced	mixed_covariate	1.0	room_equal	nested_max	600	189	0.315	0.279108313899091	0.3532455154759783	0.5159479287387047
balanced	mixed_covariate	1.0	room_equal	profile	600	185	0.30833333333333335	0.27269878773134837	0.3464065309905704	0.5159479287387047
balanced	mixed_covariate	1.0	room_equal	standardized_max	600	202	0.33666666666666667	0.2999991284980691	0.3754123604997399	0.5159479287387047
balanced	mixed_covariate	1.0	sqrt_rooms	cv_retrained	600	211	0.3516666666666667	0.3145138540633485	0.3907067839040495	0.5159479287387048
balanced	mixed_covariate	1.0	sqrt_rooms	cv_standardized	600	207	0.345	0.3080577403603192	0.3839143869539281	0.5075713346809617
balanced	mixed_covariate	1.0	sqrt_rooms	mantel	600	210	0.35	0.3128990638700219	0.38900944643408836	0.5159479287387048
balanced	mixed_covariate	1.0	sqrt_rooms	nested_max	600	189	0.315	0.279108313899091	0.3532455154759783	0.5159479287387048
balanced	mixed_covariate	1.0	sqrt_rooms	profile	600	185	0.30833333333333335	0.27269878773134837	0.3464065309905704	0.5159479287387048
balanced	mixed_covariate	1.0	sqrt_rooms	standardized_max	600	202	0.33666666666666667	0.2999991284980691	0.3754123604997399	0.5159479287387048
balanced	mixed_covariate	16.0	building_equal	cv_retrained	600	159	0.265	0.23126241057476435	0.30172758890167506	0.6532839041089604
balanced	mixed_covariate	16.0	building_equal	cv_standardized	600	157	0.26166666666666666	0.22809210629110613	0.29827363785875793	0.5427660063461168
balanced	mixed_covariate	16.0	building_equal	mantel	600	210	0.35	0.3128990638700219	0.38900944643408836	0.6532839041089604
balanced	mixed_covariate	16.0	building_equal	nested_max	600	189	0.315	0.279108313899091	0.3532455154759783	0.6532839041089604
balanced	mixed_covariate	16.0	building_equal	profile	600	185	0.30833333333333335	0.27269878773134837	0.3464065309905704	0.6532839041089604
balanced	mixed_covariate	16.0	building_equal	standardized_max	600	202	0.33666666666666667	0.2999991284980691	0.3754123604997399	0.6532839041089604
balanced	mixed_covariate	16.0	room_equal	cv_retrained	600	159	0.265	0.23126241057476435	0.30172758890167506	0.6532839041089604
balanced	mixed_covariate	16.0	room_equal	cv_standardized	600	157	0.26166666666666666	0.22809210629110613	0.29827363785875793	0.5427660063461168
balanced	mixed_covariate	16.0	room_equal	mantel	600	210	0.35	0.3128990638700219	0.38900944643408836	0.6532839041089604
balanced	mixed_covariate	16.0	room_equal	nested_max	600	189	0.315	0.279108313899091	0.3532455154759783	0.6532839041089604
balanced	mixed_covariate	16.0	room_equal	profile	600	185	0.30833333333333335	0.27269878773134837	0.3464065309905704	0.6532839041089604
balanced	mixed_covariate	16.0	room_equal	standardized_max	600	202	0.33666666666666667	0.2999991284980691	0.3754123604997399	0.6532839041089604
balanced	mixed_covariate	16.0	sqrt_rooms	cv_retrained	600	159	0.265	0.23126241057476435	0.30172758890167506	0.6532839041089605
balanced	mixed_covariate	16.0	sqrt_rooms	cv_standardized	600	157	0.26166666666666666	0.22809210629110613	0.29827363785875793	0.5427660063461169
balanced	mixed_covariate	16.0	sqrt_rooms	mantel	600	210	0.35	0.3128990638700219	0.38900944643408836	0.6532839041089605
balanced	mixed_covariate	16.0	sqrt_rooms	nested_max	600	189	0.315	0.279108313899091	0.3532455154759783	0.6532839041089605
balanced	mixed_covariate	16.0	sqrt_rooms	profile	600	185	0.30833333333333335	0.27269878773134837	0.3464065309905704	0.6532839041089605
balanced	mixed_covariate	16.0	sqrt_rooms	standardized_max	600	202	0.33666666666666667	0.2999991284980691	0.3754123604997399	0.6532839041089605
balanced	mixed_covariate	2.0	building_equal	cv_retrained	600	212	0.35333333333333333	0.3161291493367635	0.3924036162939222	0.5315334785061007
balanced	mixed_covariate	2.0	building_equal	cv_standardized	600	190	0.31666666666666665	0.2807120720494366	0.35495388498892033	0.5157678599041288
balanced	mixed_covariate	2.0	building_equal	mantel	600	210	0.35	0.3128990638700219	0.38900944643408836	0.5315334785061007
balanced	mixed_covariate	2.0	building_equal	nested_max	600	189	0.315	0.279108313899091	0.3532455154759783	0.5315334785061007
balanced	mixed_covariate	2.0	building_equal	profile	600	185	0.30833333333333335	0.27269878773134837	0.3464065309905704	0.5315334785061007
balanced	mixed_covariate	2.0	building_equal	standardized_max	600	202	0.33666666666666667	0.2999991284980691	0.3754123604997399	0.5315334785061007
balanced	mixed_covariate	2.0	room_equal	cv_retrained	600	212	0.35333333333333333	0.3161291493367635	0.3924036162939222	0.5315334785061007
balanced	mixed_covariate	2.0	room_equal	cv_standardized	600	190	0.31666666666666665	0.2807120720494366	0.35495388498892033	0.5157678599041288
balanced	mixed_covariate	2.0	room_equal	mantel	600	210	0.35	0.3128990638700219	0.38900944643408836	0.5315334785061007
balanced	mixed_covariate	2.0	room_equal	nested_max	600	189	0.315	0.279108313899091	0.3532455154759783	0.5315334785061007
balanced	mixed_covariate	2.0	room_equal	profile	600	185	0.30833333333333335	0.27269878773134837	0.3464065309905704	0.5315334785061007
balanced	mixed_covariate	2.0	room_equal	standardized_max	600	202	0.33666666666666667	0.2999991284980691	0.3754123604997399	0.5315334785061007
balanced	mixed_covariate	2.0	sqrt_rooms	cv_retrained	600	212	0.35333333333333333	0.3161291493367635	0.3924036162939222	0.5315334785061007
balanced	mixed_covariate	2.0	sqrt_rooms	cv_standardized	600	190	0.31666666666666665	0.2807120720494366	0.35495388498892033	0.5157678599041288
balanced	mixed_covariate	2.0	sqrt_rooms	mantel	600	210	0.35	0.3128990638700219	0.38900944643408836	0.5315334785061007
balanced	mixed_covariate	2.0	sqrt_rooms	nested_max	600	189	0.315	0.279108313899091	0.3532455154759783	0.5315334785061007
balanced	mixed_covariate	2.0	sqrt_rooms	profile	600	185	0.30833333333333335	0.27269878773134837	0.3464065309905704	0.5315334785061007
balanced	mixed_covariate	2.0	sqrt_rooms	standardized_max	600	202	0.33666666666666667	0.2999991284980691	0.3754123604997399	0.5315334785061007
balanced	mixed_covariate	4.0	building_equal	cv_retrained	600	202	0.33666666666666667	0.2999991284980691	0.3754123604997399	0.5604374749864379
balanced	mixed_covariate	4.0	building_equal	cv_standardized	600	167	0.2783333333333333	0.24396887405645667	0.31551814672628403	0.5279160334097505
balanced	mixed_covariate	4.0	building_equal	mantel	600	210	0.35	0.3128990638700219	0.38900944643408836	0.5604374749864379
balanced	mixed_covariate	4.0	building_equal	nested_max	600	189	0.315	0.279108313899091	0.3532455154759783	0.5604374749864379
balanced	mixed_covariate	4.0	building_equal	profile	600	185	0.30833333333333335	0.27269878773134837	0.3464065309905704	0.5604374749864379
balanced	mixed_covariate	4.0	building_equal	standardized_max	600	202	0.33666666666666667	0.2999991284980691	0.3754123604997399	0.5604374749864379
balanced	mixed_covariate	4.0	room_equal	cv_retrained	600	202	0.33666666666666667	0.2999991284980691	0.3754123604997399	0.5604374749864379
balanced	mixed_covariate	4.0	room_equal	cv_standardized	600	167	0.2783333333333333	0.24396887405645667	0.31551814672628403	0.5279160334097505
balanced	mixed_covariate	4.0	room_equal	mantel	600	210	0.35	0.3128990638700219	0.38900944643408836	0.5604374749864379
balanced	mixed_covariate	4.0	room_equal	nested_max	600	189	0.315	0.279108313899091	0.3532455154759783	0.5604374749864379
balanced	mixed_covariate	4.0	room_equal	profile	600	185	0.30833333333333335	0.27269878773134837	0.3464065309905704	0.5604374749864379
balanced	mixed_covariate	4.0	room_equal	standardized_max	600	202	0.33666666666666667	0.2999991284980691	0.3754123604997399	0.5604374749864379
balanced	mixed_covariate	4.0	sqrt_rooms	cv_retrained	600	202	0.33666666666666667	0.2999991284980691	0.3754123604997399	0.560437474986438
balanced	mixed_covariate	4.0	sqrt_rooms	cv_standardized	600	167	0.2783333333333333	0.24396887405645667	0.31551814672628403	0.5279160334097507
balanced	mixed_covariate	4.0	sqrt_rooms	mantel	600	210	0.35	0.3128990638700219	0.38900944643408836	0.560437474986438
balanced	mixed_covariate	4.0	sqrt_rooms	nested_max	600	189	0.315	0.279108313899091	0.3532455154759783	0.560437474986438
balanced	mixed_covariate	4.0	sqrt_rooms	profile	600	185	0.30833333333333335	0.27269878773134837	0.3464065309905704	0.560437474986438
balanced	mixed_covariate	4.0	sqrt_rooms	standardized_max	600	202	0.33666666666666667	0.2999991284980691	0.3754123604997399	0.560437474986438
balanced	mixed_covariate	8.0	building_equal	cv_retrained	600	179	0.29833333333333334	0.26310128834817	0.3361312643940227	0.605495229755203
balanced	mixed_covariate	8.0	building_equal	cv_standardized	600	159	0.265	0.23126241057476435	0.30172758890167506	0.5378771453650446
balanced	mixed_covariate	8.0	building_equal	mantel	600	210	0.35	0.3128990638700219	0.38900944643408836	0.605495229755203
balanced	mixed_covariate	8.0	building_equal	nested_max	600	189	0.315	0.279108313899091	0.3532455154759783	0.605495229755203
balanced	mixed_covariate	8.0	building_equal	profile	600	185	0.30833333333333335	0.27269878773134837	0.3464065309905704	0.605495229755203
balanced	mixed_covariate	8.0	building_equal	standardized_max	600	202	0.33666666666666667	0.2999991284980691	0.3754123604997399	0.605495229755203
balanced	mixed_covariate	8.0	room_equal	cv_retrained	600	179	0.29833333333333334	0.26310128834817	0.3361312643940227	0.605495229755203
balanced	mixed_covariate	8.0	room_equal	cv_standardized	600	159	0.265	0.23126241057476435	0.30172758890167506	0.5378771453650446
balanced	mixed_covariate	8.0	room_equal	mantel	600	210	0.35	0.3128990638700219	0.38900944643408836	0.605495229755203
balanced	mixed_covariate	8.0	room_equal	nested_max	600	189	0.315	0.279108313899091	0.3532455154759783	0.605495229755203
balanced	mixed_covariate	8.0	room_equal	profile	600	185	0.30833333333333335	0.27269878773134837	0.3464065309905704	0.605495229755203
balanced	mixed_covariate	8.0	room_equal	standardized_max	600	202	0.33666666666666667	0.2999991284980691	0.3754123604997399	0.605495229755203
balanced	mixed_covariate	8.0	sqrt_rooms	cv_retrained	600	179	0.29833333333333334	0.26310128834817	0.3361312643940227	0.6054952297552031
balanced	mixed_covariate	8.0	sqrt_rooms	cv_standardized	600	159	0.265	0.23126241057476435	0.30172758890167506	0.5378771453650447
balanced	mixed_covariate	8.0	sqrt_rooms	mantel	600	210	0.35	0.3128990638700219	0.38900944643408836	0.6054952297552031
balanced	mixed_covariate	8.0	sqrt_rooms	nested_max	600	189	0.315	0.279108313899091	0.3532455154759783	0.6054952297552031
balanced	mixed_covariate	8.0	sqrt_rooms	profile	600	185	0.30833333333333335	0.27269878773134837	0.3464065309905704	0.6054952297552031
balanced	mixed_covariate	8.0	sqrt_rooms	standardized_max	600	202	0.33666666666666667	0.2999991284980691	0.3754123604997399	0.6054952297552031
balanced	radial_node	0.0	building_equal	cv_retrained	600	222	0.37	0.3323095384746026	0.40934450378895965	0.4999999999999999
balanced	radial_node	0.0	building_equal	cv_standardized	600	227	0.37833333333333335	0.3404181493731606	0.41779653120684	0.4999999999999999
balanced	radial_node	0.0	building_equal	mantel	600	164	0.2733333333333333	0.23919928040395344	0.3103513573889243	0.4999999999999999
balanced	radial_node	0.0	building_equal	nested_max	600	180	0.3	0.2646994532170419	0.33784522718843846	0.4999999999999999
balanced	radial_node	0.0	building_equal	profile	600	182	0.30333333333333334	0.2678974928892395	0.3412714428428163	0.4999999999999999
balanced	radial_node	0.0	building_equal	standardized_max	600	182	0.30333333333333334	0.2678974928892395	0.3412714428428163	0.4999999999999999
balanced	radial_node	0.0	room_equal	cv_retrained	600	222	0.37	0.3323095384746026	0.40934450378895965	0.4999999999999999
balanced	radial_node	0.0	room_equal	cv_standardized	600	227	0.37833333333333335	0.3404181493731606	0.41779653120684	0.4999999999999999
balanced	radial_node	0.0	room_equal	mantel	600	164	0.2733333333333333	0.23919928040395344	0.3103513573889243	0.4999999999999999
balanced	radial_node	0.0	room_equal	nested_max	600	180	0.3	0.2646994532170419	0.33784522718843846	0.4999999999999999
balanced	radial_node	0.0	room_equal	profile	600	182	0.30333333333333334	0.2678974928892395	0.3412714428428163	0.4999999999999999
balanced	radial_node	0.0	room_equal	standardized_max	600	182	0.30333333333333334	0.2678974928892395	0.3412714428428163	0.4999999999999999
balanced	radial_node	0.0	sqrt_rooms	cv_retrained	600	222	0.37	0.3323095384746026	0.40934450378895965	0.5000000000000001
balanced	radial_node	0.0	sqrt_rooms	cv_standardized	600	227	0.37833333333333335	0.3404181493731606	0.41779653120684	0.5000000000000001
balanced	radial_node	0.0	sqrt_rooms	mantel	600	164	0.2733333333333333	0.23919928040395344	0.3103513573889243	0.5000000000000001
balanced	radial_node	0.0	sqrt_rooms	nested_max	600	180	0.3	0.2646994532170419	0.33784522718843846	0.5000000000000001
balanced	radial_node	0.0	sqrt_rooms	profile	600	182	0.30333333333333334	0.2678974928892395	0.3412714428428163	0.5000000000000001
balanced	radial_node	0.0	sqrt_rooms	standardized_max	600	182	0.30333333333333334	0.2678974928892395	0.3412714428428163	0.5000000000000001
balanced	radial_node	0.1	building_equal	cv_retrained	600	221	0.36833333333333335	0.3306892770911631	0.40765263750911157	0.5008849492516902
balanced	radial_node	0.1	building_equal	cv_standardized	600	228	0.38	0.3420413232803356	0.4194854849629526	0.49733688764174966
balanced	radial_node	0.1	building_equal	mantel	600	164	0.2733333333333333	0.23919928040395344	0.3103513573889243	0.5008849492516902
balanced	radial_node	0.1	building_equal	nested_max	600	180	0.3	0.2646994532170419	0.33784522718843846	0.5008849492516902
balanced	radial_node	0.1	building_equal	profile	600	182	0.30333333333333334	0.2678974928892395	0.3412714428428163	0.5008849492516902
balanced	radial_node	0.1	building_equal	standardized_max	600	182	0.30333333333333334	0.2678974928892395	0.3412714428428163	0.5008849492516902
balanced	radial_node	0.1	room_equal	cv_retrained	600	221	0.36833333333333335	0.3306892770911631	0.40765263750911157	0.5008849492516902
balanced	radial_node	0.1	room_equal	cv_standardized	600	228	0.38	0.3420413232803356	0.4194854849629526	0.49733688764174966
balanced	radial_node	0.1	room_equal	mantel	600	164	0.2733333333333333	0.23919928040395344	0.3103513573889243	0.5008849492516902
balanced	radial_node	0.1	room_equal	nested_max	600	180	0.3	0.2646994532170419	0.33784522718843846	0.5008849492516902
balanced	radial_node	0.1	room_equal	profile	600	182	0.30333333333333334	0.2678974928892395	0.3412714428428163	0.5008849492516902
balanced	radial_node	0.1	room_equal	standardized_max	600	182	0.30333333333333334	0.2678974928892395	0.3412714428428163	0.5008849492516902
balanced	radial_node	0.1	sqrt_rooms	cv_retrained	600	221	0.36833333333333335	0.3306892770911631	0.40765263750911157	0.5008849492516904
balanced	radial_node	0.1	sqrt_rooms	cv_standardized	600	228	0.38	0.3420413232803356	0.4194854849629526	0.49733688764174977
balanced	radial_node	0.1	sqrt_rooms	mantel	600	164	0.2733333333333333	0.23919928040395344	0.3103513573889243	0.5008849492516904
balanced	radial_node	0.1	sqrt_rooms	nested_max	600	180	0.3	0.2646994532170419	0.33784522718843846	0.5008849492516904
balanced	radial_node	0.1	sqrt_rooms	profile	600	182	0.30333333333333334	0.2678974928892395	0.3412714428428163	0.5008849492516904
balanced	radial_node	0.1	sqrt_rooms	standardized_max	600	182	0.30333333333333334	0.2678974928892395	0.3412714428428163	0.5008849492516904
balanced	radial_node	0.25	building_equal	cv_retrained	600	224	0.37333333333333335	0.33555152599322907	0.41272677159690857	0.502211955977749
balanced	radial_node	0.25	building_equal	cv_standardized	600	224	0.37333333333333335	0.33555152599322907	0.41272677159690857	0.49338591277907623
balanced	radial_node	0.25	building_equal	mantel	600	164	0.2733333333333333	0.23919928040395344	0.3103513573889243	0.502211955977749
balanced	radial_node	0.25	building_equal	nested_max	600	180	0.3	0.2646994532170419	0.33784522718843846	0.502211955977749
balanced	radial_node	0.25	building_equal	profile	600	182	0.30333333333333334	0.2678974928892395	0.3412714428428163	0.502211955977749
balanced	radial_node	0.25	building_equal	standardized_max	600	182	0.30333333333333334	0.2678974928892395	0.3412714428428163	0.502211955977749
balanced	radial_node	0.25	room_equal	cv_retrained	600	224	0.37333333333333335	0.33555152599322907	0.41272677159690857	0.502211955977749
balanced	radial_node	0.25	room_equal	cv_standardized	600	224	0.37333333333333335	0.33555152599322907	0.41272677159690857	0.49338591277907623
balanced	radial_node	0.25	room_equal	mantel	600	164	0.2733333333333333	0.23919928040395344	0.3103513573889243	0.502211955977749
balanced	radial_node	0.25	room_equal	nested_max	600	180	0.3	0.2646994532170419	0.33784522718843846	0.502211955977749
balanced	radial_node	0.25	room_equal	profile	600	182	0.30333333333333334	0.2678974928892395	0.3412714428428163	0.502211955977749
balanced	radial_node	0.25	room_equal	standardized_max	600	182	0.30333333333333334	0.2678974928892395	0.3412714428428163	0.502211955977749
balanced	radial_node	0.25	sqrt_rooms	cv_retrained	600	224	0.37333333333333335	0.33555152599322907	0.41272677159690857	0.502211955977749
balanced	radial_node	0.25	sqrt_rooms	cv_standardized	600	224	0.37333333333333335	0.33555152599322907	0.41272677159690857	0.49338591277907634
balanced	radial_node	0.25	sqrt_rooms	mantel	600	164	0.2733333333333333	0.23919928040395344	0.3103513573889243	0.502211955977749
balanced	radial_node	0.25	sqrt_rooms	nested_max	600	180	0.3	0.2646994532170419	0.33784522718843846	0.502211955977749
balanced	radial_node	0.25	sqrt_rooms	profile	600	182	0.30333333333333334	0.2678974928892395	0.3412714428428163	0.502211955977749
balanced	radial_node	0.25	sqrt_rooms	standardized_max	600	182	0.30333333333333334	0.2678974928892395	0.3412714428428163	0.502211955977749
balanced	radial_node	0.5	building_equal	cv_retrained	600	221	0.36833333333333335	0.3306892770911631	0.40765263750911157	0.5044209356985533
balanced	radial_node	0.5	building_equal	cv_standardized	600	224	0.37333333333333335	0.33555152599322907	0.41272677159690857	0.48706324418261676
balanced	radial_node	0.5	building_equal	mantel	600	164	0.2733333333333333	0.23919928040395344	0.3103513573889243	0.5044209356985533
balanced	radial_node	0.5	building_equal	nested_max	600	180	0.3	0.2646994532170419	0.33784522718843846	0.5044209356985533
balanced	radial_node	0.5	building_equal	profile	600	182	0.30333333333333334	0.2678974928892395	0.3412714428428163	0.5044209356985533
balanced	radial_node	0.5	building_equal	standardized_max	600	182	0.30333333333333334	0.2678974928892395	0.3412714428428163	0.5044209356985533
balanced	radial_node	0.5	room_equal	cv_retrained	600	221	0.36833333333333335	0.3306892770911631	0.40765263750911157	0.5044209356985533
balanced	radial_node	0.5	room_equal	cv_standardized	600	224	0.37333333333333335	0.33555152599322907	0.41272677159690857	0.48706324418261676
balanced	radial_node	0.5	room_equal	mantel	600	164	0.2733333333333333	0.23919928040395344	0.3103513573889243	0.5044209356985533
balanced	radial_node	0.5	room_equal	nested_max	600	180	0.3	0.2646994532170419	0.33784522718843846	0.5044209356985533
balanced	radial_node	0.5	room_equal	profile	600	182	0.30333333333333334	0.2678974928892395	0.3412714428428163	0.5044209356985533
balanced	radial_node	0.5	room_equal	standardized_max	600	182	0.30333333333333334	0.2678974928892395	0.3412714428428163	0.5044209356985533
balanced	radial_node	0.5	sqrt_rooms	cv_retrained	600	221	0.36833333333333335	0.3306892770911631	0.40765263750911157	0.5044209356985533
balanced	radial_node	0.5	sqrt_rooms	cv_standardized	600	224	0.37333333333333335	0.33555152599322907	0.41272677159690857	0.48706324418261676
balanced	radial_node	0.5	sqrt_rooms	mantel	600	164	0.2733333333333333	0.23919928040395344	0.3103513573889243	0.5044209356985533
balanced	radial_node	0.5	sqrt_rooms	nested_max	600	180	0.3	0.2646994532170419	0.33784522718843846	0.5044209356985533
balanced	radial_node	0.5	sqrt_rooms	profile	600	182	0.30333333333333334	0.2678974928892395	0.3412714428428163	0.5044209356985533
balanced	radial_node	0.5	sqrt_rooms	standardized_max	600	182	0.30333333333333334	0.2678974928892395	0.3412714428428163	0.5044209356985533
balanced	radial_node	1.0	building_equal	cv_retrained	600	219	0.365	0.32745022590284734	0.4042674333708519	0.5088181677165511
balanced	radial_node	1.0	building_equal	cv_standardized	600	218	0.36333333333333334	0.3258314389005266	0.40257409270988503	0.47600496331209075
balanced	radial_node	1.0	building_equal	mantel	600	164	0.2733333333333333	0.23919928040395344	0.3103513573889243	0.5088181677165511
balanced	radial_node	1.0	building_equal	nested_max	600	180	0.3	0.2646994532170419	0.33784522718843846	0.5088181677165511
balanced	radial_node	1.0	building_equal	profile	600	182	0.30333333333333334	0.2678974928892395	0.3412714428428163	0.5088181677165511
balanced	radial_node	1.0	building_equal	standardized_max	600	182	0.30333333333333334	0.2678974928892395	0.3412714428428163	0.5088181677165511
balanced	radial_node	1.0	room_equal	cv_retrained	600	219	0.365	0.32745022590284734	0.4042674333708519	0.5088181677165511
balanced	radial_node	1.0	room_equal	cv_standardized	600	218	0.36333333333333334	0.3258314389005266	0.40257409270988503	0.47600496331209075
balanced	radial_node	1.0	room_equal	mantel	600	164	0.2733333333333333	0.23919928040395344	0.3103513573889243	0.5088181677165511
balanced	radial_node	1.0	room_equal	nested_max	600	180	0.3	0.2646994532170419	0.33784522718843846	0.5088181677165511
balanced	radial_node	1.0	room_equal	profile	600	182	0.30333333333333334	0.2678974928892395	0.3412714428428163	0.5088181677165511
balanced	radial_node	1.0	room_equal	standardized_max	600	182	0.30333333333333334	0.2678974928892395	0.3412714428428163	0.5088181677165511
balanced	radial_node	1.0	sqrt_rooms	cv_retrained	600	219	0.365	0.32745022590284734	0.4042674333708519	0.5088181677165511
balanced	radial_node	1.0	sqrt_rooms	cv_standardized	600	218	0.36333333333333334	0.3258314389005266	0.40257409270988503	0.47600496331209075
balanced	radial_node	1.0	sqrt_rooms	mantel	600	164	0.2733333333333333	0.23919928040395344	0.3103513573889243	0.5088181677165511
balanced	radial_node	1.0	sqrt_rooms	nested_max	600	180	0.3	0.2646994532170419	0.33784522718843846	0.5088181677165511
balanced	radial_node	1.0	sqrt_rooms	profile	600	182	0.30333333333333334	0.2678974928892395	0.3412714428428163	0.5088181677165511
balanced	radial_node	1.0	sqrt_rooms	standardized_max	600	182	0.30333333333333334	0.2678974928892395	0.3412714428428163	0.5088181677165511
balanced	radial_node	16.0	building_equal	cv_retrained	600	149	0.24833333333333332	0.21543706961349934	0.28443165323006336	0.5848513062446937
balanced	radial_node	16.0	building_equal	cv_standardized	600	177	0.295	0.25990668214519635	0.332701615270421	0.43636683822867117
balanced	radial_node	16.0	building_equal	mantel	600	164	0.2733333333333333	0.23919928040395344	0.3103513573889243	0.5848513062446937
balanced	radial_node	16.0	building_equal	nested_max	600	180	0.3	0.2646994532170419	0.33784522718843846	0.5848513062446937
balanced	radial_node	16.0	building_equal	profile	600	182	0.30333333333333334	0.2678974928892395	0.3412714428428163	0.5848513062446937
balanced	radial_node	16.0	building_equal	standardized_max	600	182	0.30333333333333334	0.2678974928892395	0.3412714428428163	0.5848513062446937
balanced	radial_node	16.0	room_equal	cv_retrained	600	149	0.24833333333333332	0.21543706961349934	0.28443165323006336	0.5848513062446936
balanced	radial_node	16.0	room_equal	cv_standardized	600	177	0.295	0.25990668214519635	0.332701615270421	0.43636683822867106
balanced	radial_node	16.0	room_equal	mantel	600	164	0.2733333333333333	0.23919928040395344	0.3103513573889243	0.5848513062446936
balanced	radial_node	16.0	room_equal	nested_max	600	180	0.3	0.2646994532170419	0.33784522718843846	0.5848513062446936
balanced	radial_node	16.0	room_equal	profile	600	182	0.30333333333333334	0.2678974928892395	0.3412714428428163	0.5848513062446936
balanced	radial_node	16.0	room_equal	standardized_max	600	182	0.30333333333333334	0.2678974928892395	0.3412714428428163	0.5848513062446936
balanced	radial_node	16.0	sqrt_rooms	cv_retrained	600	149	0.24833333333333332	0.21543706961349934	0.28443165323006336	0.5848513062446937
balanced	radial_node	16.0	sqrt_rooms	cv_standardized	600	177	0.295	0.25990668214519635	0.332701615270421	0.43636683822867117
balanced	radial_node	16.0	sqrt_rooms	mantel	600	164	0.2733333333333333	0.23919928040395344	0.3103513573889243	0.5848513062446937
balanced	radial_node	16.0	sqrt_rooms	nested_max	600	180	0.3	0.2646994532170419	0.33784522718843846	0.5848513062446937
balanced	radial_node	16.0	sqrt_rooms	profile	600	182	0.30333333333333334	0.2678974928892395	0.3412714428428163	0.5848513062446937
balanced	radial_node	16.0	sqrt_rooms	standardized_max	600	182	0.30333333333333334	0.2678974928892395	0.3412714428428163	0.5848513062446937
balanced	radial_node	2.0	building_equal	cv_retrained	600	215	0.35833333333333334	0.3209780495902078	0.39749109903034086	0.517450125014124
balanced	radial_node	2.0	building_equal	cv_standardized	600	202	0.33666666666666667	0.2999991284980691	0.3754123604997399	0.4608121793105015
balanced	radial_node	2.0	building_equal	mantel	600	164	0.2733333333333333	0.23919928040395344	0.3103513573889243	0.517450125014124
balanced	radial_node	2.0	building_equal	nested_max	600	180	0.3	0.2646994532170419	0.33784522718843846	0.517450125014124
balanced	radial_node	2.0	building_equal	profile	600	182	0.30333333333333334	0.2678974928892395	0.3412714428428163	0.517450125014124
balanced	radial_node	2.0	building_equal	standardized_max	600	182	0.30333333333333334	0.2678974928892395	0.3412714428428163	0.517450125014124
balanced	radial_node	2.0	room_equal	cv_retrained	600	215	0.35833333333333334	0.3209780495902078	0.39749109903034086	0.517450125014124
balanced	radial_node	2.0	room_equal	cv_standardized	600	202	0.33666666666666667	0.2999991284980691	0.3754123604997399	0.4608121793105015
balanced	radial_node	2.0	room_equal	mantel	600	164	0.2733333333333333	0.23919928040395344	0.3103513573889243	0.517450125014124
balanced	radial_node	2.0	room_equal	nested_max	600	180	0.3	0.2646994532170419	0.33784522718843846	0.517450125014124
balanced	radial_node	2.0	room_equal	profile	600	182	0.30333333333333334	0.2678974928892395	0.3412714428428163	0.517450125014124
balanced	radial_node	2.0	room_equal	standardized_max	600	182	0.30333333333333334	0.2678974928892395	0.3412714428428163	0.517450125014124
balanced	radial_node	2.0	sqrt_rooms	cv_retrained	600	215	0.35833333333333334	0.3209780495902078	0.39749109903034086	0.5174501250141241
balanced	radial_node	2.0	sqrt_rooms	cv_standardized	600	202	0.33666666666666667	0.2999991284980691	0.3754123604997399	0.4608121793105017
balanced	radial_node	2.0	sqrt_rooms	mantel	600	164	0.2733333333333333	0.23919928040395344	0.3103513573889243	0.5174501250141241
balanced	radial_node	2.0	sqrt_rooms	nested_max	600	180	0.3	0.2646994532170419	0.33784522718843846	0.5174501250141241
balanced	radial_node	2.0	sqrt_rooms	profile	600	182	0.30333333333333334	0.2678974928892395	0.3412714428428163	0.5174501250141241
balanced	radial_node	2.0	sqrt_rooms	standardized_max	600	182	0.30333333333333334	0.2678974928892395	0.3412714428428163	0.5174501250141241
balanced	radial_node	4.0	building_equal	cv_retrained	600	193	0.32166666666666666	0.2855266131737779	0.3600757268544421	0.5335173429874502
balanced	radial_node	4.0	building_equal	cv_standardized	600	181	0.3016666666666667	0.26629818895612284	0.33955861911264523	0.4473258325401655
balanced	radial_node	4.0	building_equal	mantel	600	164	0.2733333333333333	0.23919928040395344	0.3103513573889243	0.5335173429874502
balanced	radial_node	4.0	building_equal	nested_max	600	180	0.3	0.2646994532170419	0.33784522718843846	0.5335173429874502
balanced	radial_node	4.0	building_equal	profile	600	182	0.30333333333333334	0.2678974928892395	0.3412714428428163	0.5335173429874502
balanced	radial_node	4.0	building_equal	standardized_max	600	182	0.30333333333333334	0.2678974928892395	0.3412714428428163	0.5335173429874502
balanced	radial_node	4.0	room_equal	cv_retrained	600	193	0.32166666666666666	0.2855266131737779	0.3600757268544421	0.5335173429874502
balanced	radial_node	4.0	room_equal	cv_standardized	600	181	0.3016666666666667	0.26629818895612284	0.33955861911264523	0.4473258325401655
balanced	radial_node	4.0	room_equal	mantel	600	164	0.2733333333333333	0.23919928040395344	0.3103513573889243	0.5335173429874502
balanced	radial_node	4.0	room_equal	nested_max	600	180	0.3	0.2646994532170419	0.33784522718843846	0.5335173429874502
balanced	radial_node	4.0	room_equal	profile	600	182	0.30333333333333334	0.2678974928892395	0.3412714428428163	0.5335173429874502
balanced	radial_node	4.0	room_equal	standardized_max	600	182	0.30333333333333334	0.2678974928892395	0.3412714428428163	0.5335173429874502
balanced	radial_node	4.0	sqrt_rooms	cv_retrained	600	193	0.32166666666666666	0.2855266131737779	0.3600757268544421	0.5335173429874505
balanced	radial_node	4.0	sqrt_rooms	cv_standardized	600	181	0.3016666666666667	0.26629818895612284	0.33955861911264523	0.4473258325401656
balanced	radial_node	4.0	sqrt_rooms	mantel	600	164	0.2733333333333333	0.23919928040395344	0.3103513573889243	0.5335173429874505
balanced	radial_node	4.0	sqrt_rooms	nested_max	600	180	0.3	0.2646994532170419	0.33784522718843846	0.5335173429874505
balanced	radial_node	4.0	sqrt_rooms	profile	600	182	0.30333333333333334	0.2678974928892395	0.3412714428428163	0.5335173429874505
balanced	radial_node	4.0	sqrt_rooms	standardized_max	600	182	0.30333333333333334	0.2678974928892395	0.3412714428428163	0.5335173429874505
balanced	radial_node	8.0	building_equal	cv_retrained	600	170	0.2833333333333333	0.24874395753830095	0.3206794462343028	0.558619066715465
balanced	radial_node	8.0	building_equal	cv_standardized	600	178	0.2966666666666667	0.2615036970694153	0.3344167280094898	0.43986150869304375
balanced	radial_node	8.0	building_equal	mantel	600	164	0.2733333333333333	0.23919928040395344	0.3103513573889243	0.558619066715465
balanced	radial_node	8.0	building_equal	nested_max	600	180	0.3	0.2646994532170419	0.33784522718843846	0.558619066715465
balanced	radial_node	8.0	building_equal	profile	600	182	0.30333333333333334	0.2678974928892395	0.3412714428428163	0.558619066715465
balanced	radial_node	8.0	building_equal	standardized_max	600	182	0.30333333333333334	0.2678974928892395	0.3412714428428163	0.558619066715465
balanced	radial_node	8.0	room_equal	cv_retrained	600	170	0.2833333333333333	0.24874395753830095	0.3206794462343028	0.558619066715465
balanced	radial_node	8.0	room_equal	cv_standardized	600	178	0.2966666666666667	0.2615036970694153	0.3344167280094898	0.43986150869304375
balanced	radial_node	8.0	room_equal	mantel	600	164	0.2733333333333333	0.23919928040395344	0.3103513573889243	0.558619066715465
balanced	radial_node	8.0	room_equal	nested_max	600	180	0.3	0.2646994532170419	0.33784522718843846	0.558619066715465
balanced	radial_node	8.0	room_equal	profile	600	182	0.30333333333333334	0.2678974928892395	0.3412714428428163	0.558619066715465
balanced	radial_node	8.0	room_equal	standardized_max	600	182	0.30333333333333334	0.2678974928892395	0.3412714428428163	0.558619066715465
balanced	radial_node	8.0	sqrt_rooms	cv_retrained	600	170	0.2833333333333333	0.24874395753830095	0.3206794462343028	0.558619066715465
balanced	radial_node	8.0	sqrt_rooms	cv_standardized	600	178	0.2966666666666667	0.2615036970694153	0.3344167280094898	0.43986150869304386
balanced	radial_node	8.0	sqrt_rooms	mantel	600	164	0.2733333333333333	0.23919928040395344	0.3103513573889243	0.558619066715465
balanced	radial_node	8.0	sqrt_rooms	nested_max	600	180	0.3	0.2646994532170419	0.33784522718843846	0.558619066715465
balanced	radial_node	8.0	sqrt_rooms	profile	600	182	0.30333333333333334	0.2678974928892395	0.3412714428428163	0.558619066715465
balanced	radial_node	8.0	sqrt_rooms	standardized_max	600	182	0.30333333333333334	0.2678974928892395	0.3412714428428163	0.558619066715465
balanced	radial_node_size_only	0.0	building_equal	cv_retrained	600	374	0.6233333333333333	0.5838929047691053	0.6612045423141819	0.4999999999999999
balanced	radial_node_size_only	0.0	building_equal	cv_standardized	600	361	0.6016666666666667	0.5619675145438126	0.640072272916735	0.4999999999999999
balanced	radial_node_size_only	0.0	building_equal	mantel	600	385	0.6416666666666667	0.6025089009696593	0.6790219504097924	0.4999999999999999
balanced	radial_node_size_only	0.0	building_equal	nested_max	600	402	0.67	0.63139862659332	0.7064383950620219	0.4999999999999999
balanced	radial_node_size_only	0.0	building_equal	profile	600	402	0.67	0.63139862659332	0.7064383950620219	0.4999999999999999
balanced	radial_node_size_only	0.0	building_equal	standardized_max	600	396	0.66	0.621185279143598	0.6967789765320179	0.4999999999999999
balanced	radial_node_size_only	0.0	room_equal	cv_retrained	600	374	0.6233333333333333	0.5838929047691053	0.6612045423141819	0.4999999999999999
balanced	radial_node_size_only	0.0	room_equal	cv_standardized	600	361	0.6016666666666667	0.5619675145438126	0.640072272916735	0.4999999999999999
balanced	radial_node_size_only	0.0	room_equal	mantel	600	385	0.6416666666666667	0.6025089009696593	0.6790219504097924	0.4999999999999999
balanced	radial_node_size_only	0.0	room_equal	nested_max	600	402	0.67	0.63139862659332	0.7064383950620219	0.4999999999999999
balanced	radial_node_size_only	0.0	room_equal	profile	600	402	0.67	0.63139862659332	0.7064383950620219	0.4999999999999999
balanced	radial_node_size_only	0.0	room_equal	standardized_max	600	396	0.66	0.621185279143598	0.6967789765320179	0.4999999999999999
balanced	radial_node_size_only	0.0	sqrt_rooms	cv_retrained	600	374	0.6233333333333333	0.5838929047691053	0.6612045423141819	0.5000000000000001
balanced	radial_node_size_only	0.0	sqrt_rooms	cv_standardized	600	361	0.6016666666666667	0.5619675145438126	0.640072272916735	0.5000000000000001
balanced	radial_node_size_only	0.0	sqrt_rooms	mantel	600	385	0.6416666666666667	0.6025089009696593	0.6790219504097924	0.5000000000000001
balanced	radial_node_size_only	0.0	sqrt_rooms	nested_max	600	402	0.67	0.63139862659332	0.7064383950620219	0.5000000000000001
balanced	radial_node_size_only	0.0	sqrt_rooms	profile	600	402	0.67	0.63139862659332	0.7064383950620219	0.5000000000000001
balanced	radial_node_size_only	0.0	sqrt_rooms	standardized_max	600	396	0.66	0.621185279143598	0.6967789765320179	0.5000000000000001
balanced	radial_node_size_only	0.1	building_equal	cv_retrained	600	374	0.6233333333333333	0.5838929047691053	0.6612045423141819	0.5031725841039697
balanced	radial_node_size_only	0.1	building_equal	cv_standardized	600	364	0.6066666666666667	0.5670201021394037	0.6449560683110069	0.5033300123460226
balanced	radial_node_size_only	0.1	building_equal	mantel	600	385	0.6416666666666667	0.6025089009696593	0.6790219504097924	0.5031725841039697
balanced	radial_node_size_only	0.1	building_equal	nested_max	600	402	0.67	0.63139862659332	0.7064383950620219	0.5031725841039697
balanced	radial_node_size_only	0.1	building_equal	profile	600	402	0.67	0.63139862659332	0.7064383950620219	0.5031725841039697
balanced	radial_node_size_only	0.1	building_equal	standardized_max	600	396	0.66	0.621185279143598	0.6967789765320179	0.5031725841039697
balanced	radial_node_size_only	0.1	room_equal	cv_retrained	600	374	0.6233333333333333	0.5838929047691053	0.6612045423141819	0.5031725841039697
balanced	radial_node_size_only	0.1	room_equal	cv_standardized	600	364	0.6066666666666667	0.5670201021394037	0.6449560683110069	0.5033300123460226
balanced	radial_node_size_only	0.1	room_equal	mantel	600	385	0.6416666666666667	0.6025089009696593	0.6790219504097924	0.5031725841039697
balanced	radial_node_size_only	0.1	room_equal	nested_max	600	402	0.67	0.63139862659332	0.7064383950620219	0.5031725841039697
balanced	radial_node_size_only	0.1	room_equal	profile	600	402	0.67	0.63139862659332	0.7064383950620219	0.5031725841039697
balanced	radial_node_size_only	0.1	room_equal	standardized_max	600	396	0.66	0.621185279143598	0.6967789765320179	0.5031725841039697
balanced	radial_node_size_only	0.1	sqrt_rooms	cv_retrained	600	374	0.6233333333333333	0.5838929047691053	0.6612045423141819	0.5031725841039698
balanced	radial_node_size_only	0.1	sqrt_rooms	cv_standardized	600	364	0.6066666666666667	0.5670201021394037	0.6449560683110069	0.5033300123460227
balanced	radial_node_size_only	0.1	sqrt_rooms	mantel	600	385	0.6416666666666667	0.6025089009696593	0.6790219504097924	0.5031725841039698
balanced	radial_node_size_only	0.1	sqrt_rooms	nested_max	600	402	0.67	0.63139862659332	0.7064383950620219	0.5031725841039698
balanced	radial_node_size_only	0.1	sqrt_rooms	profile	600	402	0.67	0.63139862659332	0.7064383950620219	0.5031725841039698
balanced	radial_node_size_only	0.1	sqrt_rooms	standardized_max	600	396	0.66	0.621185279143598	0.6967789765320179	0.5031725841039698
balanced	radial_node_size_only	0.25	building_equal	cv_retrained	600	375	0.625	0.5855828242149006	0.6628267505316743	0.5079299957112278
balanced	radial_node_size_only	0.25	building_equal	cv_standardized	600	364	0.6066666666666667	0.5670201021394037	0.6449560683110069	0.5083138830142936
balanced	radial_node_size_only	0.25	building_equal	mantel	600	385	0.6416666666666667	0.6025089009696593	0.6790219504097924	0.5079299957112278
balanced	radial_node_size_only	0.25	building_equal	nested_max	600	402	0.67	0.63139862659332	0.7064383950620219	0.5079299957112278
balanced	radial_node_size_only	0.25	building_equal	profile	600	402	0.67	0.63139862659332	0.7064383950620219	0.5079299957112278
balanced	radial_node_size_only	0.25	building_equal	standardized_max	600	396	0.66	0.621185279143598	0.6967789765320179	0.5079299957112278
balanced	radial_node_size_only	0.25	room_equal	cv_retrained	600	375	0.625	0.5855828242149006	0.6628267505316743	0.5079299957112278
balanced	radial_node_size_only	0.25	room_equal	cv_standardized	600	364	0.6066666666666667	0.5670201021394037	0.6449560683110069	0.5083138830142936
balanced	radial_node_size_only	0.25	room_equal	mantel	600	385	0.6416666666666667	0.6025089009696593	0.6790219504097924	0.5079299957112278
balanced	radial_node_size_only	0.25	room_equal	nested_max	600	402	0.67	0.63139862659332	0.7064383950620219	0.5079299957112278
balanced	radial_node_size_only	0.25	room_equal	profile	600	402	0.67	0.63139862659332	0.7064383950620219	0.5079299957112278
balanced	radial_node_size_only	0.25	room_equal	standardized_max	600	396	0.66	0.621185279143598	0.6967789765320179	0.5079299957112278
balanced	radial_node_size_only	0.25	sqrt_rooms	cv_retrained	600	375	0.625	0.5855828242149006	0.6628267505316743	0.5079299957112278
balanced	radial_node_size_only	0.25	sqrt_rooms	cv_standardized	600	364	0.6066666666666667	0.5670201021394037	0.6449560683110069	0.5083138830142936
balanced	radial_node_size_only	0.25	sqrt_rooms	mantel	600	385	0.6416666666666667	0.6025089009696593	0.6790219504097924	0.5079299957112278
balanced	radial_node_size_only	0.25	sqrt_rooms	nested_max	600	402	0.67	0.63139862659332	0.7064383950620219	0.5079299957112278
balanced	radial_node_size_only	0.25	sqrt_rooms	profile	600	402	0.67	0.63139862659332	0.7064383950620219	0.5079299957112278
balanced	radial_node_size_only	0.25	sqrt_rooms	standardized_max	600	396	0.66	0.621185279143598	0.6967789765320179	0.5079299957112278
balanced	radial_node_size_only	0.5	building_equal	cv_retrained	600	374	0.6233333333333333	0.5838929047691053	0.6612045423141819	0.515849545860785
balanced	radial_node_size_only	0.5	building_equal	cv_standardized	600	364	0.6066666666666667	0.5670201021394037	0.6449560683110069	0.5165489444031984
balanced	radial_node_size_only	0.5	building_equal	mantel	600	385	0.6416666666666667	0.6025089009696593	0.6790219504097924	0.515849545860785
balanced	radial_node_size_only	0.5	building_equal	nested_max	600	402	0.67	0.63139862659332	0.7064383950620219	0.515849545860785
balanced	radial_node_size_only	0.5	building_equal	profile	600	402	0.67	0.63139862659332	0.7064383950620219	0.515849545860785
balanced	radial_node_size_only	0.5	building_equal	standardized_max	600	396	0.66	0.621185279143598	0.6967789765320179	0.515849545860785
balanced	radial_node_size_only	0.5	room_equal	cv_retrained	600	374	0.6233333333333333	0.5838929047691053	0.6612045423141819	0.515849545860785
balanced	radial_node_size_only	0.5	room_equal	cv_standardized	600	364	0.6066666666666667	0.5670201021394037	0.6449560683110069	0.5165489444031984
balanced	radial_node_size_only	0.5	room_equal	mantel	600	385	0.6416666666666667	0.6025089009696593	0.6790219504097924	0.515849545860785
balanced	radial_node_size_only	0.5	room_equal	nested_max	600	402	0.67	0.63139862659332	0.7064383950620219	0.515849545860785
balanced	radial_node_size_only	0.5	room_equal	profile	600	402	0.67	0.63139862659332	0.7064383950620219	0.515849545860785
balanced	radial_node_size_only	0.5	room_equal	standardized_max	600	396	0.66	0.621185279143598	0.6967789765320179	0.515849545860785
balanced	radial_node_size_only	0.5	sqrt_rooms	cv_retrained	600	374	0.6233333333333333	0.5838929047691053	0.6612045423141819	0.515849545860785
balanced	radial_node_size_only	0.5	sqrt_rooms	cv_standardized	600	364	0.6066666666666667	0.5670201021394037	0.6449560683110069	0.5165489444031984
balanced	radial_node_size_only	0.5	sqrt_rooms	mantel	600	385	0.6416666666666667	0.6025089009696593	0.6790219504097924	0.515849545860785
balanced	radial_node_size_only	0.5	sqrt_rooms	nested_max	600	402	0.67	0.63139862659332	0.7064383950620219	0.515849545860785
balanced	radial_node_size_only	0.5	sqrt_rooms	profile	600	402	0.67	0.63139862659332	0.7064383950620219	0.515849545860785
balanced	radial_node_size_only	0.5	sqrt_rooms	standardized_max	600	396	0.66	0.621185279143598	0.6967789765320179	0.515849545860785
balanced	radial_node_size_only	1.0	building_equal	cv_retrained	600	374	0.6233333333333333	0.5838929047691053	0.6612045423141819	0.5316160077910768
balanced	radial_node_size_only	1.0	building_equal	cv_standardized	600	362	0.6033333333333334	0.5636512401815564	0.6417006749422788	0.5324914902684434
balanced	radial_node_size_only	1.0	building_equal	mantel	600	385	0.6416666666666667	0.6025089009696593	0.6790219504097924	0.5316160077910768
balanced	radial_node_size_only	1.0	building_equal	nested_max	600	402	0.67	0.63139862659332	0.7064383950620219	0.5316160077910768
balanced	radial_node_size_only	1.0	building_equal	profile	600	402	0.67	0.63139862659332	0.7064383950620219	0.5316160077910768
balanced	radial_node_size_only	1.0	building_equal	standardized_max	600	396	0.66	0.621185279143598	0.6967789765320179	0.5316160077910768
balanced	radial_node_size_only	1.0	room_equal	cv_retrained	600	374	0.6233333333333333	0.5838929047691053	0.6612045423141819	0.5316160077910768
balanced	radial_node_size_only	1.0	room_equal	cv_standardized	600	362	0.6033333333333334	0.5636512401815564	0.6417006749422788	0.5324914902684434
balanced	radial_node_size_only	1.0	room_equal	mantel	600	385	0.6416666666666667	0.6025089009696593	0.6790219504097924	0.5316160077910768
balanced	radial_node_size_only	1.0	room_equal	nested_max	600	402	0.67	0.63139862659332	0.7064383950620219	0.5316160077910768
balanced	radial_node_size_only	1.0	room_equal	profile	600	402	0.67	0.63139862659332	0.7064383950620219	0.5316160077910768
balanced	radial_node_size_only	1.0	room_equal	standardized_max	600	396	0.66	0.621185279143598	0.6967789765320179	0.5316160077910768
balanced	radial_node_size_only	1.0	sqrt_rooms	cv_retrained	600	374	0.6233333333333333	0.5838929047691053	0.6612045423141819	0.5316160077910769
balanced	radial_node_size_only	1.0	sqrt_rooms	cv_standardized	600	362	0.6033333333333334	0.5636512401815564	0.6417006749422788	0.5324914902684434
balanced	radial_node_size_only	1.0	sqrt_rooms	mantel	600	385	0.6416666666666667	0.6025089009696593	0.6790219504097924	0.5316160077910769
balanced	radial_node_size_only	1.0	sqrt_rooms	nested_max	600	402	0.67	0.63139862659332	0.7064383950620219	0.5316160077910769
balanced	radial_node_size_only	1.0	sqrt_rooms	profile	600	402	0.67	0.63139862659332	0.7064383950620219	0.5316160077910769
balanced	radial_node_size_only	1.0	sqrt_rooms	standardized_max	600	396	0.66	0.621185279143598	0.6967789765320179	0.5316160077910769
balanced	radial_node_size_only	16.0	building_equal	cv_retrained	600	354	0.59	0.5501945105891836	0.6286603832283503	0.8105116287995301
balanced	radial_node_size_only	16.0	building_equal	cv_standardized	600	312	0.52	0.4800243436581884	0.5597211883012635	0.6501472642684981
balanced	radial_node_size_only	16.0	building_equal	mantel	600	385	0.6416666666666667	0.6025089009696593	0.6790219504097924	0.8105116287995301
balanced	radial_node_size_only	16.0	building_equal	nested_max	600	402	0.67	0.63139862659332	0.7064383950620219	0.8105116287995301
balanced	radial_node_size_only	16.0	building_equal	profile	600	402	0.67	0.63139862659332	0.7064383950620219	0.8105116287995301
balanced	radial_node_size_only	16.0	building_equal	standardized_max	600	396	0.66	0.621185279143598	0.6967789765320179	0.8105116287995301
balanced	radial_node_size_only	16.0	room_equal	cv_retrained	600	354	0.59	0.5501945105891836	0.6286603832283503	0.8105116287995301
balanced	radial_node_size_only	16.0	room_equal	cv_standardized	600	312	0.52	0.4800243436581884	0.5597211883012635	0.6501472642684981
balanced	radial_node_size_only	16.0	room_equal	mantel	600	385	0.6416666666666667	0.6025089009696593	0.6790219504097924	0.8105116287995301
balanced	radial_node_size_only	16.0	room_equal	nested_max	600	402	0.67	0.63139862659332	0.7064383950620219	0.8105116287995301
balanced	radial_node_size_only	16.0	room_equal	profile	600	402	0.67	0.63139862659332	0.7064383950620219	0.8105116287995301
balanced	radial_node_size_only	16.0	room_equal	standardized_max	600	396	0.66	0.621185279143598	0.6967789765320179	0.8105116287995301
balanced	radial_node_size_only	16.0	sqrt_rooms	cv_retrained	600	354	0.59	0.5501945105891836	0.6286603832283503	0.8105116287995302
balanced	radial_node_size_only	16.0	sqrt_rooms	cv_standardized	600	312	0.52	0.4800243436581884	0.5597211883012635	0.6501472642684982
balanced	radial_node_size_only	16.0	sqrt_rooms	mantel	600	385	0.6416666666666667	0.6025089009696593	0.6790219504097924	0.8105116287995302
balanced	radial_node_size_only	16.0	sqrt_rooms	nested_max	600	402	0.67	0.63139862659332	0.7064383950620219	0.8105116287995302
balanced	radial_node_size_only	16.0	sqrt_rooms	profile	600	402	0.67	0.63139862659332	0.7064383950620219	0.8105116287995302
balanced	radial_node_size_only	16.0	sqrt_rooms	standardized_max	600	396	0.66	0.621185279143598	0.6967789765320179	0.8105116287995302
balanced	radial_node_size_only	2.0	building_equal	cv_retrained	600	372	0.62	0.5805145150370474	0.6579586767196643	0.5625822535167214
balanced	radial_node_size_only	2.0	building_equal	cv_standardized	600	355	0.5916666666666667	0.55187497385936	0.6302920476214615	0.5607863000719241
balanced	radial_node_size_only	2.0	building_equal	mantel	600	385	0.6416666666666667	0.6025089009696593	0.6790219504097924	0.5625822535167214
balanced	radial_node_size_only	2.0	building_equal	nested_max	600	402	0.67	0.63139862659332	0.7064383950620219	0.5625822535167214
balanced	radial_node_size_only	2.0	building_equal	profile	600	402	0.67	0.63139862659332	0.7064383950620219	0.5625822535167214
balanced	radial_node_size_only	2.0	building_equal	standardized_max	600	396	0.66	0.621185279143598	0.6967789765320179	0.5625822535167214
balanced	radial_node_size_only	2.0	room_equal	cv_retrained	600	372	0.62	0.5805145150370474	0.6579586767196643	0.5625822535167214
balanced	radial_node_size_only	2.0	room_equal	cv_standardized	600	355	0.5916666666666667	0.55187497385936	0.6302920476214615	0.5607863000719242
balanced	radial_node_size_only	2.0	room_equal	mantel	600	385	0.6416666666666667	0.6025089009696593	0.6790219504097924	0.5625822535167214
balanced	radial_node_size_only	2.0	room_equal	nested_max	600	402	0.67	0.63139862659332	0.7064383950620219	0.5625822535167214
balanced	radial_node_size_only	2.0	room_equal	profile	600	402	0.67	0.63139862659332	0.7064383950620219	0.5625822535167214
balanced	radial_node_size_only	2.0	room_equal	standardized_max	600	396	0.66	0.621185279143598	0.6967789765320179	0.5625822535167214
balanced	radial_node_size_only	2.0	sqrt_rooms	cv_retrained	600	372	0.62	0.5805145150370474	0.6579586767196643	0.5625822535167215
balanced	radial_node_size_only	2.0	sqrt_rooms	cv_standardized	600	355	0.5916666666666667	0.55187497385936	0.6302920476214615	0.5607863000719243
balanced	radial_node_size_only	2.0	sqrt_rooms	mantel	600	385	0.6416666666666667	0.6025089009696593	0.6790219504097924	0.5625822535167215
balanced	radial_node_size_only	2.0	sqrt_rooms	nested_max	600	402	0.67	0.63139862659332	0.7064383950620219	0.5625822535167215
balanced	radial_node_size_only	2.0	sqrt_rooms	profile	600	402	0.67	0.63139862659332	0.7064383950620219	0.5625822535167215
balanced	radial_node_size_only	2.0	sqrt_rooms	standardized_max	600	396	0.66	0.621185279143598	0.6967789765320179	0.5625822535167215
balanced	radial_node_size_only	4.0	building_equal	cv_retrained	600	373	0.6216666666666667	0.5822034687931601	0.6595818506268394	0.6203914520433352
balanced	radial_node_size_only	4.0	building_equal	cv_standardized	600	344	0.5733333333333334	0.5334151789121899	0.6123184382724673	0.599980767386085
balanced	radial_node_size_only	4.0	building_equal	mantel	600	385	0.6416666666666667	0.6025089009696593	0.6790219504097924	0.6203914520433352
balanced	radial_node_size_only	4.0	building_equal	nested_max	600	402	0.67	0.63139862659332	0.7064383950620219	0.6203914520433352
balanced	radial_node_size_only	4.0	building_equal	profile	600	402	0.67	0.63139862659332	0.7064383950620219	0.6203914520433352
balanced	radial_node_size_only	4.0	building_equal	standardized_max	600	396	0.66	0.621185279143598	0.6967789765320179	0.6203914520433352
balanced	radial_node_size_only	4.0	room_equal	cv_retrained	600	373	0.6216666666666667	0.5822034687931601	0.6595818506268394	0.6203914520433352
balanced	radial_node_size_only	4.0	room_equal	cv_standardized	600	344	0.5733333333333334	0.5334151789121899	0.6123184382724673	0.599980767386085
balanced	radial_node_size_only	4.0	room_equal	mantel	600	385	0.6416666666666667	0.6025089009696593	0.6790219504097924	0.6203914520433352
balanced	radial_node_size_only	4.0	room_equal	nested_max	600	402	0.67	0.63139862659332	0.7064383950620219	0.6203914520433352
balanced	radial_node_size_only	4.0	room_equal	profile	600	402	0.67	0.63139862659332	0.7064383950620219	0.6203914520433352
balanced	radial_node_size_only	4.0	room_equal	standardized_max	600	396	0.66	0.621185279143598	0.6967789765320179	0.6203914520433352
balanced	radial_node_size_only	4.0	sqrt_rooms	cv_retrained	600	373	0.6216666666666667	0.5822034687931601	0.6595818506268394	0.6203914520433353
balanced	radial_node_size_only	4.0	sqrt_rooms	cv_standardized	600	344	0.5733333333333334	0.5334151789121899	0.6123184382724673	0.5999807673860852
balanced	radial_node_size_only	4.0	sqrt_rooms	mantel	600	385	0.6416666666666667	0.6025089009696593	0.6790219504097924	0.6203914520433353
balanced	radial_node_size_only	4.0	sqrt_rooms	nested_max	600	402	0.67	0.63139862659332	0.7064383950620219	0.6203914520433353
balanced	radial_node_size_only	4.0	sqrt_rooms	profile	600	402	0.67	0.63139862659332	0.7064383950620219	0.6203914520433353
balanced	radial_node_size_only	4.0	sqrt_rooms	standardized_max	600	396	0.66	0.621185279143598	0.6967789765320179	0.6203914520433353
balanced	radial_node_size_only	8.0	building_equal	cv_retrained	600	367	0.6116666666666667	0.5720769373489643	0.6498356160913092	0.7119501552724791
balanced	radial_node_size_only	8.0	building_equal	cv_standardized	600	327	0.545	0.5049943986472697	0.5844330482614973	0.6338584856589201
balanced	radial_node_size_only	8.0	building_equal	mantel	600	385	0.6416666666666667	0.6025089009696593	0.6790219504097924	0.7119501552724791
balanced	radial_node_size_only	8.0	building_equal	nested_max	600	402	0.67	0.63139862659332	0.7064383950620219	0.7119501552724791
balanced	radial_node_size_only	8.0	building_equal	profile	600	402	0.67	0.63139862659332	0.7064383950620219	0.7119501552724791
balanced	radial_node_size_only	8.0	building_equal	standardized_max	600	396	0.66	0.621185279143598	0.6967789765320179	0.7119501552724791
balanced	radial_node_size_only	8.0	room_equal	cv_retrained	600	367	0.6116666666666667	0.5720769373489643	0.6498356160913092	0.7119501552724792
balanced	radial_node_size_only	8.0	room_equal	cv_standardized	600	327	0.545	0.5049943986472697	0.5844330482614973	0.6338584856589201
balanced	radial_node_size_only	8.0	room_equal	mantel	600	385	0.6416666666666667	0.6025089009696593	0.6790219504097924	0.7119501552724792
balanced	radial_node_size_only	8.0	room_equal	nested_max	600	402	0.67	0.63139862659332	0.7064383950620219	0.7119501552724792
balanced	radial_node_size_only	8.0	room_equal	profile	600	402	0.67	0.63139862659332	0.7064383950620219	0.7119501552724792
balanced	radial_node_size_only	8.0	room_equal	standardized_max	600	396	0.66	0.621185279143598	0.6967789765320179	0.7119501552724792
balanced	radial_node_size_only	8.0	sqrt_rooms	cv_retrained	600	367	0.6116666666666667	0.5720769373489643	0.6498356160913092	0.7119501552724792
balanced	radial_node_size_only	8.0	sqrt_rooms	cv_standardized	600	327	0.545	0.5049943986472697	0.5844330482614973	0.6338584856589201
balanced	radial_node_size_only	8.0	sqrt_rooms	mantel	600	385	0.6416666666666667	0.6025089009696593	0.6790219504097924	0.7119501552724792
balanced	radial_node_size_only	8.0	sqrt_rooms	nested_max	600	402	0.67	0.63139862659332	0.7064383950620219	0.7119501552724792
balanced	radial_node_size_only	8.0	sqrt_rooms	profile	600	402	0.67	0.63139862659332	0.7064383950620219	0.7119501552724792
balanced	radial_node_size_only	8.0	sqrt_rooms	standardized_max	600	396	0.66	0.621185279143598	0.6967789765320179	0.7119501552724792
moderately_unequal	conditional_null	0.0	building_equal	cv_retrained	600	29	0.04833333333333333	0.03386090038689244	0.06855250286215053	0.4999999999999999
moderately_unequal	conditional_null	0.0	building_equal	cv_standardized	600	29	0.04833333333333333	0.03386090038689244	0.06855250286215053	0.4999999999999999
moderately_unequal	conditional_null	0.0	building_equal	mantel	600	34	0.056666666666666664	0.04083165535330541	0.0781423862121759	0.4999999999999999
moderately_unequal	conditional_null	0.0	building_equal	nested_max	600	33	0.055	0.03942813848636002	0.07623377541583362	0.4999999999999999
moderately_unequal	conditional_null	0.0	building_equal	profile	600	31	0.051666666666666666	0.036634743907307504	0.0724029146683108	0.4999999999999999
moderately_unequal	conditional_null	0.0	building_equal	standardized_max	600	37	0.06166666666666667	0.045067361772116676	0.08384306278322762	0.4999999999999999
moderately_unequal	conditional_null	0.0	room_equal	cv_retrained	600	36	0.06	0.043651428759454075	0.08194686813260255	0.5
moderately_unequal	conditional_null	0.0	room_equal	cv_standardized	600	34	0.056666666666666664	0.04083165535330541	0.0781423862121759	0.5
moderately_unequal	conditional_null	0.0	room_equal	mantel	600	34	0.056666666666666664	0.04083165535330541	0.0781423862121759	0.5
moderately_unequal	conditional_null	0.0	room_equal	nested_max	600	33	0.055	0.03942813848636002	0.07623377541583362	0.5
moderately_unequal	conditional_null	0.0	room_equal	profile	600	31	0.051666666666666666	0.036634743907307504	0.0724029146683108	0.5
moderately_unequal	conditional_null	0.0	room_equal	standardized_max	600	37	0.06166666666666667	0.045067361772116676	0.08384306278322762	0.5
moderately_unequal	conditional_null	0.0	sqrt_rooms	cv_retrained	600	31	0.051666666666666666	0.036634743907307504	0.0724029146683108	0.5
moderately_unequal	conditional_null	0.0	sqrt_rooms	cv_standardized	600	30	0.05	0.03524526778459468	0.07048026312773596	0.5
moderately_unequal	conditional_null	0.0	sqrt_rooms	mantel	600	34	0.056666666666666664	0.04083165535330541	0.0781423862121759	0.5
moderately_unequal	conditional_null	0.0	sqrt_rooms	nested_max	600	33	0.055	0.03942813848636002	0.07623377541583362	0.5
moderately_unequal	conditional_null	0.0	sqrt_rooms	profile	600	31	0.051666666666666666	0.036634743907307504	0.0724029146683108	0.5
moderately_unequal	conditional_null	0.0	sqrt_rooms	standardized_max	600	37	0.06166666666666667	0.045067361772116676	0.08384306278322762	0.5
moderately_unequal	conditional_null	0.1	building_equal	cv_retrained	600	29	0.04833333333333333	0.03386090038689244	0.06855250286215053	0.5000842465590246
moderately_unequal	conditional_null	0.1	building_equal	cv_standardized	600	29	0.04833333333333333	0.03386090038689244	0.06855250286215053	0.500326697500503
moderately_unequal	conditional_null	0.1	building_equal	mantel	600	34	0.056666666666666664	0.04083165535330541	0.0781423862121759	0.5000842465590246
moderately_unequal	conditional_null	0.1	building_equal	nested_max	600	33	0.055	0.03942813848636002	0.07623377541583362	0.5000842465590246
moderately_unequal	conditional_null	0.1	building_equal	profile	600	31	0.051666666666666666	0.036634743907307504	0.0724029146683108	0.5000842465590246
moderately_unequal	conditional_null	0.1	building_equal	standardized_max	600	37	0.06166666666666667	0.045067361772116676	0.08384306278322762	0.5000842465590246
moderately_unequal	conditional_null	0.1	room_equal	cv_retrained	600	36	0.06	0.043651428759454075	0.08194686813260255	0.5000713852795448
moderately_unequal	conditional_null	0.1	room_equal	cv_standardized	600	33	0.055	0.03942813848636002	0.07623377541583362	0.5003495658585742
moderately_unequal	conditional_null	0.1	room_equal	mantel	600	34	0.056666666666666664	0.04083165535330541	0.0781423862121759	0.5000713852795448
moderately_unequal	conditional_null	0.1	room_equal	nested_max	600	33	0.055	0.03942813848636002	0.07623377541583362	0.5000713852795448
moderately_unequal	conditional_null	0.1	room_equal	profile	600	31	0.051666666666666666	0.036634743907307504	0.0724029146683108	0.5000713852795448
moderately_unequal	conditional_null	0.1	room_equal	standardized_max	600	37	0.06166666666666667	0.045067361772116676	0.08384306278322762	0.5000713852795448
moderately_unequal	conditional_null	0.1	sqrt_rooms	cv_retrained	600	32	0.05333333333333334	0.038029103590111496	0.07432068264879449	0.5000763829534884
moderately_unequal	conditional_null	0.1	sqrt_rooms	cv_standardized	600	30	0.05	0.03524526778459468	0.07048026312773596	0.5003350102879626
moderately_unequal	conditional_null	0.1	sqrt_rooms	mantel	600	34	0.056666666666666664	0.04083165535330541	0.0781423862121759	0.5000763829534884
moderately_unequal	conditional_null	0.1	sqrt_rooms	nested_max	600	33	0.055	0.03942813848636002	0.07623377541583362	0.5000763829534884
moderately_unequal	conditional_null	0.1	sqrt_rooms	profile	600	31	0.051666666666666666	0.036634743907307504	0.0724029146683108	0.5000763829534884
moderately_unequal	conditional_null	0.1	sqrt_rooms	standardized_max	600	37	0.06166666666666667	0.045067361772116676	0.08384306278322762	0.5000763829534884
moderately_unequal	conditional_null	0.25	building_equal	cv_retrained	600	29	0.04833333333333333	0.03386090038689244	0.06855250286215053	0.5002109781672954
moderately_unequal	conditional_null	0.25	building_equal	cv_standardized	600	28	0.04666666666666667	0.03248188567095377	0.06661938991480156	0.5008338746185159
moderately_unequal	conditional_null	0.25	building_equal	mantel	600	34	0.056666666666666664	0.04083165535330541	0.0781423862121759	0.5002109781672954
moderately_unequal	conditional_null	0.25	building_equal	nested_max	600	33	0.055	0.03942813848636002	0.07623377541583362	0.5002109781672954
moderately_unequal	conditional_null	0.25	building_equal	profile	600	31	0.051666666666666666	0.036634743907307504	0.0724029146683108	0.5002109781672954
moderately_unequal	conditional_null	0.25	building_equal	standardized_max	600	37	0.06166666666666667	0.045067361772116676	0.08384306278322762	0.5002109781672954
moderately_unequal	conditional_null	0.25	room_equal	cv_retrained	600	36	0.06	0.043651428759454075	0.08194686813260255	0.500178595564689
moderately_unequal	conditional_null	0.25	room_equal	cv_standardized	600	34	0.056666666666666664	0.04083165535330541	0.0781423862121759	0.5008876501138801
moderately_unequal	conditional_null	0.25	room_equal	mantel	600	34	0.056666666666666664	0.04083165535330541	0.0781423862121759	0.500178595564689
moderately_unequal	conditional_null	0.25	room_equal	nested_max	600	33	0.055	0.03942813848636002	0.07623377541583362	0.500178595564689
moderately_unequal	conditional_null	0.25	room_equal	profile	600	31	0.051666666666666666	0.036634743907307504	0.0724029146683108	0.500178595564689
moderately_unequal	conditional_null	0.25	room_equal	standardized_max	600	37	0.06166666666666667	0.045067361772116676	0.08384306278322762	0.500178595564689
moderately_unequal	conditional_null	0.25	sqrt_rooms	cv_retrained	600	32	0.05333333333333334	0.038029103590111496	0.07432068264879449	0.5001911666393039
moderately_unequal	conditional_null	0.25	sqrt_rooms	cv_standardized	600	32	0.05333333333333334	0.038029103590111496	0.07432068264879449	0.5008516270238513
moderately_unequal	conditional_null	0.25	sqrt_rooms	mantel	600	34	0.056666666666666664	0.04083165535330541	0.0781423862121759	0.5001911666393039
moderately_unequal	conditional_null	0.25	sqrt_rooms	nested_max	600	33	0.055	0.03942813848636002	0.07623377541583362	0.5001911666393039
moderately_unequal	conditional_null	0.25	sqrt_rooms	profile	600	31	0.051666666666666666	0.036634743907307504	0.0724029146683108	0.5001911666393039
moderately_unequal	conditional_null	0.25	sqrt_rooms	standardized_max	600	37	0.06166666666666667	0.045067361772116676	0.08384306278322762	0.5001911666393039
moderately_unequal	conditional_null	0.5	building_equal	cv_retrained	600	29	0.04833333333333333	0.03386090038689244	0.06855250286215053	0.500424524144295
moderately_unequal	conditional_null	0.5	building_equal	cv_standardized	600	30	0.05	0.03524526778459468	0.07048026312773596	0.5017816797362775
moderately_unequal	conditional_null	0.5	building_equal	mantel	600	34	0.056666666666666664	0.04083165535330541	0.0781423862121759	0.500424524144295
moderately_unequal	conditional_null	0.5	building_equal	nested_max	600	33	0.055	0.03942813848636002	0.07623377541583362	0.500424524144295
moderately_unequal	conditional_null	0.5	building_equal	profile	600	31	0.051666666666666666	0.036634743907307504	0.0724029146683108	0.500424524144295
moderately_unequal	conditional_null	0.5	building_equal	standardized_max	600	37	0.06166666666666667	0.045067361772116676	0.08384306278322762	0.500424524144295
moderately_unequal	conditional_null	0.5	room_equal	cv_retrained	600	37	0.06166666666666667	0.045067361772116676	0.08384306278322762	0.5003581318986615
moderately_unequal	conditional_null	0.5	room_equal	cv_standardized	600	35	0.058333333333333334	0.04223947455645403	0.08004669467231493	0.5018666748841667
moderately_unequal	conditional_null	0.5	room_equal	mantel	600	34	0.056666666666666664	0.04083165535330541	0.0781423862121759	0.5003581318986615
moderately_unequal	conditional_null	0.5	room_equal	nested_max	600	33	0.055	0.03942813848636002	0.07623377541583362	0.5003581318986615
moderately_unequal	conditional_null	0.5	room_equal	profile	600	31	0.051666666666666666	0.036634743907307504	0.0724029146683108	0.5003581318986615
moderately_unequal	conditional_null	0.5	room_equal	standardized_max	600	37	0.06166666666666667	0.045067361772116676	0.08384306278322762	0.5003581318986615
moderately_unequal	conditional_null	0.5	sqrt_rooms	cv_retrained	600	30	0.05	0.03524526778459468	0.07048026312773596	0.5003838197800536
moderately_unequal	conditional_null	0.5	sqrt_rooms	cv_standardized	600	32	0.05333333333333334	0.038029103590111496	0.07432068264879449	0.5017971578585474
moderately_unequal	conditional_null	0.5	sqrt_rooms	mantel	600	34	0.056666666666666664	0.04083165535330541	0.0781423862121759	0.5003838197800536
moderately_unequal	conditional_null	0.5	sqrt_rooms	nested_max	600	33	0.055	0.03942813848636002	0.07623377541583362	0.5003838197800536
moderately_unequal	conditional_null	0.5	sqrt_rooms	profile	600	31	0.051666666666666666	0.036634743907307504	0.0724029146683108	0.5003838197800536
moderately_unequal	conditional_null	0.5	sqrt_rooms	standardized_max	600	37	0.06166666666666667	0.045067361772116676	0.08384306278322762	0.5003838197800536
moderately_unequal	conditional_null	1.0	building_equal	cv_retrained	600	28	0.04666666666666667	0.03248188567095377	0.06661938991480156	0.5008690948944815
moderately_unequal	conditional_null	1.0	building_equal	cv_standardized	600	29	0.04833333333333333	0.03386090038689244	0.06855250286215053	0.5042710277192965
moderately_unequal	conditional_null	1.0	building_equal	mantel	600	34	0.056666666666666664	0.04083165535330541	0.0781423862121759	0.5008690948944815
moderately_unequal	conditional_null	1.0	building_equal	nested_max	600	33	0.055	0.03942813848636002	0.07623377541583362	0.5008690948944815
moderately_unequal	conditional_null	1.0	building_equal	profile	600	31	0.051666666666666666	0.036634743907307504	0.0724029146683108	0.5008690948944815
moderately_unequal	conditional_null	1.0	building_equal	standardized_max	600	37	0.06166666666666667	0.045067361772116676	0.08384306278322762	0.5008690948944815
moderately_unequal	conditional_null	1.0	room_equal	cv_retrained	600	38	0.06333333333333334	0.04648712753383062	0.08573542468480135	0.5007236455155372
moderately_unequal	conditional_null	1.0	room_equal	cv_standardized	600	31	0.051666666666666666	0.036634743907307504	0.0724029146683108	0.5043009416775189
moderately_unequal	conditional_null	1.0	room_equal	mantel	600	34	0.056666666666666664	0.04083165535330541	0.0781423862121759	0.5007236455155372
moderately_unequal	conditional_null	1.0	room_equal	nested_max	600	33	0.055	0.03942813848636002	0.07623377541583362	0.5007236455155372
moderately_unequal	conditional_null	1.0	room_equal	profile	600	31	0.051666666666666666	0.036634743907307504	0.0724029146683108	0.5007236455155372
moderately_unequal	conditional_null	1.0	room_equal	standardized_max	600	37	0.06166666666666667	0.045067361772116676	0.08384306278322762	0.5007236455155372
moderately_unequal	conditional_null	1.0	sqrt_rooms	cv_retrained	600	31	0.051666666666666666	0.036634743907307504	0.0724029146683108	0.5007792809307958
moderately_unequal	conditional_null	1.0	sqrt_rooms	cv_standardized	600	30	0.05	0.03524526778459468	0.07048026312773596	0.5041792664303801
moderately_unequal	conditional_null	1.0	sqrt_rooms	mantel	600	34	0.056666666666666664	0.04083165535330541	0.0781423862121759	0.5007792809307958
moderately_unequal	conditional_null	1.0	sqrt_rooms	nested_max	600	33	0.055	0.03942813848636002	0.07623377541583362	0.5007792809307958
moderately_unequal	conditional_null	1.0	sqrt_rooms	profile	600	31	0.051666666666666666	0.036634743907307504	0.0724029146683108	0.5007792809307958
moderately_unequal	conditional_null	1.0	sqrt_rooms	standardized_max	600	37	0.06166666666666667	0.045067361772116676	0.08384306278322762	0.5007792809307958
moderately_unequal	conditional_null	16.0	building_equal	cv_retrained	600	30	0.05	0.03524526778459468	0.07048026312773596	0.5219468589618913
moderately_unequal	conditional_null	16.0	building_equal	cv_standardized	600	28	0.04666666666666667	0.03248188567095377	0.06661938991480156	0.5403726149645739
moderately_unequal	conditional_null	16.0	building_equal	mantel	600	34	0.056666666666666664	0.04083165535330541	0.0781423862121759	0.5219468589618913
moderately_unequal	conditional_null	16.0	building_equal	nested_max	600	33	0.055	0.03942813848636002	0.07623377541583362	0.5219468589618913
moderately_unequal	conditional_null	16.0	building_equal	profile	600	31	0.051666666666666666	0.036634743907307504	0.0724029146683108	0.5219468589618913
moderately_unequal	conditional_null	16.0	building_equal	standardized_max	600	37	0.06166666666666667	0.045067361772116676	0.08384306278322762	0.5219468589618913
moderately_unequal	conditional_null	16.0	room_equal	cv_retrained	600	35	0.058333333333333334	0.04223947455645403	0.08004669467231493	0.5138742172370697
moderately_unequal	conditional_null	16.0	room_equal	cv_standardized	600	25	0.041666666666666664	0.02837972965493859	0.06078516294095374	0.5371393189235928
moderately_unequal	conditional_null	16.0	room_equal	mantel	600	34	0.056666666666666664	0.04083165535330541	0.0781423862121759	0.5138742172370697
moderately_unequal	conditional_null	16.0	room_equal	nested_max	600	33	0.055	0.03942813848636002	0.07623377541583362	0.5138742172370697
moderately_unequal	conditional_null	16.0	room_equal	profile	600	31	0.051666666666666666	0.036634743907307504	0.0724029146683108	0.5138742172370697
moderately_unequal	conditional_null	16.0	room_equal	standardized_max	600	37	0.06166666666666667	0.045067361772116676	0.08384306278322762	0.5138742172370697
moderately_unequal	conditional_null	16.0	sqrt_rooms	cv_retrained	600	34	0.056666666666666664	0.04083165535330541	0.0781423862121759	0.5168950811358062
moderately_unequal	conditional_null	16.0	sqrt_rooms	cv_standardized	600	27	0.045	0.03110848866772835	0.0646806592547393	0.5369981308472753
moderately_unequal	conditional_null	16.0	sqrt_rooms	mantel	600	34	0.056666666666666664	0.04083165535330541	0.0781423862121759	0.5168950811358062
moderately_unequal	conditional_null	16.0	sqrt_rooms	nested_max	600	33	0.055	0.03942813848636002	0.07623377541583362	0.5168950811358062
moderately_unequal	conditional_null	16.0	sqrt_rooms	profile	600	31	0.051666666666666666	0.036634743907307504	0.0724029146683108	0.5168950811358062
moderately_unequal	conditional_null	16.0	sqrt_rooms	standardized_max	600	37	0.06166666666666667	0.045067361772116676	0.08384306278322762	0.5168950811358062
moderately_unequal	conditional_null	2.0	building_equal	cv_retrained	600	28	0.04666666666666667	0.03248188567095377	0.06661938991480156	0.5018841046621292
moderately_unequal	conditional_null	2.0	building_equal	cv_standardized	600	29	0.04833333333333333	0.03386090038689244	0.06855250286215053	0.5111012993808546
moderately_unequal	conditional_null	2.0	building_equal	mantel	600	34	0.056666666666666664	0.04083165535330541	0.0781423862121759	0.5018841046621292
moderately_unequal	conditional_null	2.0	building_equal	nested_max	600	33	0.055	0.03942813848636002	0.07623377541583362	0.5018841046621292
moderately_unequal	conditional_null	2.0	building_equal	profile	600	31	0.051666666666666666	0.036634743907307504	0.0724029146683108	0.5018841046621292
moderately_unequal	conditional_null	2.0	building_equal	standardized_max	600	37	0.06166666666666667	0.045067361772116676	0.08384306278322762	0.5018841046621292
moderately_unequal	conditional_null	2.0	room_equal	cv_retrained	600	35	0.058333333333333334	0.04223947455645403	0.08004669467231493	0.5015020163517558
moderately_unequal	conditional_null	2.0	room_equal	cv_standardized	600	32	0.05333333333333334	0.038029103590111496	0.07432068264879449	0.5106295951248552
moderately_unequal	conditional_null	2.0	room_equal	mantel	600	34	0.056666666666666664	0.04083165535330541	0.0781423862121759	0.5015020163517558
moderately_unequal	conditional_null	2.0	room_equal	nested_max	600	33	0.055	0.03942813848636002	0.07623377541583362	0.5015020163517558
moderately_unequal	conditional_null	2.0	room_equal	profile	600	31	0.051666666666666666	0.036634743907307504	0.0724029146683108	0.5015020163517558
moderately_unequal	conditional_null	2.0	room_equal	standardized_max	600	37	0.06166666666666667	0.045067361772116676	0.08384306278322762	0.5015020163517558
moderately_unequal	conditional_null	2.0	sqrt_rooms	cv_retrained	600	34	0.056666666666666664	0.04083165535330541	0.0781423862121759	0.5016442626360722
moderately_unequal	conditional_null	2.0	sqrt_rooms	cv_standardized	600	29	0.04833333333333333	0.03386090038689244	0.06855250286215053	0.5104616889281809
moderately_unequal	conditional_null	2.0	sqrt_rooms	mantel	600	34	0.056666666666666664	0.04083165535330541	0.0781423862121759	0.5016442626360722
moderately_unequal	conditional_null	2.0	sqrt_rooms	nested_max	600	33	0.055	0.03942813848636002	0.07623377541583362	0.5016442626360722
moderately_unequal	conditional_null	2.0	sqrt_rooms	profile	600	31	0.051666666666666666	0.036634743907307504	0.0724029146683108	0.5016442626360722
moderately_unequal	conditional_null	2.0	sqrt_rooms	standardized_max	600	37	0.06166666666666667	0.045067361772116676	0.08384306278322762	0.5016442626360722
moderately_unequal	conditional_null	4.0	building_equal	cv_retrained	600	28	0.04666666666666667	0.03248188567095377	0.06661938991480156	0.50460068807237
moderately_unequal	conditional_null	4.0	building_equal	cv_standardized	600	28	0.04666666666666667	0.03248188567095377	0.06661938991480156	0.5236303958696414
moderately_unequal	conditional_null	4.0	building_equal	mantel	600	34	0.056666666666666664	0.04083165535330541	0.0781423862121759	0.50460068807237
moderately_unequal	conditional_null	4.0	building_equal	nested_max	600	33	0.055	0.03942813848636002	0.07623377541583362	0.50460068807237
moderately_unequal	conditional_null	4.0	building_equal	profile	600	31	0.051666666666666666	0.036634743907307504	0.0724029146683108	0.50460068807237
moderately_unequal	conditional_null	4.0	building_equal	standardized_max	600	37	0.06166666666666667	0.045067361772116676	0.08384306278322762	0.50460068807237
moderately_unequal	conditional_null	4.0	room_equal	cv_retrained	600	37	0.06166666666666667	0.045067361772116676	0.08384306278322762	0.5033327795668912
moderately_unequal	conditional_null	4.0	room_equal	cv_standardized	600	28	0.04666666666666667	0.03248188567095377	0.06661938991480156	0.5219481757507655
moderately_unequal	conditional_null	4.0	room_equal	mantel	600	34	0.056666666666666664	0.04083165535330541	0.0781423862121759	0.5033327795668912
moderately_unequal	conditional_null	4.0	room_equal	nested_max	600	33	0.055	0.03942813848636002	0.07623377541583362	0.5033327795668912
moderately_unequal	conditional_null	4.0	room_equal	profile	600	31	0.051666666666666666	0.036634743907307504	0.0724029146683108	0.5033327795668912
moderately_unequal	conditional_null	4.0	room_equal	standardized_max	600	37	0.06166666666666667	0.045067361772116676	0.08384306278322762	0.5033327795668912
moderately_unequal	conditional_null	4.0	sqrt_rooms	cv_retrained	600	36	0.06	0.043651428759454075	0.08194686813260255	0.503793276646684
moderately_unequal	conditional_null	4.0	sqrt_rooms	cv_standardized	600	26	0.043333333333333335	0.02974099813478266	0.06273602212439733	0.5217578892236211
moderately_unequal	conditional_null	4.0	sqrt_rooms	mantel	600	34	0.056666666666666664	0.04083165535330541	0.0781423862121759	0.503793276646684
moderately_unequal	conditional_null	4.0	sqrt_rooms	nested_max	600	33	0.055	0.03942813848636002	0.07623377541583362	0.503793276646684
moderately_unequal	conditional_null	4.0	sqrt_rooms	profile	600	31	0.051666666666666666	0.036634743907307504	0.0724029146683108	0.503793276646684
moderately_unequal	conditional_null	4.0	sqrt_rooms	standardized_max	600	37	0.06166666666666667	0.045067361772116676	0.08384306278322762	0.503793276646684
moderately_unequal	conditional_null	8.0	building_equal	cv_retrained	600	28	0.04666666666666667	0.03248188567095377	0.06661938991480156	0.511524610313063
moderately_unequal	conditional_null	8.0	building_equal	cv_standardized	600	29	0.04833333333333333	0.03386090038689244	0.06855250286215053	0.5349329833941175
moderately_unequal	conditional_null	8.0	building_equal	mantel	600	34	0.056666666666666664	0.04083165535330541	0.0781423862121759	0.511524610313063
moderately_unequal	conditional_null	8.0	building_equal	nested_max	600	33	0.055	0.03942813848636002	0.07623377541583362	0.511524610313063
moderately_unequal	conditional_null	8.0	building_equal	profile	600	31	0.051666666666666666	0.036634743907307504	0.0724029146683108	0.511524610313063
moderately_unequal	conditional_null	8.0	building_equal	standardized_max	600	37	0.06166666666666667	0.045067361772116676	0.08384306278322762	0.511524610313063
moderately_unequal	conditional_null	8.0	room_equal	cv_retrained	600	36	0.06	0.043651428759454075	0.08194686813260255	0.5076227288968563
moderately_unequal	conditional_null	8.0	room_equal	cv_standardized	600	25	0.041666666666666664	0.02837972965493859	0.06078516294095374	0.5320060816481181
moderately_unequal	conditional_null	8.0	room_equal	mantel	600	34	0.056666666666666664	0.04083165535330541	0.0781423862121759	0.5076227288968563
moderately_unequal	conditional_null	8.0	room_equal	nested_max	600	33	0.055	0.03942813848636002	0.07623377541583362	0.5076227288968563
moderately_unequal	conditional_null	8.0	room_equal	profile	600	31	0.051666666666666666	0.036634743907307504	0.0724029146683108	0.5076227288968563
moderately_unequal	conditional_null	8.0	room_equal	standardized_max	600	37	0.06166666666666667	0.045067361772116676	0.08384306278322762	0.5076227288968563
moderately_unequal	conditional_null	8.0	sqrt_rooms	cv_retrained	600	34	0.056666666666666664	0.04083165535330541	0.0781423862121759	0.5090475038592296
moderately_unequal	conditional_null	8.0	sqrt_rooms	cv_standardized	600	26	0.043333333333333335	0.02974099813478266	0.06273602212439733	0.5318770506706297
moderately_unequal	conditional_null	8.0	sqrt_rooms	mantel	600	34	0.056666666666666664	0.04083165535330541	0.0781423862121759	0.5090475038592296
moderately_unequal	conditional_null	8.0	sqrt_rooms	nested_max	600	33	0.055	0.03942813848636002	0.07623377541583362	0.5090475038592296
moderately_unequal	conditional_null	8.0	sqrt_rooms	profile	600	31	0.051666666666666666	0.036634743907307504	0.0724029146683108	0.5090475038592296
moderately_unequal	conditional_null	8.0	sqrt_rooms	standardized_max	600	37	0.06166666666666667	0.045067361772116676	0.08384306278322762	0.5090475038592296
moderately_unequal	dyadic	0.0	building_equal	cv_retrained	600	67	0.11166666666666666	0.08889497508919378	0.13937927936478045	0.4999999999999999
moderately_unequal	dyadic	0.0	building_equal	cv_standardized	600	72	0.12	0.09638593328911173	0.14844895948130082	0.4999999999999999
moderately_unequal	dyadic	0.0	building_equal	mantel	600	142	0.23666666666666666	0.2043995651449481	0.272284264055601	0.4999999999999999
moderately_unequal	dyadic	0.0	building_equal	nested_max	600	86	0.14333333333333334	0.11756139513870045	0.1736432849177394	0.4999999999999999
moderately_unequal	dyadic	0.0	building_equal	profile	600	78	0.13	0.10542709735321987	0.15928056139691865	0.4999999999999999
moderately_unequal	dyadic	0.0	building_equal	standardized_max	600	132	0.22	0.1886928970677066	0.2548696554999658	0.4999999999999999
moderately_unequal	dyadic	0.0	room_equal	cv_retrained	600	79	0.13166666666666665	0.10693910596672464	0.1610806804467015	0.5
moderately_unequal	dyadic	0.0	room_equal	cv_standardized	600	80	0.13333333333333333	0.10845252233661881	0.16287939174009505	0.5
moderately_unequal	dyadic	0.0	room_equal	mantel	600	142	0.23666666666666666	0.2043995651449481	0.272284264055601	0.5
moderately_unequal	dyadic	0.0	room_equal	nested_max	600	86	0.14333333333333334	0.11756139513870045	0.1736432849177394	0.5
moderately_unequal	dyadic	0.0	room_equal	profile	600	78	0.13	0.10542709735321987	0.15928056139691865	0.5
moderately_unequal	dyadic	0.0	room_equal	standardized_max	600	132	0.22	0.1886928970677066	0.2548696554999658	0.5
moderately_unequal	dyadic	0.0	sqrt_rooms	cv_retrained	600	76	0.12666666666666668	0.10240739498691152	0.15567600843665172	0.5
moderately_unequal	dyadic	0.0	sqrt_rooms	cv_standardized	600	78	0.13	0.10542709735321987	0.15928056139691865	0.5
moderately_unequal	dyadic	0.0	sqrt_rooms	mantel	600	142	0.23666666666666666	0.2043995651449481	0.272284264055601	0.5
moderately_unequal	dyadic	0.0	sqrt_rooms	nested_max	600	86	0.14333333333333334	0.11756139513870045	0.1736432849177394	0.5
moderately_unequal	dyadic	0.0	sqrt_rooms	profile	600	78	0.13	0.10542709735321987	0.15928056139691865	0.5
moderately_unequal	dyadic	0.0	sqrt_rooms	standardized_max	600	132	0.22	0.1886928970677066	0.2548696554999658	0.5
moderately_unequal	dyadic	0.1	building_equal	cv_retrained	600	68	0.11333333333333333	0.09038982186596657	0.1411965602512953	0.5015625358857169
moderately_unequal	dyadic	0.1	building_equal	cv_standardized	600	73	0.12166666666666667	0.09788899177278657	0.15025802866091367	0.5030821336510876
moderately_unequal	dyadic	0.1	building_equal	mantel	600	142	0.23666666666666666	0.2043995651449481	0.272284264055601	0.5015625358857169
moderately_unequal	dyadic	0.1	building_equal	nested_max	600	86	0.14333333333333334	0.11756139513870045	0.1736432849177394	0.5015625358857169
moderately_unequal	dyadic	0.1	building_equal	profile	600	78	0.13	0.10542709735321987	0.15928056139691865	0.5015625358857169
moderately_unequal	dyadic	0.1	building_equal	standardized_max	600	132	0.22	0.1886928970677066	0.2548696554999658	0.5015625358857169
moderately_unequal	dyadic	0.1	room_equal	cv_retrained	600	79	0.13166666666666665	0.10693910596672464	0.1610806804467015	0.5013735328281543
moderately_unequal	dyadic	0.1	room_equal	cv_standardized	600	79	0.13166666666666665	0.10693910596672464	0.1610806804467015	0.5026656008611016
moderately_unequal	dyadic	0.1	room_equal	mantel	600	142	0.23666666666666666	0.2043995651449481	0.272284264055601	0.5013735328281543
moderately_unequal	dyadic	0.1	room_equal	nested_max	600	86	0.14333333333333334	0.11756139513870045	0.1736432849177394	0.5013735328281543
moderately_unequal	dyadic	0.1	room_equal	profile	600	78	0.13	0.10542709735321987	0.15928056139691865	0.5013735328281543
moderately_unequal	dyadic	0.1	room_equal	standardized_max	600	132	0.22	0.1886928970677066	0.2548696554999658	0.5013735328281543
moderately_unequal	dyadic	0.1	sqrt_rooms	cv_retrained	600	75	0.125	0.10089974887356176	0.15387152688671377	0.5014630978785192
moderately_unequal	dyadic	0.1	sqrt_rooms	cv_standardized	600	79	0.13166666666666665	0.10693910596672464	0.1610806804467015	0.5028652314400504
moderately_unequal	dyadic	0.1	sqrt_rooms	mantel	600	142	0.23666666666666666	0.2043995651449481	0.272284264055601	0.5014630978785192
moderately_unequal	dyadic	0.1	sqrt_rooms	nested_max	600	86	0.14333333333333334	0.11756139513870045	0.1736432849177394	0.5014630978785192
moderately_unequal	dyadic	0.1	sqrt_rooms	profile	600	78	0.13	0.10542709735321987	0.15928056139691865	0.5014630978785192
moderately_unequal	dyadic	0.1	sqrt_rooms	standardized_max	600	132	0.22	0.1886928970677066	0.2548696554999658	0.5014630978785192
moderately_unequal	dyadic	0.25	building_equal	cv_retrained	600	67	0.11166666666666666	0.08889497508919378	0.13937927936478045	0.5039054979762249
moderately_unequal	dyadic	0.25	building_equal	cv_standardized	600	73	0.12166666666666667	0.09788899177278657	0.15025802866091367	0.5076922141752775
moderately_unequal	dyadic	0.25	building_equal	mantel	600	142	0.23666666666666666	0.2043995651449481	0.272284264055601	0.5039054979762249
moderately_unequal	dyadic	0.25	building_equal	nested_max	600	86	0.14333333333333334	0.11756139513870045	0.1736432849177394	0.5039054979762249
moderately_unequal	dyadic	0.25	building_equal	profile	600	78	0.13	0.10542709735321987	0.15928056139691865	0.5039054979762249
moderately_unequal	dyadic	0.25	building_equal	standardized_max	600	132	0.22	0.1886928970677066	0.2548696554999658	0.5039054979762249
moderately_unequal	dyadic	0.25	room_equal	cv_retrained	600	80	0.13333333333333333	0.10845252233661881	0.16287939174009505	0.50343317632434
moderately_unequal	dyadic	0.25	room_equal	cv_standardized	600	81	0.135	0.10996732443966875	0.16467671730033281	0.5066525343546672
moderately_unequal	dyadic	0.25	room_equal	mantel	600	142	0.23666666666666666	0.2043995651449481	0.272284264055601	0.50343317632434
moderately_unequal	dyadic	0.25	room_equal	nested_max	600	86	0.14333333333333334	0.11756139513870045	0.1736432849177394	0.50343317632434
moderately_unequal	dyadic	0.25	room_equal	profile	600	78	0.13	0.10542709735321987	0.15928056139691865	0.50343317632434
moderately_unequal	dyadic	0.25	room_equal	standardized_max	600	132	0.22	0.1886928970677066	0.2548696554999658	0.50343317632434
moderately_unequal	dyadic	0.25	sqrt_rooms	cv_retrained	600	76	0.12666666666666668	0.10240739498691152	0.15567600843665172	0.5036570128622433
moderately_unequal	dyadic	0.25	sqrt_rooms	cv_standardized	600	77	0.12833333333333333	0.1039165192128853	0.15747901187396557	0.507150553681632
moderately_unequal	dyadic	0.25	sqrt_rooms	mantel	600	142	0.23666666666666666	0.2043995651449481	0.272284264055601	0.5036570128622433
moderately_unequal	dyadic	0.25	sqrt_rooms	nested_max	600	86	0.14333333333333334	0.11756139513870045	0.1736432849177394	0.5036570128622433
moderately_unequal	dyadic	0.25	sqrt_rooms	profile	600	78	0.13	0.10542709735321987	0.15928056139691865	0.5036570128622433
moderately_unequal	dyadic	0.25	sqrt_rooms	standardized_max	600	132	0.22	0.1886928970677066	0.2548696554999658	0.5036570128622433
moderately_unequal	dyadic	0.5	building_equal	cv_retrained	600	68	0.11333333333333333	0.09038982186596657	0.1411965602512953	0.5078049935609725
moderately_unequal	dyadic	0.5	building_equal	cv_standardized	600	72	0.12	0.09638593328911173	0.14844895948130082	0.5152910251042196
moderately_unequal	dyadic	0.5	building_equal	mantel	600	142	0.23666666666666666	0.2043995651449481	0.272284264055601	0.5078049935609725
moderately_unequal	dyadic	0.5	building_equal	nested_max	600	86	0.14333333333333334	0.11756139513870045	0.1736432849177394	0.5078049935609725
moderately_unequal	dyadic	0.5	building_equal	profile	600	78	0.13	0.10542709735321987	0.15928056139691865	0.5078049935609725
moderately_unequal	dyadic	0.5	building_equal	standardized_max	600	132	0.22	0.1886928970677066	0.2548696554999658	0.5078049935609725
moderately_unequal	dyadic	0.5	room_equal	cv_retrained	600	84	0.14	0.11451983471668892	0.17006059001317564	0.5068616759962867
moderately_unequal	dyadic	0.5	room_equal	cv_standardized	600	76	0.12666666666666668	0.10240739498691152	0.15567600843665172	0.5132228176337619
moderately_unequal	dyadic	0.5	room_equal	mantel	600	142	0.23666666666666666	0.2043995651449481	0.272284264055601	0.5068616759962867
moderately_unequal	dyadic	0.5	room_equal	nested_max	600	86	0.14333333333333334	0.11756139513870045	0.1736432849177394	0.5068616759962867
moderately_unequal	dyadic	0.5	room_equal	profile	600	78	0.13	0.10542709735321987	0.15928056139691865	0.5068616759962867
moderately_unequal	dyadic	0.5	room_equal	standardized_max	600	132	0.22	0.1886928970677066	0.2548696554999658	0.5068616759962867
moderately_unequal	dyadic	0.5	sqrt_rooms	cv_retrained	600	76	0.12666666666666668	0.10240739498691152	0.15567600843665172	0.5073088067466697
moderately_unequal	dyadic	0.5	sqrt_rooms	cv_standardized	600	76	0.12666666666666668	0.10240739498691152	0.15567600843665172	0.5142118172224931
moderately_unequal	dyadic	0.5	sqrt_rooms	mantel	600	142	0.23666666666666666	0.2043995651449481	0.272284264055601	0.5073088067466697
moderately_unequal	dyadic	0.5	sqrt_rooms	nested_max	600	86	0.14333333333333334	0.11756139513870045	0.1736432849177394	0.5073088067466697
moderately_unequal	dyadic	0.5	sqrt_rooms	profile	600	78	0.13	0.10542709735321987	0.15928056139691865	0.5073088067466697
moderately_unequal	dyadic	0.5	sqrt_rooms	standardized_max	600	132	0.22	0.1886928970677066	0.2548696554999658	0.5073088067466697
moderately_unequal	dyadic	1.0	building_equal	cv_retrained	600	67	0.11166666666666666	0.08889497508919378	0.13937927936478045	0.5155622788186129
moderately_unequal	dyadic	1.0	building_equal	cv_standardized	600	67	0.11166666666666666	0.08889497508919378	0.13937927936478045	0.5298515807397037
moderately_unequal	dyadic	1.0	building_equal	mantel	600	142	0.23666666666666666	0.2043995651449481	0.272284264055601	0.5155622788186129
moderately_unequal	dyadic	1.0	building_equal	nested_max	600	86	0.14333333333333334	0.11756139513870045	0.1736432849177394	0.5155622788186129
moderately_unequal	dyadic	1.0	building_equal	profile	600	78	0.13	0.10542709735321987	0.15928056139691865	0.5155622788186129
moderately_unequal	dyadic	1.0	building_equal	standardized_max	600	132	0.22	0.1886928970677066	0.2548696554999658	0.5155622788186129
moderately_unequal	dyadic	1.0	room_equal	cv_retrained	600	82	0.13666666666666666	0.111483490917006	0.16647267848628314	0.5136861635449547
moderately_unequal	dyadic	1.0	room_equal	cv_standardized	600	77	0.12833333333333333	0.1039165192128853	0.15747901187396557	0.5257922676054068
moderately_unequal	dyadic	1.0	room_equal	mantel	600	142	0.23666666666666666	0.2043995651449481	0.272284264055601	0.5136861635449547
moderately_unequal	dyadic	1.0	room_equal	nested_max	600	86	0.14333333333333334	0.11756139513870045	0.1736432849177394	0.5136861635449547
moderately_unequal	dyadic	1.0	room_equal	profile	600	78	0.13	0.10542709735321987	0.15928056139691865	0.5136861635449547
moderately_unequal	dyadic	1.0	room_equal	standardized_max	600	132	0.22	0.1886928970677066	0.2548696554999658	0.5136861635449547
moderately_unequal	dyadic	1.0	sqrt_rooms	cv_retrained	600	76	0.12666666666666668	0.10240739498691152	0.15567600843665172	0.5145761223263619
moderately_unequal	dyadic	1.0	sqrt_rooms	cv_standardized	600	72	0.12	0.09638593328911173	0.14844895948130082	0.527724123663578
moderately_unequal	dyadic	1.0	sqrt_rooms	mantel	600	142	0.23666666666666666	0.2043995651449481	0.272284264055601	0.5145761223263619
moderately_unequal	dyadic	1.0	sqrt_rooms	nested_max	600	86	0.14333333333333334	0.11756139513870045	0.1736432849177394	0.5145761223263619
moderately_unequal	dyadic	1.0	sqrt_rooms	profile	600	78	0.13	0.10542709735321987	0.15928056139691865	0.5145761223263619
moderately_unequal	dyadic	1.0	sqrt_rooms	standardized_max	600	132	0.22	0.1886928970677066	0.2548696554999658	0.5145761223263619
moderately_unequal	dyadic	16.0	building_equal	cv_retrained	600	90	0.15	0.12365957580215664	0.18079361490743384	0.6455546306597874
moderately_unequal	dyadic	16.0	building_equal	cv_standardized	600	61	0.10166666666666667	0.07996359842758784	0.1284378900466604	0.6162358553588905
moderately_unequal	dyadic	16.0	building_equal	mantel	600	142	0.23666666666666666	0.2043995651449481	0.272284264055601	0.6455546306597874
moderately_unequal	dyadic	16.0	building_equal	nested_max	600	86	0.14333333333333334	0.11756139513870045	0.1736432849177394	0.6455546306597874
moderately_unequal	dyadic	16.0	building_equal	profile	600	78	0.13	0.10542709735321987	0.15928056139691865	0.6455546306597874
moderately_unequal	dyadic	16.0	building_equal	standardized_max	600	132	0.22	0.1886928970677066	0.2548696554999658	0.6455546306597874
moderately_unequal	dyadic	16.0	room_equal	cv_retrained	600	80	0.13333333333333333	0.10845252233661881	0.16287939174009505	0.6341955519461533
moderately_unequal	dyadic	16.0	room_equal	cv_standardized	600	67	0.11166666666666666	0.08889497508919378	0.13937927936478045	0.5974015216800197
moderately_unequal	dyadic	16.0	room_equal	mantel	600	142	0.23666666666666666	0.2043995651449481	0.272284264055601	0.6341955519461533
moderately_unequal	dyadic	16.0	room_equal	nested_max	600	86	0.14333333333333334	0.11756139513870045	0.1736432849177394	0.6341955519461533
moderately_unequal	dyadic	16.0	room_equal	profile	600	78	0.13	0.10542709735321987	0.15928056139691865	0.6341955519461533
moderately_unequal	dyadic	16.0	room_equal	standardized_max	600	132	0.22	0.1886928970677066	0.2548696554999658	0.6341955519461533
moderately_unequal	dyadic	16.0	sqrt_rooms	cv_retrained	600	82	0.13666666666666666	0.111483490917006	0.16647267848628314	0.6404416241497137
moderately_unequal	dyadic	16.0	sqrt_rooms	cv_standardized	600	66	0.11	0.08740186474759913	0.1375602620430874	0.6078455931208009
moderately_unequal	dyadic	16.0	sqrt_rooms	mantel	600	142	0.23666666666666666	0.2043995651449481	0.272284264055601	0.6404416241497137
moderately_unequal	dyadic	16.0	sqrt_rooms	nested_max	600	86	0.14333333333333334	0.11756139513870045	0.1736432849177394	0.6404416241497137
moderately_unequal	dyadic	16.0	sqrt_rooms	profile	600	78	0.13	0.10542709735321987	0.15928056139691865	0.6404416241497137
moderately_unequal	dyadic	16.0	sqrt_rooms	standardized_max	600	132	0.22	0.1886928970677066	0.2548696554999658	0.6404416241497137
moderately_unequal	dyadic	2.0	building_equal	cv_retrained	600	78	0.13	0.10542709735321987	0.15928056139691865	0.5307525393509002
moderately_unequal	dyadic	2.0	building_equal	cv_standardized	600	65	0.10833333333333334	0.08591052491269927	0.13573947421469965	0.5546241367919543
moderately_unequal	dyadic	2.0	building_equal	mantel	600	142	0.23666666666666666	0.2043995651449481	0.272284264055601	0.5307525393509002
moderately_unequal	dyadic	2.0	building_equal	nested_max	600	86	0.14333333333333334	0.11756139513870045	0.1736432849177394	0.5307525393509002
moderately_unequal	dyadic	2.0	building_equal	profile	600	78	0.13	0.10542709735321987	0.15928056139691865	0.5307525393509002
moderately_unequal	dyadic	2.0	building_equal	standardized_max	600	132	0.22	0.1886928970677066	0.2548696554999658	0.5307525393509002
moderately_unequal	dyadic	2.0	room_equal	cv_retrained	600	76	0.12666666666666668	0.10240739498691152	0.15567600843665172	0.5270817989853159
moderately_unequal	dyadic	2.0	room_equal	cv_standardized	600	72	0.12	0.09638593328911173	0.14844895948130082	0.5470145307522811
moderately_unequal	dyadic	2.0	room_equal	mantel	600	142	0.23666666666666666	0.2043995651449481	0.272284264055601	0.5270817989853159
moderately_unequal	dyadic	2.0	room_equal	nested_max	600	86	0.14333333333333334	0.11756139513870045	0.1736432849177394	0.5270817989853159
moderately_unequal	dyadic	2.0	room_equal	profile	600	78	0.13	0.10542709735321987	0.15928056139691865	0.5270817989853159
moderately_unequal	dyadic	2.0	room_equal	standardized_max	600	132	0.22	0.1886928970677066	0.2548696554999658	0.5270817989853159
moderately_unequal	dyadic	2.0	sqrt_rooms	cv_retrained	600	82	0.13666666666666666	0.111483490917006	0.16647267848628314	0.5288283973241075
moderately_unequal	dyadic	2.0	sqrt_rooms	cv_standardized	600	68	0.11333333333333333	0.09038982186596657	0.1411965602512953	0.5506133435854491
moderately_unequal	dyadic	2.0	sqrt_rooms	mantel	600	142	0.23666666666666666	0.2043995651449481	0.272284264055601	0.5288283973241075
moderately_unequal	dyadic	2.0	sqrt_rooms	nested_max	600	86	0.14333333333333334	0.11756139513870045	0.1736432849177394	0.5288283973241075
moderately_unequal	dyadic	2.0	sqrt_rooms	profile	600	78	0.13	0.10542709735321987	0.15928056139691865	0.5288283973241075
moderately_unequal	dyadic	2.0	sqrt_rooms	standardized_max	600	132	0.22	0.1886928970677066	0.2548696554999658	0.5288283973241075
moderately_unequal	dyadic	4.0	building_equal	cv_retrained	600	80	0.13333333333333333	0.10845252233661881	0.16287939174009505	0.5588032331173085
moderately_unequal	dyadic	4.0	building_equal	cv_standardized	600	65	0.10833333333333334	0.08591052491269927	0.13573947421469965	0.5850885352997949
moderately_unequal	dyadic	4.0	building_equal	mantel	600	142	0.23666666666666666	0.2043995651449481	0.272284264055601	0.5588032331173085
moderately_unequal	dyadic	4.0	building_equal	nested_max	600	86	0.14333333333333334	0.11756139513870045	0.1736432849177394	0.5588032331173085
moderately_unequal	dyadic	4.0	building_equal	profile	600	78	0.13	0.10542709735321987	0.15928056139691865	0.5588032331173085
moderately_unequal	dyadic	4.0	building_equal	standardized_max	600	132	0.22	0.1886928970677066	0.2548696554999658	0.5588032331173085
moderately_unequal	dyadic	4.0	room_equal	cv_retrained	600	84	0.14	0.11451983471668892	0.17006059001317564	0.5520384978258956
moderately_unequal	dyadic	4.0	room_equal	cv_standardized	600	73	0.12166666666666667	0.09788899177278657	0.15025802866091367	0.5727147768281824
moderately_unequal	dyadic	4.0	room_equal	mantel	600	142	0.23666666666666666	0.2043995651449481	0.272284264055601	0.5520384978258956
moderately_unequal	dyadic	4.0	room_equal	nested_max	600	86	0.14333333333333334	0.11756139513870045	0.1736432849177394	0.5520384978258956
moderately_unequal	dyadic	4.0	room_equal	profile	600	78	0.13	0.10542709735321987	0.15928056139691865	0.5520384978258956
moderately_unequal	dyadic	4.0	room_equal	standardized_max	600	132	0.22	0.1886928970677066	0.2548696554999658	0.5520384978258956
moderately_unequal	dyadic	4.0	sqrt_rooms	cv_retrained	600	81	0.135	0.10996732443966875	0.16467671730033281	0.5552954946183685
moderately_unequal	dyadic	4.0	sqrt_rooms	cv_standardized	600	70	0.11666666666666667	0.0933845944690549	0.14482604297478233	0.5785948157351783
moderately_unequal	dyadic	4.0	sqrt_rooms	mantel	600	142	0.23666666666666666	0.2043995651449481	0.272284264055601	0.5552954946183685
moderately_unequal	dyadic	4.0	sqrt_rooms	nested_max	600	86	0.14333333333333334	0.11756139513870045	0.1736432849177394	0.5552954946183685
moderately_unequal	dyadic	4.0	sqrt_rooms	profile	600	78	0.13	0.10542709735321987	0.15928056139691865	0.5552954946183685
moderately_unequal	dyadic	4.0	sqrt_rooms	standardized_max	600	132	0.22	0.1886928970677066	0.2548696554999658	0.5552954946183685
moderately_unequal	dyadic	8.0	building_equal	cv_retrained	600	84	0.14	0.11451983471668892	0.17006059001317564	0.6018557618422757
moderately_unequal	dyadic	8.0	building_equal	cv_standardized	600	62	0.10333333333333333	0.08144748881477896	0.1302661273227569	0.6070441236630565
moderately_unequal	dyadic	8.0	building_equal	mantel	600	142	0.23666666666666666	0.2043995651449481	0.272284264055601	0.6018557618422757
moderately_unequal	dyadic	8.0	building_equal	nested_max	600	86	0.14333333333333334	0.11756139513870045	0.1736432849177394	0.6018557618422757
moderately_unequal	dyadic	8.0	building_equal	profile	600	78	0.13	0.10542709735321987	0.15928056139691865	0.6018557618422757
moderately_unequal	dyadic	8.0	building_equal	standardized_max	600	132	0.22	0.1886928970677066	0.2548696554999658	0.6018557618422757
moderately_unequal	dyadic	8.0	room_equal	cv_retrained	600	80	0.13333333333333333	0.10845252233661881	0.16287939174009505	0.5914171044980591
moderately_unequal	dyadic	8.0	room_equal	cv_standardized	600	66	0.11	0.08740186474759913	0.1375602620430874	0.5906665587305514
moderately_unequal	dyadic	8.0	room_equal	mantel	600	142	0.23666666666666666	0.2043995651449481	0.272284264055601	0.5914171044980591
moderately_unequal	dyadic	8.0	room_equal	nested_max	600	86	0.14333333333333334	0.11756139513870045	0.1736432849177394	0.5914171044980591
moderately_unequal	dyadic	8.0	room_equal	profile	600	78	0.13	0.10542709735321987	0.15928056139691865	0.5914171044980591
moderately_unequal	dyadic	8.0	room_equal	standardized_max	600	132	0.22	0.1886928970677066	0.2548696554999658	0.5914171044980591
moderately_unequal	dyadic	8.0	sqrt_rooms	cv_retrained	600	82	0.13666666666666666	0.111483490917006	0.16647267848628314	0.596643403786778
moderately_unequal	dyadic	8.0	sqrt_rooms	cv_standardized	600	63	0.105	0.08293329952922511	0.13209244427159847	0.5987681304561037
moderately_unequal	dyadic	8.0	sqrt_rooms	mantel	600	142	0.23666666666666666	0.2043995651449481	0.272284264055601	0.596643403786778
moderately_unequal	dyadic	8.0	sqrt_rooms	nested_max	600	86	0.14333333333333334	0.11756139513870045	0.1736432849177394	0.596643403786778
moderately_unequal	dyadic	8.0	sqrt_rooms	profile	600	78	0.13	0.10542709735321987	0.15928056139691865	0.596643403786778
moderately_unequal	dyadic	8.0	sqrt_rooms	standardized_max	600	132	0.22	0.1886928970677066	0.2548696554999658	0.596643403786778
moderately_unequal	mixed_covariate	0.0	building_equal	cv_retrained	600	177	0.295	0.25990668214519635	0.332701615270421	0.4999999999999999
moderately_unequal	mixed_covariate	0.0	building_equal	cv_standardized	600	226	0.37666666666666665	0.3387954576858182	0.41610709523089473	0.4999999999999999
moderately_unequal	mixed_covariate	0.0	building_equal	mantel	600	252	0.42	0.38113928555086996	0.4598785866113222	0.4999999999999999
moderately_unequal	mixed_covariate	0.0	building_equal	nested_max	600	225	0.375	0.33717324946832583	0.4144171757850994	0.4999999999999999
moderately_unequal	mixed_covariate	0.0	building_equal	profile	600	227	0.37833333333333335	0.3404181493731606	0.41779653120684	0.4999999999999999
moderately_unequal	mixed_covariate	0.0	building_equal	standardized_max	600	241	0.40166666666666667	0.36318593682748684	0.44139853103854104	0.4999999999999999
moderately_unequal	mixed_covariate	0.0	room_equal	cv_retrained	600	248	0.41333333333333333	0.3746043320514548	0.45316502945758674	0.5
moderately_unequal	mixed_covariate	0.0	room_equal	cv_standardized	600	258	0.43	0.39095543140926775	0.4699352067326505	0.5
moderately_unequal	mixed_covariate	0.0	room_equal	mantel	600	252	0.42	0.38113928555086996	0.4598785866113222	0.5
moderately_unequal	mixed_covariate	0.0	room_equal	nested_max	600	225	0.375	0.33717324946832583	0.4144171757850994	0.5
moderately_unequal	mixed_covariate	0.0	room_equal	profile	600	227	0.37833333333333335	0.3404181493731606	0.41779653120684	0.5
moderately_unequal	mixed_covariate	0.0	room_equal	standardized_max	600	241	0.40166666666666667	0.36318593682748684	0.44139853103854104	0.5
moderately_unequal	mixed_covariate	0.0	sqrt_rooms	cv_retrained	600	215	0.35833333333333334	0.3209780495902078	0.39749109903034086	0.5
moderately_unequal	mixed_covariate	0.0	sqrt_rooms	cv_standardized	600	249	0.415	0.37623738126559547	0.4548441079067337	0.5
moderately_unequal	mixed_covariate	0.0	sqrt_rooms	mantel	600	252	0.42	0.38113928555086996	0.4598785866113222	0.5
moderately_unequal	mixed_covariate	0.0	sqrt_rooms	nested_max	600	225	0.375	0.33717324946832583	0.4144171757850994	0.5
moderately_unequal	mixed_covariate	0.0	sqrt_rooms	profile	600	227	0.37833333333333335	0.3404181493731606	0.41779653120684	0.5
moderately_unequal	mixed_covariate	0.0	sqrt_rooms	standardized_max	600	241	0.40166666666666667	0.36318593682748684	0.44139853103854104	0.5
moderately_unequal	mixed_covariate	0.1	building_equal	cv_retrained	600	175	0.2916666666666667	0.2567143926453856	0.3292696494436565	0.5014452039928856
moderately_unequal	mixed_covariate	0.1	building_equal	cv_standardized	600	231	0.385	0.34691372615333516	0.42454946507981617	0.4999490578782337
moderately_unequal	mixed_covariate	0.1	building_equal	mantel	600	252	0.42	0.38113928555086996	0.4598785866113222	0.5014452039928856
moderately_unequal	mixed_covariate	0.1	building_equal	nested_max	600	225	0.375	0.33717324946832583	0.4144171757850994	0.5014452039928856
moderately_unequal	mixed_covariate	0.1	building_equal	profile	600	227	0.37833333333333335	0.3404181493731606	0.41779653120684	0.5014452039928856
moderately_unequal	mixed_covariate	0.1	building_equal	standardized_max	600	241	0.40166666666666667	0.36318593682748684	0.44139853103854104	0.5014452039928856
moderately_unequal	mixed_covariate	0.1	room_equal	cv_retrained	600	249	0.415	0.37623738126559547	0.4548441079067337	0.501513852208269
moderately_unequal	mixed_covariate	0.1	room_equal	cv_standardized	600	256	0.4266666666666667	0.38768156172753276	0.4665848210878102	0.49960848910786715
moderately_unequal	mixed_covariate	0.1	room_equal	mantel	600	252	0.42	0.38113928555086996	0.4598785866113222	0.501513852208269
moderately_unequal	mixed_covariate	0.1	room_equal	nested_max	600	225	0.375	0.33717324946832583	0.4144171757850994	0.501513852208269
moderately_unequal	mixed_covariate	0.1	room_equal	profile	600	227	0.37833333333333335	0.3404181493731606	0.41779653120684	0.501513852208269
moderately_unequal	mixed_covariate	0.1	room_equal	standardized_max	600	241	0.40166666666666667	0.36318593682748684	0.44139853103854104	0.501513852208269
moderately_unequal	mixed_covariate	0.1	sqrt_rooms	cv_retrained	600	214	0.3566666666666667	0.3193612486783071	0.39579577227895385	0.5014801604167927
moderately_unequal	mixed_covariate	0.1	sqrt_rooms	cv_standardized	600	246	0.41	0.3713396167716497	0.44980548941081644	0.4997747991502181
moderately_unequal	mixed_covariate	0.1	sqrt_rooms	mantel	600	252	0.42	0.38113928555086996	0.4598785866113222	0.5014801604167927
moderately_unequal	mixed_covariate	0.1	sqrt_rooms	nested_max	600	225	0.375	0.33717324946832583	0.4144171757850994	0.5014801604167927
moderately_unequal	mixed_covariate	0.1	sqrt_rooms	profile	600	227	0.37833333333333335	0.3404181493731606	0.41779653120684	0.5014801604167927
moderately_unequal	mixed_covariate	0.1	sqrt_rooms	standardized_max	600	241	0.40166666666666667	0.36318593682748684	0.44139853103854104	0.5014801604167927
moderately_unequal	mixed_covariate	0.25	building_equal	cv_retrained	600	176	0.29333333333333333	0.2583102463852376	0.3309859233670921	0.5036121885948637
moderately_unequal	mixed_covariate	0.25	building_equal	cv_standardized	600	229	0.38166666666666665	0.34366497817960107	0.42117395772697486	0.4998833927612357
moderately_unequal	mixed_covariate	0.25	building_equal	mantel	600	252	0.42	0.38113928555086996	0.4598785866113222	0.5036121885948637
moderately_unequal	mixed_covariate	0.25	building_equal	nested_max	600	225	0.375	0.33717324946832583	0.4144171757850994	0.5036121885948637
moderately_unequal	mixed_covariate	0.25	building_equal	profile	600	227	0.37833333333333335	0.3404181493731606	0.41779653120684	0.5036121885948637
moderately_unequal	mixed_covariate	0.25	building_equal	standardized_max	600	241	0.40166666666666667	0.36318593682748684	0.44139853103854104	0.5036121885948637
moderately_unequal	mixed_covariate	0.25	room_equal	cv_retrained	600	247	0.4116666666666667	0.372971743611098	0.4514854902346559	0.503783875916814
moderately_unequal	mixed_covariate	0.25	room_equal	cv_standardized	600	257	0.42833333333333334	0.38931826950361953	0.468260240975011	0.4990355010157267
moderately_unequal	mixed_covariate	0.25	room_equal	mantel	600	252	0.42	0.38113928555086996	0.4598785866113222	0.503783875916814
moderately_unequal	mixed_covariate	0.25	room_equal	nested_max	600	225	0.375	0.33717324946832583	0.4144171757850994	0.503783875916814
moderately_unequal	mixed_covariate	0.25	room_equal	profile	600	227	0.37833333333333335	0.3404181493731606	0.41779653120684	0.503783875916814
moderately_unequal	mixed_covariate	0.25	room_equal	standardized_max	600	241	0.40166666666666667	0.36318593682748684	0.44139853103854104	0.503783875916814
moderately_unequal	mixed_covariate	0.25	sqrt_rooms	cv_retrained	600	215	0.35833333333333334	0.3209780495902078	0.39749109903034086	0.503699613017294
moderately_unequal	mixed_covariate	0.25	sqrt_rooms	cv_standardized	600	247	0.4116666666666667	0.372971743611098	0.4514854902346559	0.49944827680607895
moderately_unequal	mixed_covariate	0.25	sqrt_rooms	mantel	600	252	0.42	0.38113928555086996	0.4598785866113222	0.503699613017294
moderately_unequal	mixed_covariate	0.25	sqrt_rooms	nested_max	600	225	0.375	0.33717324946832583	0.4144171757850994	0.503699613017294
moderately_unequal	mixed_covariate	0.25	sqrt_rooms	profile	600	227	0.37833333333333335	0.3404181493731606	0.41779653120684	0.503699613017294
moderately_unequal	mixed_covariate	0.25	sqrt_rooms	standardized_max	600	241	0.40166666666666667	0.36318593682748684	0.44139853103854104	0.503699613017294
moderately_unequal	mixed_covariate	0.5	building_equal	cv_retrained	600	177	0.295	0.25990668214519635	0.332701615270421	0.5072185202843883
moderately_unequal	mixed_covariate	0.5	building_equal	cv_standardized	600	227	0.37833333333333335	0.3404181493731606	0.41779653120684	0.49983868043783236
moderately_unequal	mixed_covariate	0.5	building_equal	mantel	600	252	0.42	0.38113928555086996	0.4598785866113222	0.5072185202843883
moderately_unequal	mixed_covariate	0.5	building_equal	nested_max	600	225	0.375	0.33717324946832583	0.4144171757850994	0.5072185202843883
moderately_unequal	mixed_covariate	0.5	building_equal	profile	600	227	0.37833333333333335	0.3404181493731606	0.41779653120684	0.5072185202843883
moderately_unequal	mixed_covariate	0.5	building_equal	standardized_max	600	241	0.40166666666666667	0.36318593682748684	0.44139853103854104	0.5072185202843883
moderately_unequal	mixed_covariate	0.5	room_equal	cv_retrained	600	246	0.41	0.3713396167716497	0.44980548941081644	0.5075623706504597
moderately_unequal	mixed_covariate	0.5	room_equal	cv_standardized	600	258	0.43	0.39095543140926775	0.4699352067326505	0.49816678918807705
moderately_unequal	mixed_covariate	0.5	room_equal	mantel	600	252	0.42	0.38113928555086996	0.4598785866113222	0.5075623706504597
moderately_unequal	mixed_covariate	0.5	room_equal	nested_max	600	225	0.375	0.33717324946832583	0.4144171757850994	0.5075623706504597
moderately_unequal	mixed_covariate	0.5	room_equal	profile	600	227	0.37833333333333335	0.3404181493731606	0.41779653120684	0.5075623706504597
moderately_unequal	mixed_covariate	0.5	room_equal	standardized_max	600	241	0.40166666666666667	0.36318593682748684	0.44139853103854104	0.5075623706504597
moderately_unequal	mixed_covariate	0.5	sqrt_rooms	cv_retrained	600	215	0.35833333333333334	0.3209780495902078	0.39749109903034086	0.5073936068452846
moderately_unequal	mixed_covariate	0.5	sqrt_rooms	cv_standardized	600	250	0.4166666666666667	0.37787089044454725	0.4565227263910697	0.49897226331992894
moderately_unequal	mixed_covariate	0.5	sqrt_rooms	mantel	600	252	0.42	0.38113928555086996	0.4598785866113222	0.5073936068452846
moderately_unequal	mixed_covariate	0.5	sqrt_rooms	nested_max	600	225	0.375	0.33717324946832583	0.4144171757850994	0.5073936068452846
moderately_unequal	mixed_covariate	0.5	sqrt_rooms	profile	600	227	0.37833333333333335	0.3404181493731606	0.41779653120684	0.5073936068452846
moderately_unequal	mixed_covariate	0.5	sqrt_rooms	standardized_max	600	241	0.40166666666666667	0.36318593682748684	0.44139853103854104	0.5073936068452846
moderately_unequal	mixed_covariate	1.0	building_equal	cv_retrained	600	179	0.29833333333333334	0.26310128834817	0.3361312643940227	0.5143904999336487
moderately_unequal	mixed_covariate	1.0	building_equal	cv_standardized	600	220	0.36666666666666664	0.32906950577084787	0.4059602811661391	0.5001324627229119
moderately_unequal	mixed_covariate	1.0	building_equal	mantel	600	252	0.42	0.38113928555086996	0.4598785866113222	0.5143904999336487
moderately_unequal	mixed_covariate	1.0	building_equal	nested_max	600	225	0.375	0.33717324946832583	0.4144171757850994	0.5143904999336487
moderately_unequal	mixed_covariate	1.0	building_equal	profile	600	227	0.37833333333333335	0.3404181493731606	0.41779653120684	0.5143904999336487
moderately_unequal	mixed_covariate	1.0	building_equal	standardized_max	600	241	0.40166666666666667	0.36318593682748684	0.44139853103854104	0.5143904999336487
moderately_unequal	mixed_covariate	1.0	room_equal	cv_retrained	600	243	0.405	0.3664460144054968	0.4447627087871065	0.5150819658748559
moderately_unequal	mixed_covariate	1.0	room_equal	cv_standardized	600	259	0.43166666666666664	0.3925930467926714	0.47160971901253446	0.496950450733947
moderately_unequal	mixed_covariate	1.0	room_equal	mantel	600	252	0.42	0.38113928555086996	0.4598785866113222	0.5150819658748559
moderately_unequal	mixed_covariate	1.0	room_equal	nested_max	600	225	0.375	0.33717324946832583	0.4144171757850994	0.5150819658748559
moderately_unequal	mixed_covariate	1.0	room_equal	profile	600	227	0.37833333333333335	0.3404181493731606	0.41779653120684	0.5150819658748559
moderately_unequal	mixed_covariate	1.0	room_equal	standardized_max	600	241	0.40166666666666667	0.36318593682748684	0.44139853103854104	0.5150819658748559
moderately_unequal	mixed_covariate	1.0	sqrt_rooms	cv_retrained	600	214	0.3566666666666667	0.3193612486783071	0.39579577227895385	0.5147425563743263
moderately_unequal	mixed_covariate	1.0	sqrt_rooms	cv_standardized	600	246	0.41	0.3713396167716497	0.44980548941081644	0.4984313548021178
moderately_unequal	mixed_covariate	1.0	sqrt_rooms	mantel	600	252	0.42	0.38113928555086996	0.4598785866113222	0.5147425563743263
moderately_unequal	mixed_covariate	1.0	sqrt_rooms	nested_max	600	225	0.375	0.33717324946832583	0.4144171757850994	0.5147425563743263
moderately_unequal	mixed_covariate	1.0	sqrt_rooms	profile	600	227	0.37833333333333335	0.3404181493731606	0.41779653120684	0.5147425563743263
moderately_unequal	mixed_covariate	1.0	sqrt_rooms	standardized_max	600	241	0.40166666666666667	0.36318593682748684	0.44139853103854104	0.5147425563743263
moderately_unequal	mixed_covariate	16.0	building_equal	cv_retrained	600	149	0.24833333333333332	0.21543706961349934	0.28443165323006336	0.6320193356242381
moderately_unequal	mixed_covariate	16.0	building_equal	cv_standardized	600	163	0.27166666666666667	0.23761065166261117	0.30862785846697893	0.506714065263775
moderately_unequal	mixed_covariate	16.0	building_equal	mantel	600	252	0.42	0.38113928555086996	0.4598785866113222	0.6320193356242381
moderately_unequal	mixed_covariate	16.0	building_equal	nested_max	600	225	0.375	0.33717324946832583	0.4144171757850994	0.6320193356242381
moderately_unequal	mixed_covariate	16.0	building_equal	profile	600	227	0.37833333333333335	0.3404181493731606	0.41779653120684	0.6320193356242381
moderately_unequal	mixed_covariate	16.0	building_equal	standardized_max	600	241	0.40166666666666667	0.36318593682748684	0.44139853103854104	0.6320193356242381
moderately_unequal	mixed_covariate	16.0	room_equal	cv_retrained	600	191	0.31833333333333336	0.2823163761575769	0.35666170854406787	0.6457046147412494
moderately_unequal	mixed_covariate	16.0	room_equal	cv_standardized	600	209	0.34833333333333333	0.31128478040197904	0.38731160223884353	0.497397781411773
moderately_unequal	mixed_covariate	16.0	room_equal	mantel	600	252	0.42	0.38113928555086996	0.4598785866113222	0.6457046147412494
moderately_unequal	mixed_covariate	16.0	room_equal	nested_max	600	225	0.375	0.33717324946832583	0.4144171757850994	0.6457046147412494
moderately_unequal	mixed_covariate	16.0	room_equal	profile	600	227	0.37833333333333335	0.3404181493731606	0.41779653120684	0.6457046147412494
moderately_unequal	mixed_covariate	16.0	room_equal	standardized_max	600	241	0.40166666666666667	0.36318593682748684	0.44139853103854104	0.6457046147412494
moderately_unequal	mixed_covariate	16.0	sqrt_rooms	cv_retrained	600	177	0.295	0.25990668214519635	0.332701615270421	0.6389713869122011
moderately_unequal	mixed_covariate	16.0	sqrt_rooms	cv_standardized	600	192	0.32	0.28392122394605246	0.3583689884188799	0.5011303756138464
moderately_unequal	mixed_covariate	16.0	sqrt_rooms	mantel	600	252	0.42	0.38113928555086996	0.4598785866113222	0.6389713869122011
moderately_unequal	mixed_covariate	16.0	sqrt_rooms	nested_max	600	225	0.375	0.33717324946832583	0.4144171757850994	0.6389713869122011
moderately_unequal	mixed_covariate	16.0	sqrt_rooms	profile	600	227	0.37833333333333335	0.3404181493731606	0.41779653120684	0.6389713869122011
moderately_unequal	mixed_covariate	16.0	sqrt_rooms	standardized_max	600	241	0.40166666666666667	0.36318593682748684	0.44139853103854104	0.6389713869122011
moderately_unequal	mixed_covariate	2.0	building_equal	cv_retrained	600	180	0.3	0.2646994532170419	0.33784522718843846	0.5284184327891476
moderately_unequal	mixed_covariate	2.0	building_equal	cv_standardized	600	201	0.335	0.29838896143846216	0.37371039989605925	0.5020059258356475
moderately_unequal	mixed_covariate	2.0	building_equal	mantel	600	252	0.42	0.38113928555086996	0.4598785866113222	0.5284184327891476
moderately_unequal	mixed_covariate	2.0	building_equal	nested_max	600	225	0.375	0.33717324946832583	0.4144171757850994	0.5284184327891476
moderately_unequal	mixed_covariate	2.0	building_equal	profile	600	227	0.37833333333333335	0.3404181493731606	0.41779653120684	0.5284184327891476
moderately_unequal	mixed_covariate	2.0	building_equal	standardized_max	600	241	0.40166666666666667	0.36318593682748684	0.44139853103854104	0.5284184327891476
moderately_unequal	mixed_covariate	2.0	room_equal	cv_retrained	600	239	0.3983333333333333	0.3599277270832651	0.4380324854561875	0.5298302098157878
moderately_unequal	mixed_covariate	2.0	room_equal	cv_standardized	600	248	0.41333333333333333	0.3746043320514548	0.45316502945758674	0.4965137653348024
moderately_unequal	mixed_covariate	2.0	room_equal	mantel	600	252	0.42	0.38113928555086996	0.4598785866113222	0.5298302098157878
moderately_unequal	mixed_covariate	2.0	room_equal	nested_max	600	225	0.375	0.33717324946832583	0.4144171757850994	0.5298302098157878
moderately_unequal	mixed_covariate	2.0	room_equal	profile	600	227	0.37833333333333335	0.3404181493731606	0.41779653120684	0.5298302098157878
moderately_unequal	mixed_covariate	2.0	room_equal	standardized_max	600	241	0.40166666666666667	0.36318593682748684	0.44139853103854104	0.5298302098157878
moderately_unequal	mixed_covariate	2.0	sqrt_rooms	cv_retrained	600	210	0.35	0.3128990638700219	0.38900944643408836	0.5291370244714155
moderately_unequal	mixed_covariate	2.0	sqrt_rooms	cv_standardized	600	232	0.38666666666666666	0.3485388168815022	0.42623650201493674	0.49887149142930515
moderately_unequal	mixed_covariate	2.0	sqrt_rooms	mantel	600	252	0.42	0.38113928555086996	0.4598785866113222	0.5291370244714155
moderately_unequal	mixed_covariate	2.0	sqrt_rooms	nested_max	600	225	0.375	0.33717324946832583	0.4144171757850994	0.5291370244714155
moderately_unequal	mixed_covariate	2.0	sqrt_rooms	profile	600	227	0.37833333333333335	0.3404181493731606	0.41779653120684	0.5291370244714155
moderately_unequal	mixed_covariate	2.0	sqrt_rooms	standardized_max	600	241	0.40166666666666667	0.36318593682748684	0.44139853103854104	0.5291370244714155
moderately_unequal	mixed_covariate	4.0	building_equal	cv_retrained	600	168	0.28	0.24555996300347405	0.31723918544255436	0.5542129948500018
moderately_unequal	mixed_covariate	4.0	building_equal	cv_standardized	600	184	0.30666666666666664	0.27109779484704344	0.3446953962115875	0.505745934708821
moderately_unequal	mixed_covariate	4.0	building_equal	mantel	600	252	0.42	0.38113928555086996	0.4598785866113222	0.5542129948500018
moderately_unequal	mixed_covariate	4.0	building_equal	nested_max	600	225	0.375	0.33717324946832583	0.4144171757850994	0.5542129948500018
moderately_unequal	mixed_covariate	4.0	building_equal	profile	600	227	0.37833333333333335	0.3404181493731606	0.41779653120684	0.5542129948500018
moderately_unequal	mixed_covariate	4.0	building_equal	standardized_max	600	241	0.40166666666666667	0.36318593682748684	0.44139853103854104	0.5542129948500018
moderately_unequal	mixed_covariate	4.0	room_equal	cv_retrained	600	227	0.37833333333333335	0.3404181493731606	0.41779653120684	0.557230109936735
moderately_unequal	mixed_covariate	4.0	room_equal	cv_standardized	600	218	0.36333333333333334	0.3258314389005266	0.40257409270988503	0.4979642617305933
moderately_unequal	mixed_covariate	4.0	room_equal	mantel	600	252	0.42	0.38113928555086996	0.4598785866113222	0.557230109936735
moderately_unequal	mixed_covariate	4.0	room_equal	nested_max	600	225	0.375	0.33717324946832583	0.4144171757850994	0.557230109936735
moderately_unequal	mixed_covariate	4.0	room_equal	profile	600	227	0.37833333333333335	0.3404181493731606	0.41779653120684	0.557230109936735
moderately_unequal	mixed_covariate	4.0	room_equal	standardized_max	600	241	0.40166666666666667	0.36318593682748684	0.44139853103854104	0.557230109936735
moderately_unequal	mixed_covariate	4.0	sqrt_rooms	cv_retrained	600	205	0.3416666666666667	0.3048327476564238	0.3805151243312482	0.5557482411310676
moderately_unequal	mixed_covariate	4.0	sqrt_rooms	cv_standardized	600	206	0.3433333333333333	0.30644498721602165	0.38221501243493794	0.5009635416876048
moderately_unequal	mixed_covariate	4.0	sqrt_rooms	mantel	600	252	0.42	0.38113928555086996	0.4598785866113222	0.5557482411310676
moderately_unequal	mixed_covariate	4.0	sqrt_rooms	nested_max	600	225	0.375	0.33717324946832583	0.4144171757850994	0.5557482411310676
moderately_unequal	mixed_covariate	4.0	sqrt_rooms	profile	600	227	0.37833333333333335	0.3404181493731606	0.41779653120684	0.5557482411310676
moderately_unequal	mixed_covariate	4.0	sqrt_rooms	standardized_max	600	241	0.40166666666666667	0.36318593682748684	0.44139853103854104	0.5557482411310676
moderately_unequal	mixed_covariate	8.0	building_equal	cv_retrained	600	157	0.26166666666666666	0.22809210629110613	0.29827363785875793	0.5932994522985481
moderately_unequal	mixed_covariate	8.0	building_equal	cv_standardized	600	163	0.27166666666666667	0.23761065166261117	0.30862785846697893	0.5075203410420464
moderately_unequal	mixed_covariate	8.0	building_equal	mantel	600	252	0.42	0.38113928555086996	0.4598785866113222	0.5932994522985481
moderately_unequal	mixed_covariate	8.0	building_equal	nested_max	600	225	0.375	0.33717324946832583	0.4144171757850994	0.5932994522985481
moderately_unequal	mixed_covariate	8.0	building_equal	profile	600	227	0.37833333333333335	0.3404181493731606	0.41779653120684	0.5932994522985481
moderately_unequal	mixed_covariate	8.0	building_equal	standardized_max	600	241	0.40166666666666667	0.36318593682748684	0.44139853103854104	0.5932994522985481
moderately_unequal	mixed_covariate	8.0	room_equal	cv_retrained	600	208	0.3466666666666667	0.3096710053318988	0.3856132496456362	0.6001211425436599
moderately_unequal	mixed_covariate	8.0	room_equal	cv_standardized	600	206	0.3433333333333333	0.30644498721602165	0.38221501243493794	0.4986620249298072
moderately_unequal	mixed_covariate	8.0	room_equal	mantel	600	252	0.42	0.38113928555086996	0.4598785866113222	0.6001211425436599
moderately_unequal	mixed_covariate	8.0	room_equal	nested_max	600	225	0.375	0.33717324946832583	0.4144171757850994	0.6001211425436599
moderately_unequal	mixed_covariate	8.0	room_equal	profile	600	227	0.37833333333333335	0.3404181493731606	0.41779653120684	0.6001211425436599
moderately_unequal	mixed_covariate	8.0	room_equal	standardized_max	600	241	0.40166666666666667	0.36318593682748684	0.44139853103854104	0.6001211425436599
moderately_unequal	mixed_covariate	8.0	sqrt_rooms	cv_retrained	600	188	0.31333333333333335	0.2775051040209626	0.35153659769081913	0.5967731514851518
moderately_unequal	mixed_covariate	8.0	sqrt_rooms	cv_standardized	600	191	0.31833333333333336	0.2823163761575769	0.35666170854406787	0.5017762303980734
moderately_unequal	mixed_covariate	8.0	sqrt_rooms	mantel	600	252	0.42	0.38113928555086996	0.4598785866113222	0.5967731514851518
moderately_unequal	mixed_covariate	8.0	sqrt_rooms	nested_max	600	225	0.375	0.33717324946832583	0.4144171757850994	0.5967731514851518
moderately_unequal	mixed_covariate	8.0	sqrt_rooms	profile	600	227	0.37833333333333335	0.3404181493731606	0.41779653120684	0.5967731514851518
moderately_unequal	mixed_covariate	8.0	sqrt_rooms	standardized_max	600	241	0.40166666666666667	0.36318593682748684	0.44139853103854104	0.5967731514851518
moderately_unequal	radial_node	0.0	building_equal	cv_retrained	600	192	0.32	0.28392122394605246	0.3583689884188799	0.4999999999999999
moderately_unequal	radial_node	0.0	building_equal	cv_standardized	600	264	0.44	0.40078790423541655	0.4799754998862277	0.4999999999999999
moderately_unequal	radial_node	0.0	building_equal	mantel	600	225	0.375	0.33717324946832583	0.4144171757850994	0.4999999999999999
moderately_unequal	radial_node	0.0	building_equal	nested_max	600	244	0.4066666666666667	0.36807675129565204	0.44644409956023884	0.4999999999999999
moderately_unequal	radial_node	0.0	building_equal	profile	600	242	0.4033333333333333	0.36481574260936184	0.44308085291995375	0.4999999999999999
moderately_unequal	radial_node	0.0	building_equal	standardized_max	600	232	0.38666666666666666	0.3485388168815022	0.42623650201493674	0.4999999999999999
moderately_unequal	radial_node	0.0	room_equal	cv_retrained	600	282	0.47	0.43038210643040314	0.5099995956304189	0.5
moderately_unequal	radial_node	0.0	room_equal	cv_standardized	600	282	0.47	0.43038210643040314	0.5099995956304189	0.5
moderately_unequal	radial_node	0.0	room_equal	mantel	600	225	0.375	0.33717324946832583	0.4144171757850994	0.5
moderately_unequal	radial_node	0.0	room_equal	nested_max	600	244	0.4066666666666667	0.36807675129565204	0.44644409956023884	0.5
moderately_unequal	radial_node	0.0	room_equal	profile	600	242	0.4033333333333333	0.36481574260936184	0.44308085291995375	0.5
moderately_unequal	radial_node	0.0	room_equal	standardized_max	600	232	0.38666666666666666	0.3485388168815022	0.42623650201493674	0.5
moderately_unequal	radial_node	0.0	sqrt_rooms	cv_retrained	600	254	0.42333333333333334	0.3844095112561622	0.46323261623260537	0.5
moderately_unequal	radial_node	0.0	sqrt_rooms	cv_standardized	600	281	0.4683333333333333	0.42873420347591623	0.5083353709216182	0.5
moderately_unequal	radial_node	0.0	sqrt_rooms	mantel	600	225	0.375	0.33717324946832583	0.4144171757850994	0.5
moderately_unequal	radial_node	0.0	sqrt_rooms	nested_max	600	244	0.4066666666666667	0.36807675129565204	0.44644409956023884	0.5
moderately_unequal	radial_node	0.0	sqrt_rooms	profile	600	242	0.4033333333333333	0.36481574260936184	0.44308085291995375	0.5
moderately_unequal	radial_node	0.0	sqrt_rooms	standardized_max	600	232	0.38666666666666666	0.3485388168815022	0.42623650201493674	0.5
moderately_unequal	radial_node	0.1	building_equal	cv_retrained	600	190	0.31666666666666665	0.2807120720494366	0.35495388498892033	0.500964230712597
moderately_unequal	radial_node	0.1	building_equal	cv_standardized	600	259	0.43166666666666664	0.3925930467926714	0.47160971901253446	0.49745600830638664
moderately_unequal	radial_node	0.1	building_equal	mantel	600	225	0.375	0.33717324946832583	0.4144171757850994	0.500964230712597
moderately_unequal	radial_node	0.1	building_equal	nested_max	600	244	0.4066666666666667	0.36807675129565204	0.44644409956023884	0.500964230712597
moderately_unequal	radial_node	0.1	building_equal	profile	600	242	0.4033333333333333	0.36481574260936184	0.44308085291995375	0.500964230712597
moderately_unequal	radial_node	0.1	building_equal	standardized_max	600	232	0.38666666666666666	0.3485388168815022	0.42623650201493674	0.500964230712597
moderately_unequal	radial_node	0.1	room_equal	cv_retrained	600	281	0.4683333333333333	0.42873420347591623	0.5083353709216182	0.5011412833526844
moderately_unequal	radial_node	0.1	room_equal	cv_standardized	600	283	0.4716666666666667	0.4320304520528795	0.5116633776712304	0.49718689084746415
moderately_unequal	radial_node	0.1	room_equal	mantel	600	225	0.375	0.33717324946832583	0.4144171757850994	0.5011412833526844
moderately_unequal	radial_node	0.1	room_equal	nested_max	600	244	0.4066666666666667	0.36807675129565204	0.44644409956023884	0.5011412833526844
moderately_unequal	radial_node	0.1	room_equal	profile	600	242	0.4033333333333333	0.36481574260936184	0.44308085291995375	0.5011412833526844
moderately_unequal	radial_node	0.1	room_equal	standardized_max	600	232	0.38666666666666666	0.3485388168815022	0.42623650201493674	0.5011412833526844
moderately_unequal	radial_node	0.1	sqrt_rooms	cv_retrained	600	254	0.42333333333333334	0.3844095112561622	0.46323261623260537	0.5010556946476603
moderately_unequal	radial_node	0.1	sqrt_rooms	cv_standardized	600	283	0.4716666666666667	0.4320304520528795	0.5116633776712304	0.497315372218232
moderately_unequal	radial_node	0.1	sqrt_rooms	mantel	600	225	0.375	0.33717324946832583	0.4144171757850994	0.5010556946476603
moderately_unequal	radial_node	0.1	sqrt_rooms	nested_max	600	244	0.4066666666666667	0.36807675129565204	0.44644409956023884	0.5010556946476603
moderately_unequal	radial_node	0.1	sqrt_rooms	profile	600	242	0.4033333333333333	0.36481574260936184	0.44308085291995375	0.5010556946476603
moderately_unequal	radial_node	0.1	sqrt_rooms	standardized_max	600	232	0.38666666666666666	0.3485388168815022	0.42623650201493674	0.5010556946476603
moderately_unequal	radial_node	0.25	building_equal	cv_retrained	600	191	0.31833333333333336	0.2823163761575769	0.35666170854406787	0.5024101997803918
moderately_unequal	radial_node	0.25	building_equal	cv_standardized	600	258	0.43	0.39095543140926775	0.4699352067326505	0.49367494368386455
moderately_unequal	radial_node	0.25	building_equal	mantel	600	225	0.375	0.33717324946832583	0.4144171757850994	0.5024101997803918
moderately_unequal	radial_node	0.25	building_equal	nested_max	600	244	0.4066666666666667	0.36807675129565204	0.44644409956023884	0.5024101997803918
moderately_unequal	radial_node	0.25	building_equal	profile	600	242	0.4033333333333333	0.36481574260936184	0.44308085291995375	0.5024101997803918
moderately_unequal	radial_node	0.25	building_equal	standardized_max	600	232	0.38666666666666666	0.3485388168815022	0.42623650201493674	0.5024101997803918
moderately_unequal	radial_node	0.25	room_equal	cv_retrained	600	277	0.46166666666666667	0.42214702401068854	0.5016740397336954	0.5028526652102664
moderately_unequal	radial_node	0.25	room_equal	cv_standardized	600	281	0.4683333333333333	0.42873420347591623	0.5083353709216182	0.4929998255618444
moderately_unequal	radial_node	0.25	room_equal	mantel	600	225	0.375	0.33717324946832583	0.4144171757850994	0.5028526652102664
moderately_unequal	radial_node	0.25	room_equal	nested_max	600	244	0.4066666666666667	0.36807675129565204	0.44644409956023884	0.5028526652102664
moderately_unequal	radial_node	0.25	room_equal	profile	600	242	0.4033333333333333	0.36481574260936184	0.44308085291995375	0.5028526652102664
moderately_unequal	radial_node	0.25	room_equal	standardized_max	600	232	0.38666666666666666	0.3485388168815022	0.42623650201493674	0.5028526652102664
moderately_unequal	radial_node	0.25	sqrt_rooms	cv_retrained	600	256	0.4266666666666667	0.38768156172753276	0.4665848210878102	0.5026387514334232
moderately_unequal	radial_node	0.25	sqrt_rooms	cv_standardized	600	283	0.4716666666666667	0.4320304520528795	0.5116633776712304	0.4933198467446696
moderately_unequal	radial_node	0.25	sqrt_rooms	mantel	600	225	0.375	0.33717324946832583	0.4144171757850994	0.5026387514334232
moderately_unequal	radial_node	0.25	sqrt_rooms	nested_max	600	244	0.4066666666666667	0.36807675129565204	0.44644409956023884	0.5026387514334232
moderately_unequal	radial_node	0.25	sqrt_rooms	profile	600	242	0.4033333333333333	0.36481574260936184	0.44308085291995375	0.5026387514334232
moderately_unequal	radial_node	0.25	sqrt_rooms	standardized_max	600	232	0.38666666666666666	0.3485388168815022	0.42623650201493674	0.5026387514334232
moderately_unequal	radial_node	0.5	building_equal	cv_retrained	600	189	0.315	0.279108313899091	0.3532455154759783	0.5048177068734154
moderately_unequal	radial_node	0.5	building_equal	cv_standardized	600	257	0.42833333333333334	0.38931826950361953	0.468260240975011	0.4875886222656673
moderately_unequal	radial_node	0.5	building_equal	mantel	600	225	0.375	0.33717324946832583	0.4144171757850994	0.5048177068734154
moderately_unequal	radial_node	0.5	building_equal	nested_max	600	244	0.4066666666666667	0.36807675129565204	0.44644409956023884	0.5048177068734154
moderately_unequal	radial_node	0.5	building_equal	profile	600	242	0.4033333333333333	0.36481574260936184	0.44308085291995375	0.5048177068734154
moderately_unequal	radial_node	0.5	building_equal	standardized_max	600	232	0.38666666666666666	0.3485388168815022	0.42623650201493674	0.5048177068734154
moderately_unequal	radial_node	0.5	room_equal	cv_retrained	600	277	0.46166666666666667	0.42214702401068854	0.5016740397336954	0.5057014561203527
moderately_unequal	radial_node	0.5	room_equal	cv_standardized	600	277	0.46166666666666667	0.42214702401068854	0.5016740397336954	0.48622379429283996
moderately_unequal	radial_node	0.5	room_equal	mantel	600	225	0.375	0.33717324946832583	0.4144171757850994	0.5057014561203527
moderately_unequal	radial_node	0.5	room_equal	nested_max	600	244	0.4066666666666667	0.36807675129565204	0.44644409956023884	0.5057014561203527
moderately_unequal	radial_node	0.5	room_equal	profile	600	242	0.4033333333333333	0.36481574260936184	0.44308085291995375	0.5057014561203527
moderately_unequal	radial_node	0.5	room_equal	standardized_max	600	232	0.38666666666666666	0.3485388168815022	0.42623650201493674	0.5057014561203527
moderately_unequal	radial_node	0.5	sqrt_rooms	cv_retrained	600	254	0.42333333333333334	0.3844095112561622	0.46323261623260537	0.5052740414262293
moderately_unequal	radial_node	0.5	sqrt_rooms	cv_standardized	600	278	0.4633333333333333	0.42379315341914553	0.503340037988526	0.4868555227042953
moderately_unequal	radial_node	0.5	sqrt_rooms	mantel	600	225	0.375	0.33717324946832583	0.4144171757850994	0.5052740414262293
moderately_unequal	radial_node	0.5	sqrt_rooms	nested_max	600	244	0.4066666666666667	0.36807675129565204	0.44644409956023884	0.5052740414262293
moderately_unequal	radial_node	0.5	sqrt_rooms	profile	600	242	0.4033333333333333	0.36481574260936184	0.44308085291995375	0.5052740414262293
moderately_unequal	radial_node	0.5	sqrt_rooms	standardized_max	600	232	0.38666666666666666	0.3485388168815022	0.42623650201493674	0.5052740414262293
moderately_unequal	radial_node	1.0	building_equal	cv_retrained	600	186	0.31	0.27430033852750413	0.3481171078577022	0.5096138809615945
moderately_unequal	radial_node	1.0	building_equal	cv_standardized	600	244	0.4066666666666667	0.36807675129565204	0.44644409956023884	0.4768172622677605
moderately_unequal	radial_node	1.0	building_equal	mantel	600	225	0.375	0.33717324946832583	0.4144171757850994	0.5096138809615945
moderately_unequal	radial_node	1.0	building_equal	nested_max	600	244	0.4066666666666667	0.36807675129565204	0.44644409956023884	0.5096138809615945
moderately_unequal	radial_node	1.0	building_equal	profile	600	242	0.4033333333333333	0.36481574260936184	0.44308085291995375	0.5096138809615945
moderately_unequal	radial_node	1.0	building_equal	standardized_max	600	232	0.38666666666666666	0.3485388168815022	0.42623650201493674	0.5096138809615945
moderately_unequal	radial_node	1.0	room_equal	cv_retrained	600	274	0.45666666666666667	0.41721130227570186	0.4966733784788189	0.5113720886397902
moderately_unequal	radial_node	1.0	room_equal	cv_standardized	600	276	0.46	0.4205013387827536	0.5000075972983427	0.47401532507036165
moderately_unequal	radial_node	1.0	room_equal	mantel	600	225	0.375	0.33717324946832583	0.4144171757850994	0.5113720886397902
moderately_unequal	radial_node	1.0	room_equal	nested_max	600	244	0.4066666666666667	0.36807675129565204	0.44644409956023884	0.5113720886397902
moderately_unequal	radial_node	1.0	room_equal	profile	600	242	0.4033333333333333	0.36481574260936184	0.44308085291995375	0.5113720886397902
moderately_unequal	radial_node	1.0	room_equal	standardized_max	600	232	0.38666666666666666	0.3485388168815022	0.42623650201493674	0.5113720886397902
moderately_unequal	radial_node	1.0	sqrt_rooms	cv_retrained	600	249	0.415	0.37623738126559547	0.4548441079067337	0.5105205216618507
moderately_unequal	radial_node	1.0	sqrt_rooms	cv_standardized	600	269	0.4483333333333333	0.4089940104077698	0.4883300320303127	0.4752173132193218
moderately_unequal	radial_node	1.0	sqrt_rooms	mantel	600	225	0.375	0.33717324946832583	0.4144171757850994	0.5105205216618507
moderately_unequal	radial_node	1.0	sqrt_rooms	nested_max	600	244	0.4066666666666667	0.36807675129565204	0.44644409956023884	0.5105205216618507
moderately_unequal	radial_node	1.0	sqrt_rooms	profile	600	242	0.4033333333333333	0.36481574260936184	0.44308085291995375	0.5105205216618507
moderately_unequal	radial_node	1.0	sqrt_rooms	standardized_max	600	232	0.38666666666666666	0.3485388168815022	0.42623650201493674	0.5105205216618507
moderately_unequal	radial_node	16.0	building_equal	cv_retrained	600	137	0.22833333333333333	0.19653696364484088	0.26358622723926983	0.5951213251538269
moderately_unequal	radial_node	16.0	building_equal	cv_standardized	600	203	0.3383333333333333	0.3016098164666039	0.3771138001944927	0.44429093490482985
moderately_unequal	radial_node	16.0	building_equal	mantel	600	225	0.375	0.33717324946832583	0.4144171757850994	0.5951213251538269
moderately_unequal	radial_node	16.0	building_equal	nested_max	600	244	0.4066666666666667	0.36807675129565204	0.44644409956023884	0.5951213251538269
moderately_unequal	radial_node	16.0	building_equal	profile	600	242	0.4033333333333333	0.36481574260936184	0.44308085291995375	0.5951213251538269
moderately_unequal	radial_node	16.0	building_equal	standardized_max	600	232	0.38666666666666666	0.3485388168815022	0.42623650201493674	0.5951213251538269
moderately_unequal	radial_node	16.0	room_equal	cv_retrained	600	193	0.32166666666666666	0.2855266131737779	0.3600757268544421	0.6105716656427677
moderately_unequal	radial_node	16.0	room_equal	cv_standardized	600	222	0.37	0.3323095384746026	0.40934450378895965	0.43070961792352885
moderately_unequal	radial_node	16.0	room_equal	mantel	600	225	0.375	0.33717324946832583	0.4144171757850994	0.6105716656427677
moderately_unequal	radial_node	16.0	room_equal	nested_max	600	244	0.4066666666666667	0.36807675129565204	0.44644409956023884	0.6105716656427677
moderately_unequal	radial_node	16.0	room_equal	profile	600	242	0.4033333333333333	0.36481574260936184	0.44308085291995375	0.6105716656427677
moderately_unequal	radial_node	16.0	room_equal	standardized_max	600	232	0.38666666666666666	0.3485388168815022	0.42623650201493674	0.6105716656427677
moderately_unequal	radial_node	16.0	sqrt_rooms	cv_retrained	600	172	0.2866666666666667	0.2519303528145096	0.3241173062846695	0.6028037533415223
moderately_unequal	radial_node	16.0	sqrt_rooms	cv_standardized	600	204	0.34	0.3032210234679822	0.3788147208564022	0.4340691898532337
moderately_unequal	radial_node	16.0	sqrt_rooms	mantel	600	225	0.375	0.33717324946832583	0.4144171757850994	0.6028037533415223
moderately_unequal	radial_node	16.0	sqrt_rooms	nested_max	600	244	0.4066666666666667	0.36807675129565204	0.44644409956023884	0.6028037533415223
moderately_unequal	radial_node	16.0	sqrt_rooms	profile	600	242	0.4033333333333333	0.36481574260936184	0.44308085291995375	0.6028037533415223
moderately_unequal	radial_node	16.0	sqrt_rooms	standardized_max	600	232	0.38666666666666666	0.3485388168815022	0.42623650201493674	0.6028037533415223
moderately_unequal	radial_node	2.0	building_equal	cv_retrained	600	187	0.31166666666666665	0.2759024447670414	0.34982712928145254	0.5190561260493295
moderately_unequal	radial_node	2.0	building_equal	cv_standardized	600	219	0.365	0.32745022590284734	0.4042674333708519	0.4620514896362868
moderately_unequal	radial_node	2.0	building_equal	mantel	600	225	0.375	0.33717324946832583	0.4144171757850994	0.5190561260493295
moderately_unequal	radial_node	2.0	building_equal	nested_max	600	244	0.4066666666666667	0.36807675129565204	0.44644409956023884	0.5190561260493295
moderately_unequal	radial_node	2.0	building_equal	profile	600	242	0.4033333333333333	0.36481574260936184	0.44308085291995375	0.5190561260493295
moderately_unequal	radial_node	2.0	building_equal	standardized_max	600	232	0.38666666666666666	0.3485388168815022	0.42623650201493674	0.5190561260493295
moderately_unequal	radial_node	2.0	room_equal	cv_retrained	600	271	0.45166666666666666	0.4122795880670931	0.4916687096975647	0.5225029332936758
moderately_unequal	radial_node	2.0	room_equal	cv_standardized	600	263	0.43833333333333335	0.39914803065478444	0.4783032458035721	0.45640719640669564
moderately_unequal	radial_node	2.0	room_equal	mantel	600	225	0.375	0.33717324946832583	0.4144171757850994	0.5225029332936758
moderately_unequal	radial_node	2.0	room_equal	nested_max	600	244	0.4066666666666667	0.36807675129565204	0.44644409956023884	0.5225029332936758
moderately_unequal	radial_node	2.0	room_equal	profile	600	242	0.4033333333333333	0.36481574260936184	0.44308085291995375	0.5225029332936758
moderately_unequal	radial_node	2.0	room_equal	standardized_max	600	232	0.38666666666666666	0.3485388168815022	0.42623650201493674	0.5225029332936758
moderately_unequal	radial_node	2.0	sqrt_rooms	cv_retrained	600	233	0.3883333333333333	0.35016438390869076	0.42792306265103575	0.5208247080853619
moderately_unequal	radial_node	2.0	sqrt_rooms	cv_standardized	600	257	0.42833333333333334	0.38931826950361953	0.468260240975011	0.4584605649533671
moderately_unequal	radial_node	2.0	sqrt_rooms	mantel	600	225	0.375	0.33717324946832583	0.4144171757850994	0.5208247080853619
moderately_unequal	radial_node	2.0	sqrt_rooms	nested_max	600	244	0.4066666666666667	0.36807675129565204	0.44644409956023884	0.5208247080853619
moderately_unequal	radial_node	2.0	sqrt_rooms	profile	600	242	0.4033333333333333	0.36481574260936184	0.44308085291995375	0.5208247080853619
moderately_unequal	radial_node	2.0	sqrt_rooms	standardized_max	600	232	0.38666666666666666	0.3485388168815022	0.42623650201493674	0.5208247080853619
moderately_unequal	radial_node	4.0	building_equal	cv_retrained	600	170	0.2833333333333333	0.24874395753830095	0.3206794462343028	0.5367855089897049
moderately_unequal	radial_node	4.0	building_equal	cv_standardized	600	207	0.345	0.3080577403603192	0.3839143869539281	0.4500165824350436
moderately_unequal	radial_node	4.0	building_equal	mantel	600	225	0.375	0.33717324946832583	0.4144171757850994	0.5367855089897049
moderately_unequal	radial_node	4.0	building_equal	nested_max	600	244	0.4066666666666667	0.36807675129565204	0.44644409956023884	0.5367855089897049
moderately_unequal	radial_node	4.0	building_equal	profile	600	242	0.4033333333333333	0.36481574260936184	0.44308085291995375	0.5367855089897049
moderately_unequal	radial_node	4.0	building_equal	standardized_max	600	232	0.38666666666666666	0.3485388168815022	0.42623650201493674	0.5367855089897049
moderately_unequal	radial_node	4.0	room_equal	cv_retrained	600	246	0.41	0.3713396167716497	0.44980548941081644	0.54323188688635
moderately_unequal	radial_node	4.0	room_equal	cv_standardized	600	250	0.4166666666666667	0.37787089044454725	0.4565227263910697	0.44023618959903466
moderately_unequal	radial_node	4.0	room_equal	mantel	600	225	0.375	0.33717324946832583	0.4144171757850994	0.54323188688635
moderately_unequal	radial_node	4.0	room_equal	nested_max	600	244	0.4066666666666667	0.36807675129565204	0.44644409956023884	0.54323188688635
moderately_unequal	radial_node	4.0	room_equal	profile	600	242	0.4033333333333333	0.36481574260936184	0.44308085291995375	0.54323188688635
moderately_unequal	radial_node	4.0	room_equal	standardized_max	600	232	0.38666666666666666	0.3485388168815022	0.42623650201493674	0.54323188688635
moderately_unequal	radial_node	4.0	sqrt_rooms	cv_retrained	600	211	0.3516666666666667	0.3145138540633485	0.3907067839040495	0.5400459158752569
moderately_unequal	radial_node	4.0	sqrt_rooms	cv_standardized	600	223	0.37166666666666665	0.33393028855586004	0.4110358813709899	0.44316029531077544
moderately_unequal	radial_node	4.0	sqrt_rooms	mantel	600	225	0.375	0.33717324946832583	0.4144171757850994	0.5400459158752569
moderately_unequal	radial_node	4.0	sqrt_rooms	nested_max	600	244	0.4066666666666667	0.36807675129565204	0.44644409956023884	0.5400459158752569
moderately_unequal	radial_node	4.0	sqrt_rooms	profile	600	242	0.4033333333333333	0.36481574260936184	0.44308085291995375	0.5400459158752569
moderately_unequal	radial_node	4.0	sqrt_rooms	standardized_max	600	232	0.38666666666666666	0.3485388168815022	0.42623650201493674	0.5400459158752569
moderately_unequal	radial_node	8.0	building_equal	cv_retrained	600	149	0.24833333333333332	0.21543706961349934	0.28443165323006336	0.564973744609764
moderately_unequal	radial_node	8.0	building_equal	cv_standardized	600	201	0.335	0.29838896143846216	0.37371039989605925	0.4454606133378895
moderately_unequal	radial_node	8.0	building_equal	mantel	600	225	0.375	0.33717324946832583	0.4144171757850994	0.564973744609764
moderately_unequal	radial_node	8.0	building_equal	nested_max	600	244	0.4066666666666667	0.36807675129565204	0.44644409956023884	0.564973744609764
moderately_unequal	radial_node	8.0	building_equal	profile	600	242	0.4033333333333333	0.36481574260936184	0.44308085291995375	0.564973744609764
moderately_unequal	radial_node	8.0	building_equal	standardized_max	600	232	0.38666666666666666	0.3485388168815022	0.42623650201493674	0.564973744609764
moderately_unequal	radial_node	8.0	room_equal	cv_retrained	600	218	0.36333333333333334	0.3258314389005266	0.40257409270988503	0.5758071644389859
moderately_unequal	radial_node	8.0	room_equal	cv_standardized	600	229	0.38166666666666665	0.34366497817960107	0.42117395772697486	0.4325217788743661
moderately_unequal	radial_node	8.0	room_equal	mantel	600	225	0.375	0.33717324946832583	0.4144171757850994	0.5758071644389859
moderately_unequal	radial_node	8.0	room_equal	nested_max	600	244	0.4066666666666667	0.36807675129565204	0.44644409956023884	0.5758071644389859
moderately_unequal	radial_node	8.0	room_equal	profile	600	242	0.4033333333333333	0.36481574260936184	0.44308085291995375	0.5758071644389859
moderately_unequal	radial_node	8.0	room_equal	standardized_max	600	232	0.38666666666666666	0.3485388168815022	0.42623650201493674	0.5758071644389859
moderately_unequal	radial_node	8.0	sqrt_rooms	cv_retrained	600	189	0.315	0.279108313899091	0.3532455154759783	0.5703430668352086
moderately_unequal	radial_node	8.0	sqrt_rooms	cv_standardized	600	212	0.35333333333333333	0.3161291493367635	0.3924036162939222	0.43588426583770407
moderately_unequal	radial_node	8.0	sqrt_rooms	mantel	600	225	0.375	0.33717324946832583	0.4144171757850994	0.5703430668352086
moderately_unequal	radial_node	8.0	sqrt_rooms	nested_max	600	244	0.4066666666666667	0.36807675129565204	0.44644409956023884	0.5703430668352086
moderately_unequal	radial_node	8.0	sqrt_rooms	profile	600	242	0.4033333333333333	0.36481574260936184	0.44308085291995375	0.5703430668352086
moderately_unequal	radial_node	8.0	sqrt_rooms	standardized_max	600	232	0.38666666666666666	0.3485388168815022	0.42623650201493674	0.5703430668352086
moderately_unequal	radial_node_size_only	0.0	building_equal	cv_retrained	600	335	0.5583333333333333	0.518352695947865	0.5975717722672031	0.4999999999999999
moderately_unequal	radial_node_size_only	0.0	building_equal	cv_standardized	600	357	0.595	0.5552372912128936	0.6335539855945032	0.4999999999999999
moderately_unequal	radial_node_size_only	0.0	building_equal	mantel	600	405	0.675	0.6365124118062716	0.7112609928389332	0.4999999999999999
moderately_unequal	radial_node_size_only	0.0	building_equal	nested_max	600	434	0.7233333333333334	0.6862035019339724	0.7576216049465748	0.4999999999999999
moderately_unequal	radial_node_size_only	0.0	building_equal	profile	600	433	0.7216666666666667	0.684481853273716	0.7560311259435433	0.4999999999999999
moderately_unequal	radial_node_size_only	0.0	building_equal	standardized_max	600	420	0.7	0.6621547728115615	0.7353005467829581	0.4999999999999999
moderately_unequal	radial_node_size_only	0.0	room_equal	cv_retrained	600	396	0.66	0.621185279143598	0.6967789765320179	0.5
moderately_unequal	radial_node_size_only	0.0	room_equal	cv_standardized	600	368	0.6133333333333333	0.5737634979850633	0.6514611831184979	0.5
moderately_unequal	radial_node_size_only	0.0	room_equal	mantel	600	405	0.675	0.6365124118062716	0.7112609928389332	0.5
moderately_unequal	radial_node_size_only	0.0	room_equal	nested_max	600	434	0.7233333333333334	0.6862035019339724	0.7576216049465748	0.5
moderately_unequal	radial_node_size_only	0.0	room_equal	profile	600	433	0.7216666666666667	0.684481853273716	0.7560311259435433	0.5
moderately_unequal	radial_node_size_only	0.0	room_equal	standardized_max	600	420	0.7	0.6621547728115615	0.7353005467829581	0.5
moderately_unequal	radial_node_size_only	0.0	sqrt_rooms	cv_retrained	600	372	0.62	0.5805145150370474	0.6579586767196643	0.5
moderately_unequal	radial_node_size_only	0.0	sqrt_rooms	cv_standardized	600	372	0.62	0.5805145150370474	0.6579586767196643	0.5
moderately_unequal	radial_node_size_only	0.0	sqrt_rooms	mantel	600	405	0.675	0.6365124118062716	0.7112609928389332	0.5
moderately_unequal	radial_node_size_only	0.0	sqrt_rooms	nested_max	600	434	0.7233333333333334	0.6862035019339724	0.7576216049465748	0.5
moderately_unequal	radial_node_size_only	0.0	sqrt_rooms	profile	600	433	0.7216666666666667	0.684481853273716	0.7560311259435433	0.5
moderately_unequal	radial_node_size_only	0.0	sqrt_rooms	standardized_max	600	420	0.7	0.6621547728115615	0.7353005467829581	0.5
moderately_unequal	radial_node_size_only	0.1	building_equal	cv_retrained	600	335	0.5583333333333333	0.518352695947865	0.5975717722672031	0.5032393174853715
moderately_unequal	radial_node_size_only	0.1	building_equal	cv_standardized	600	359	0.5983333333333334	0.558601468961459	0.6368140631725133	0.5033967841301804
moderately_unequal	radial_node_size_only	0.1	building_equal	mantel	600	405	0.675	0.6365124118062716	0.7112609928389332	0.5032393174853715
moderately_unequal	radial_node_size_only	0.1	building_equal	nested_max	600	434	0.7233333333333334	0.6862035019339724	0.7576216049465748	0.5032393174853715
moderately_unequal	radial_node_size_only	0.1	building_equal	profile	600	433	0.7216666666666667	0.684481853273716	0.7560311259435433	0.5032393174853715
moderately_unequal	radial_node_size_only	0.1	building_equal	standardized_max	600	420	0.7	0.6621547728115615	0.7353005467829581	0.5032393174853715
moderately_unequal	radial_node_size_only	0.1	room_equal	cv_retrained	600	396	0.66	0.621185279143598	0.6967789765320179	0.5032154636608223
moderately_unequal	radial_node_size_only	0.1	room_equal	cv_standardized	600	370	0.6166666666666667	0.5771380492953796	0.654710887134757	0.5030077726062179
moderately_unequal	radial_node_size_only	0.1	room_equal	mantel	600	405	0.675	0.6365124118062716	0.7112609928389332	0.5032154636608223
moderately_unequal	radial_node_size_only	0.1	room_equal	nested_max	600	434	0.7233333333333334	0.6862035019339724	0.7576216049465748	0.5032154636608223
moderately_unequal	radial_node_size_only	0.1	room_equal	profile	600	433	0.7216666666666667	0.684481853273716	0.7560311259435433	0.5032154636608223
moderately_unequal	radial_node_size_only	0.1	room_equal	standardized_max	600	420	0.7	0.6621547728115615	0.7353005467829581	0.5032154636608223
moderately_unequal	radial_node_size_only	0.1	sqrt_rooms	cv_retrained	600	370	0.6166666666666667	0.5771380492953796	0.654710887134757	0.5032270257548342
moderately_unequal	radial_node_size_only	0.1	sqrt_rooms	cv_standardized	600	373	0.6216666666666667	0.5822034687931601	0.6595818506268394	0.5031969562388879
moderately_unequal	radial_node_size_only	0.1	sqrt_rooms	mantel	600	405	0.675	0.6365124118062716	0.7112609928389332	0.5032270257548342
moderately_unequal	radial_node_size_only	0.1	sqrt_rooms	nested_max	600	434	0.7233333333333334	0.6862035019339724	0.7576216049465748	0.5032270257548342
moderately_unequal	radial_node_size_only	0.1	sqrt_rooms	profile	600	433	0.7216666666666667	0.684481853273716	0.7560311259435433	0.5032270257548342
moderately_unequal	radial_node_size_only	0.1	sqrt_rooms	standardized_max	600	420	0.7	0.6621547728115615	0.7353005467829581	0.5032270257548342
moderately_unequal	radial_node_size_only	0.25	building_equal	cv_retrained	600	336	0.56	0.5200245001137724	0.5992120957645837	0.5080964385522949
moderately_unequal	radial_node_size_only	0.25	building_equal	cv_standardized	600	360	0.6	0.5602842577964939	0.6384434020007659	0.5084800492480792
moderately_unequal	radial_node_size_only	0.25	building_equal	mantel	600	405	0.675	0.6365124118062716	0.7112609928389332	0.5080964385522949
moderately_unequal	radial_node_size_only	0.25	building_equal	nested_max	600	434	0.7233333333333334	0.6862035019339724	0.7576216049465748	0.5080964385522949
moderately_unequal	radial_node_size_only	0.25	building_equal	profile	600	433	0.7216666666666667	0.684481853273716	0.7560311259435433	0.5080964385522949
moderately_unequal	radial_node_size_only	0.25	building_equal	standardized_max	600	420	0.7	0.6621547728115615	0.7353005467829581	0.5080964385522949
moderately_unequal	radial_node_size_only	0.25	room_equal	cv_retrained	600	398	0.6633333333333333	0.6245876395002602	0.7000008715019309	0.5080371518880765
moderately_unequal	radial_node_size_only	0.25	room_equal	cv_standardized	600	369	0.615	0.5754505349201839	0.653086273846665	0.5075105325676378
moderately_unequal	radial_node_size_only	0.25	room_equal	mantel	600	405	0.675	0.6365124118062716	0.7112609928389332	0.5080371518880765
moderately_unequal	radial_node_size_only	0.25	room_equal	nested_max	600	434	0.7233333333333334	0.6862035019339724	0.7576216049465748	0.5080371518880765
moderately_unequal	radial_node_size_only	0.25	room_equal	profile	600	433	0.7216666666666667	0.684481853273716	0.7560311259435433	0.5080371518880765
moderately_unequal	radial_node_size_only	0.25	room_equal	standardized_max	600	420	0.7	0.6621547728115615	0.7353005467829581	0.5080371518880765
moderately_unequal	radial_node_size_only	0.25	sqrt_rooms	cv_retrained	600	372	0.62	0.5805145150370474	0.6579586767196643	0.5080659330091349
moderately_unequal	radial_node_size_only	0.25	sqrt_rooms	cv_standardized	600	371	0.6183333333333333	0.5788260422730251	0.6563350218203989	0.5079822274621036
moderately_unequal	radial_node_size_only	0.25	sqrt_rooms	mantel	600	405	0.675	0.6365124118062716	0.7112609928389332	0.5080659330091349
moderately_unequal	radial_node_size_only	0.25	sqrt_rooms	nested_max	600	434	0.7233333333333334	0.6862035019339724	0.7576216049465748	0.5080659330091349
moderately_unequal	radial_node_size_only	0.25	sqrt_rooms	profile	600	433	0.7216666666666667	0.684481853273716	0.7560311259435433	0.5080659330091349
moderately_unequal	radial_node_size_only	0.25	sqrt_rooms	standardized_max	600	420	0.7	0.6621547728115615	0.7353005467829581	0.5080659330091349
moderately_unequal	radial_node_size_only	0.5	building_equal	cv_retrained	600	336	0.56	0.5200245001137724	0.5992120957645837	0.516179652022723
moderately_unequal	radial_node_size_only	0.5	building_equal	cv_standardized	600	361	0.6016666666666667	0.5619675145438126	0.640072272916735	0.5168759701229708
moderately_unequal	radial_node_size_only	0.5	building_equal	mantel	600	405	0.675	0.6365124118062716	0.7112609928389332	0.516179652022723
moderately_unequal	radial_node_size_only	0.5	building_equal	nested_max	600	434	0.7233333333333334	0.6862035019339724	0.7576216049465748	0.516179652022723
moderately_unequal	radial_node_size_only	0.5	building_equal	profile	600	433	0.7216666666666667	0.684481853273716	0.7560311259435433	0.516179652022723
moderately_unequal	radial_node_size_only	0.5	building_equal	standardized_max	600	420	0.7	0.6621547728115615	0.7353005467829581	0.516179652022723
moderately_unequal	radial_node_size_only	0.5	room_equal	cv_retrained	600	399	0.665	0.6262896001039409	0.701611038561538	0.5160635546150006
moderately_unequal	radial_node_size_only	0.5	room_equal	cv_standardized	600	370	0.6166666666666667	0.5771380492953796	0.654710887134757	0.5149578864441858
moderately_unequal	radial_node_size_only	0.5	room_equal	mantel	600	405	0.675	0.6365124118062716	0.7112609928389332	0.5160635546150006
moderately_unequal	radial_node_size_only	0.5	room_equal	nested_max	600	434	0.7233333333333334	0.6862035019339724	0.7576216049465748	0.5160635546150006
moderately_unequal	radial_node_size_only	0.5	room_equal	profile	600	433	0.7216666666666667	0.684481853273716	0.7560311259435433	0.5160635546150006
moderately_unequal	radial_node_size_only	0.5	room_equal	standardized_max	600	420	0.7	0.6621547728115615	0.7353005467829581	0.5160635546150006
moderately_unequal	radial_node_size_only	0.5	sqrt_rooms	cv_retrained	600	377	0.6283333333333333	0.5889641186290101	0.66606971144414	0.5161202333748823
moderately_unequal	radial_node_size_only	0.5	sqrt_rooms	cv_standardized	600	373	0.6216666666666667	0.5822034687931601	0.6595818506268394	0.515892521813466
moderately_unequal	radial_node_size_only	0.5	sqrt_rooms	mantel	600	405	0.675	0.6365124118062716	0.7112609928389332	0.5161202333748823
moderately_unequal	radial_node_size_only	0.5	sqrt_rooms	nested_max	600	434	0.7233333333333334	0.6862035019339724	0.7576216049465748	0.5161202333748823
moderately_unequal	radial_node_size_only	0.5	sqrt_rooms	profile	600	433	0.7216666666666667	0.684481853273716	0.7560311259435433	0.5161202333748823
moderately_unequal	radial_node_size_only	0.5	sqrt_rooms	standardized_max	600	420	0.7	0.6621547728115615	0.7353005467829581	0.5161202333748823
moderately_unequal	radial_node_size_only	1.0	building_equal	cv_retrained	600	333	0.555	0.5150104352377507	0.5942897776507423	0.5322543089898579
moderately_unequal	radial_node_size_only	1.0	building_equal	cv_standardized	600	364	0.6066666666666667	0.5670201021394037	0.6449560683110069	0.5331071661173985
moderately_unequal	radial_node_size_only	1.0	building_equal	mantel	600	405	0.675	0.6365124118062716	0.7112609928389332	0.5322543089898579
moderately_unequal	radial_node_size_only	1.0	building_equal	nested_max	600	434	0.7233333333333334	0.6862035019339724	0.7576216049465748	0.5322543089898579
moderately_unequal	radial_node_size_only	1.0	building_equal	profile	600	433	0.7216666666666667	0.684481853273716	0.7560311259435433	0.5322543089898579
moderately_unequal	radial_node_size_only	1.0	building_equal	standardized_max	600	420	0.7	0.6621547728115615	0.7353005467829581	0.5322543089898579
moderately_unequal	radial_node_size_only	1.0	room_equal	cv_retrained	600	398	0.6633333333333333	0.6245876395002602	0.7000008715019309	0.5320416428985834
moderately_unequal	radial_node_size_only	1.0	room_equal	cv_standardized	600	368	0.6133333333333333	0.5737634979850633	0.6514611831184979	0.5294230653865668
moderately_unequal	radial_node_size_only	1.0	room_equal	mantel	600	405	0.675	0.6365124118062716	0.7112609928389332	0.5320416428985834
moderately_unequal	radial_node_size_only	1.0	room_equal	nested_max	600	434	0.7233333333333334	0.6862035019339724	0.7576216049465748	0.5320416428985834
moderately_unequal	radial_node_size_only	1.0	room_equal	profile	600	433	0.7216666666666667	0.684481853273716	0.7560311259435433	0.5320416428985834
moderately_unequal	radial_node_size_only	1.0	room_equal	standardized_max	600	420	0.7	0.6621547728115615	0.7353005467829581	0.5320416428985834
moderately_unequal	radial_node_size_only	1.0	sqrt_rooms	cv_retrained	600	375	0.625	0.5855828242149006	0.6628267505316743	0.5321480263436227
moderately_unequal	radial_node_size_only	1.0	sqrt_rooms	cv_standardized	600	369	0.615	0.5754505349201839	0.653086273846665	0.5312296734801767
moderately_unequal	radial_node_size_only	1.0	sqrt_rooms	mantel	600	405	0.675	0.6365124118062716	0.7112609928389332	0.5321480263436227
moderately_unequal	radial_node_size_only	1.0	sqrt_rooms	nested_max	600	434	0.7233333333333334	0.6862035019339724	0.7576216049465748	0.5321480263436227
moderately_unequal	radial_node_size_only	1.0	sqrt_rooms	profile	600	433	0.7216666666666667	0.684481853273716	0.7560311259435433	0.5321480263436227
moderately_unequal	radial_node_size_only	1.0	sqrt_rooms	standardized_max	600	420	0.7	0.6621547728115615	0.7353005467829581	0.5321480263436227
moderately_unequal	radial_node_size_only	16.0	building_equal	cv_retrained	600	316	0.5266666666666666	0.486673282698568	0.5663207599140345	0.799004208725247
moderately_unequal	radial_node_size_only	16.0	building_equal	cv_standardized	600	301	0.5016666666666667	0.4617761479032773	0.5415359797600104	0.6518750667328864
moderately_unequal	radial_node_size_only	16.0	building_equal	mantel	600	405	0.675	0.6365124118062716	0.7112609928389332	0.799004208725247
moderately_unequal	radial_node_size_only	16.0	building_equal	nested_max	600	434	0.7233333333333334	0.6862035019339724	0.7576216049465748	0.799004208725247
moderately_unequal	radial_node_size_only	16.0	building_equal	profile	600	433	0.7216666666666667	0.684481853273716	0.7560311259435433	0.799004208725247
moderately_unequal	radial_node_size_only	16.0	building_equal	standardized_max	600	420	0.7	0.6621547728115615	0.7353005467829581	0.799004208725247
moderately_unequal	radial_node_size_only	16.0	room_equal	cv_retrained	600	384	0.64	0.6008140729852128	0.6774046507309509	0.8155046166546649
moderately_unequal	radial_node_size_only	16.0	room_equal	cv_standardized	600	329	0.5483333333333333	0.5083312903024353	0.5877204119329069	0.6391391309199145
moderately_unequal	radial_node_size_only	16.0	room_equal	mantel	600	405	0.675	0.6365124118062716	0.7112609928389332	0.8155046166546649
moderately_unequal	radial_node_size_only	16.0	room_equal	nested_max	600	434	0.7233333333333334	0.6862035019339724	0.7576216049465748	0.8155046166546649
moderately_unequal	radial_node_size_only	16.0	room_equal	profile	600	433	0.7216666666666667	0.684481853273716	0.7560311259435433	0.8155046166546649
moderately_unequal	radial_node_size_only	16.0	room_equal	standardized_max	600	420	0.7	0.6621547728115615	0.7353005467829581	0.8155046166546649
moderately_unequal	radial_node_size_only	16.0	sqrt_rooms	cv_retrained	600	353	0.5883333333333334	0.5485145097653442	0.6270282563889021	0.8096132312376274
moderately_unequal	radial_node_size_only	16.0	sqrt_rooms	cv_standardized	600	316	0.5266666666666666	0.486673282698568	0.5663207599140345	0.6458297869542257
moderately_unequal	radial_node_size_only	16.0	sqrt_rooms	mantel	600	405	0.675	0.6365124118062716	0.7112609928389332	0.8096132312376274
moderately_unequal	radial_node_size_only	16.0	sqrt_rooms	nested_max	600	434	0.7233333333333334	0.6862035019339724	0.7576216049465748	0.8096132312376274
moderately_unequal	radial_node_size_only	16.0	sqrt_rooms	profile	600	433	0.7216666666666667	0.684481853273716	0.7560311259435433	0.8096132312376274
moderately_unequal	radial_node_size_only	16.0	sqrt_rooms	standardized_max	600	420	0.7	0.6621547728115615	0.7353005467829581	0.8096132312376274
moderately_unequal	radial_node_size_only	2.0	building_equal	cv_retrained	600	329	0.5483333333333333	0.5083312903024353	0.5877204119329069	0.56369334592931
moderately_unequal	radial_node_size_only	2.0	building_equal	cv_standardized	600	356	0.5933333333333334	0.5535559004397612	0.631923248704348	0.561800626226011
moderately_unequal	radial_node_size_only	2.0	building_equal	mantel	600	405	0.675	0.6365124118062716	0.7112609928389332	0.56369334592931
moderately_unequal	radial_node_size_only	2.0	building_equal	nested_max	600	434	0.7233333333333334	0.6862035019339724	0.7576216049465748	0.56369334592931
moderately_unequal	radial_node_size_only	2.0	building_equal	profile	600	433	0.7216666666666667	0.684481853273716	0.7560311259435433	0.56369334592931
moderately_unequal	radial_node_size_only	2.0	building_equal	standardized_max	600	420	0.7	0.6621547728115615	0.7353005467829581	0.56369334592931
moderately_unequal	radial_node_size_only	2.0	room_equal	cv_retrained	600	399	0.665	0.6262896001039409	0.701611038561538	0.5634158554047276
moderately_unequal	radial_node_size_only	2.0	room_equal	cv_standardized	600	368	0.6133333333333333	0.5737634979850633	0.6514611831184979	0.5553212811816165
moderately_unequal	radial_node_size_only	2.0	room_equal	mantel	600	405	0.675	0.6365124118062716	0.7112609928389332	0.5634158554047276
moderately_unequal	radial_node_size_only	2.0	room_equal	nested_max	600	434	0.7233333333333334	0.6862035019339724	0.7576216049465748	0.5634158554047276
moderately_unequal	radial_node_size_only	2.0	room_equal	profile	600	433	0.7216666666666667	0.684481853273716	0.7560311259435433	0.5634158554047276
moderately_unequal	radial_node_size_only	2.0	room_equal	standardized_max	600	420	0.7	0.6621547728115615	0.7353005467829581	0.5634158554047276
moderately_unequal	radial_node_size_only	2.0	sqrt_rooms	cv_retrained	600	372	0.62	0.5805145150370474	0.6579586767196643	0.5635756626967708
moderately_unequal	radial_node_size_only	2.0	sqrt_rooms	cv_standardized	600	370	0.6166666666666667	0.5771380492953796	0.654710887134757	0.5585779576415363
moderately_unequal	radial_node_size_only	2.0	sqrt_rooms	mantel	600	405	0.675	0.6365124118062716	0.7112609928389332	0.5635756626967708
moderately_unequal	radial_node_size_only	2.0	sqrt_rooms	nested_max	600	434	0.7233333333333334	0.6862035019339724	0.7576216049465748	0.5635756626967708
moderately_unequal	radial_node_size_only	2.0	sqrt_rooms	profile	600	433	0.7216666666666667	0.684481853273716	0.7560311259435433	0.5635756626967708
moderately_unequal	radial_node_size_only	2.0	sqrt_rooms	standardized_max	600	420	0.7	0.6621547728115615	0.7353005467829581	0.5635756626967708
moderately_unequal	radial_node_size_only	4.0	building_equal	cv_retrained	600	330	0.55	0.5100004056661439	0.5893634242324862	0.6215400657414342
moderately_unequal	radial_node_size_only	4.0	building_equal	cv_standardized	600	334	0.5566666666666666	0.5166813411625392	0.5959309993892413	0.6012935260708367
moderately_unequal	radial_node_size_only	4.0	building_equal	mantel	600	405	0.675	0.6365124118062716	0.7112609928389332	0.6215400657414342
moderately_unequal	radial_node_size_only	4.0	building_equal	nested_max	600	434	0.7233333333333334	0.6862035019339724	0.7576216049465748	0.6215400657414342
moderately_unequal	radial_node_size_only	4.0	building_equal	profile	600	433	0.7216666666666667	0.684481853273716	0.7560311259435433	0.6215400657414342
moderately_unequal	radial_node_size_only	4.0	building_equal	standardized_max	600	420	0.7	0.6621547728115615	0.7353005467829581	0.6215400657414342
moderately_unequal	radial_node_size_only	4.0	room_equal	cv_retrained	600	394	0.6566666666666666	0.6177849875650621	0.6935550127839782	0.6219522188757012
moderately_unequal	radial_node_size_only	4.0	room_equal	cv_standardized	600	358	0.5966666666666667	0.5569191470800464	0.6351842573906382	0.5916774391005287
moderately_unequal	radial_node_size_only	4.0	room_equal	mantel	600	405	0.675	0.6365124118062716	0.7112609928389332	0.6219522188757012
moderately_unequal	radial_node_size_only	4.0	room_equal	nested_max	600	434	0.7233333333333334	0.6862035019339724	0.7576216049465748	0.6219522188757012
moderately_unequal	radial_node_size_only	4.0	room_equal	profile	600	433	0.7216666666666667	0.684481853273716	0.7560311259435433	0.6219522188757012
moderately_unequal	radial_node_size_only	4.0	room_equal	standardized_max	600	420	0.7	0.6621547728115615	0.7353005467829581	0.6219522188757012
moderately_unequal	radial_node_size_only	4.0	sqrt_rooms	cv_retrained	600	366	0.61	0.5703908518919303	0.6482095738850555	0.621921753038443
moderately_unequal	radial_node_size_only	4.0	sqrt_rooms	cv_standardized	600	351	0.585	0.5451558920932663	0.6237626187344044	0.5968209024909962
moderately_unequal	radial_node_size_only	4.0	sqrt_rooms	mantel	600	405	0.675	0.6365124118062716	0.7112609928389332	0.621921753038443
moderately_unequal	radial_node_size_only	4.0	sqrt_rooms	nested_max	600	434	0.7233333333333334	0.6862035019339724	0.7576216049465748	0.621921753038443
moderately_unequal	radial_node_size_only	4.0	sqrt_rooms	profile	600	433	0.7216666666666667	0.684481853273716	0.7560311259435433	0.621921753038443
moderately_unequal	radial_node_size_only	4.0	sqrt_rooms	standardized_max	600	420	0.7	0.6621547728115615	0.7353005467829581	0.621921753038443
moderately_unequal	radial_node_size_only	8.0	building_equal	cv_retrained	600	315	0.525	0.48501038523653267	0.5646715297127823	0.7097687231251376
moderately_unequal	radial_node_size_only	8.0	building_equal	cv_standardized	600	314	0.5233333333333333	0.4833479297151148	0.5630218575709125	0.6352151471307976
moderately_unequal	radial_node_size_only	8.0	building_equal	mantel	600	405	0.675	0.6365124118062716	0.7112609928389332	0.7097687231251376
moderately_unequal	radial_node_size_only	8.0	building_equal	nested_max	600	434	0.7233333333333334	0.6862035019339724	0.7576216049465748	0.7097687231251376
moderately_unequal	radial_node_size_only	8.0	building_equal	profile	600	433	0.7216666666666667	0.684481853273716	0.7560311259435433	0.7097687231251376
moderately_unequal	radial_node_size_only	8.0	building_equal	standardized_max	600	420	0.7	0.6621547728115615	0.7353005467829581	0.7097687231251376
moderately_unequal	radial_node_size_only	8.0	room_equal	cv_retrained	600	388	0.6466666666666666	0.6075963837060778	0.6838708506632365	0.7147300444591564
moderately_unequal	radial_node_size_only	8.0	room_equal	cv_standardized	600	342	0.57	0.5300647932673496	0.6090445685907323	0.623360464965526
moderately_unequal	radial_node_size_only	8.0	room_equal	mantel	600	405	0.675	0.6365124118062716	0.7112609928389332	0.7147300444591564
moderately_unequal	radial_node_size_only	8.0	room_equal	nested_max	600	434	0.7233333333333334	0.6862035019339724	0.7576216049465748	0.7147300444591564
moderately_unequal	radial_node_size_only	8.0	room_equal	profile	600	433	0.7216666666666667	0.684481853273716	0.7560311259435433	0.7147300444591564
moderately_unequal	radial_node_size_only	8.0	room_equal	standardized_max	600	420	0.7	0.6621547728115615	0.7353005467829581	0.7147300444591564
moderately_unequal	radial_node_size_only	8.0	sqrt_rooms	cv_retrained	600	360	0.6	0.5602842577964939	0.6384434020007659	0.7131263955806101
moderately_unequal	radial_node_size_only	8.0	sqrt_rooms	cv_standardized	600	333	0.555	0.5150104352377507	0.5942897776507423	0.6300377577336524
moderately_unequal	radial_node_size_only	8.0	sqrt_rooms	mantel	600	405	0.675	0.6365124118062716	0.7112609928389332	0.7131263955806101
moderately_unequal	radial_node_size_only	8.0	sqrt_rooms	nested_max	600	434	0.7233333333333334	0.6862035019339724	0.7576216049465748	0.7131263955806101
moderately_unequal	radial_node_size_only	8.0	sqrt_rooms	profile	600	433	0.7216666666666667	0.684481853273716	0.7560311259435433	0.7131263955806101
moderately_unequal	radial_node_size_only	8.0	sqrt_rooms	standardized_max	600	420	0.7	0.6621547728115615	0.7353005467829581	0.7131263955806101
severely_unequal	conditional_null	0.0	building_equal	cv_retrained	600	21	0.035	0.023004350476005058	0.052912031466736606	0.4999999999999999
severely_unequal	conditional_null	0.0	building_equal	cv_standardized	600	23	0.03833333333333333	0.025677277815960083	0.0568633594533569	0.4999999999999999
severely_unequal	conditional_null	0.0	building_equal	mantel	600	19	0.03166666666666667	0.020364911485651824	0.048927215130514526	0.4999999999999999
severely_unequal	conditional_null	0.0	building_equal	nested_max	600	26	0.043333333333333335	0.02974099813478266	0.06273602212439733	0.4999999999999999
severely_unequal	conditional_null	0.0	building_equal	profile	600	27	0.045	0.03110848866772835	0.0646806592547393	0.4999999999999999
severely_unequal	conditional_null	0.0	building_equal	standardized_max	600	19	0.03166666666666667	0.020364911485651824	0.048927215130514526	0.4999999999999999
severely_unequal	conditional_null	0.0	room_equal	cv_retrained	600	25	0.041666666666666664	0.02837972965493859	0.06078516294095374	0.5
severely_unequal	conditional_null	0.0	room_equal	cv_standardized	600	27	0.045	0.03110848866772835	0.0646806592547393	0.5
severely_unequal	conditional_null	0.0	room_equal	mantel	600	19	0.03166666666666667	0.020364911485651824	0.048927215130514526	0.5
severely_unequal	conditional_null	0.0	room_equal	nested_max	600	26	0.043333333333333335	0.02974099813478266	0.06273602212439733	0.5
severely_unequal	conditional_null	0.0	room_equal	profile	600	27	0.045	0.03110848866772835	0.0646806592547393	0.5
severely_unequal	conditional_null	0.0	room_equal	standardized_max	600	19	0.03166666666666667	0.020364911485651824	0.048927215130514526	0.5
severely_unequal	conditional_null	0.0	sqrt_rooms	cv_retrained	600	28	0.04666666666666667	0.03248188567095377	0.06661938991480156	0.5
severely_unequal	conditional_null	0.0	sqrt_rooms	cv_standardized	600	26	0.043333333333333335	0.02974099813478266	0.06273602212439733	0.5
severely_unequal	conditional_null	0.0	sqrt_rooms	mantel	600	19	0.03166666666666667	0.020364911485651824	0.048927215130514526	0.5
severely_unequal	conditional_null	0.0	sqrt_rooms	nested_max	600	26	0.043333333333333335	0.02974099813478266	0.06273602212439733	0.5
severely_unequal	conditional_null	0.0	sqrt_rooms	profile	600	27	0.045	0.03110848866772835	0.0646806592547393	0.5
severely_unequal	conditional_null	0.0	sqrt_rooms	standardized_max	600	19	0.03166666666666667	0.020364911485651824	0.048927215130514526	0.5
severely_unequal	conditional_null	0.1	building_equal	cv_retrained	600	22	0.03666666666666667	0.024336895975690734	0.05489161363033859	0.49996056906654
severely_unequal	conditional_null	0.1	building_equal	cv_standardized	600	24	0.04	0.02702502927655182	0.05882773565605286	0.49994107284396894
severely_unequal	conditional_null	0.1	building_equal	mantel	600	19	0.03166666666666667	0.020364911485651824	0.048927215130514526	0.49996056906654
severely_unequal	conditional_null	0.1	building_equal	nested_max	600	26	0.043333333333333335	0.02974099813478266	0.06273602212439733	0.49996056906654
severely_unequal	conditional_null	0.1	building_equal	profile	600	27	0.045	0.03110848866772835	0.0646806592547393	0.49996056906654
severely_unequal	conditional_null	0.1	building_equal	standardized_max	600	19	0.03166666666666667	0.020364911485651824	0.048927215130514526	0.49996056906654
severely_unequal	conditional_null	0.1	room_equal	cv_retrained	600	25	0.041666666666666664	0.02837972965493859	0.06078516294095374	0.49995404225244383
severely_unequal	conditional_null	0.1	room_equal	cv_standardized	600	27	0.045	0.03110848866772835	0.0646806592547393	0.4998908583325253
severely_unequal	conditional_null	0.1	room_equal	mantel	600	19	0.03166666666666667	0.020364911485651824	0.048927215130514526	0.49995404225244383
severely_unequal	conditional_null	0.1	room_equal	nested_max	600	26	0.043333333333333335	0.02974099813478266	0.06273602212439733	0.49995404225244383
severely_unequal	conditional_null	0.1	room_equal	profile	600	27	0.045	0.03110848866772835	0.0646806592547393	0.49995404225244383
severely_unequal	conditional_null	0.1	room_equal	standardized_max	600	19	0.03166666666666667	0.020364911485651824	0.048927215130514526	0.49995404225244383
severely_unequal	conditional_null	0.1	sqrt_rooms	cv_retrained	600	27	0.045	0.03110848866772835	0.0646806592547393	0.49995838660236963
severely_unequal	conditional_null	0.1	sqrt_rooms	cv_standardized	600	26	0.043333333333333335	0.02974099813478266	0.06273602212439733	0.4999127123128932
severely_unequal	conditional_null	0.1	sqrt_rooms	mantel	600	19	0.03166666666666667	0.020364911485651824	0.048927215130514526	0.49995838660236963
severely_unequal	conditional_null	0.1	sqrt_rooms	nested_max	600	26	0.043333333333333335	0.02974099813478266	0.06273602212439733	0.49995838660236963
severely_unequal	conditional_null	0.1	sqrt_rooms	profile	600	27	0.045	0.03110848866772835	0.0646806592547393	0.49995838660236963
severely_unequal	conditional_null	0.1	sqrt_rooms	standardized_max	600	19	0.03166666666666667	0.020364911485651824	0.048927215130514526	0.49995838660236963
severely_unequal	conditional_null	0.25	building_equal	cv_retrained	600	22	0.03666666666666667	0.024336895975690734	0.05489161363033859	0.49990230521265155
severely_unequal	conditional_null	0.25	building_equal	cv_standardized	600	25	0.041666666666666664	0.02837972965493859	0.06078516294095374	0.49986578630438205
severely_unequal	conditional_null	0.25	building_equal	mantel	600	19	0.03166666666666667	0.020364911485651824	0.048927215130514526	0.49990230521265155
severely_unequal	conditional_null	0.25	building_equal	nested_max	600	26	0.043333333333333335	0.02974099813478266	0.06273602212439733	0.49990230521265155
severely_unequal	conditional_null	0.25	building_equal	profile	600	27	0.045	0.03110848866772835	0.0646806592547393	0.49990230521265155
severely_unequal	conditional_null	0.25	building_equal	standardized_max	600	19	0.03166666666666667	0.020364911485651824	0.048927215130514526	0.49990230521265155
severely_unequal	conditional_null	0.25	room_equal	cv_retrained	600	25	0.041666666666666664	0.02837972965493859	0.06078516294095374	0.49988528744038246
severely_unequal	conditional_null	0.25	room_equal	cv_standardized	600	26	0.043333333333333335	0.02974099813478266	0.06273602212439733	0.49974363083784995
severely_unequal	conditional_null	0.25	room_equal	mantel	600	19	0.03166666666666667	0.020364911485651824	0.048927215130514526	0.49988528744038246
severely_unequal	conditional_null	0.25	room_equal	nested_max	600	26	0.043333333333333335	0.02974099813478266	0.06273602212439733	0.49988528744038246
severely_unequal	conditional_null	0.25	room_equal	profile	600	27	0.045	0.03110848866772835	0.0646806592547393	0.49988528744038246
severely_unequal	conditional_null	0.25	room_equal	standardized_max	600	19	0.03166666666666667	0.020364911485651824	0.048927215130514526	0.49988528744038246
severely_unequal	conditional_null	0.25	sqrt_rooms	cv_retrained	600	26	0.043333333333333335	0.02974099813478266	0.06273602212439733	0.49989634051310644
severely_unequal	conditional_null	0.25	sqrt_rooms	cv_standardized	600	26	0.043333333333333335	0.02974099813478266	0.06273602212439733	0.49979119209449985
severely_unequal	conditional_null	0.25	sqrt_rooms	mantel	600	19	0.03166666666666667	0.020364911485651824	0.048927215130514526	0.49989634051310644
severely_unequal	conditional_null	0.25	sqrt_rooms	nested_max	600	26	0.043333333333333335	0.02974099813478266	0.06273602212439733	0.49989634051310644
severely_unequal	conditional_null	0.25	sqrt_rooms	profile	600	27	0.045	0.03110848866772835	0.0646806592547393	0.49989634051310644
severely_unequal	conditional_null	0.25	sqrt_rooms	standardized_max	600	19	0.03166666666666667	0.020364911485651824	0.048927215130514526	0.49989634051310644
severely_unequal	conditional_null	0.5	building_equal	cv_retrained	600	22	0.03666666666666667	0.024336895975690734	0.05489161363033859	0.49981086197131114
severely_unequal	conditional_null	0.5	building_equal	cv_standardized	600	27	0.045	0.03110848866772835	0.0646806592547393	0.4998203879869779
severely_unequal	conditional_null	0.5	building_equal	mantel	600	19	0.03166666666666667	0.020364911485651824	0.048927215130514526	0.49981086197131114
severely_unequal	conditional_null	0.5	building_equal	nested_max	600	26	0.043333333333333335	0.02974099813478266	0.06273602212439733	0.49981086197131114
severely_unequal	conditional_null	0.5	building_equal	profile	600	27	0.045	0.03110848866772835	0.0646806592547393	0.49981086197131114
severely_unequal	conditional_null	0.5	building_equal	standardized_max	600	19	0.03166666666666667	0.020364911485651824	0.048927215130514526	0.49981086197131114
severely_unequal	conditional_null	0.5	room_equal	cv_retrained	600	24	0.04	0.02702502927655182	0.05882773565605286	0.49977186702519416
severely_unequal	conditional_null	0.5	room_equal	cv_standardized	600	29	0.04833333333333333	0.03386090038689244	0.06855250286215053	0.499596990227233
severely_unequal	conditional_null	0.5	room_equal	mantel	600	19	0.03166666666666667	0.020364911485651824	0.048927215130514526	0.49977186702519416
severely_unequal	conditional_null	0.5	room_equal	nested_max	600	26	0.043333333333333335	0.02974099813478266	0.06273602212439733	0.49977186702519416
severely_unequal	conditional_null	0.5	room_equal	profile	600	27	0.045	0.03110848866772835	0.0646806592547393	0.49977186702519416
severely_unequal	conditional_null	0.5	room_equal	standardized_max	600	19	0.03166666666666667	0.020364911485651824	0.048927215130514526	0.49977186702519416
severely_unequal	conditional_null	0.5	sqrt_rooms	cv_retrained	600	27	0.045	0.03110848866772835	0.0646806592547393	0.4997953361656334
severely_unequal	conditional_null	0.5	sqrt_rooms	cv_standardized	600	26	0.043333333333333335	0.02974099813478266	0.06273602212439733	0.4996464856318408
severely_unequal	conditional_null	0.5	sqrt_rooms	mantel	600	19	0.03166666666666667	0.020364911485651824	0.048927215130514526	0.4997953361656334
severely_unequal	conditional_null	0.5	sqrt_rooms	nested_max	600	26	0.043333333333333335	0.02974099813478266	0.06273602212439733	0.4997953361656334
severely_unequal	conditional_null	0.5	sqrt_rooms	profile	600	27	0.045	0.03110848866772835	0.0646806592547393	0.4997953361656334
severely_unequal	conditional_null	0.5	sqrt_rooms	standardized_max	600	19	0.03166666666666667	0.020364911485651824	0.048927215130514526	0.4997953361656334
severely_unequal	conditional_null	1.0	building_equal	cv_retrained	600	20	0.03333333333333333	0.021680161456561077	0.05092409282289293	0.49967015806381654
severely_unequal	conditional_null	1.0	building_equal	cv_standardized	600	28	0.04666666666666667	0.03248188567095377	0.06661938991480156	0.5002286278045239
severely_unequal	conditional_null	1.0	building_equal	mantel	600	19	0.03166666666666667	0.020364911485651824	0.048927215130514526	0.49967015806381654
severely_unequal	conditional_null	1.0	building_equal	nested_max	600	26	0.043333333333333335	0.02974099813478266	0.06273602212439733	0.49967015806381654
severely_unequal	conditional_null	1.0	building_equal	profile	600	27	0.045	0.03110848866772835	0.0646806592547393	0.49967015806381654
severely_unequal	conditional_null	1.0	building_equal	standardized_max	600	19	0.03166666666666667	0.020364911485651824	0.048927215130514526	0.49967015806381654
severely_unequal	conditional_null	1.0	room_equal	cv_retrained	600	24	0.04	0.02702502927655182	0.05882773565605286	0.4995538724776867
severely_unequal	conditional_null	1.0	room_equal	cv_standardized	600	27	0.045	0.03110848866772835	0.0646806592547393	0.49988094095677527
severely_unequal	conditional_null	1.0	room_equal	mantel	600	19	0.03166666666666667	0.020364911485651824	0.048927215130514526	0.4995538724776867
severely_unequal	conditional_null	1.0	room_equal	nested_max	600	26	0.043333333333333335	0.02974099813478266	0.06273602212439733	0.4995538724776867
severely_unequal	conditional_null	1.0	room_equal	profile	600	27	0.045	0.03110848866772835	0.0646806592547393	0.4995538724776867
severely_unequal	conditional_null	1.0	room_equal	standardized_max	600	19	0.03166666666666667	0.020364911485651824	0.048927215130514526	0.4995538724776867
severely_unequal	conditional_null	1.0	sqrt_rooms	cv_retrained	600	26	0.043333333333333335	0.02974099813478266	0.06273602212439733	0.49961141613762305
severely_unequal	conditional_null	1.0	sqrt_rooms	cv_standardized	600	27	0.045	0.03110848866772835	0.0646806592547393	0.4997239854809503
severely_unequal	conditional_null	1.0	sqrt_rooms	mantel	600	19	0.03166666666666667	0.020364911485651824	0.048927215130514526	0.49961141613762305
severely_unequal	conditional_null	1.0	sqrt_rooms	nested_max	600	26	0.043333333333333335	0.02974099813478266	0.06273602212439733	0.49961141613762305
severely_unequal	conditional_null	1.0	sqrt_rooms	profile	600	27	0.045	0.03110848866772835	0.0646806592547393	0.49961141613762305
severely_unequal	conditional_null	1.0	sqrt_rooms	standardized_max	600	19	0.03166666666666667	0.020364911485651824	0.048927215130514526	0.49961141613762305
severely_unequal	conditional_null	16.0	building_equal	cv_retrained	600	24	0.04	0.02702502927655182	0.05882773565605286	0.5174254401789549
severely_unequal	conditional_null	16.0	building_equal	cv_standardized	600	27	0.045	0.03110848866772835	0.0646806592547393	0.5227421059917265
severely_unequal	conditional_null	16.0	building_equal	mantel	600	19	0.03166666666666667	0.020364911485651824	0.048927215130514526	0.5174254401789549
severely_unequal	conditional_null	16.0	building_equal	nested_max	600	26	0.043333333333333335	0.02974099813478266	0.06273602212439733	0.5174254401789549
severely_unequal	conditional_null	16.0	building_equal	profile	600	27	0.045	0.03110848866772835	0.0646806592547393	0.5174254401789549
severely_unequal	conditional_null	16.0	building_equal	standardized_max	600	19	0.03166666666666667	0.020364911485651824	0.048927215130514526	0.5174254401789549
severely_unequal	conditional_null	16.0	room_equal	cv_retrained	600	25	0.041666666666666664	0.02837972965493859	0.06078516294095374	0.5012108716501674
severely_unequal	conditional_null	16.0	room_equal	cv_standardized	600	23	0.03833333333333333	0.025677277815960083	0.0568633594533569	0.5117252216590135
severely_unequal	conditional_null	16.0	room_equal	mantel	600	19	0.03166666666666667	0.020364911485651824	0.048927215130514526	0.5012108716501674
severely_unequal	conditional_null	16.0	room_equal	nested_max	600	26	0.043333333333333335	0.02974099813478266	0.06273602212439733	0.5012108716501674
severely_unequal	conditional_null	16.0	room_equal	profile	600	27	0.045	0.03110848866772835	0.0646806592547393	0.5012108716501674
severely_unequal	conditional_null	16.0	room_equal	standardized_max	600	19	0.03166666666666667	0.020364911485651824	0.048927215130514526	0.5012108716501674
severely_unequal	conditional_null	16.0	sqrt_rooms	cv_retrained	600	22	0.03666666666666667	0.024336895975690734	0.05489161363033859	0.5082033081657895
severely_unequal	conditional_null	16.0	sqrt_rooms	cv_standardized	600	22	0.03666666666666667	0.024336895975690734	0.05489161363033859	0.5137296040272703
severely_unequal	conditional_null	16.0	sqrt_rooms	mantel	600	19	0.03166666666666667	0.020364911485651824	0.048927215130514526	0.5082033081657895
severely_unequal	conditional_null	16.0	sqrt_rooms	nested_max	600	26	0.043333333333333335	0.02974099813478266	0.06273602212439733	0.5082033081657895
severely_unequal	conditional_null	16.0	sqrt_rooms	profile	600	27	0.045	0.03110848866772835	0.0646806592547393	0.5082033081657895
severely_unequal	conditional_null	16.0	sqrt_rooms	standardized_max	600	19	0.03166666666666667	0.020364911485651824	0.048927215130514526	0.5082033081657895
severely_unequal	conditional_null	2.0	building_equal	cv_retrained	600	21	0.035	0.023004350476005058	0.052912031466736606	0.4996836363043882
severely_unequal	conditional_null	2.0	building_equal	cv_standardized	600	31	0.051666666666666666	0.036634743907307504	0.0724029146683108	0.5030316358681205
severely_unequal	conditional_null	2.0	building_equal	mantel	600	19	0.03166666666666667	0.020364911485651824	0.048927215130514526	0.4996836363043882
severely_unequal	conditional_null	2.0	building_equal	nested_max	600	26	0.043333333333333335	0.02974099813478266	0.06273602212439733	0.4996836363043882
severely_unequal	conditional_null	2.0	building_equal	profile	600	27	0.045	0.03110848866772835	0.0646806592547393	0.4996836363043882
severely_unequal	conditional_null	2.0	building_equal	standardized_max	600	19	0.03166666666666667	0.020364911485651824	0.048927215130514526	0.4996836363043882
severely_unequal	conditional_null	2.0	room_equal	cv_retrained	600	28	0.04666666666666667	0.03248188567095377	0.06661938991480156	0.49918298281482026
severely_unequal	conditional_null	2.0	room_equal	cv_standardized	600	27	0.045	0.03110848866772835	0.0646806592547393	0.5023962939363605
severely_unequal	conditional_null	2.0	room_equal	mantel	600	19	0.03166666666666667	0.020364911485651824	0.048927215130514526	0.49918298281482026
severely_unequal	conditional_null	2.0	room_equal	nested_max	600	26	0.043333333333333335	0.02974099813478266	0.06273602212439733	0.49918298281482026
severely_unequal	conditional_null	2.0	room_equal	profile	600	27	0.045	0.03110848866772835	0.0646806592547393	0.49918298281482026
severely_unequal	conditional_null	2.0	room_equal	standardized_max	600	19	0.03166666666666667	0.020364911485651824	0.048927215130514526	0.49918298281482026
severely_unequal	conditional_null	2.0	sqrt_rooms	cv_retrained	600	24	0.04	0.02702502927655182	0.05882773565605286	0.4993743907187056
severely_unequal	conditional_null	2.0	sqrt_rooms	cv_standardized	600	27	0.045	0.03110848866772835	0.0646806592547393	0.5013993314484003
severely_unequal	conditional_null	2.0	sqrt_rooms	mantel	600	19	0.03166666666666667	0.020364911485651824	0.048927215130514526	0.4993743907187056
severely_unequal	conditional_null	2.0	sqrt_rooms	nested_max	600	26	0.043333333333333335	0.02974099813478266	0.06273602212439733	0.4993743907187056
severely_unequal	conditional_null	2.0	sqrt_rooms	profile	600	27	0.045	0.03110848866772835	0.0646806592547393	0.4993743907187056
severely_unequal	conditional_null	2.0	sqrt_rooms	standardized_max	600	19	0.03166666666666667	0.020364911485651824	0.048927215130514526	0.4993743907187056
severely_unequal	conditional_null	4.0	building_equal	cv_retrained	600	20	0.03333333333333333	0.021680161456561077	0.05092409282289293	0.5012032248692254
severely_unequal	conditional_null	4.0	building_equal	cv_standardized	600	28	0.04666666666666667	0.03248188567095377	0.06661938991480156	0.510441233944684
severely_unequal	conditional_null	4.0	building_equal	mantel	600	19	0.03166666666666667	0.020364911485651824	0.048927215130514526	0.5012032248692254
severely_unequal	conditional_null	4.0	building_equal	nested_max	600	26	0.043333333333333335	0.02974099813478266	0.06273602212439733	0.5012032248692254
severely_unequal	conditional_null	4.0	building_equal	profile	600	27	0.045	0.03110848866772835	0.0646806592547393	0.5012032248692254
severely_unequal	conditional_null	4.0	building_equal	standardized_max	600	19	0.03166666666666667	0.020364911485651824	0.048927215130514526	0.5012032248692254
severely_unequal	conditional_null	4.0	room_equal	cv_retrained	600	29	0.04833333333333333	0.03386090038689244	0.06855250286215053	0.49882658350650616
severely_unequal	conditional_null	4.0	room_equal	cv_standardized	600	23	0.03833333333333333	0.025677277815960083	0.0568633594533569	0.5079488318721644
severely_unequal	conditional_null	4.0	room_equal	mantel	600	19	0.03166666666666667	0.020364911485651824	0.048927215130514526	0.49882658350650616
severely_unequal	conditional_null	4.0	room_equal	nested_max	600	26	0.043333333333333335	0.02974099813478266	0.06273602212439733	0.49882658350650616
severely_unequal	conditional_null	4.0	room_equal	profile	600	27	0.045	0.03110848866772835	0.0646806592547393	0.49882658350650616
severely_unequal	conditional_null	4.0	room_equal	standardized_max	600	19	0.03166666666666667	0.020364911485651824	0.048927215130514526	0.49882658350650616
severely_unequal	conditional_null	4.0	sqrt_rooms	cv_retrained	600	22	0.03666666666666667	0.024336895975690734	0.05489161363033859	0.4996350939914776
severely_unequal	conditional_null	4.0	sqrt_rooms	cv_standardized	600	23	0.03833333333333333	0.025677277815960083	0.0568633594533569	0.5062088500359306
severely_unequal	conditional_null	4.0	sqrt_rooms	mantel	600	19	0.03166666666666667	0.020364911485651824	0.048927215130514526	0.4996350939914776
severely_unequal	conditional_null	4.0	sqrt_rooms	nested_max	600	26	0.043333333333333335	0.02974099813478266	0.06273602212439733	0.4996350939914776
severely_unequal	conditional_null	4.0	sqrt_rooms	profile	600	27	0.045	0.03110848866772835	0.0646806592547393	0.4996350939914776
severely_unequal	conditional_null	4.0	sqrt_rooms	standardized_max	600	19	0.03166666666666667	0.020364911485651824	0.048927215130514526	0.4996350939914776
severely_unequal	conditional_null	8.0	building_equal	cv_retrained	600	25	0.041666666666666664	0.02837972965493859	0.06078516294095374	0.5074280258783959
severely_unequal	conditional_null	8.0	building_equal	cv_standardized	600	25	0.041666666666666664	0.02837972965493859	0.06078516294095374	0.5185680781584081
severely_unequal	conditional_null	8.0	building_equal	mantel	600	19	0.03166666666666667	0.020364911485651824	0.048927215130514526	0.5074280258783959
severely_unequal	conditional_null	8.0	building_equal	nested_max	600	26	0.043333333333333335	0.02974099813478266	0.06273602212439733	0.5074280258783959
severely_unequal	conditional_null	8.0	building_equal	profile	600	27	0.045	0.03110848866772835	0.0646806592547393	0.5074280258783959
severely_unequal	conditional_null	8.0	building_equal	standardized_max	600	19	0.03166666666666667	0.020364911485651824	0.048927215130514526	0.5074280258783959
severely_unequal	conditional_null	8.0	room_equal	cv_retrained	600	23	0.03833333333333333	0.025677277815960083	0.0568633594533569	0.49934870414602545
severely_unequal	conditional_null	8.0	room_equal	cv_standardized	600	21	0.035	0.023004350476005058	0.052912031466736606	0.5115853916749651
severely_unequal	conditional_null	8.0	room_equal	mantel	600	19	0.03166666666666667	0.020364911485651824	0.048927215130514526	0.49934870414602545
severely_unequal	conditional_null	8.0	room_equal	nested_max	600	26	0.043333333333333335	0.02974099813478266	0.06273602212439733	0.49934870414602545
severely_unequal	conditional_null	8.0	room_equal	profile	600	27	0.045	0.03110848866772835	0.0646806592547393	0.49934870414602545
severely_unequal	conditional_null	8.0	room_equal	standardized_max	600	19	0.03166666666666667	0.020364911485651824	0.048927215130514526	0.49934870414602545
severely_unequal	conditional_null	8.0	sqrt_rooms	cv_retrained	600	22	0.03666666666666667	0.024336895975690734	0.05489161363033859	0.5022592344722504
severely_unequal	conditional_null	8.0	sqrt_rooms	cv_standardized	600	22	0.03666666666666667	0.024336895975690734	0.05489161363033859	0.5111472970663391
severely_unequal	conditional_null	8.0	sqrt_rooms	mantel	600	19	0.03166666666666667	0.020364911485651824	0.048927215130514526	0.5022592344722504
severely_unequal	conditional_null	8.0	sqrt_rooms	nested_max	600	26	0.043333333333333335	0.02974099813478266	0.06273602212439733	0.5022592344722504
severely_unequal	conditional_null	8.0	sqrt_rooms	profile	600	27	0.045	0.03110848866772835	0.0646806592547393	0.5022592344722504
severely_unequal	conditional_null	8.0	sqrt_rooms	standardized_max	600	19	0.03166666666666667	0.020364911485651824	0.048927215130514526	0.5022592344722504
severely_unequal	dyadic	0.0	building_equal	cv_retrained	600	81	0.135	0.10996732443966875	0.16467671730033281	0.4999999999999999
severely_unequal	dyadic	0.0	building_equal	cv_standardized	600	91	0.15166666666666667	0.12518715753167084	0.18257816084120734	0.4999999999999999
severely_unequal	dyadic	0.0	building_equal	mantel	600	129	0.215	0.1839956600721617	0.24963050950564772	0.4999999999999999
severely_unequal	dyadic	0.0	building_equal	nested_max	600	95	0.15833333333333333	0.13130914966399204	0.18970467936203678	0.4999999999999999
severely_unequal	dyadic	0.0	building_equal	profile	600	94	0.15666666666666668	0.12977693221733155	0.18792476914540962	0.4999999999999999
severely_unequal	dyadic	0.0	building_equal	standardized_max	600	120	0.2	0.1699473686822437	0.23386965192597675	0.4999999999999999
severely_unequal	dyadic	0.0	room_equal	cv_retrained	600	90	0.15	0.12365957580215664	0.18079361490743384	0.5
severely_unequal	dyadic	0.0	room_equal	cv_standardized	600	83	0.13833333333333334	0.11300100104651516	0.1682672960200617	0.5
severely_unequal	dyadic	0.0	room_equal	mantel	600	129	0.215	0.1839956600721617	0.24963050950564772	0.5
severely_unequal	dyadic	0.0	room_equal	nested_max	600	95	0.15833333333333333	0.13130914966399204	0.18970467936203678	0.5
severely_unequal	dyadic	0.0	room_equal	profile	600	94	0.15666666666666668	0.12977693221733155	0.18792476914540962	0.5
severely_unequal	dyadic	0.0	room_equal	standardized_max	600	120	0.2	0.1699473686822437	0.23386965192597675	0.5
severely_unequal	dyadic	0.0	sqrt_rooms	cv_retrained	600	88	0.14666666666666667	0.12060802259334437	0.17722091278967084	0.5
severely_unequal	dyadic	0.0	sqrt_rooms	cv_standardized	600	86	0.14333333333333334	0.11756139513870045	0.1736432849177394	0.5
severely_unequal	dyadic	0.0	sqrt_rooms	mantel	600	129	0.215	0.1839956600721617	0.24963050950564772	0.5
severely_unequal	dyadic	0.0	sqrt_rooms	nested_max	600	95	0.15833333333333333	0.13130914966399204	0.18970467936203678	0.5
severely_unequal	dyadic	0.0	sqrt_rooms	profile	600	94	0.15666666666666668	0.12977693221733155	0.18792476914540962	0.5
severely_unequal	dyadic	0.0	sqrt_rooms	standardized_max	600	120	0.2	0.1699473686822437	0.23386965192597675	0.5
severely_unequal	dyadic	0.1	building_equal	cv_retrained	600	83	0.13833333333333334	0.11300100104651516	0.1682672960200617	0.5012608182731381
severely_unequal	dyadic	0.1	building_equal	cv_standardized	600	90	0.15	0.12365957580215664	0.18079361490743384	0.502349881641174
severely_unequal	dyadic	0.1	building_equal	mantel	600	129	0.215	0.1839956600721617	0.24963050950564772	0.5012608182731381
severely_unequal	dyadic	0.1	building_equal	nested_max	600	95	0.15833333333333333	0.13130914966399204	0.18970467936203678	0.5012608182731381
severely_unequal	dyadic	0.1	building_equal	profile	600	94	0.15666666666666668	0.12977693221733155	0.18792476914540962	0.5012608182731381
severely_unequal	dyadic	0.1	building_equal	standardized_max	600	120	0.2	0.1699473686822437	0.23386965192597675	0.5012608182731381
severely_unequal	dyadic	0.1	room_equal	cv_retrained	600	89	0.14833333333333334	0.12213319200132422	0.17900787104497867	0.5011514365862172
severely_unequal	dyadic	0.1	room_equal	cv_standardized	600	82	0.13666666666666666	0.111483490917006	0.16647267848628314	0.5022835737114185
severely_unequal	dyadic	0.1	room_equal	mantel	600	129	0.215	0.1839956600721617	0.24963050950564772	0.5011514365862172
severely_unequal	dyadic	0.1	room_equal	nested_max	600	95	0.15833333333333333	0.13130914966399204	0.18970467936203678	0.5011514365862172
severely_unequal	dyadic	0.1	room_equal	profile	600	94	0.15666666666666668	0.12977693221733155	0.18792476914540962	0.5011514365862172
severely_unequal	dyadic	0.1	room_equal	standardized_max	600	120	0.2	0.1699473686822437	0.23386965192597675	0.5011514365862172
severely_unequal	dyadic	0.1	sqrt_rooms	cv_retrained	600	87	0.145	0.1190840845039717	0.1754327232157558	0.5012167813688564
severely_unequal	dyadic	0.1	sqrt_rooms	cv_standardized	600	87	0.145	0.1190840845039717	0.1754327232157558	0.5023741068592392
severely_unequal	dyadic	0.1	sqrt_rooms	mantel	600	129	0.215	0.1839956600721617	0.24963050950564772	0.5012167813688564
severely_unequal	dyadic	0.1	sqrt_rooms	nested_max	600	95	0.15833333333333333	0.13130914966399204	0.18970467936203678	0.5012167813688564
severely_unequal	dyadic	0.1	sqrt_rooms	profile	600	94	0.15666666666666668	0.12977693221733155	0.18792476914540962	0.5012167813688564
severely_unequal	dyadic	0.1	sqrt_rooms	standardized_max	600	120	0.2	0.1699473686822437	0.23386965192597675	0.5012167813688564
severely_unequal	dyadic	0.25	building_equal	cv_retrained	600	85	0.14166666666666666	0.11603997240185697	0.17185257999129525	0.5031515252527639
severely_unequal	dyadic	0.25	building_equal	cv_standardized	600	90	0.15	0.12365957580215664	0.18079361490743384	0.5058700297415326
severely_unequal	dyadic	0.25	building_equal	mantel	600	129	0.215	0.1839956600721617	0.24963050950564772	0.5031515252527639
severely_unequal	dyadic	0.25	building_equal	nested_max	600	95	0.15833333333333333	0.13130914966399204	0.18970467936203678	0.5031515252527639
severely_unequal	dyadic	0.25	building_equal	profile	600	94	0.15666666666666668	0.12977693221733155	0.18792476914540962	0.5031515252527639
severely_unequal	dyadic	0.25	building_equal	standardized_max	600	120	0.2	0.1699473686822437	0.23386965192597675	0.5031515252527639
severely_unequal	dyadic	0.25	room_equal	cv_retrained	600	89	0.14833333333333334	0.12213319200132422	0.17900787104497867	0.502878058861646
severely_unequal	dyadic	0.25	room_equal	cv_standardized	600	80	0.13333333333333333	0.10845252233661881	0.16287939174009505	0.5056994456553141
severely_unequal	dyadic	0.25	room_equal	mantel	600	129	0.215	0.1839956600721617	0.24963050950564772	0.502878058861646
severely_unequal	dyadic	0.25	room_equal	nested_max	600	95	0.15833333333333333	0.13130914966399204	0.18970467936203678	0.502878058861646
severely_unequal	dyadic	0.25	room_equal	profile	600	94	0.15666666666666668	0.12977693221733155	0.18792476914540962	0.502878058861646
severely_unequal	dyadic	0.25	room_equal	standardized_max	600	120	0.2	0.1699473686822437	0.23386965192597675	0.502878058861646
severely_unequal	dyadic	0.25	sqrt_rooms	cv_retrained	600	89	0.14833333333333334	0.12213319200132422	0.17900787104497867	0.5030413875994733
severely_unequal	dyadic	0.25	sqrt_rooms	cv_standardized	600	88	0.14666666666666667	0.12060802259334437	0.17722091278967084	0.5059271646584221
severely_unequal	dyadic	0.25	sqrt_rooms	mantel	600	129	0.215	0.1839956600721617	0.24963050950564772	0.5030413875994733
severely_unequal	dyadic	0.25	sqrt_rooms	nested_max	600	95	0.15833333333333333	0.13130914966399204	0.18970467936203678	0.5030413875994733
severely_unequal	dyadic	0.25	sqrt_rooms	profile	600	94	0.15666666666666668	0.12977693221733155	0.18792476914540962	0.5030413875994733
severely_unequal	dyadic	0.25	sqrt_rooms	standardized_max	600	120	0.2	0.1699473686822437	0.23386965192597675	0.5030413875994733
severely_unequal	dyadic	0.5	building_equal	cv_retrained	600	83	0.13833333333333334	0.11300100104651516	0.1682672960200617	0.5062993224181239
severely_unequal	dyadic	0.5	building_equal	cv_standardized	600	90	0.15	0.12365957580215664	0.18079361490743384	0.5117054670701007
severely_unequal	dyadic	0.5	building_equal	mantel	600	129	0.215	0.1839956600721617	0.24963050950564772	0.5062993224181239
severely_unequal	dyadic	0.5	building_equal	nested_max	600	95	0.15833333333333333	0.13130914966399204	0.18970467936203678	0.5062993224181239
severely_unequal	dyadic	0.5	building_equal	profile	600	94	0.15666666666666668	0.12977693221733155	0.18792476914540962	0.5062993224181239
severely_unequal	dyadic	0.5	building_equal	standardized_max	600	120	0.2	0.1699473686822437	0.23386965192597675	0.5062993224181239
severely_unequal	dyadic	0.5	room_equal	cv_retrained	600	87	0.145	0.1190840845039717	0.1754327232157558	0.505752320008761
severely_unequal	dyadic	0.5	room_equal	cv_standardized	600	79	0.13166666666666665	0.10693910596672464	0.1610806804467015	0.511331825802639
severely_unequal	dyadic	0.5	room_equal	mantel	600	129	0.215	0.1839956600721617	0.24963050950564772	0.505752320008761
severely_unequal	dyadic	0.5	room_equal	nested_max	600	95	0.15833333333333333	0.13130914966399204	0.18970467936203678	0.505752320008761
severely_unequal	dyadic	0.5	room_equal	profile	600	94	0.15666666666666668	0.12977693221733155	0.18792476914540962	0.505752320008761
severely_unequal	dyadic	0.5	room_equal	standardized_max	600	120	0.2	0.1699473686822437	0.23386965192597675	0.505752320008761
severely_unequal	dyadic	0.5	sqrt_rooms	cv_retrained	600	88	0.14666666666666667	0.12060802259334437	0.17722091278967084	0.5060787372219665
severely_unequal	dyadic	0.5	sqrt_rooms	cv_standardized	600	90	0.15	0.12365957580215664	0.18079361490743384	0.5117969465746156
severely_unequal	dyadic	0.5	sqrt_rooms	mantel	600	129	0.215	0.1839956600721617	0.24963050950564772	0.5060787372219665
severely_unequal	dyadic	0.5	sqrt_rooms	nested_max	600	95	0.15833333333333333	0.13130914966399204	0.18970467936203678	0.5060787372219665
severely_unequal	dyadic	0.5	sqrt_rooms	profile	600	94	0.15666666666666668	0.12977693221733155	0.18792476914540962	0.5060787372219665
severely_unequal	dyadic	0.5	sqrt_rooms	standardized_max	600	120	0.2	0.1699473686822437	0.23386965192597675	0.5060787372219665
severely_unequal	dyadic	1.0	building_equal	cv_retrained	600	82	0.13666666666666666	0.111483490917006	0.16647267848628314	0.5125685127598978
severely_unequal	dyadic	1.0	building_equal	cv_standardized	600	88	0.14666666666666667	0.12060802259334437	0.17722091278967084	0.5231074633314308
severely_unequal	dyadic	1.0	building_equal	mantel	600	129	0.215	0.1839956600721617	0.24963050950564772	0.5125685127598978
severely_unequal	dyadic	1.0	building_equal	nested_max	600	95	0.15833333333333333	0.13130914966399204	0.18970467936203678	0.5125685127598978
severely_unequal	dyadic	1.0	building_equal	profile	600	94	0.15666666666666668	0.12977693221733155	0.18792476914540962	0.5125685127598978
severely_unequal	dyadic	1.0	building_equal	standardized_max	600	120	0.2	0.1699473686822437	0.23386965192597675	0.5125685127598978
severely_unequal	dyadic	1.0	room_equal	cv_retrained	600	93	0.155	0.1282458511251585	0.18614372257429498	0.511474462356551
severely_unequal	dyadic	1.0	room_equal	cv_standardized	600	78	0.13	0.10542709735321987	0.15928056139691865	0.5221491375385608
severely_unequal	dyadic	1.0	room_equal	mantel	600	129	0.215	0.1839956600721617	0.24963050950564772	0.511474462356551
severely_unequal	dyadic	1.0	room_equal	nested_max	600	95	0.15833333333333333	0.13130914966399204	0.18970467936203678	0.511474462356551
severely_unequal	dyadic	1.0	room_equal	profile	600	94	0.15666666666666668	0.12977693221733155	0.18792476914540962	0.511474462356551
severely_unequal	dyadic	1.0	room_equal	standardized_max	600	120	0.2	0.1699473686822437	0.23386965192597675	0.511474462356551
severely_unequal	dyadic	1.0	sqrt_rooms	cv_retrained	600	93	0.155	0.1282458511251585	0.18614372257429498	0.5121252855392375
severely_unequal	dyadic	1.0	sqrt_rooms	cv_standardized	600	88	0.14666666666666667	0.12060802259334437	0.17722091278967084	0.5231495643838892
severely_unequal	dyadic	1.0	sqrt_rooms	mantel	600	129	0.215	0.1839956600721617	0.24963050950564772	0.5121252855392375
severely_unequal	dyadic	1.0	sqrt_rooms	nested_max	600	95	0.15833333333333333	0.13130914966399204	0.18970467936203678	0.5121252855392375
severely_unequal	dyadic	1.0	sqrt_rooms	profile	600	94	0.15666666666666668	0.12977693221733155	0.18792476914540962	0.5121252855392375
severely_unequal	dyadic	1.0	sqrt_rooms	standardized_max	600	120	0.2	0.1699473686822437	0.23386965192597675	0.5121252855392375
severely_unequal	dyadic	16.0	building_equal	cv_retrained	600	78	0.13	0.10542709735321987	0.15928056139691865	0.6155476630470754
severely_unequal	dyadic	16.0	building_equal	cv_standardized	600	79	0.13166666666666665	0.10693910596672464	0.1610806804467015	0.6025692498647578
severely_unequal	dyadic	16.0	building_equal	mantel	600	129	0.215	0.1839956600721617	0.24963050950564772	0.6155476630470754
severely_unequal	dyadic	16.0	building_equal	nested_max	600	95	0.15833333333333333	0.13130914966399204	0.18970467936203678	0.6155476630470754
severely_unequal	dyadic	16.0	building_equal	profile	600	94	0.15666666666666668	0.12977693221733155	0.18792476914540962	0.6155476630470754
severely_unequal	dyadic	16.0	building_equal	standardized_max	600	120	0.2	0.1699473686822437	0.23386965192597675	0.6155476630470754
severely_unequal	dyadic	16.0	room_equal	cv_retrained	600	86	0.14333333333333334	0.11756139513870045	0.1736432849177394	0.6154463632718068
severely_unequal	dyadic	16.0	room_equal	cv_standardized	600	69	0.115	0.0918863722244461	0.14301213755610348	0.5883923098836215
severely_unequal	dyadic	16.0	room_equal	mantel	600	129	0.215	0.1839956600721617	0.24963050950564772	0.6154463632718068
severely_unequal	dyadic	16.0	room_equal	nested_max	600	95	0.15833333333333333	0.13130914966399204	0.18970467936203678	0.6154463632718068
severely_unequal	dyadic	16.0	room_equal	profile	600	94	0.15666666666666668	0.12977693221733155	0.18792476914540962	0.6154463632718068
severely_unequal	dyadic	16.0	room_equal	standardized_max	600	120	0.2	0.1699473686822437	0.23386965192597675	0.6154463632718068
severely_unequal	dyadic	16.0	sqrt_rooms	cv_retrained	600	89	0.14833333333333334	0.12213319200132422	0.17900787104497867	0.6170637432619789
severely_unequal	dyadic	16.0	sqrt_rooms	cv_standardized	600	81	0.135	0.10996732443966875	0.16467671730033281	0.6021727289455395
severely_unequal	dyadic	16.0	sqrt_rooms	mantel	600	129	0.215	0.1839956600721617	0.24963050950564772	0.6170637432619789
severely_unequal	dyadic	16.0	sqrt_rooms	nested_max	600	95	0.15833333333333333	0.13130914966399204	0.18970467936203678	0.6170637432619789
severely_unequal	dyadic	16.0	sqrt_rooms	profile	600	94	0.15666666666666668	0.12977693221733155	0.18792476914540962	0.6170637432619789
severely_unequal	dyadic	16.0	sqrt_rooms	standardized_max	600	120	0.2	0.1699473686822437	0.23386965192597675	0.6170637432619789
severely_unequal	dyadic	2.0	building_equal	cv_retrained	600	85	0.14166666666666666	0.11603997240185697	0.17185257999129525	0.5248890036720947
severely_unequal	dyadic	2.0	building_equal	cv_standardized	600	88	0.14666666666666667	0.12060802259334437	0.17722091278967084	0.5435751922810085
severely_unequal	dyadic	2.0	building_equal	mantel	600	129	0.215	0.1839956600721617	0.24963050950564772	0.5248890036720947
severely_unequal	dyadic	2.0	building_equal	nested_max	600	95	0.15833333333333333	0.13130914966399204	0.18970467936203678	0.5248890036720947
severely_unequal	dyadic	2.0	building_equal	profile	600	94	0.15666666666666668	0.12977693221733155	0.18792476914540962	0.5248890036720947
severely_unequal	dyadic	2.0	building_equal	standardized_max	600	120	0.2	0.1699473686822437	0.23386965192597675	0.5248890036720947
severely_unequal	dyadic	2.0	room_equal	cv_retrained	600	92	0.15333333333333332	0.12671592117000455	0.18436152486616128	0.5227137731468676
severely_unequal	dyadic	2.0	room_equal	cv_standardized	600	77	0.12833333333333333	0.1039165192128853	0.15747901187396557	0.5407976297540256
severely_unequal	dyadic	2.0	room_equal	mantel	600	129	0.215	0.1839956600721617	0.24963050950564772	0.5227137731468676
severely_unequal	dyadic	2.0	room_equal	nested_max	600	95	0.15833333333333333	0.13130914966399204	0.18970467936203678	0.5227137731468676
severely_unequal	dyadic	2.0	room_equal	profile	600	94	0.15666666666666668	0.12977693221733155	0.18792476914540962	0.5227137731468676
severely_unequal	dyadic	2.0	room_equal	standardized_max	600	120	0.2	0.1699473686822437	0.23386965192597675	0.5227137731468676
severely_unequal	dyadic	2.0	sqrt_rooms	cv_retrained	600	92	0.15333333333333332	0.12671592117000455	0.18436152486616128	0.523996938876168
severely_unequal	dyadic	2.0	sqrt_rooms	cv_standardized	600	89	0.14833333333333334	0.12213319200132422	0.17900787104497867	0.5431665681273108
severely_unequal	dyadic	2.0	sqrt_rooms	mantel	600	129	0.215	0.1839956600721617	0.24963050950564772	0.523996938876168
severely_unequal	dyadic	2.0	sqrt_rooms	nested_max	600	95	0.15833333333333333	0.13130914966399204	0.18970467936203678	0.523996938876168
severely_unequal	dyadic	2.0	sqrt_rooms	profile	600	94	0.15666666666666668	0.12977693221733155	0.18792476914540962	0.523996938876168
severely_unequal	dyadic	2.0	sqrt_rooms	standardized_max	600	120	0.2	0.1699473686822437	0.23386965192597675	0.523996938876168
severely_unequal	dyadic	4.0	building_equal	cv_retrained	600	81	0.135	0.10996732443966875	0.16467671730033281	0.5477583083215001
severely_unequal	dyadic	4.0	building_equal	cv_standardized	600	81	0.135	0.10996732443966875	0.16467671730033281	0.5711095317316602
severely_unequal	dyadic	4.0	building_equal	mantel	600	129	0.215	0.1839956600721617	0.24963050950564772	0.5477583083215001
severely_unequal	dyadic	4.0	building_equal	nested_max	600	95	0.15833333333333333	0.13130914966399204	0.18970467936203678	0.5477583083215001
severely_unequal	dyadic	4.0	building_equal	profile	600	94	0.15666666666666668	0.12977693221733155	0.18792476914540962	0.5477583083215001
severely_unequal	dyadic	4.0	building_equal	standardized_max	600	120	0.2	0.1699473686822437	0.23386965192597675	0.5477583083215001
severely_unequal	dyadic	4.0	room_equal	cv_retrained	600	88	0.14666666666666667	0.12060802259334437	0.17722091278967084	0.5437197253561947
severely_unequal	dyadic	4.0	room_equal	cv_standardized	600	79	0.13166666666666665	0.10693910596672464	0.1610806804467015	0.564568386273086
severely_unequal	dyadic	4.0	room_equal	mantel	600	129	0.215	0.1839956600721617	0.24963050950564772	0.5437197253561947
severely_unequal	dyadic	4.0	room_equal	nested_max	600	95	0.15833333333333333	0.13130914966399204	0.18970467936203678	0.5437197253561947
severely_unequal	dyadic	4.0	room_equal	profile	600	94	0.15666666666666668	0.12977693221733155	0.18792476914540962	0.5437197253561947
severely_unequal	dyadic	4.0	room_equal	standardized_max	600	120	0.2	0.1699473686822437	0.23386965192597675	0.5437197253561947
severely_unequal	dyadic	4.0	sqrt_rooms	cv_retrained	600	92	0.15333333333333332	0.12671592117000455	0.18436152486616128	0.546098909716839
severely_unequal	dyadic	4.0	sqrt_rooms	cv_standardized	600	87	0.145	0.1190840845039717	0.1754327232157558	0.570042424912292
severely_unequal	dyadic	4.0	sqrt_rooms	mantel	600	129	0.215	0.1839956600721617	0.24963050950564772	0.546098909716839
severely_unequal	dyadic	4.0	sqrt_rooms	nested_max	600	95	0.15833333333333333	0.13130914966399204	0.18970467936203678	0.546098909716839
severely_unequal	dyadic	4.0	sqrt_rooms	profile	600	94	0.15666666666666668	0.12977693221733155	0.18792476914540962	0.546098909716839
severely_unequal	dyadic	4.0	sqrt_rooms	standardized_max	600	120	0.2	0.1699473686822437	0.23386965192597675	0.546098909716839
severely_unequal	dyadic	8.0	building_equal	cv_retrained	600	75	0.125	0.10089974887356176	0.15387152688671377	0.5823861317226068
severely_unequal	dyadic	8.0	building_equal	cv_standardized	600	80	0.13333333333333333	0.10845252233661881	0.16287939174009505	0.5926280386669128
severely_unequal	dyadic	8.0	building_equal	mantel	600	129	0.215	0.1839956600721617	0.24963050950564772	0.5823861317226068
severely_unequal	dyadic	8.0	building_equal	nested_max	600	95	0.15833333333333333	0.13130914966399204	0.18970467936203678	0.5823861317226068
severely_unequal	dyadic	8.0	building_equal	profile	600	94	0.15666666666666668	0.12977693221733155	0.18792476914540962	0.5823861317226068
severely_unequal	dyadic	8.0	building_equal	standardized_max	600	120	0.2	0.1699473686822437	0.23386965192597675	0.5823861317226068
severely_unequal	dyadic	8.0	room_equal	cv_retrained	600	88	0.14666666666666667	0.12060802259334437	0.17722091278967084	0.577352401426189
severely_unequal	dyadic	8.0	room_equal	cv_standardized	600	76	0.12666666666666668	0.10240739498691152	0.15567600843665172	0.581823706794911
severely_unequal	dyadic	8.0	room_equal	mantel	600	129	0.215	0.1839956600721617	0.24963050950564772	0.577352401426189
severely_unequal	dyadic	8.0	room_equal	nested_max	600	95	0.15833333333333333	0.13130914966399204	0.18970467936203678	0.577352401426189
severely_unequal	dyadic	8.0	room_equal	profile	600	94	0.15666666666666668	0.12977693221733155	0.18792476914540962	0.577352401426189
severely_unequal	dyadic	8.0	room_equal	standardized_max	600	120	0.2	0.1699473686822437	0.23386965192597675	0.577352401426189
severely_unequal	dyadic	8.0	sqrt_rooms	cv_retrained	600	88	0.14666666666666667	0.12060802259334437	0.17722091278967084	0.5806581845950751
severely_unequal	dyadic	8.0	sqrt_rooms	cv_standardized	600	84	0.14	0.11451983471668892	0.17006059001317564	0.5919250673040359
severely_unequal	dyadic	8.0	sqrt_rooms	mantel	600	129	0.215	0.1839956600721617	0.24963050950564772	0.5806581845950751
severely_unequal	dyadic	8.0	sqrt_rooms	nested_max	600	95	0.15833333333333333	0.13130914966399204	0.18970467936203678	0.5806581845950751
severely_unequal	dyadic	8.0	sqrt_rooms	profile	600	94	0.15666666666666668	0.12977693221733155	0.18792476914540962	0.5806581845950751
severely_unequal	dyadic	8.0	sqrt_rooms	standardized_max	600	120	0.2	0.1699473686822437	0.23386965192597675	0.5806581845950751
severely_unequal	mixed_covariate	0.0	building_equal	cv_retrained	600	116	0.19333333333333333	0.16372559988686522	0.22684291006820453	0.4999999999999999
severely_unequal	mixed_covariate	0.0	building_equal	cv_standardized	600	203	0.3383333333333333	0.3016098164666039	0.3771138001944927	0.4999999999999999
severely_unequal	mixed_covariate	0.0	building_equal	mantel	600	273	0.455	0.41556695173850283	0.49500560135273036	0.4999999999999999
severely_unequal	mixed_covariate	0.0	building_equal	nested_max	600	263	0.43833333333333335	0.39914803065478444	0.4783032458035721	0.4999999999999999
severely_unequal	mixed_covariate	0.0	building_equal	profile	600	262	0.43666666666666665	0.3975086075432834	0.47663054125178544	0.4999999999999999
severely_unequal	mixed_covariate	0.0	building_equal	standardized_max	600	277	0.46166666666666667	0.42214702401068854	0.5016740397336954	0.4999999999999999
severely_unequal	mixed_covariate	0.0	room_equal	cv_retrained	600	261	0.435	0.39586963546960807	0.47495738566217316	0.5
severely_unequal	mixed_covariate	0.0	room_equal	cv_standardized	600	276	0.46	0.4205013387827536	0.5000075972983427	0.5
severely_unequal	mixed_covariate	0.0	room_equal	mantel	600	273	0.455	0.41556695173850283	0.49500560135273036	0.5
severely_unequal	mixed_covariate	0.0	room_equal	nested_max	600	263	0.43833333333333335	0.39914803065478444	0.4783032458035721	0.5
severely_unequal	mixed_covariate	0.0	room_equal	profile	600	262	0.43666666666666665	0.3975086075432834	0.47663054125178544	0.5
severely_unequal	mixed_covariate	0.0	room_equal	standardized_max	600	277	0.46166666666666667	0.42214702401068854	0.5016740397336954	0.5
severely_unequal	mixed_covariate	0.0	sqrt_rooms	cv_retrained	600	190	0.31666666666666665	0.2807120720494366	0.35495388498892033	0.5
severely_unequal	mixed_covariate	0.0	sqrt_rooms	cv_standardized	600	262	0.43666666666666665	0.3975086075432834	0.47663054125178544	0.5
severely_unequal	mixed_covariate	0.0	sqrt_rooms	mantel	600	273	0.455	0.41556695173850283	0.49500560135273036	0.5
severely_unequal	mixed_covariate	0.0	sqrt_rooms	nested_max	600	263	0.43833333333333335	0.39914803065478444	0.4783032458035721	0.5
severely_unequal	mixed_covariate	0.0	sqrt_rooms	profile	600	262	0.43666666666666665	0.3975086075432834	0.47663054125178544	0.5
severely_unequal	mixed_covariate	0.0	sqrt_rooms	standardized_max	600	277	0.46166666666666667	0.42214702401068854	0.5016740397336954	0.5
severely_unequal	mixed_covariate	0.1	building_equal	cv_retrained	600	115	0.19166666666666668	0.16217235781384298	0.22508402447793918	0.50132168775312
severely_unequal	mixed_covariate	0.1	building_equal	cv_standardized	600	202	0.33666666666666667	0.2999991284980691	0.3754123604997399	0.5001051035033328
severely_unequal	mixed_covariate	0.1	building_equal	mantel	600	273	0.455	0.41556695173850283	0.49500560135273036	0.50132168775312
severely_unequal	mixed_covariate	0.1	building_equal	nested_max	600	263	0.43833333333333335	0.39914803065478444	0.4783032458035721	0.50132168775312
severely_unequal	mixed_covariate	0.1	building_equal	profile	600	262	0.43666666666666665	0.3975086075432834	0.47663054125178544	0.50132168775312
severely_unequal	mixed_covariate	0.1	building_equal	standardized_max	600	277	0.46166666666666667	0.42214702401068854	0.5016740397336954	0.50132168775312
severely_unequal	mixed_covariate	0.1	room_equal	cv_retrained	600	262	0.43666666666666665	0.3975086075432834	0.47663054125178544	0.501471675814572
severely_unequal	mixed_covariate	0.1	room_equal	cv_standardized	600	277	0.46166666666666667	0.42214702401068854	0.5016740397336954	0.49932943640975774
severely_unequal	mixed_covariate	0.1	room_equal	mantel	600	273	0.455	0.41556695173850283	0.49500560135273036	0.501471675814572
severely_unequal	mixed_covariate	0.1	room_equal	nested_max	600	263	0.43833333333333335	0.39914803065478444	0.4783032458035721	0.501471675814572
severely_unequal	mixed_covariate	0.1	room_equal	profile	600	262	0.43666666666666665	0.3975086075432834	0.47663054125178544	0.501471675814572
severely_unequal	mixed_covariate	0.1	room_equal	standardized_max	600	277	0.46166666666666667	0.42214702401068854	0.5016740397336954	0.501471675814572
severely_unequal	mixed_covariate	0.1	sqrt_rooms	cv_retrained	600	189	0.315	0.279108313899091	0.3532455154759783	0.5014175129694028
severely_unequal	mixed_covariate	0.1	sqrt_rooms	cv_standardized	600	264	0.44	0.40078790423541655	0.4799754998862277	0.4997301739353672
severely_unequal	mixed_covariate	0.1	sqrt_rooms	mantel	600	273	0.455	0.41556695173850283	0.49500560135273036	0.5014175129694028
severely_unequal	mixed_covariate	0.1	sqrt_rooms	nested_max	600	263	0.43833333333333335	0.39914803065478444	0.4783032458035721	0.5014175129694028
severely_unequal	mixed_covariate	0.1	sqrt_rooms	profile	600	262	0.43666666666666665	0.3975086075432834	0.47663054125178544	0.5014175129694028
severely_unequal	mixed_covariate	0.1	sqrt_rooms	standardized_max	600	277	0.46166666666666667	0.42214702401068854	0.5016740397336954	0.5014175129694028
severely_unequal	mixed_covariate	0.25	building_equal	cv_retrained	600	117	0.195	0.165279730474359	0.22860090714399844	0.5033034469648212
severely_unequal	mixed_covariate	0.25	building_equal	cv_standardized	600	204	0.34	0.3032210234679822	0.3788147208564022	0.500272342546739
severely_unequal	mixed_covariate	0.25	building_equal	mantel	600	273	0.455	0.41556695173850283	0.49500560135273036	0.5033034469648212
severely_unequal	mixed_covariate	0.25	building_equal	nested_max	600	263	0.43833333333333335	0.39914803065478444	0.4783032458035721	0.5033034469648212
severely_unequal	mixed_covariate	0.25	building_equal	profile	600	262	0.43666666666666665	0.3975086075432834	0.47663054125178544	0.5033034469648212
severely_unequal	mixed_covariate	0.25	building_equal	standardized_max	600	277	0.46166666666666667	0.42214702401068854	0.5016740397336954	0.5033034469648212
severely_unequal	mixed_covariate	0.25	room_equal	cv_retrained	600	261	0.435	0.39586963546960807	0.47495738566217316	0.5036784873889942
severely_unequal	mixed_covariate	0.25	room_equal	cv_standardized	600	279	0.465	0.42543972667536817	0.5050055923955911	0.49833769691753826
severely_unequal	mixed_covariate	0.25	room_equal	mantel	600	273	0.455	0.41556695173850283	0.49500560135273036	0.5036784873889942
severely_unequal	mixed_covariate	0.25	room_equal	nested_max	600	263	0.43833333333333335	0.39914803065478444	0.4783032458035721	0.5036784873889942
severely_unequal	mixed_covariate	0.25	room_equal	profile	600	262	0.43666666666666665	0.3975086075432834	0.47663054125178544	0.5036784873889942
severely_unequal	mixed_covariate	0.25	room_equal	standardized_max	600	277	0.46166666666666667	0.42214702401068854	0.5016740397336954	0.5036784873889942
severely_unequal	mixed_covariate	0.25	sqrt_rooms	cv_retrained	600	189	0.315	0.279108313899091	0.3532455154759783	0.5035430064930662
severely_unequal	mixed_covariate	0.25	sqrt_rooms	cv_standardized	600	261	0.435	0.39586963546960807	0.47495738566217316	0.4993343909164134
severely_unequal	mixed_covariate	0.25	sqrt_rooms	mantel	600	273	0.455	0.41556695173850283	0.49500560135273036	0.5035430064930662
severely_unequal	mixed_covariate	0.25	sqrt_rooms	nested_max	600	263	0.43833333333333335	0.39914803065478444	0.4783032458035721	0.5035430064930662
severely_unequal	mixed_covariate	0.25	sqrt_rooms	profile	600	262	0.43666666666666665	0.3975086075432834	0.47663054125178544	0.5035430064930662
severely_unequal	mixed_covariate	0.25	sqrt_rooms	standardized_max	600	277	0.46166666666666667	0.42214702401068854	0.5016740397336954	0.5035430064930662
severely_unequal	mixed_covariate	0.5	building_equal	cv_retrained	600	119	0.19833333333333333	0.1683906231563487	0.2321142697885841	0.5066013827144883
severely_unequal	mixed_covariate	0.5	building_equal	cv_standardized	600	204	0.34	0.3032210234679822	0.3788147208564022	0.500609666476884
severely_unequal	mixed_covariate	0.5	building_equal	mantel	600	273	0.455	0.41556695173850283	0.49500560135273036	0.5066013827144883
severely_unequal	mixed_covariate	0.5	building_equal	nested_max	600	263	0.43833333333333335	0.39914803065478444	0.4783032458035721	0.5066013827144883
severely_unequal	mixed_covariate	0.5	building_equal	profile	600	262	0.43666666666666665	0.3975086075432834	0.47663054125178544	0.5066013827144883
severely_unequal	mixed_covariate	0.5	building_equal	standardized_max	600	277	0.46166666666666667	0.42214702401068854	0.5016740397336954	0.5066013827144883
severely_unequal	mixed_covariate	0.5	room_equal	cv_retrained	600	260	0.43333333333333335	0.39423111501886426	0.47328377844962927	0.5073519672723676
severely_unequal	mixed_covariate	0.5	room_equal	cv_standardized	600	276	0.46	0.4205013387827536	0.5000075972983427	0.49677159192962034
severely_unequal	mixed_covariate	0.5	room_equal	mantel	600	273	0.455	0.41556695173850283	0.49500560135273036	0.5073519672723676
severely_unequal	mixed_covariate	0.5	room_equal	nested_max	600	263	0.43833333333333335	0.39914803065478444	0.4783032458035721	0.5073519672723676
severely_unequal	mixed_covariate	0.5	room_equal	profile	600	262	0.43666666666666665	0.3975086075432834	0.47663054125178544	0.5073519672723676
severely_unequal	mixed_covariate	0.5	room_equal	standardized_max	600	277	0.46166666666666667	0.42214702401068854	0.5016740397336954	0.5073519672723676
severely_unequal	mixed_covariate	0.5	sqrt_rooms	cv_retrained	600	186	0.31	0.27430033852750413	0.3481171078577022	0.5070804798457457
severely_unequal	mixed_covariate	0.5	sqrt_rooms	cv_standardized	600	256	0.4266666666666667	0.38768156172753276	0.4665848210878102	0.49873024111527287
severely_unequal	mixed_covariate	0.5	sqrt_rooms	mantel	600	273	0.455	0.41556695173850283	0.49500560135273036	0.5070804798457457
severely_unequal	mixed_covariate	0.5	sqrt_rooms	nested_max	600	263	0.43833333333333335	0.39914803065478444	0.4783032458035721	0.5070804798457457
severely_unequal	mixed_covariate	0.5	sqrt_rooms	profile	600	262	0.43666666666666665	0.3975086075432834	0.47663054125178544	0.5070804798457457
severely_unequal	mixed_covariate	0.5	sqrt_rooms	standardized_max	600	277	0.46166666666666667	0.42214702401068854	0.5016740397336954	0.5070804798457457
severely_unequal	mixed_covariate	1.0	building_equal	cv_retrained	600	116	0.19333333333333333	0.16372559988686522	0.22684291006820453	0.5131588675962907
severely_unequal	mixed_covariate	1.0	building_equal	cv_standardized	600	192	0.32	0.28392122394605246	0.3583689884188799	0.5016494714931405
severely_unequal	mixed_covariate	1.0	building_equal	mantel	600	273	0.455	0.41556695173850283	0.49500560135273036	0.5131588675962907
severely_unequal	mixed_covariate	1.0	building_equal	nested_max	600	263	0.43833333333333335	0.39914803065478444	0.4783032458035721	0.5131588675962907
severely_unequal	mixed_covariate	1.0	building_equal	profile	600	262	0.43666666666666665	0.3975086075432834	0.47663054125178544	0.5131588675962907
severely_unequal	mixed_covariate	1.0	building_equal	standardized_max	600	277	0.46166666666666667	0.42214702401068854	0.5016740397336954	0.5131588675962907
severely_unequal	mixed_covariate	1.0	room_equal	cv_retrained	600	256	0.4266666666666667	0.38768156172753276	0.4665848210878102	0.5146641173264848
severely_unequal	mixed_covariate	1.0	room_equal	cv_standardized	600	271	0.45166666666666666	0.4122795880670931	0.4916687096975647	0.49419614869359835
severely_unequal	mixed_covariate	1.0	room_equal	mantel	600	273	0.455	0.41556695173850283	0.49500560135273036	0.5146641173264848
severely_unequal	mixed_covariate	1.0	room_equal	nested_max	600	263	0.43833333333333335	0.39914803065478444	0.4783032458035721	0.5146641173264848
severely_unequal	mixed_covariate	1.0	room_equal	profile	600	262	0.43666666666666665	0.3975086075432834	0.47663054125178544	0.5146641173264848
severely_unequal	mixed_covariate	1.0	room_equal	standardized_max	600	277	0.46166666666666667	0.42214702401068854	0.5016740397336954	0.5146641173264848
severely_unequal	mixed_covariate	1.0	sqrt_rooms	cv_retrained	600	182	0.30333333333333334	0.2678974928892395	0.3412714428428163	0.5141169806469573
severely_unequal	mixed_covariate	1.0	sqrt_rooms	cv_standardized	600	258	0.43	0.39095543140926775	0.4699352067326505	0.49788572032615247
severely_unequal	mixed_covariate	1.0	sqrt_rooms	mantel	600	273	0.455	0.41556695173850283	0.49500560135273036	0.5141169806469573
severely_unequal	mixed_covariate	1.0	sqrt_rooms	nested_max	600	263	0.43833333333333335	0.39914803065478444	0.4783032458035721	0.5141169806469573
severely_unequal	mixed_covariate	1.0	sqrt_rooms	profile	600	262	0.43666666666666665	0.3975086075432834	0.47663054125178544	0.5141169806469573
severely_unequal	mixed_covariate	1.0	sqrt_rooms	standardized_max	600	277	0.46166666666666667	0.42214702401068854	0.5016740397336954	0.5141169806469573
severely_unequal	mixed_covariate	16.0	building_equal	cv_retrained	600	96	0.16	0.13284248906564322	0.1914834676236733	0.6166411291352705
severely_unequal	mixed_covariate	16.0	building_equal	cv_standardized	600	142	0.23666666666666666	0.2043995651449481	0.272284264055601	0.5241079700207599
severely_unequal	mixed_covariate	16.0	building_equal	mantel	600	273	0.455	0.41556695173850283	0.49500560135273036	0.6166411291352705
severely_unequal	mixed_covariate	16.0	building_equal	nested_max	600	263	0.43833333333333335	0.39914803065478444	0.4783032458035721	0.6166411291352705
severely_unequal	mixed_covariate	16.0	building_equal	profile	600	262	0.43666666666666665	0.3975086075432834	0.47663054125178544	0.6166411291352705
severely_unequal	mixed_covariate	16.0	building_equal	standardized_max	600	277	0.46166666666666667	0.42214702401068854	0.5016740397336954	0.6166411291352705
severely_unequal	mixed_covariate	16.0	room_equal	cv_retrained	600	188	0.31333333333333335	0.2775051040209626	0.35153659769081913	0.643574716769227
severely_unequal	mixed_covariate	16.0	room_equal	cv_standardized	600	236	0.3933333333333333	0.3550439316889931	0.4329798978605964	0.49258085123716455
severely_unequal	mixed_covariate	16.0	room_equal	mantel	600	273	0.455	0.41556695173850283	0.49500560135273036	0.643574716769227
severely_unequal	mixed_covariate	16.0	room_equal	nested_max	600	263	0.43833333333333335	0.39914803065478444	0.4783032458035721	0.643574716769227
severely_unequal	mixed_covariate	16.0	room_equal	profile	600	262	0.43666666666666665	0.3975086075432834	0.47663054125178544	0.643574716769227
severely_unequal	mixed_covariate	16.0	room_equal	standardized_max	600	277	0.46166666666666667	0.42214702401068854	0.5016740397336954	0.643574716769227
severely_unequal	mixed_covariate	16.0	sqrt_rooms	cv_retrained	600	137	0.22833333333333333	0.19653696364484088	0.26358622723926983	0.6318651409007526
severely_unequal	mixed_covariate	16.0	sqrt_rooms	cv_standardized	600	207	0.345	0.3080577403603192	0.3839143869539281	0.5096377938873827
severely_unequal	mixed_covariate	16.0	sqrt_rooms	mantel	600	273	0.455	0.41556695173850283	0.49500560135273036	0.6318651409007526
severely_unequal	mixed_covariate	16.0	sqrt_rooms	nested_max	600	263	0.43833333333333335	0.39914803065478444	0.4783032458035721	0.6318651409007526
severely_unequal	mixed_covariate	16.0	sqrt_rooms	profile	600	262	0.43666666666666665	0.3975086075432834	0.47663054125178544	0.6318651409007526
severely_unequal	mixed_covariate	16.0	sqrt_rooms	standardized_max	600	277	0.46166666666666667	0.42214702401068854	0.5016740397336954	0.6318651409007526
severely_unequal	mixed_covariate	2.0	building_equal	cv_retrained	600	113	0.18833333333333332	0.15906857437151636	0.2215635525936904	0.5259729562591812
severely_unequal	mixed_covariate	2.0	building_equal	cv_standardized	600	175	0.2916666666666667	0.2567143926453856	0.3292696494436565	0.5051548792449769
severely_unequal	mixed_covariate	2.0	building_equal	mantel	600	273	0.455	0.41556695173850283	0.49500560135273036	0.5259729562591812
severely_unequal	mixed_covariate	2.0	building_equal	nested_max	600	263	0.43833333333333335	0.39914803065478444	0.4783032458035721	0.5259729562591812
severely_unequal	mixed_covariate	2.0	building_equal	profile	600	262	0.43666666666666665	0.3975086075432834	0.47663054125178544	0.5259729562591812
severely_unequal	mixed_covariate	2.0	building_equal	standardized_max	600	277	0.46166666666666667	0.42214702401068854	0.5016740397336954	0.5259729562591812
severely_unequal	mixed_covariate	2.0	room_equal	cv_retrained	600	251	0.41833333333333333	0.3795048587973414	0.45820088570156314	0.5290172264374855
severely_unequal	mixed_covariate	2.0	room_equal	cv_standardized	600	264	0.44	0.40078790423541655	0.4799754998862277	0.49155735938380246
severely_unequal	mixed_covariate	2.0	room_equal	mantel	600	273	0.455	0.41556695173850283	0.49500560135273036	0.5290172264374855
severely_unequal	mixed_covariate	2.0	room_equal	nested_max	600	263	0.43833333333333335	0.39914803065478444	0.4783032458035721	0.5290172264374855
severely_unequal	mixed_covariate	2.0	room_equal	profile	600	262	0.43666666666666665	0.3975086075432834	0.47663054125178544	0.5290172264374855
severely_unequal	mixed_covariate	2.0	room_equal	standardized_max	600	277	0.46166666666666667	0.42214702401068854	0.5016740397336954	0.5290172264374855
severely_unequal	mixed_covariate	2.0	sqrt_rooms	cv_retrained	600	185	0.30833333333333335	0.27269878773134837	0.3464065309905704	0.5278910273522376
severely_unequal	mixed_covariate	2.0	sqrt_rooms	cv_standardized	600	240	0.4	0.3615565979992341	0.4397157422035062	0.4979063334262394
severely_unequal	mixed_covariate	2.0	sqrt_rooms	mantel	600	273	0.455	0.41556695173850283	0.49500560135273036	0.5278910273522376
severely_unequal	mixed_covariate	2.0	sqrt_rooms	nested_max	600	263	0.43833333333333335	0.39914803065478444	0.4783032458035721	0.5278910273522376
severely_unequal	mixed_covariate	2.0	sqrt_rooms	profile	600	262	0.43666666666666665	0.3975086075432834	0.47663054125178544	0.5278910273522376
severely_unequal	mixed_covariate	2.0	sqrt_rooms	standardized_max	600	277	0.46166666666666667	0.42214702401068854	0.5016740397336954	0.5278910273522376
severely_unequal	mixed_covariate	4.0	building_equal	cv_retrained	600	108	0.18	0.1513253010749538	0.2127461875738147	0.5494035320012596
severely_unequal	mixed_covariate	4.0	building_equal	cv_standardized	600	152	0.25333333333333335	0.22017772693261672	0.28962737890080903	0.5128822350199865
severely_unequal	mixed_covariate	4.0	building_equal	mantel	600	273	0.455	0.41556695173850283	0.49500560135273036	0.5494035320012596
severely_unequal	mixed_covariate	4.0	building_equal	nested_max	600	263	0.43833333333333335	0.39914803065478444	0.4783032458035721	0.5494035320012596
severely_unequal	mixed_covariate	4.0	building_equal	profile	600	262	0.43666666666666665	0.3975086075432834	0.47663054125178544	0.5494035320012596
severely_unequal	mixed_covariate	4.0	building_equal	standardized_max	600	277	0.46166666666666667	0.42214702401068854	0.5016740397336954	0.5494035320012596
severely_unequal	mixed_covariate	4.0	room_equal	cv_retrained	600	244	0.4066666666666667	0.36807675129565204	0.44644409956023884	0.5557603587839746
severely_unequal	mixed_covariate	4.0	room_equal	cv_standardized	600	251	0.41833333333333333	0.3795048587973414	0.45820088570156314	0.49123349302249325
severely_unequal	mixed_covariate	4.0	room_equal	mantel	600	273	0.455	0.41556695173850283	0.49500560135273036	0.5557603587839746
severely_unequal	mixed_covariate	4.0	room_equal	nested_max	600	263	0.43833333333333335	0.39914803065478444	0.4783032458035721	0.5557603587839746
severely_unequal	mixed_covariate	4.0	room_equal	profile	600	262	0.43666666666666665	0.3975086075432834	0.47663054125178544	0.5557603587839746
severely_unequal	mixed_covariate	4.0	room_equal	standardized_max	600	277	0.46166666666666667	0.42214702401068854	0.5016740397336954	0.5557603587839746
severely_unequal	mixed_covariate	4.0	sqrt_rooms	cv_retrained	600	164	0.2733333333333333	0.23919928040395344	0.3103513573889243	0.5532930961479366
severely_unequal	mixed_covariate	4.0	sqrt_rooms	cv_standardized	600	217	0.3616666666666667	0.3242131462017227	0.40088025774540126	0.5011227364159048
severely_unequal	mixed_covariate	4.0	sqrt_rooms	mantel	600	273	0.455	0.41556695173850283	0.49500560135273036	0.5532930961479366
severely_unequal	mixed_covariate	4.0	sqrt_rooms	nested_max	600	263	0.43833333333333335	0.39914803065478444	0.4783032458035721	0.5532930961479366
severely_unequal	mixed_covariate	4.0	sqrt_rooms	profile	600	262	0.43666666666666665	0.3975086075432834	0.47663054125178544	0.5532930961479366
severely_unequal	mixed_covariate	4.0	sqrt_rooms	standardized_max	600	277	0.46166666666666667	0.42214702401068854	0.5016740397336954	0.5532930961479366
severely_unequal	mixed_covariate	8.0	building_equal	cv_retrained	600	94	0.15666666666666668	0.12977693221733155	0.18792476914540962	0.5840229745822811
severely_unequal	mixed_covariate	8.0	building_equal	cv_standardized	600	142	0.23666666666666666	0.2043995651449481	0.272284264055601	0.5207316150159954
severely_unequal	mixed_covariate	8.0	building_equal	mantel	600	273	0.455	0.41556695173850283	0.49500560135273036	0.5840229745822811
severely_unequal	mixed_covariate	8.0	building_equal	nested_max	600	263	0.43833333333333335	0.39914803065478444	0.4783032458035721	0.5840229745822811
severely_unequal	mixed_covariate	8.0	building_equal	profile	600	262	0.43666666666666665	0.3975086075432834	0.47663054125178544	0.5840229745822811
severely_unequal	mixed_covariate	8.0	building_equal	standardized_max	600	277	0.46166666666666667	0.42214702401068854	0.5016740397336954	0.5840229745822811
severely_unequal	mixed_covariate	8.0	room_equal	cv_retrained	600	214	0.3566666666666667	0.3193612486783071	0.39579577227895385	0.597964106716468
severely_unequal	mixed_covariate	8.0	room_equal	cv_standardized	600	243	0.405	0.3664460144054968	0.4447627087871065	0.4923770642764717
severely_unequal	mixed_covariate	8.0	room_equal	mantel	600	273	0.455	0.41556695173850283	0.49500560135273036	0.597964106716468
severely_unequal	mixed_covariate	8.0	room_equal	nested_max	600	263	0.43833333333333335	0.39914803065478444	0.4783032458035721	0.597964106716468
severely_unequal	mixed_covariate	8.0	room_equal	profile	600	262	0.43666666666666665	0.3975086075432834	0.47663054125178544	0.597964106716468
severely_unequal	mixed_covariate	8.0	room_equal	standardized_max	600	277	0.46166666666666667	0.42214702401068854	0.5016740397336954	0.597964106716468
severely_unequal	mixed_covariate	8.0	sqrt_rooms	cv_retrained	600	145	0.24166666666666667	0.20912573889505948	0.2774944732953526	0.5921590259814868
severely_unequal	mixed_covariate	8.0	sqrt_rooms	cv_standardized	600	213	0.355	0.3177449480721892	0.39409994522178404	0.5061747372324578
severely_unequal	mixed_covariate	8.0	sqrt_rooms	mantel	600	273	0.455	0.41556695173850283	0.49500560135273036	0.5921590259814868
severely_unequal	mixed_covariate	8.0	sqrt_rooms	nested_max	600	263	0.43833333333333335	0.39914803065478444	0.4783032458035721	0.5921590259814868
severely_unequal	mixed_covariate	8.0	sqrt_rooms	profile	600	262	0.43666666666666665	0.3975086075432834	0.47663054125178544	0.5921590259814868
severely_unequal	mixed_covariate	8.0	sqrt_rooms	standardized_max	600	277	0.46166666666666667	0.42214702401068854	0.5016740397336954	0.5921590259814868
severely_unequal	radial_node	0.0	building_equal	cv_retrained	600	135	0.225	0.193397072785709	0.2601018627718264	0.4999999999999999
severely_unequal	radial_node	0.0	building_equal	cv_standardized	600	233	0.3883333333333333	0.35016438390869076	0.42792306265103575	0.4999999999999999
severely_unequal	radial_node	0.0	building_equal	mantel	600	265	0.44166666666666665	0.40242822773279685	0.48164730405213496	0.4999999999999999
severely_unequal	radial_node	0.0	building_equal	nested_max	600	289	0.4816666666666667	0.44192980844556506	0.5216367872582708	0.4999999999999999
severely_unequal	radial_node	0.0	building_equal	profile	600	287	0.47833333333333333	0.4386282562988837	0.5183140840783768	0.4999999999999999
severely_unequal	radial_node	0.0	building_equal	standardized_max	600	282	0.47	0.43038210643040314	0.5099995956304189	0.4999999999999999
severely_unequal	radial_node	0.0	room_equal	cv_retrained	600	303	0.505	0.46509003678986993	0.5448463461999932	0.5
severely_unequal	radial_node	0.0	room_equal	cv_standardized	600	316	0.5266666666666666	0.486673282698568	0.5663207599140345	0.5
severely_unequal	radial_node	0.0	room_equal	mantel	600	265	0.44166666666666665	0.40242822773279685	0.48164730405213496	0.5
severely_unequal	radial_node	0.0	room_equal	nested_max	600	289	0.4816666666666667	0.44192980844556506	0.5216367872582708	0.5
severely_unequal	radial_node	0.0	room_equal	profile	600	287	0.47833333333333333	0.4386282562988837	0.5183140840783768	0.5
severely_unequal	radial_node	0.0	room_equal	standardized_max	600	282	0.47	0.43038210643040314	0.5099995956304189	0.5
severely_unequal	radial_node	0.0	sqrt_rooms	cv_retrained	600	219	0.365	0.32745022590284734	0.4042674333708519	0.5
severely_unequal	radial_node	0.0	sqrt_rooms	cv_standardized	600	305	0.5083333333333333	0.4684056871331418	0.5481549511832965	0.5
severely_unequal	radial_node	0.0	sqrt_rooms	mantel	600	265	0.44166666666666665	0.40242822773279685	0.48164730405213496	0.5
severely_unequal	radial_node	0.0	sqrt_rooms	nested_max	600	289	0.4816666666666667	0.44192980844556506	0.5216367872582708	0.5
severely_unequal	radial_node	0.0	sqrt_rooms	profile	600	287	0.47833333333333333	0.4386282562988837	0.5183140840783768	0.5
severely_unequal	radial_node	0.0	sqrt_rooms	standardized_max	600	282	0.47	0.43038210643040314	0.5099995956304189	0.5
severely_unequal	radial_node	0.1	building_equal	cv_retrained	600	135	0.225	0.193397072785709	0.2601018627718264	0.5003040407421054
severely_unequal	radial_node	0.1	building_equal	cv_standardized	600	231	0.385	0.34691372615333516	0.42454946507981617	0.49678312844779554
severely_unequal	radial_node	0.1	building_equal	mantel	600	265	0.44166666666666665	0.40242822773279685	0.48164730405213496	0.5003040407421054
severely_unequal	radial_node	0.1	building_equal	nested_max	600	289	0.4816666666666667	0.44192980844556506	0.5216367872582708	0.5003040407421054
severely_unequal	radial_node	0.1	building_equal	profile	600	287	0.47833333333333333	0.4386282562988837	0.5183140840783768	0.5003040407421054
severely_unequal	radial_node	0.1	building_equal	standardized_max	600	282	0.47	0.43038210643040314	0.5099995956304189	0.5003040407421054
severely_unequal	radial_node	0.1	room_equal	cv_retrained	600	299	0.49833333333333335	0.4584640202399897	0.5382238520967229	0.5007364720301096
severely_unequal	radial_node	0.1	room_equal	cv_standardized	600	315	0.525	0.48501038523653267	0.5646715297127823	0.49599059049356903
severely_unequal	radial_node	0.1	room_equal	mantel	600	265	0.44166666666666665	0.40242822773279685	0.48164730405213496	0.5007364720301096
severely_unequal	radial_node	0.1	room_equal	nested_max	600	289	0.4816666666666667	0.44192980844556506	0.5216367872582708	0.5007364720301096
severely_unequal	radial_node	0.1	room_equal	profile	600	287	0.47833333333333333	0.4386282562988837	0.5183140840783768	0.5007364720301096
severely_unequal	radial_node	0.1	room_equal	standardized_max	600	282	0.47	0.43038210643040314	0.5099995956304189	0.5007364720301096
severely_unequal	radial_node	0.1	sqrt_rooms	cv_retrained	600	218	0.36333333333333334	0.3258314389005266	0.40257409270988503	0.500545699903697
severely_unequal	radial_node	0.1	sqrt_rooms	cv_standardized	600	305	0.5083333333333333	0.4684056871331418	0.5481549511832965	0.49635903519742136
severely_unequal	radial_node	0.1	sqrt_rooms	mantel	600	265	0.44166666666666665	0.40242822773279685	0.48164730405213496	0.500545699903697
severely_unequal	radial_node	0.1	sqrt_rooms	nested_max	600	289	0.4816666666666667	0.44192980844556506	0.5216367872582708	0.500545699903697
severely_unequal	radial_node	0.1	sqrt_rooms	profile	600	287	0.47833333333333333	0.4386282562988837	0.5183140840783768	0.500545699903697
severely_unequal	radial_node	0.1	sqrt_rooms	standardized_max	600	282	0.47	0.43038210643040314	0.5099995956304189	0.500545699903697
severely_unequal	radial_node	0.25	building_equal	cv_retrained	600	136	0.22666666666666666	0.19496664476548947	0.26184441845533357	0.5007612688401865
severely_unequal	radial_node	0.25	building_equal	cv_standardized	600	229	0.38166666666666665	0.34366497817960107	0.42117395772697486	0.4920169490728908
severely_unequal	radial_node	0.25	building_equal	mantel	600	265	0.44166666666666665	0.40242822773279685	0.48164730405213496	0.5007612688401865
severely_unequal	radial_node	0.25	building_equal	nested_max	600	289	0.4816666666666667	0.44192980844556506	0.5216367872582708	0.5007612688401865
severely_unequal	radial_node	0.25	building_equal	profile	600	287	0.47833333333333333	0.4386282562988837	0.5183140840783768	0.5007612688401865
severely_unequal	radial_node	0.25	building_equal	standardized_max	600	282	0.47	0.43038210643040314	0.5099995956304189	0.5007612688401865
severely_unequal	radial_node	0.25	room_equal	cv_retrained	600	299	0.49833333333333335	0.4584640202399897	0.5382238520967229	0.5018411546195728
severely_unequal	radial_node	0.25	room_equal	cv_standardized	600	317	0.5283333333333333	0.4883366223287696	0.5679695479471206	0.49004841614283623
severely_unequal	radial_node	0.25	room_equal	mantel	600	265	0.44166666666666665	0.40242822773279685	0.48164730405213496	0.5018411546195728
severely_unequal	radial_node	0.25	room_equal	nested_max	600	289	0.4816666666666667	0.44192980844556506	0.5216367872582708	0.5018411546195728
severely_unequal	radial_node	0.25	room_equal	profile	600	287	0.47833333333333333	0.4386282562988837	0.5183140840783768	0.5018411546195728
severely_unequal	radial_node	0.25	room_equal	standardized_max	600	282	0.47	0.43038210643040314	0.5099995956304189	0.5018411546195728
severely_unequal	radial_node	0.25	sqrt_rooms	cv_retrained	600	215	0.35833333333333334	0.3209780495902078	0.39749109903034086	0.5013645582008985
severely_unequal	radial_node	0.25	sqrt_rooms	cv_standardized	600	304	0.5066666666666667	0.4667476417557157	0.5465008688974351	0.49095422855387105
severely_unequal	radial_node	0.25	sqrt_rooms	mantel	600	265	0.44166666666666665	0.40242822773279685	0.48164730405213496	0.5013645582008985
severely_unequal	radial_node	0.25	sqrt_rooms	nested_max	600	289	0.4816666666666667	0.44192980844556506	0.5216367872582708	0.5013645582008985
severely_unequal	radial_node	0.25	sqrt_rooms	profile	600	287	0.47833333333333333	0.4386282562988837	0.5183140840783768	0.5013645582008985
severely_unequal	radial_node	0.25	sqrt_rooms	standardized_max	600	282	0.47	0.43038210643040314	0.5099995956304189	0.5013645582008985
severely_unequal	radial_node	0.5	building_equal	cv_retrained	600	136	0.22666666666666666	0.19496664476548947	0.26184441845533357	0.5015307544748996
severely_unequal	radial_node	0.5	building_equal	cv_standardized	600	233	0.3883333333333333	0.35016438390869076	0.42792306265103575	0.48443246255532224
severely_unequal	radial_node	0.5	building_equal	mantel	600	265	0.44166666666666665	0.40242822773279685	0.48164730405213496	0.5015307544748996
severely_unequal	radial_node	0.5	building_equal	nested_max	600	289	0.4816666666666667	0.44192980844556506	0.5216367872582708	0.5015307544748996
severely_unequal	radial_node	0.5	building_equal	profile	600	287	0.47833333333333333	0.4386282562988837	0.5183140840783768	0.5015307544748996
severely_unequal	radial_node	0.5	building_equal	standardized_max	600	282	0.47	0.43038210643040314	0.5099995956304189	0.5015307544748996
severely_unequal	radial_node	0.5	room_equal	cv_retrained	600	295	0.49166666666666664	0.4518450488167035	0.5315943128668582	0.5036821120965204
severely_unequal	radial_node	0.5	room_equal	cv_standardized	600	319	0.5316666666666666	0.4916646290783818	0.5712657965240838	0.48058035703430996
severely_unequal	radial_node	0.5	room_equal	mantel	600	265	0.44166666666666665	0.40242822773279685	0.48164730405213496	0.5036821120965204
severely_unequal	radial_node	0.5	room_equal	nested_max	600	289	0.4816666666666667	0.44192980844556506	0.5216367872582708	0.5036821120965204
severely_unequal	radial_node	0.5	room_equal	profile	600	287	0.47833333333333333	0.4386282562988837	0.5183140840783768	0.5036821120965204
severely_unequal	radial_node	0.5	room_equal	standardized_max	600	282	0.47	0.43038210643040314	0.5099995956304189	0.5036821120965204
severely_unequal	radial_node	0.5	sqrt_rooms	cv_retrained	600	217	0.3616666666666667	0.3242131462017227	0.40088025774540126	0.5027312807007618
severely_unequal	radial_node	0.5	sqrt_rooms	cv_standardized	600	303	0.505	0.46509003678986993	0.5448463461999932	0.48229295804406347
severely_unequal	radial_node	0.5	sqrt_rooms	mantel	600	265	0.44166666666666665	0.40242822773279685	0.48164730405213496	0.5027312807007618
severely_unequal	radial_node	0.5	sqrt_rooms	nested_max	600	289	0.4816666666666667	0.44192980844556506	0.5216367872582708	0.5027312807007618
severely_unequal	radial_node	0.5	sqrt_rooms	profile	600	287	0.47833333333333333	0.4386282562988837	0.5183140840783768	0.5027312807007618
severely_unequal	radial_node	0.5	sqrt_rooms	standardized_max	600	282	0.47	0.43038210643040314	0.5099995956304189	0.5027312807007618
severely_unequal	radial_node	1.0	building_equal	cv_retrained	600	138	0.23	0.1981080237072888	0.26532729484010964	0.5031237532224592
severely_unequal	radial_node	1.0	building_equal	cv_standardized	600	224	0.37333333333333335	0.33555152599322907	0.41272677159690857	0.4714975058998802
severely_unequal	radial_node	1.0	building_equal	mantel	600	265	0.44166666666666665	0.40242822773279685	0.48164730405213496	0.5031237532224592
severely_unequal	radial_node	1.0	building_equal	nested_max	600	289	0.4816666666666667	0.44192980844556506	0.5216367872582708	0.5031237532224592
severely_unequal	radial_node	1.0	building_equal	profile	600	287	0.47833333333333333	0.4386282562988837	0.5183140840783768	0.5031237532224592
severely_unequal	radial_node	1.0	building_equal	standardized_max	600	282	0.47	0.43038210643040314	0.5099995956304189	0.5031237532224592
severely_unequal	radial_node	1.0	room_equal	cv_retrained	600	293	0.48833333333333334	0.4485382057569833	0.5282769006000032	0.507362186609138
severely_unequal	radial_node	1.0	room_equal	cv_standardized	600	314	0.5233333333333333	0.4833479297151148	0.5630218575709125	0.46432608346710574
severely_unequal	radial_node	1.0	room_equal	mantel	600	265	0.44166666666666665	0.40242822773279685	0.48164730405213496	0.507362186609138
severely_unequal	radial_node	1.0	room_equal	nested_max	600	289	0.4816666666666667	0.44192980844556506	0.5216367872582708	0.507362186609138
severely_unequal	radial_node	1.0	room_equal	profile	600	287	0.47833333333333333	0.4386282562988837	0.5183140840783768	0.507362186609138
severely_unequal	radial_node	1.0	room_equal	standardized_max	600	282	0.47	0.43038210643040314	0.5099995956304189	0.507362186609138
severely_unequal	radial_node	1.0	sqrt_rooms	cv_retrained	600	214	0.3566666666666667	0.3193612486783071	0.39579577227895385	0.5054787170282471
severely_unequal	radial_node	1.0	sqrt_rooms	cv_standardized	600	300	0.5	0.4601198639241893	0.5398801360758106	0.46717338535141095
severely_unequal	radial_node	1.0	sqrt_rooms	mantel	600	265	0.44166666666666665	0.40242822773279685	0.48164730405213496	0.5054787170282471
severely_unequal	radial_node	1.0	sqrt_rooms	nested_max	600	289	0.4816666666666667	0.44192980844556506	0.5216367872582708	0.5054787170282471
severely_unequal	radial_node	1.0	sqrt_rooms	profile	600	287	0.47833333333333333	0.4386282562988837	0.5183140840783768	0.5054787170282471
severely_unequal	radial_node	1.0	sqrt_rooms	standardized_max	600	282	0.47	0.43038210643040314	0.5099995956304189	0.5054787170282471
severely_unequal	radial_node	16.0	building_equal	cv_retrained	600	111	0.185	0.15596845243160834	0.21803941920702313	0.5501836575162729
severely_unequal	radial_node	16.0	building_equal	cv_standardized	600	188	0.31333333333333335	0.2775051040209626	0.35153659769081913	0.4459021783925687
severely_unequal	radial_node	16.0	building_equal	mantel	600	265	0.44166666666666665	0.40242822773279685	0.48164730405213496	0.5501836575162729
severely_unequal	radial_node	16.0	building_equal	nested_max	600	289	0.4816666666666667	0.44192980844556506	0.5216367872582708	0.5501836575162729
severely_unequal	radial_node	16.0	building_equal	profile	600	287	0.47833333333333333	0.4386282562988837	0.5183140840783768	0.5501836575162729
severely_unequal	radial_node	16.0	building_equal	standardized_max	600	282	0.47	0.43038210643040314	0.5099995956304189	0.5501836575162729
severely_unequal	radial_node	16.0	room_equal	cv_retrained	600	236	0.3933333333333333	0.3550439316889931	0.4329798978605964	0.5786592627456001
severely_unequal	radial_node	16.0	room_equal	cv_standardized	600	280	0.4666666666666667	0.427086743461777	0.5066707032724699	0.41745573276064124
severely_unequal	radial_node	16.0	room_equal	mantel	600	265	0.44166666666666665	0.40242822773279685	0.48164730405213496	0.5786592627456001
severely_unequal	radial_node	16.0	room_equal	nested_max	600	289	0.4816666666666667	0.44192980844556506	0.5216367872582708	0.5786592627456001
severely_unequal	radial_node	16.0	room_equal	profile	600	287	0.47833333333333333	0.4386282562988837	0.5183140840783768	0.5786592627456001
severely_unequal	radial_node	16.0	room_equal	standardized_max	600	282	0.47	0.43038210643040314	0.5099995956304189	0.5786592627456001
severely_unequal	radial_node	16.0	sqrt_rooms	cv_retrained	600	167	0.2783333333333333	0.24396887405645667	0.31551814672628403	0.564308936311476
severely_unequal	radial_node	16.0	sqrt_rooms	cv_standardized	600	245	0.4083333333333333	0.3697079523785386	0.44812502614064	0.4243144991670126
severely_unequal	radial_node	16.0	sqrt_rooms	mantel	600	265	0.44166666666666665	0.40242822773279685	0.48164730405213496	0.564308936311476
severely_unequal	radial_node	16.0	sqrt_rooms	nested_max	600	289	0.4816666666666667	0.44192980844556506	0.5216367872582708	0.564308936311476
severely_unequal	radial_node	16.0	sqrt_rooms	profile	600	287	0.47833333333333333	0.4386282562988837	0.5183140840783768	0.564308936311476
severely_unequal	radial_node	16.0	sqrt_rooms	standardized_max	600	282	0.47	0.43038210643040314	0.5099995956304189	0.564308936311476
severely_unequal	radial_node	2.0	building_equal	cv_retrained	600	129	0.215	0.1839956600721617	0.24963050950564772	0.5066555790194192
severely_unequal	radial_node	2.0	building_equal	cv_standardized	600	212	0.35333333333333333	0.3161291493367635	0.3924036162939222	0.45550272826465377
severely_unequal	radial_node	2.0	building_equal	mantel	600	265	0.44166666666666665	0.40242822773279685	0.48164730405213496	0.5066555790194192
severely_unequal	radial_node	2.0	building_equal	nested_max	600	289	0.4816666666666667	0.44192980844556506	0.5216367872582708	0.5066555790194192
severely_unequal	radial_node	2.0	building_equal	profile	600	287	0.47833333333333333	0.4386282562988837	0.5183140840783768	0.5066555790194192
severely_unequal	radial_node	2.0	building_equal	standardized_max	600	282	0.47	0.43038210643040314	0.5099995956304189	0.5066555790194192
severely_unequal	radial_node	2.0	room_equal	cv_retrained	600	285	0.475	0.43532847028721766	0.5149896147634674	0.5146953606007516
severely_unequal	radial_node	2.0	room_equal	cv_standardized	600	308	0.5133333333333333	0.473382466464604	0.5531145548416971	0.4434309392379949
severely_unequal	radial_node	2.0	room_equal	mantel	600	265	0.44166666666666665	0.40242822773279685	0.48164730405213496	0.5146953606007516
severely_unequal	radial_node	2.0	room_equal	nested_max	600	289	0.4816666666666667	0.44192980844556506	0.5216367872582708	0.5146953606007516
severely_unequal	radial_node	2.0	room_equal	profile	600	287	0.47833333333333333	0.4386282562988837	0.5183140840783768	0.5146953606007516
severely_unequal	radial_node	2.0	room_equal	standardized_max	600	282	0.47	0.43038210643040314	0.5099995956304189	0.5146953606007516
severely_unequal	radial_node	2.0	sqrt_rooms	cv_retrained	600	209	0.34833333333333333	0.31128478040197904	0.38731160223884353	0.5110554770258499
severely_unequal	radial_node	2.0	sqrt_rooms	cv_standardized	600	290	0.48333333333333334	0.4435812463710465	0.5232974769960769	0.44710357357856995
severely_unequal	radial_node	2.0	sqrt_rooms	mantel	600	265	0.44166666666666665	0.40242822773279685	0.48164730405213496	0.5110554770258499
severely_unequal	radial_node	2.0	sqrt_rooms	nested_max	600	289	0.4816666666666667	0.44192980844556506	0.5216367872582708	0.5110554770258499
severely_unequal	radial_node	2.0	sqrt_rooms	profile	600	287	0.47833333333333333	0.4386282562988837	0.5183140840783768	0.5110554770258499
severely_unequal	radial_node	2.0	sqrt_rooms	standardized_max	600	282	0.47	0.43038210643040314	0.5099995956304189	0.5110554770258499
severely_unequal	radial_node	4.0	building_equal	cv_retrained	600	126	0.21	0.17930553513436756	0.24438425145357887	0.5150363918152833
severely_unequal	radial_node	4.0	building_equal	cv_standardized	600	198	0.33	0.2935616049379783	0.36860137340668003	0.4454963193201461
severely_unequal	radial_node	4.0	building_equal	mantel	600	265	0.44166666666666665	0.40242822773279685	0.48164730405213496	0.5150363918152833
severely_unequal	radial_node	4.0	building_equal	nested_max	600	289	0.4816666666666667	0.44192980844556506	0.5216367872582708	0.5150363918152833
severely_unequal	radial_node	4.0	building_equal	profile	600	287	0.47833333333333333	0.4386282562988837	0.5183140840783768	0.5150363918152833
severely_unequal	radial_node	4.0	building_equal	standardized_max	600	282	0.47	0.43038210643040314	0.5099995956304189	0.5150363918152833
severely_unequal	radial_node	4.0	room_equal	cv_retrained	600	277	0.46166666666666667	0.42214702401068854	0.5016740397336954	0.5289163696327761
severely_unequal	radial_node	4.0	room_equal	cv_standardized	600	306	0.51	0.47006417298781034	0.5498085929919156	0.4272609933402696
severely_unequal	radial_node	4.0	room_equal	mantel	600	265	0.44166666666666665	0.40242822773279685	0.48164730405213496	0.5289163696327761
severely_unequal	radial_node	4.0	room_equal	nested_max	600	289	0.4816666666666667	0.44192980844556506	0.5216367872582708	0.5289163696327761
severely_unequal	radial_node	4.0	room_equal	profile	600	287	0.47833333333333333	0.4386282562988837	0.5183140840783768	0.5289163696327761
severely_unequal	radial_node	4.0	room_equal	standardized_max	600	282	0.47	0.43038210643040314	0.5099995956304189	0.5289163696327761
severely_unequal	radial_node	4.0	sqrt_rooms	cv_retrained	600	190	0.31666666666666665	0.2807120720494366	0.35495388498892033	0.5223214011542016
severely_unequal	radial_node	4.0	sqrt_rooms	cv_standardized	600	271	0.45166666666666666	0.4122795880670931	0.4916687096975647	0.43156747094614606
severely_unequal	radial_node	4.0	sqrt_rooms	mantel	600	265	0.44166666666666665	0.40242822773279685	0.48164730405213496	0.5223214011542016
severely_unequal	radial_node	4.0	sqrt_rooms	nested_max	600	289	0.4816666666666667	0.44192980844556506	0.5216367872582708	0.5223214011542016
severely_unequal	radial_node	4.0	sqrt_rooms	profile	600	287	0.47833333333333333	0.4386282562988837	0.5183140840783768	0.5223214011542016
severely_unequal	radial_node	4.0	sqrt_rooms	standardized_max	600	282	0.47	0.43038210643040314	0.5099995956304189	0.5223214011542016
severely_unequal	radial_node	8.0	building_equal	cv_retrained	600	111	0.185	0.15596845243160834	0.21803941920702313	0.5316112859966922
severely_unequal	radial_node	8.0	building_equal	cv_standardized	600	190	0.31666666666666665	0.2807120720494366	0.35495388498892033	0.44431564200004203
severely_unequal	radial_node	8.0	building_equal	mantel	600	265	0.44166666666666665	0.40242822773279685	0.48164730405213496	0.5316112859966922
severely_unequal	radial_node	8.0	building_equal	nested_max	600	289	0.4816666666666667	0.44192980844556506	0.5216367872582708	0.5316112859966922
severely_unequal	radial_node	8.0	building_equal	profile	600	287	0.47833333333333333	0.4386282562988837	0.5183140840783768	0.5316112859966922
severely_unequal	radial_node	8.0	building_equal	standardized_max	600	282	0.47	0.43038210643040314	0.5099995956304189	0.5316112859966922
severely_unequal	radial_node	8.0	room_equal	cv_retrained	600	250	0.4166666666666667	0.37787089044454725	0.4565227263910697	0.5526105525318962
severely_unequal	radial_node	8.0	room_equal	cv_standardized	600	285	0.475	0.43532847028721766	0.5149896147634674	0.41987411071873215
severely_unequal	radial_node	8.0	room_equal	mantel	600	265	0.44166666666666665	0.40242822773279685	0.48164730405213496	0.5526105525318962
severely_unequal	radial_node	8.0	room_equal	nested_max	600	289	0.4816666666666667	0.44192980844556506	0.5216367872582708	0.5526105525318962
severely_unequal	radial_node	8.0	room_equal	profile	600	287	0.47833333333333333	0.4386282562988837	0.5183140840783768	0.5526105525318962
severely_unequal	radial_node	8.0	room_equal	standardized_max	600	282	0.47	0.43038210643040314	0.5099995956304189	0.5526105525318962
severely_unequal	radial_node	8.0	sqrt_rooms	cv_retrained	600	178	0.2966666666666667	0.2615036970694153	0.3344167280094898	0.5419466775661346
severely_unequal	radial_node	8.0	sqrt_rooms	cv_standardized	600	259	0.43166666666666664	0.3925930467926714	0.47160971901253446	0.42560984546572217
severely_unequal	radial_node	8.0	sqrt_rooms	mantel	600	265	0.44166666666666665	0.40242822773279685	0.48164730405213496	0.5419466775661346
severely_unequal	radial_node	8.0	sqrt_rooms	nested_max	600	289	0.4816666666666667	0.44192980844556506	0.5216367872582708	0.5419466775661346
severely_unequal	radial_node	8.0	sqrt_rooms	profile	600	287	0.47833333333333333	0.4386282562988837	0.5183140840783768	0.5419466775661346
severely_unequal	radial_node	8.0	sqrt_rooms	standardized_max	600	282	0.47	0.43038210643040314	0.5099995956304189	0.5419466775661346
severely_unequal	radial_node_size_only	0.0	building_equal	cv_retrained	600	245	0.4083333333333333	0.3697079523785386	0.44812502614064	0.4999999999999999
severely_unequal	radial_node_size_only	0.0	building_equal	cv_standardized	600	319	0.5316666666666666	0.4916646290783818	0.5712657965240838	0.4999999999999999
severely_unequal	radial_node_size_only	0.0	building_equal	mantel	600	399	0.665	0.6262896001039409	0.701611038561538	0.4999999999999999
severely_unequal	radial_node_size_only	0.0	building_equal	nested_max	600	413	0.6883333333333334	0.6501728707185476	0.7240975552329586	0.4999999999999999
severely_unequal	radial_node_size_only	0.0	building_equal	profile	600	413	0.6883333333333334	0.6501728707185476	0.7240975552329586	0.4999999999999999
severely_unequal	radial_node_size_only	0.0	building_equal	standardized_max	600	411	0.685	0.6467544845240217	0.720891686100909	0.4999999999999999
severely_unequal	radial_node_size_only	0.0	room_equal	cv_retrained	600	364	0.6066666666666667	0.5670201021394037	0.6449560683110069	0.5
severely_unequal	radial_node_size_only	0.0	room_equal	cv_standardized	600	347	0.5783333333333334	0.5384441701242652	0.6172258300502552	0.5
severely_unequal	radial_node_size_only	0.0	room_equal	mantel	600	399	0.665	0.6262896001039409	0.701611038561538	0.5
severely_unequal	radial_node_size_only	0.0	room_equal	nested_max	600	413	0.6883333333333334	0.6501728707185476	0.7240975552329586	0.5
severely_unequal	radial_node_size_only	0.0	room_equal	profile	600	413	0.6883333333333334	0.6501728707185476	0.7240975552329586	0.5
severely_unequal	radial_node_size_only	0.0	room_equal	standardized_max	600	411	0.685	0.6467544845240217	0.720891686100909	0.5
severely_unequal	radial_node_size_only	0.0	sqrt_rooms	cv_retrained	600	322	0.5366666666666666	0.49665996201147405	0.5762068465808545	0.5
severely_unequal	radial_node_size_only	0.0	sqrt_rooms	cv_standardized	600	351	0.585	0.5451558920932663	0.6237626187344044	0.5
severely_unequal	radial_node_size_only	0.0	sqrt_rooms	mantel	600	399	0.665	0.6262896001039409	0.701611038561538	0.5
severely_unequal	radial_node_size_only	0.0	sqrt_rooms	nested_max	600	413	0.6883333333333334	0.6501728707185476	0.7240975552329586	0.5
severely_unequal	radial_node_size_only	0.0	sqrt_rooms	profile	600	413	0.6883333333333334	0.6501728707185476	0.7240975552329586	0.5
severely_unequal	radial_node_size_only	0.0	sqrt_rooms	standardized_max	600	411	0.685	0.6467544845240217	0.720891686100909	0.5
severely_unequal	radial_node_size_only	0.1	building_equal	cv_retrained	600	244	0.4066666666666667	0.36807675129565204	0.44644409956023884	0.5030196714786179
severely_unequal	radial_node_size_only	0.1	building_equal	cv_standardized	600	321	0.535	0.4949944076044091	0.574560273324632	0.5033943947799482
severely_unequal	radial_node_size_only	0.1	building_equal	mantel	600	399	0.665	0.6262896001039409	0.701611038561538	0.5030196714786179
severely_unequal	radial_node_size_only	0.1	building_equal	nested_max	600	413	0.6883333333333334	0.6501728707185476	0.7240975552329586	0.5030196714786179
severely_unequal	radial_node_size_only	0.1	building_equal	profile	600	413	0.6883333333333334	0.6501728707185476	0.7240975552329586	0.5030196714786179
severely_unequal	radial_node_size_only	0.1	building_equal	standardized_max	600	411	0.685	0.6467544845240217	0.720891686100909	0.5030196714786179
severely_unequal	radial_node_size_only	0.1	room_equal	cv_retrained	600	363	0.605	0.5653354357075326	0.6433286070795903	0.5031398657316114
severely_unequal	radial_node_size_only	0.1	room_equal	cv_standardized	600	347	0.5783333333333334	0.5384441701242652	0.6172258300502552	0.5028610588781846
severely_unequal	radial_node_size_only	0.1	room_equal	mantel	600	399	0.665	0.6262896001039409	0.701611038561538	0.5031398657316114
severely_unequal	radial_node_size_only	0.1	room_equal	nested_max	600	413	0.6883333333333334	0.6501728707185476	0.7240975552329586	0.5031398657316114
severely_unequal	radial_node_size_only	0.1	room_equal	profile	600	413	0.6883333333333334	0.6501728707185476	0.7240975552329586	0.5031398657316114
severely_unequal	radial_node_size_only	0.1	room_equal	standardized_max	600	411	0.685	0.6467544845240217	0.720891686100909	0.5031398657316114
severely_unequal	radial_node_size_only	0.1	sqrt_rooms	cv_retrained	600	323	0.5383333333333333	0.4983259602663047	0.5778529759893115	0.5030833083425951
severely_unequal	radial_node_size_only	0.1	sqrt_rooms	cv_standardized	600	351	0.585	0.5451558920932663	0.6237626187344044	0.50307431206124
severely_unequal	radial_node_size_only	0.1	sqrt_rooms	mantel	600	399	0.665	0.6262896001039409	0.701611038561538	0.5030833083425951
severely_unequal	radial_node_size_only	0.1	sqrt_rooms	nested_max	600	413	0.6883333333333334	0.6501728707185476	0.7240975552329586	0.5030833083425951
severely_unequal	radial_node_size_only	0.1	sqrt_rooms	profile	600	413	0.6883333333333334	0.6501728707185476	0.7240975552329586	0.5030833083425951
severely_unequal	radial_node_size_only	0.1	sqrt_rooms	standardized_max	600	411	0.685	0.6467544845240217	0.720891686100909	0.5030833083425951
severely_unequal	radial_node_size_only	0.25	building_equal	cv_retrained	600	242	0.4033333333333333	0.36481574260936184	0.44308085291995375	0.5075464510221707
severely_unequal	radial_node_size_only	0.25	building_equal	cv_standardized	600	319	0.5316666666666666	0.4916646290783818	0.5712657965240838	0.5084703021359374
severely_unequal	radial_node_size_only	0.25	building_equal	mantel	600	399	0.665	0.6262896001039409	0.701611038561538	0.5075464510221707
severely_unequal	radial_node_size_only	0.25	building_equal	nested_max	600	413	0.6883333333333334	0.6501728707185476	0.7240975552329586	0.5075464510221707
severely_unequal	radial_node_size_only	0.25	building_equal	profile	600	413	0.6883333333333334	0.6501728707185476	0.7240975552329586	0.5075464510221707
severely_unequal	radial_node_size_only	0.25	building_equal	standardized_max	600	411	0.685	0.6467544845240217	0.720891686100909	0.5075464510221707
severely_unequal	radial_node_size_only	0.25	room_equal	cv_retrained	600	366	0.61	0.5703908518919303	0.6482095738850555	0.5078478620520047
severely_unequal	radial_node_size_only	0.25	room_equal	cv_standardized	600	345	0.575	0.5350910535977134	0.6139546912502314	0.5071410221006992
severely_unequal	radial_node_size_only	0.25	room_equal	mantel	600	399	0.665	0.6262896001039409	0.701611038561538	0.5078478620520047
severely_unequal	radial_node_size_only	0.25	room_equal	nested_max	600	413	0.6883333333333334	0.6501728707185476	0.7240975552329586	0.5078478620520047
severely_unequal	radial_node_size_only	0.25	room_equal	profile	600	413	0.6883333333333334	0.6501728707185476	0.7240975552329586	0.5078478620520047
severely_unequal	radial_node_size_only	0.25	room_equal	standardized_max	600	411	0.685	0.6467544845240217	0.720891686100909	0.5078478620520047
severely_unequal	radial_node_size_only	0.25	sqrt_rooms	cv_retrained	600	325	0.5416666666666666	0.5016592896655223	0.5811439019166693	0.5077061732548153
severely_unequal	radial_node_size_only	0.25	sqrt_rooms	cv_standardized	600	352	0.5866666666666667	0.5468349705424134	0.6253956679485453	0.5076733631375081
severely_unequal	radial_node_size_only	0.25	sqrt_rooms	mantel	600	399	0.665	0.6262896001039409	0.701611038561538	0.5077061732548153
severely_unequal	radial_node_size_only	0.25	sqrt_rooms	nested_max	600	413	0.6883333333333334	0.6501728707185476	0.7240975552329586	0.5077061732548153
severely_unequal	radial_node_size_only	0.25	sqrt_rooms	profile	600	413	0.6883333333333334	0.6501728707185476	0.7240975552329586	0.5077061732548153
severely_unequal	radial_node_size_only	0.25	sqrt_rooms	standardized_max	600	411	0.685	0.6467544845240217	0.720891686100909	0.5077061732548153
severely_unequal	radial_node_size_only	0.5	building_equal	cv_retrained	600	245	0.4083333333333333	0.3697079523785386	0.44812502614064	0.5150734786416891
severely_unequal	radial_node_size_only	0.5	building_equal	cv_standardized	600	315	0.525	0.48501038523653267	0.5646715297127823	0.5168303930250312
severely_unequal	radial_node_size_only	0.5	building_equal	mantel	600	399	0.665	0.6262896001039409	0.701611038561538	0.5150734786416891
severely_unequal	radial_node_size_only	0.5	building_equal	nested_max	600	413	0.6883333333333334	0.6501728707185476	0.7240975552329586	0.5150734786416891
severely_unequal	radial_node_size_only	0.5	building_equal	profile	600	413	0.6883333333333334	0.6501728707185476	0.7240975552329586	0.5150734786416891
severely_unequal	radial_node_size_only	0.5	building_equal	standardized_max	600	411	0.685	0.6467544845240217	0.720891686100909	0.5150734786416891
severely_unequal	radial_node_size_only	0.5	room_equal	cv_retrained	600	369	0.615	0.5754505349201839	0.653086273846665	0.5156828767915662
severely_unequal	radial_node_size_only	0.5	room_equal	cv_standardized	600	342	0.57	0.5300647932673496	0.6090445685907323	0.514200245742561
severely_unequal	radial_node_size_only	0.5	room_equal	mantel	600	399	0.665	0.6262896001039409	0.701611038561538	0.5156828767915662
severely_unequal	radial_node_size_only	0.5	room_equal	nested_max	600	413	0.6883333333333334	0.6501728707185476	0.7240975552329586	0.5156828767915662
severely_unequal	radial_node_size_only	0.5	room_equal	profile	600	413	0.6883333333333334	0.6501728707185476	0.7240975552329586	0.5156828767915662
severely_unequal	radial_node_size_only	0.5	room_equal	standardized_max	600	411	0.685	0.6467544845240217	0.720891686100909	0.5156828767915662
severely_unequal	radial_node_size_only	0.5	sqrt_rooms	cv_retrained	600	324	0.54	0.49999240270165746	0.5794986612172465	0.5153973988959357
severely_unequal	radial_node_size_only	0.5	sqrt_rooms	cv_standardized	600	355	0.5916666666666667	0.55187497385936	0.6302920476214615	0.5152593181946776
severely_unequal	radial_node_size_only	0.5	sqrt_rooms	mantel	600	399	0.665	0.6262896001039409	0.701611038561538	0.5153973988959357
severely_unequal	radial_node_size_only	0.5	sqrt_rooms	nested_max	600	413	0.6883333333333334	0.6501728707185476	0.7240975552329586	0.5153973988959357
severely_unequal	radial_node_size_only	0.5	sqrt_rooms	profile	600	413	0.6883333333333334	0.6501728707185476	0.7240975552329586	0.5153973988959357
severely_unequal	radial_node_size_only	0.5	sqrt_rooms	standardized_max	600	411	0.685	0.6467544845240217	0.720891686100909	0.5153973988959357
severely_unequal	radial_node_size_only	1.0	building_equal	cv_retrained	600	247	0.4116666666666667	0.372971743611098	0.4514854902346559	0.529993413126176
severely_unequal	radial_node_size_only	1.0	building_equal	cv_standardized	600	315	0.525	0.48501038523653267	0.5646715297127823	0.5328312737486952
severely_unequal	radial_node_size_only	1.0	building_equal	mantel	600	399	0.665	0.6262896001039409	0.701611038561538	0.529993413126176
severely_unequal	radial_node_size_only	1.0	building_equal	nested_max	600	413	0.6883333333333334	0.6501728707185476	0.7240975552329586	0.529993413126176
severely_unequal	radial_node_size_only	1.0	building_equal	profile	600	413	0.6883333333333334	0.6501728707185476	0.7240975552329586	0.529993413126176
severely_unequal	radial_node_size_only	1.0	building_equal	standardized_max	600	411	0.685	0.6467544845240217	0.720891686100909	0.529993413126176
severely_unequal	radial_node_size_only	1.0	room_equal	cv_retrained	600	374	0.6233333333333333	0.5838929047691053	0.6612045423141819	0.5312637809492539
severely_unequal	radial_node_size_only	1.0	room_equal	cv_standardized	600	349	0.5816666666666667	0.541799114298437	0.6204951412026586	0.5277815719867797
severely_unequal	radial_node_size_only	1.0	room_equal	mantel	600	399	0.665	0.6262896001039409	0.701611038561538	0.5312637809492539
severely_unequal	radial_node_size_only	1.0	room_equal	nested_max	600	413	0.6883333333333334	0.6501728707185476	0.7240975552329586	0.5312637809492539
severely_unequal	radial_node_size_only	1.0	room_equal	profile	600	413	0.6883333333333334	0.6501728707185476	0.7240975552329586	0.5312637809492539
severely_unequal	radial_node_size_only	1.0	room_equal	standardized_max	600	411	0.685	0.6467544845240217	0.720891686100909	0.5312637809492539
severely_unequal	radial_node_size_only	1.0	sqrt_rooms	cv_retrained	600	320	0.5333333333333333	0.49332929672753023	0.5729132565382231	0.5306763041439727
severely_unequal	radial_node_size_only	1.0	sqrt_rooms	cv_standardized	600	358	0.5966666666666667	0.5569191470800464	0.6351842573906382	0.5298564637798936
severely_unequal	radial_node_size_only	1.0	sqrt_rooms	mantel	600	399	0.665	0.6262896001039409	0.701611038561538	0.5306763041439727
severely_unequal	radial_node_size_only	1.0	sqrt_rooms	nested_max	600	413	0.6883333333333334	0.6501728707185476	0.7240975552329586	0.5306763041439727
severely_unequal	radial_node_size_only	1.0	sqrt_rooms	profile	600	413	0.6883333333333334	0.6501728707185476	0.7240975552329586	0.5306763041439727
severely_unequal	radial_node_size_only	1.0	sqrt_rooms	standardized_max	600	411	0.685	0.6467544845240217	0.720891686100909	0.5306763041439727
severely_unequal	radial_node_size_only	16.0	building_equal	cv_retrained	600	225	0.375	0.33717324946832583	0.4144171757850994	0.7379767970969286
severely_unequal	radial_node_size_only	16.0	building_equal	cv_standardized	600	270	0.45	0.410636575767514	0.4899995943338562	0.636760545777234
severely_unequal	radial_node_size_only	16.0	building_equal	mantel	600	399	0.665	0.6262896001039409	0.701611038561538	0.7379767970969286
severely_unequal	radial_node_size_only	16.0	building_equal	nested_max	600	413	0.6883333333333334	0.6501728707185476	0.7240975552329586	0.7379767970969286
severely_unequal	radial_node_size_only	16.0	building_equal	profile	600	413	0.6883333333333334	0.6501728707185476	0.7240975552329586	0.7379767970969286
severely_unequal	radial_node_size_only	16.0	building_equal	standardized_max	600	411	0.685	0.6467544845240217	0.720891686100909	0.7379767970969286
severely_unequal	radial_node_size_only	16.0	room_equal	cv_retrained	600	365	0.6083333333333333	0.568705240514882	0.6465830575988161	0.7906815935248657
severely_unequal	radial_node_size_only	16.0	room_equal	cv_standardized	600	324	0.54	0.49999240270165746	0.5794986612172465	0.6210984557191553
severely_unequal	radial_node_size_only	16.0	room_equal	mantel	600	399	0.665	0.6262896001039409	0.701611038561538	0.7906815935248657
severely_unequal	radial_node_size_only	16.0	room_equal	nested_max	600	413	0.6883333333333334	0.6501728707185476	0.7240975552329586	0.7906815935248657
severely_unequal	radial_node_size_only	16.0	room_equal	profile	600	413	0.6883333333333334	0.6501728707185476	0.7240975552329586	0.7906815935248657
severely_unequal	radial_node_size_only	16.0	room_equal	standardized_max	600	411	0.685	0.6467544845240217	0.720891686100909	0.7906815935248657
severely_unequal	radial_node_size_only	16.0	sqrt_rooms	cv_retrained	600	309	0.515	0.4750422742911774	0.5547668746784117	0.7694614084698247
severely_unequal	radial_node_size_only	16.0	sqrt_rooms	cv_standardized	600	314	0.5233333333333333	0.4833479297151148	0.5630218575709125	0.6326483950800909
severely_unequal	radial_node_size_only	16.0	sqrt_rooms	mantel	600	399	0.665	0.6262896001039409	0.701611038561538	0.7694614084698247
severely_unequal	radial_node_size_only	16.0	sqrt_rooms	nested_max	600	413	0.6883333333333334	0.6501728707185476	0.7240975552329586	0.7694614084698247
severely_unequal	radial_node_size_only	16.0	sqrt_rooms	profile	600	413	0.6883333333333334	0.6501728707185476	0.7240975552329586	0.7694614084698247
severely_unequal	radial_node_size_only	16.0	sqrt_rooms	standardized_max	600	411	0.685	0.6467544845240217	0.720891686100909	0.7694614084698247
severely_unequal	radial_node_size_only	2.0	building_equal	cv_retrained	600	246	0.41	0.3713396167716497	0.44980548941081644	0.5588137492192696
severely_unequal	radial_node_size_only	2.0	building_equal	cv_standardized	600	308	0.5133333333333333	0.473382466464604	0.5531145548416971	0.5602704011388472
severely_unequal	radial_node_size_only	2.0	building_equal	mantel	600	399	0.665	0.6262896001039409	0.701611038561538	0.5588137492192696
severely_unequal	radial_node_size_only	2.0	building_equal	nested_max	600	413	0.6883333333333334	0.6501728707185476	0.7240975552329586	0.5588137492192696
severely_unequal	radial_node_size_only	2.0	building_equal	profile	600	413	0.6883333333333334	0.6501728707185476	0.7240975552329586	0.5588137492192696
severely_unequal	radial_node_size_only	2.0	building_equal	standardized_max	600	411	0.685	0.6467544845240217	0.720891686100909	0.5588137492192696
severely_unequal	radial_node_size_only	2.0	room_equal	cv_retrained	600	371	0.6183333333333333	0.5788260422730251	0.6563350218203989	0.5617364174957569
severely_unequal	radial_node_size_only	2.0	room_equal	cv_standardized	600	343	0.5716666666666667	0.531739759024989	0.6106817304963805	0.5514637258558812
severely_unequal	radial_node_size_only	2.0	room_equal	mantel	600	399	0.665	0.6262896001039409	0.701611038561538	0.5617364174957569
severely_unequal	radial_node_size_only	2.0	room_equal	nested_max	600	413	0.6883333333333334	0.6501728707185476	0.7240975552329586	0.5617364174957569
severely_unequal	radial_node_size_only	2.0	room_equal	profile	600	413	0.6883333333333334	0.6501728707185476	0.7240975552329586	0.5617364174957569
severely_unequal	radial_node_size_only	2.0	room_equal	standardized_max	600	411	0.685	0.6467544845240217	0.720891686100909	0.5617364174957569
severely_unequal	radial_node_size_only	2.0	sqrt_rooms	cv_retrained	600	321	0.535	0.4949944076044091	0.574560273324632	0.560437723709134
severely_unequal	radial_node_size_only	2.0	sqrt_rooms	cv_standardized	600	354	0.59	0.5501945105891836	0.6286603832283503	0.5553225241840599
severely_unequal	radial_node_size_only	2.0	sqrt_rooms	mantel	600	399	0.665	0.6262896001039409	0.701611038561538	0.560437723709134
severely_unequal	radial_node_size_only	2.0	sqrt_rooms	nested_max	600	413	0.6883333333333334	0.6501728707185476	0.7240975552329586	0.560437723709134
severely_unequal	radial_node_size_only	2.0	sqrt_rooms	profile	600	413	0.6883333333333334	0.6501728707185476	0.7240975552329586	0.560437723709134
severely_unequal	radial_node_size_only	2.0	sqrt_rooms	standardized_max	600	411	0.685	0.6467544845240217	0.720891686100909	0.560437723709134
severely_unequal	radial_node_size_only	4.0	building_equal	cv_retrained	600	235	0.39166666666666666	0.35341694240118393	0.431294759485118	0.6096522227264404
severely_unequal	radial_node_size_only	4.0	building_equal	cv_standardized	600	291	0.485	0.44523312532158843	0.5249577257088227	0.595760303611173
severely_unequal	radial_node_size_only	4.0	building_equal	mantel	600	399	0.665	0.6262896001039409	0.701611038561538	0.6096522227264404
severely_unequal	radial_node_size_only	4.0	building_equal	nested_max	600	413	0.6883333333333334	0.6501728707185476	0.7240975552329586	0.6096522227264404
severely_unequal	radial_node_size_only	4.0	building_equal	profile	600	413	0.6883333333333334	0.6501728707185476	0.7240975552329586	0.6096522227264404
severely_unequal	radial_node_size_only	4.0	building_equal	standardized_max	600	411	0.685	0.6467544845240217	0.720891686100909	0.6096522227264404
severely_unequal	radial_node_size_only	4.0	room_equal	cv_retrained	600	374	0.6233333333333333	0.5838929047691053	0.6612045423141819	0.6178128054956741
severely_unequal	radial_node_size_only	4.0	room_equal	cv_standardized	600	334	0.5566666666666666	0.5166813411625392	0.5959309993892413	0.5831717260754686
severely_unequal	radial_node_size_only	4.0	room_equal	mantel	600	399	0.665	0.6262896001039409	0.701611038561538	0.6178128054956741
severely_unequal	radial_node_size_only	4.0	room_equal	nested_max	600	413	0.6883333333333334	0.6501728707185476	0.7240975552329586	0.6178128054956741
severely_unequal	radial_node_size_only	4.0	room_equal	profile	600	413	0.6883333333333334	0.6501728707185476	0.7240975552329586	0.6178128054956741
severely_unequal	radial_node_size_only	4.0	room_equal	standardized_max	600	411	0.685	0.6467544845240217	0.720891686100909	0.6178128054956741
severely_unequal	radial_node_size_only	4.0	sqrt_rooms	cv_retrained	600	318	0.53	0.4900004043695811	0.5696178935695968	0.6144380629555873
severely_unequal	radial_node_size_only	4.0	sqrt_rooms	cv_standardized	600	343	0.5716666666666667	0.531739759024989	0.6106817304963805	0.589615105402003
severely_unequal	radial_node_size_only	4.0	sqrt_rooms	mantel	600	399	0.665	0.6262896001039409	0.701611038561538	0.6144380629555873
severely_unequal	radial_node_size_only	4.0	sqrt_rooms	nested_max	600	413	0.6883333333333334	0.6501728707185476	0.7240975552329586	0.6144380629555873
severely_unequal	radial_node_size_only	4.0	sqrt_rooms	profile	600	413	0.6883333333333334	0.6501728707185476	0.7240975552329586	0.6144380629555873
severely_unequal	radial_node_size_only	4.0	sqrt_rooms	standardized_max	600	411	0.685	0.6467544845240217	0.720891686100909	0.6144380629555873
severely_unequal	radial_node_size_only	8.0	building_equal	cv_retrained	600	228	0.38	0.3420413232803356	0.4194854849629526	0.6792634688980782
severely_unequal	radial_node_size_only	8.0	building_equal	cv_standardized	600	273	0.455	0.41556695173850283	0.49500560135273036	0.6240346958623348
severely_unequal	radial_node_size_only	8.0	building_equal	mantel	600	399	0.665	0.6262896001039409	0.701611038561538	0.6792634688980782
severely_unequal	radial_node_size_only	8.0	building_equal	nested_max	600	413	0.6883333333333334	0.6501728707185476	0.7240975552329586	0.6792634688980782
severely_unequal	radial_node_size_only	8.0	building_equal	profile	600	413	0.6883333333333334	0.6501728707185476	0.7240975552329586	0.6792634688980782
severely_unequal	radial_node_size_only	8.0	building_equal	standardized_max	600	411	0.685	0.6467544845240217	0.720891686100909	0.6792634688980782
severely_unequal	radial_node_size_only	8.0	room_equal	cv_retrained	600	370	0.6166666666666667	0.5771380492953796	0.654710887134757	0.7034912067603801
severely_unequal	radial_node_size_only	8.0	room_equal	cv_standardized	600	329	0.5483333333333333	0.5083312903024353	0.5877204119329069	0.6091630535131821
severely_unequal	radial_node_size_only	8.0	room_equal	mantel	600	399	0.665	0.6262896001039409	0.701611038561538	0.7034912067603801
severely_unequal	radial_node_size_only	8.0	room_equal	nested_max	600	413	0.6883333333333334	0.6501728707185476	0.7240975552329586	0.7034912067603801
severely_unequal	radial_node_size_only	8.0	room_equal	profile	600	413	0.6883333333333334	0.6501728707185476	0.7240975552329586	0.7034912067603801
severely_unequal	radial_node_size_only	8.0	room_equal	standardized_max	600	411	0.685	0.6467544845240217	0.720891686100909	0.7034912067603801
severely_unequal	radial_node_size_only	8.0	sqrt_rooms	cv_retrained	600	316	0.5266666666666666	0.486673282698568	0.5663207599140345	0.6938640882986495
severely_unequal	radial_node_size_only	8.0	sqrt_rooms	cv_standardized	600	325	0.5416666666666666	0.5016592896655223	0.5811439019166693	0.6187169301488643
severely_unequal	radial_node_size_only	8.0	sqrt_rooms	mantel	600	399	0.665	0.6262896001039409	0.701611038561538	0.6938640882986495
severely_unequal	radial_node_size_only	8.0	sqrt_rooms	nested_max	600	413	0.6883333333333334	0.6501728707185476	0.7240975552329586	0.6938640882986495
severely_unequal	radial_node_size_only	8.0	sqrt_rooms	profile	600	413	0.6883333333333334	0.6501728707185476	0.7240975552329586	0.6938640882986495
severely_unequal	radial_node_size_only	8.0	sqrt_rooms	standardized_max	600	411	0.685	0.6467544845240217	0.720891686100909	0.6938640882986495
