phase	design	scenario	temperature	aggregation	method	repetitions	n_perm	rejection_rate	wilson_low	wilson_high	median_p_value	mean_profile_weight	sd_profile_weight	total_rooms	minimum_rooms	maximum_rooms	size_cv	mean_positive_probability	mean_radius_product	mean_dyad_product	covariate_center_correlation	scale_ratio
seed2	balanced	conditional_null	0.0	building_equal	profile	300	199	0.03666666666666667	0.02059530516285303	0.06445384817189295	0.455	0.4999999999999999	5.551115123125783e-17	72.0	12.0	12.0	0.0	0.4993981481481482	0.006777164336524256	-0.020476891051258408	0.9009466470547002	1.8048711320065514
seed2	balanced	conditional_null	0.0	building_equal	mantel	300	199	0.03333333333333333	0.01820494733885481	0.06026182580405482	0.4875	0.4999999999999999	5.551115123125783e-17	72.0	12.0	12.0	0.0	0.4993981481481482	0.006777164336524256	-0.020476891051258408	0.9009466470547002	1.8048711320065514
seed2	balanced	conditional_null	0.0	building_equal	nested_max	300	199	0.04	0.023027321487942308	0.06860421203864003	0.4925	0.4999999999999999	5.551115123125783e-17	72.0	12.0	12.0	0.0	0.4993981481481482	0.006777164336524256	-0.020476891051258408	0.9009466470547002	1.8048711320065514
seed2	balanced	conditional_null	0.0	building_equal	standardized_max	300	199	0.03	0.01586185380943231	0.05602253914164096	0.47	0.4999999999999999	5.551115123125783e-17	72.0	12.0	12.0	0.0	0.4993981481481482	0.006777164336524256	-0.020476891051258408	0.9009466470547002	1.8048711320065514
seed2	balanced	conditional_null	0.0	building_equal	cv_retrained	300	199	0.03666666666666667	0.02059530516285303	0.06445384817189295	0.5	0.4999999999999999	5.551115123125783e-17	72.0	12.0	12.0	0.0	0.4993981481481482	0.006777164336524256	-0.020476891051258408	0.9009466470547002	1.8048711320065514
seed2	balanced	conditional_null	0.0	building_equal	cv_standardized	300	199	0.043333333333333335	0.025496448084407246	0.07271746563401146	0.53	0.4999999999999999	5.551115123125783e-17	72.0	12.0	12.0	0.0	0.4993981481481482	0.006777164336524256	-0.020476891051258408	0.9009466470547002	1.8048711320065514
seed2	balanced	conditional_null	0.0	sqrt_rooms	profile	300	199	0.03666666666666667	0.02059530516285303	0.06445384817189295	0.455	0.5000000000000001	0.0	72.0	12.0	12.0	0.0	0.4993981481481482	0.006777164336524256	-0.020476891051258408	0.9009466470547002	1.8048711320065514
seed2	balanced	conditional_null	0.0	sqrt_rooms	mantel	300	199	0.03333333333333333	0.01820494733885481	0.06026182580405482	0.4875	0.5000000000000001	0.0	72.0	12.0	12.0	0.0	0.4993981481481482	0.006777164336524256	-0.020476891051258408	0.9009466470547002	1.8048711320065514
seed2	balanced	conditional_null	0.0	sqrt_rooms	nested_max	300	199	0.04	0.023027321487942308	0.06860421203864003	0.4925	0.5000000000000001	0.0	72.0	12.0	12.0	0.0	0.4993981481481482	0.006777164336524256	-0.020476891051258408	0.9009466470547002	1.8048711320065514
seed2	balanced	conditional_null	0.0	sqrt_rooms	standardized_max	300	199	0.03	0.01586185380943231	0.05602253914164096	0.47	0.5000000000000001	0.0	72.0	12.0	12.0	0.0	0.4993981481481482	0.006777164336524256	-0.020476891051258408	0.9009466470547002	1.8048711320065514
seed2	balanced	conditional_null	0.0	sqrt_rooms	cv_retrained	300	199	0.03666666666666667	0.02059530516285303	0.06445384817189295	0.5	0.5000000000000001	0.0	72.0	12.0	12.0	0.0	0.4993981481481482	0.006777164336524256	-0.020476891051258408	0.9009466470547002	1.8048711320065514
seed2	balanced	conditional_null	0.0	sqrt_rooms	cv_standardized	300	199	0.043333333333333335	0.025496448084407246	0.07271746563401146	0.53	0.5000000000000001	0.0	72.0	12.0	12.0	0.0	0.4993981481481482	0.006777164336524256	-0.020476891051258408	0.9009466470547002	1.8048711320065514
seed2	balanced	conditional_null	0.0	room_equal	profile	300	199	0.03666666666666667	0.02059530516285303	0.06445384817189295	0.455	0.4999999999999999	5.551115123125783e-17	72.0	12.0	12.0	0.0	0.4993981481481482	0.006777164336524256	-0.020476891051258408	0.9009466470547002	1.8048711320065514
seed2	balanced	conditional_null	0.0	room_equal	mantel	300	199	0.03333333333333333	0.01820494733885481	0.06026182580405482	0.4875	0.4999999999999999	5.551115123125783e-17	72.0	12.0	12.0	0.0	0.4993981481481482	0.006777164336524256	-0.020476891051258408	0.9009466470547002	1.8048711320065514
seed2	balanced	conditional_null	0.0	room_equal	nested_max	300	199	0.04	0.023027321487942308	0.06860421203864003	0.4925	0.4999999999999999	5.551115123125783e-17	72.0	12.0	12.0	0.0	0.4993981481481482	0.006777164336524256	-0.020476891051258408	0.9009466470547002	1.8048711320065514
seed2	balanced	conditional_null	0.0	room_equal	standardized_max	300	199	0.03	0.01586185380943231	0.05602253914164096	0.47	0.4999999999999999	5.551115123125783e-17	72.0	12.0	12.0	0.0	0.4993981481481482	0.006777164336524256	-0.020476891051258408	0.9009466470547002	1.8048711320065514
seed2	balanced	conditional_null	0.0	room_equal	cv_retrained	300	199	0.03666666666666667	0.02059530516285303	0.06445384817189295	0.5	0.4999999999999999	5.551115123125783e-17	72.0	12.0	12.0	0.0	0.4993981481481482	0.006777164336524256	-0.020476891051258408	0.9009466470547002	1.8048711320065514
seed2	balanced	conditional_null	0.0	room_equal	cv_standardized	300	199	0.043333333333333335	0.025496448084407246	0.07271746563401146	0.53	0.4999999999999999	5.551115123125783e-17	72.0	12.0	12.0	0.0	0.4993981481481482	0.006777164336524256	-0.020476891051258408	0.9009466470547002	1.8048711320065514
seed2	balanced	conditional_null	0.1	building_equal	profile	300	199	0.03666666666666667	0.02059530516285303	0.06445384817189295	0.455	0.5000448141747675	0.0029120294202143126	72.0	12.0	12.0	0.0	0.4993981481481482	0.006777164336524256	-0.020476891051258408	0.9009466470547002	1.8048711320065514
seed2	balanced	conditional_null	0.1	building_equal	mantel	300	199	0.03333333333333333	0.01820494733885481	0.06026182580405482	0.4875	0.5000448141747675	0.0029120294202143126	72.0	12.0	12.0	0.0	0.4993981481481482	0.006777164336524256	-0.020476891051258408	0.9009466470547002	1.8048711320065514
seed2	balanced	conditional_null	0.1	building_equal	nested_max	300	199	0.04	0.023027321487942308	0.06860421203864003	0.4925	0.5000448141747675	0.0029120294202143126	72.0	12.0	12.0	0.0	0.4993981481481482	0.006777164336524256	-0.020476891051258408	0.9009466470547002	1.8048711320065514
seed2	balanced	conditional_null	0.1	building_equal	standardized_max	300	199	0.03	0.01586185380943231	0.05602253914164096	0.47	0.5000448141747675	0.0029120294202143126	72.0	12.0	12.0	0.0	0.4993981481481482	0.006777164336524256	-0.020476891051258408	0.9009466470547002	1.8048711320065514
seed2	balanced	conditional_null	0.1	building_equal	cv_retrained	300	199	0.03666666666666667	0.02059530516285303	0.06445384817189295	0.5	0.5000448141747675	0.0029120294202143126	72.0	12.0	12.0	0.0	0.4993981481481482	0.006777164336524256	-0.020476891051258408	0.9009466470547002	1.8048711320065514
seed2	balanced	conditional_null	0.1	building_equal	cv_standardized	300	199	0.05	0.03053164062934728	0.08084703347274415	0.5225	0.5001687831426237	0.01189246806736856	72.0	12.0	12.0	0.0	0.4993981481481482	0.006777164336524256	-0.020476891051258408	0.9009466470547002	1.8048711320065514
seed2	balanced	conditional_null	0.1	sqrt_rooms	profile	300	199	0.03666666666666667	0.02059530516285303	0.06445384817189295	0.455	0.5000448141747676	0.0029120294202143147	72.0	12.0	12.0	0.0	0.4993981481481482	0.006777164336524256	-0.020476891051258408	0.9009466470547002	1.8048711320065514
seed2	balanced	conditional_null	0.1	sqrt_rooms	mantel	300	199	0.03333333333333333	0.01820494733885481	0.06026182580405482	0.4875	0.5000448141747676	0.0029120294202143147	72.0	12.0	12.0	0.0	0.4993981481481482	0.006777164336524256	-0.020476891051258408	0.9009466470547002	1.8048711320065514
seed2	balanced	conditional_null	0.1	sqrt_rooms	nested_max	300	199	0.04	0.023027321487942308	0.06860421203864003	0.4925	0.5000448141747676	0.0029120294202143147	72.0	12.0	12.0	0.0	0.4993981481481482	0.006777164336524256	-0.020476891051258408	0.9009466470547002	1.8048711320065514
seed2	balanced	conditional_null	0.1	sqrt_rooms	standardized_max	300	199	0.03	0.01586185380943231	0.05602253914164096	0.47	0.5000448141747676	0.0029120294202143147	72.0	12.0	12.0	0.0	0.4993981481481482	0.006777164336524256	-0.020476891051258408	0.9009466470547002	1.8048711320065514
seed2	balanced	conditional_null	0.1	sqrt_rooms	cv_retrained	300	199	0.03666666666666667	0.02059530516285303	0.06445384817189295	0.5	0.5000448141747676	0.0029120294202143147	72.0	12.0	12.0	0.0	0.4993981481481482	0.006777164336524256	-0.020476891051258408	0.9009466470547002	1.8048711320065514
seed2	balanced	conditional_null	0.1	sqrt_rooms	cv_standardized	300	199	0.05	0.03053164062934728	0.08084703347274415	0.5225	0.5001687831426238	0.01189246806736856	72.0	12.0	12.0	0.0	0.4993981481481482	0.006777164336524256	-0.020476891051258408	0.9009466470547002	1.8048711320065514
seed2	balanced	conditional_null	0.1	room_equal	profile	300	199	0.03666666666666667	0.02059530516285303	0.06445384817189295	0.455	0.5000448141747675	0.0029120294202143126	72.0	12.0	12.0	0.0	0.4993981481481482	0.006777164336524256	-0.020476891051258408	0.9009466470547002	1.8048711320065514
seed2	balanced	conditional_null	0.1	room_equal	mantel	300	199	0.03333333333333333	0.01820494733885481	0.06026182580405482	0.4875	0.5000448141747675	0.0029120294202143126	72.0	12.0	12.0	0.0	0.4993981481481482	0.006777164336524256	-0.020476891051258408	0.9009466470547002	1.8048711320065514
seed2	balanced	conditional_null	0.1	room_equal	nested_max	300	199	0.04	0.023027321487942308	0.06860421203864003	0.4925	0.5000448141747675	0.0029120294202143126	72.0	12.0	12.0	0.0	0.4993981481481482	0.006777164336524256	-0.020476891051258408	0.9009466470547002	1.8048711320065514
seed2	balanced	conditional_null	0.1	room_equal	standardized_max	300	199	0.03	0.01586185380943231	0.05602253914164096	0.47	0.5000448141747675	0.0029120294202143126	72.0	12.0	12.0	0.0	0.4993981481481482	0.006777164336524256	-0.020476891051258408	0.9009466470547002	1.8048711320065514
seed2	balanced	conditional_null	0.1	room_equal	cv_retrained	300	199	0.03666666666666667	0.02059530516285303	0.06445384817189295	0.5	0.5000448141747675	0.0029120294202143126	72.0	12.0	12.0	0.0	0.4993981481481482	0.006777164336524256	-0.020476891051258408	0.9009466470547002	1.8048711320065514
seed2	balanced	conditional_null	0.1	room_equal	cv_standardized	300	199	0.05	0.03053164062934728	0.08084703347274415	0.5225	0.5001687831426237	0.011892468067368564	72.0	12.0	12.0	0.0	0.4993981481481482	0.006777164336524256	-0.020476891051258408	0.9009466470547002	1.8048711320065514
seed2	balanced	conditional_null	0.25	building_equal	profile	300	199	0.03666666666666667	0.02059530516285303	0.06445384817189295	0.455	0.5001121025852036	0.007278684134894119	72.0	12.0	12.0	0.0	0.4993981481481482	0.006777164336524256	-0.020476891051258408	0.9009466470547002	1.8048711320065514
seed2	balanced	conditional_null	0.25	building_equal	mantel	300	199	0.03333333333333333	0.01820494733885481	0.06026182580405482	0.4875	0.5001121025852036	0.007278684134894119	72.0	12.0	12.0	0.0	0.4993981481481482	0.006777164336524256	-0.020476891051258408	0.9009466470547002	1.8048711320065514
seed2	balanced	conditional_null	0.25	building_equal	nested_max	300	199	0.04	0.023027321487942308	0.06860421203864003	0.4925	0.5001121025852036	0.007278684134894119	72.0	12.0	12.0	0.0	0.4993981481481482	0.006777164336524256	-0.020476891051258408	0.9009466470547002	1.8048711320065514
seed2	balanced	conditional_null	0.25	building_equal	standardized_max	300	199	0.03	0.01586185380943231	0.05602253914164096	0.47	0.5001121025852036	0.007278684134894119	72.0	12.0	12.0	0.0	0.4993981481481482	0.006777164336524256	-0.020476891051258408	0.9009466470547002	1.8048711320065514
seed2	balanced	conditional_null	0.25	building_equal	cv_retrained	300	199	0.03333333333333333	0.01820494733885481	0.06026182580405482	0.5	0.5001121025852036	0.007278684134894119	72.0	12.0	12.0	0.0	0.4993981481481482	0.006777164336524256	-0.020476891051258408	0.9009466470547002	1.8048711320065514
seed2	balanced	conditional_null	0.25	building_equal	cv_standardized	300	199	0.05	0.03053164062934728	0.08084703347274415	0.5125	0.5004351032598258	0.029623171782633528	72.0	12.0	12.0	0.0	0.4993981481481482	0.006777164336524256	-0.020476891051258408	0.9009466470547002	1.8048711320065514
seed2	balanced	conditional_null	0.25	sqrt_rooms	profile	300	199	0.03666666666666667	0.02059530516285303	0.06445384817189295	0.455	0.5001121025852036	0.007278684134894128	72.0	12.0	12.0	0.0	0.4993981481481482	0.006777164336524256	-0.020476891051258408	0.9009466470547002	1.8048711320065514
seed2	balanced	conditional_null	0.25	sqrt_rooms	mantel	300	199	0.03333333333333333	0.01820494733885481	0.06026182580405482	0.4875	0.5001121025852036	0.007278684134894128	72.0	12.0	12.0	0.0	0.4993981481481482	0.006777164336524256	-0.020476891051258408	0.9009466470547002	1.8048711320065514
seed2	balanced	conditional_null	0.25	sqrt_rooms	nested_max	300	199	0.04	0.023027321487942308	0.06860421203864003	0.4925	0.5001121025852036	0.007278684134894128	72.0	12.0	12.0	0.0	0.4993981481481482	0.006777164336524256	-0.020476891051258408	0.9009466470547002	1.8048711320065514
seed2	balanced	conditional_null	0.25	sqrt_rooms	standardized_max	300	199	0.03	0.01586185380943231	0.05602253914164096	0.47	0.5001121025852036	0.007278684134894128	72.0	12.0	12.0	0.0	0.4993981481481482	0.006777164336524256	-0.020476891051258408	0.9009466470547002	1.8048711320065514
seed2	balanced	conditional_null	0.25	sqrt_rooms	cv_retrained	300	199	0.03333333333333333	0.01820494733885481	0.06026182580405482	0.5	0.5001121025852036	0.007278684134894128	72.0	12.0	12.0	0.0	0.4993981481481482	0.006777164336524256	-0.020476891051258408	0.9009466470547002	1.8048711320065514
seed2	balanced	conditional_null	0.25	sqrt_rooms	cv_standardized	300	199	0.05	0.03053164062934728	0.08084703347274415	0.5125	0.5004351032598258	0.029623171782633535	72.0	12.0	12.0	0.0	0.4993981481481482	0.006777164336524256	-0.020476891051258408	0.9009466470547002	1.8048711320065514
seed2	balanced	conditional_null	0.25	room_equal	profile	300	199	0.03666666666666667	0.02059530516285303	0.06445384817189295	0.455	0.5001121025852036	0.007278684134894119	72.0	12.0	12.0	0.0	0.4993981481481482	0.006777164336524256	-0.020476891051258408	0.9009466470547002	1.8048711320065514
seed2	balanced	conditional_null	0.25	room_equal	mantel	300	199	0.03333333333333333	0.01820494733885481	0.06026182580405482	0.4875	0.5001121025852036	0.007278684134894119	72.0	12.0	12.0	0.0	0.4993981481481482	0.006777164336524256	-0.020476891051258408	0.9009466470547002	1.8048711320065514
seed2	balanced	conditional_null	0.25	room_equal	nested_max	300	199	0.04	0.023027321487942308	0.06860421203864003	0.4925	0.5001121025852036	0.007278684134894119	72.0	12.0	12.0	0.0	0.4993981481481482	0.006777164336524256	-0.020476891051258408	0.9009466470547002	1.8048711320065514
seed2	balanced	conditional_null	0.25	room_equal	standardized_max	300	199	0.03	0.01586185380943231	0.05602253914164096	0.47	0.5001121025852036	0.007278684134894119	72.0	12.0	12.0	0.0	0.4993981481481482	0.006777164336524256	-0.020476891051258408	0.9009466470547002	1.8048711320065514
seed2	balanced	conditional_null	0.25	room_equal	cv_retrained	300	199	0.03333333333333333	0.01820494733885481	0.06026182580405482	0.5	0.5001121025852036	0.007278684134894119	72.0	12.0	12.0	0.0	0.4993981481481482	0.006777164336524256	-0.020476891051258408	0.9009466470547002	1.8048711320065514
seed2	balanced	conditional_null	0.25	room_equal	cv_standardized	300	199	0.05	0.03053164062934728	0.08084703347274415	0.5125	0.5004351032598258	0.029623171782633528	72.0	12.0	12.0	0.0	0.4993981481481482	0.006777164336524256	-0.020476891051258408	0.9009466470547002	1.8048711320065514
seed2	balanced	conditional_null	0.5	building_equal	profile	300	199	0.03666666666666667	0.02059530516285303	0.06445384817189295	0.455	0.5002246831542873	0.014547460968714383	72.0	12.0	12.0	0.0	0.4993981481481482	0.006777164336524256	-0.020476891051258408	0.9009466470547002	1.8048711320065514
seed2	balanced	conditional_null	0.5	building_equal	mantel	300	199	0.03333333333333333	0.01820494733885481	0.06026182580405482	0.4875	0.5002246831542873	0.014547460968714383	72.0	12.0	12.0	0.0	0.4993981481481482	0.006777164336524256	-0.020476891051258408	0.9009466470547002	1.8048711320065514
seed2	balanced	conditional_null	0.5	building_equal	nested_max	300	199	0.04	0.023027321487942308	0.06860421203864003	0.4925	0.5002246831542873	0.014547460968714383	72.0	12.0	12.0	0.0	0.4993981481481482	0.006777164336524256	-0.020476891051258408	0.9009466470547002	1.8048711320065514
seed2	balanced	conditional_null	0.5	building_equal	standardized_max	300	199	0.03	0.01586185380943231	0.05602253914164096	0.47	0.5002246831542873	0.014547460968714383	72.0	12.0	12.0	0.0	0.4993981481481482	0.006777164336524256	-0.020476891051258408	0.9009466470547002	1.8048711320065514
seed2	balanced	conditional_null	0.5	building_equal	cv_retrained	300	199	0.03333333333333333	0.01820494733885481	0.06026182580405482	0.5025	0.5002246831542873	0.014547460968714383	72.0	12.0	12.0	0.0	0.4993981481481482	0.006777164336524256	-0.020476891051258408	0.9009466470547002	1.8048711320065514
seed2	balanced	conditional_null	0.5	building_equal	cv_standardized	300	199	0.04666666666666667	0.027998933682334012	0.07679736022792105	0.505	0.5009584195827353	0.05850378692383439	72.0	12.0	12.0	0.0	0.4993981481481482	0.006777164336524256	-0.020476891051258408	0.9009466470547002	1.8048711320065514
seed2	balanced	conditional_null	0.5	sqrt_rooms	profile	300	199	0.03666666666666667	0.02059530516285303	0.06445384817189295	0.455	0.5002246831542874	0.014547460968714388	72.0	12.0	12.0	0.0	0.4993981481481482	0.006777164336524256	-0.020476891051258408	0.9009466470547002	1.8048711320065514
seed2	balanced	conditional_null	0.5	sqrt_rooms	mantel	300	199	0.03333333333333333	0.01820494733885481	0.06026182580405482	0.4875	0.5002246831542874	0.014547460968714388	72.0	12.0	12.0	0.0	0.4993981481481482	0.006777164336524256	-0.020476891051258408	0.9009466470547002	1.8048711320065514
seed2	balanced	conditional_null	0.5	sqrt_rooms	nested_max	300	199	0.04	0.023027321487942308	0.06860421203864003	0.4925	0.5002246831542874	0.014547460968714388	72.0	12.0	12.0	0.0	0.4993981481481482	0.006777164336524256	-0.020476891051258408	0.9009466470547002	1.8048711320065514
seed2	balanced	conditional_null	0.5	sqrt_rooms	standardized_max	300	199	0.03	0.01586185380943231	0.05602253914164096	0.47	0.5002246831542874	0.014547460968714388	72.0	12.0	12.0	0.0	0.4993981481481482	0.006777164336524256	-0.020476891051258408	0.9009466470547002	1.8048711320065514
seed2	balanced	conditional_null	0.5	sqrt_rooms	cv_retrained	300	199	0.03333333333333333	0.01820494733885481	0.06026182580405482	0.5025	0.5002246831542874	0.014547460968714388	72.0	12.0	12.0	0.0	0.4993981481481482	0.006777164336524256	-0.020476891051258408	0.9009466470547002	1.8048711320065514
seed2	balanced	conditional_null	0.5	sqrt_rooms	cv_standardized	300	199	0.04666666666666667	0.027998933682334012	0.07679736022792105	0.505	0.5009584195827355	0.0585037869238344	72.0	12.0	12.0	0.0	0.4993981481481482	0.006777164336524256	-0.020476891051258408	0.9009466470547002	1.8048711320065514
seed2	balanced	conditional_null	0.5	room_equal	profile	300	199	0.03666666666666667	0.02059530516285303	0.06445384817189295	0.455	0.5002246831542873	0.014547460968714383	72.0	12.0	12.0	0.0	0.4993981481481482	0.006777164336524256	-0.020476891051258408	0.9009466470547002	1.8048711320065514
seed2	balanced	conditional_null	0.5	room_equal	mantel	300	199	0.03333333333333333	0.01820494733885481	0.06026182580405482	0.4875	0.5002246831542873	0.014547460968714383	72.0	12.0	12.0	0.0	0.4993981481481482	0.006777164336524256	-0.020476891051258408	0.9009466470547002	1.8048711320065514
seed2	balanced	conditional_null	0.5	room_equal	nested_max	300	199	0.04	0.023027321487942308	0.06860421203864003	0.4925	0.5002246831542873	0.014547460968714383	72.0	12.0	12.0	0.0	0.4993981481481482	0.006777164336524256	-0.020476891051258408	0.9009466470547002	1.8048711320065514
seed2	balanced	conditional_null	0.5	room_equal	standardized_max	300	199	0.03	0.01586185380943231	0.05602253914164096	0.47	0.5002246831542873	0.014547460968714383	72.0	12.0	12.0	0.0	0.4993981481481482	0.006777164336524256	-0.020476891051258408	0.9009466470547002	1.8048711320065514
seed2	balanced	conditional_null	0.5	room_equal	cv_retrained	300	199	0.03333333333333333	0.01820494733885481	0.06026182580405482	0.5025	0.5002246831542873	0.014547460968714383	72.0	12.0	12.0	0.0	0.4993981481481482	0.006777164336524256	-0.020476891051258408	0.9009466470547002	1.8048711320065514
seed2	balanced	conditional_null	0.5	room_equal	cv_standardized	300	199	0.04666666666666667	0.027998933682334012	0.07679736022792105	0.505	0.5009584195827353	0.05850378692383439	72.0	12.0	12.0	0.0	0.4993981481481482	0.006777164336524256	-0.020476891051258408	0.9009466470547002	1.8048711320065514
seed2	balanced	conditional_null	1.0	building_equal	profile	300	199	0.03666666666666667	0.02059530516285303	0.06445384817189295	0.455	0.5004531394138191	0.029016192739001783	72.0	12.0	12.0	0.0	0.4993981481481482	0.006777164336524256	-0.020476891051258408	0.9009466470547002	1.8048711320065514
seed2	balanced	conditional_null	1.0	building_equal	mantel	300	199	0.03333333333333333	0.01820494733885481	0.06026182580405482	0.4875	0.5004531394138191	0.029016192739001783	72.0	12.0	12.0	0.0	0.4993981481481482	0.006777164336524256	-0.020476891051258408	0.9009466470547002	1.8048711320065514
seed2	balanced	conditional_null	1.0	building_equal	nested_max	300	199	0.04	0.023027321487942308	0.06860421203864003	0.4925	0.5004531394138191	0.029016192739001783	72.0	12.0	12.0	0.0	0.4993981481481482	0.006777164336524256	-0.020476891051258408	0.9009466470547002	1.8048711320065514
seed2	balanced	conditional_null	1.0	building_equal	standardized_max	300	199	0.03	0.01586185380943231	0.05602253914164096	0.47	0.5004531394138191	0.029016192739001783	72.0	12.0	12.0	0.0	0.4993981481481482	0.006777164336524256	-0.020476891051258408	0.9009466470547002	1.8048711320065514
seed2	balanced	conditional_null	1.0	building_equal	cv_retrained	300	199	0.03	0.01586185380943231	0.05602253914164096	0.505	0.5004531394138191	0.029016192739001783	72.0	12.0	12.0	0.0	0.4993981481481482	0.006777164336524256	-0.020476891051258408	0.9009466470547002	1.8048711320065514
seed2	balanced	conditional_null	1.0	building_equal	cv_standardized	300	199	0.043333333333333335	0.025496448084407246	0.07271746563401146	0.4925	0.5024818968058037	0.11179803093316443	72.0	12.0	12.0	0.0	0.4993981481481482	0.006777164336524256	-0.020476891051258408	0.9009466470547002	1.8048711320065514
seed2	balanced	conditional_null	1.0	sqrt_rooms	profile	300	199	0.03666666666666667	0.02059530516285303	0.06445384817189295	0.455	0.5004531394138191	0.029016192739001783	72.0	12.0	12.0	0.0	0.4993981481481482	0.006777164336524256	-0.020476891051258408	0.9009466470547002	1.8048711320065514
seed2	balanced	conditional_null	1.0	sqrt_rooms	mantel	300	199	0.03333333333333333	0.01820494733885481	0.06026182580405482	0.4875	0.5004531394138191	0.029016192739001783	72.0	12.0	12.0	0.0	0.4993981481481482	0.006777164336524256	-0.020476891051258408	0.9009466470547002	1.8048711320065514
seed2	balanced	conditional_null	1.0	sqrt_rooms	nested_max	300	199	0.04	0.023027321487942308	0.06860421203864003	0.4925	0.5004531394138191	0.029016192739001783	72.0	12.0	12.0	0.0	0.4993981481481482	0.006777164336524256	-0.020476891051258408	0.9009466470547002	1.8048711320065514
seed2	balanced	conditional_null	1.0	sqrt_rooms	standardized_max	300	199	0.03	0.01586185380943231	0.05602253914164096	0.47	0.5004531394138191	0.029016192739001783	72.0	12.0	12.0	0.0	0.4993981481481482	0.006777164336524256	-0.020476891051258408	0.9009466470547002	1.8048711320065514
seed2	balanced	conditional_null	1.0	sqrt_rooms	cv_retrained	300	199	0.03	0.01586185380943231	0.05602253914164096	0.505	0.5004531394138191	0.029016192739001783	72.0	12.0	12.0	0.0	0.4993981481481482	0.006777164336524256	-0.020476891051258408	0.9009466470547002	1.8048711320065514
seed2	balanced	conditional_null	1.0	sqrt_rooms	cv_standardized	300	199	0.043333333333333335	0.025496448084407246	0.07271746563401146	0.4925	0.5024818968058038	0.11179803093316446	72.0	12.0	12.0	0.0	0.4993981481481482	0.006777164336524256	-0.020476891051258408	0.9009466470547002	1.8048711320065514
seed2	balanced	conditional_null	1.0	room_equal	profile	300	199	0.03666666666666667	0.02059530516285303	0.06445384817189295	0.455	0.5004531394138191	0.02901619273900178	72.0	12.0	12.0	0.0	0.4993981481481482	0.006777164336524256	-0.020476891051258408	0.9009466470547002	1.8048711320065514
seed2	balanced	conditional_null	1.0	room_equal	mantel	300	199	0.03333333333333333	0.01820494733885481	0.06026182580405482	0.4875	0.5004531394138191	0.02901619273900178	72.0	12.0	12.0	0.0	0.4993981481481482	0.006777164336524256	-0.020476891051258408	0.9009466470547002	1.8048711320065514
seed2	balanced	conditional_null	1.0	room_equal	nested_max	300	199	0.04	0.023027321487942308	0.06860421203864003	0.4925	0.5004531394138191	0.02901619273900178	72.0	12.0	12.0	0.0	0.4993981481481482	0.006777164336524256	-0.020476891051258408	0.9009466470547002	1.8048711320065514
seed2	balanced	conditional_null	1.0	room_equal	standardized_max	300	199	0.03	0.01586185380943231	0.05602253914164096	0.47	0.5004531394138191	0.02901619273900178	72.0	12.0	12.0	0.0	0.4993981481481482	0.006777164336524256	-0.020476891051258408	0.9009466470547002	1.8048711320065514
seed2	balanced	conditional_null	1.0	room_equal	cv_retrained	300	199	0.03	0.01586185380943231	0.05602253914164096	0.505	0.5004531394138191	0.02901619273900178	72.0	12.0	12.0	0.0	0.4993981481481482	0.006777164336524256	-0.020476891051258408	0.9009466470547002	1.8048711320065514
seed2	balanced	conditional_null	1.0	room_equal	cv_standardized	300	199	0.043333333333333335	0.025496448084407246	0.07271746563401146	0.4925	0.5024818968058037	0.11179803093316443	72.0	12.0	12.0	0.0	0.4993981481481482	0.006777164336524256	-0.020476891051258408	0.9009466470547002	1.8048711320065514
seed2	balanced	conditional_null	2.0	building_equal	profile	300	199	0.03666666666666667	0.02059530516285303	0.06445384817189295	0.455	0.5009349226730371	0.05741887203373428	72.0	12.0	12.0	0.0	0.4993981481481482	0.006777164336524256	-0.020476891051258408	0.9009466470547002	1.8048711320065514
seed2	balanced	conditional_null	2.0	building_equal	mantel	300	199	0.03333333333333333	0.01820494733885481	0.06026182580405482	0.4875	0.5009349226730371	0.05741887203373428	72.0	12.0	12.0	0.0	0.4993981481481482	0.006777164336524256	-0.020476891051258408	0.9009466470547002	1.8048711320065514
seed2	balanced	conditional_null	2.0	building_equal	nested_max	300	199	0.04	0.023027321487942308	0.06860421203864003	0.4925	0.5009349226730371	0.05741887203373428	72.0	12.0	12.0	0.0	0.4993981481481482	0.006777164336524256	-0.020476891051258408	0.9009466470547002	1.8048711320065514
seed2	balanced	conditional_null	2.0	building_equal	standardized_max	300	199	0.03	0.01586185380943231	0.05602253914164096	0.47	0.5009349226730371	0.05741887203373428	72.0	12.0	12.0	0.0	0.4993981481481482	0.006777164336524256	-0.020476891051258408	0.9009466470547002	1.8048711320065514
seed2	balanced	conditional_null	2.0	building_equal	cv_retrained	300	199	0.03	0.01586185380943231	0.05602253914164096	0.5025	0.5009349226730371	0.05741887203373428	72.0	12.0	12.0	0.0	0.4993981481481482	0.006777164336524256	-0.020476891051258408	0.9009466470547002	1.8048711320065514
seed2	balanced	conditional_null	2.0	building_equal	cv_standardized	300	199	0.03333333333333333	0.01820494733885481	0.06026182580405482	0.49	0.5072167219565965	0.19498016350338349	72.0	12.0	12.0	0.0	0.4993981481481482	0.006777164336524256	-0.020476891051258408	0.9009466470547002	1.8048711320065514
seed2	balanced	conditional_null	2.0	sqrt_rooms	profile	300	199	0.03666666666666667	0.02059530516285303	0.06445384817189295	0.455	0.5009349226730371	0.057418872033734296	72.0	12.0	12.0	0.0	0.4993981481481482	0.006777164336524256	-0.020476891051258408	0.9009466470547002	1.8048711320065514
seed2	balanced	conditional_null	2.0	sqrt_rooms	mantel	300	199	0.03333333333333333	0.01820494733885481	0.06026182580405482	0.4875	0.5009349226730371	0.057418872033734296	72.0	12.0	12.0	0.0	0.4993981481481482	0.006777164336524256	-0.020476891051258408	0.9009466470547002	1.8048711320065514
seed2	balanced	conditional_null	2.0	sqrt_rooms	nested_max	300	199	0.04	0.023027321487942308	0.06860421203864003	0.4925	0.5009349226730371	0.057418872033734296	72.0	12.0	12.0	0.0	0.4993981481481482	0.006777164336524256	-0.020476891051258408	0.9009466470547002	1.8048711320065514
seed2	balanced	conditional_null	2.0	sqrt_rooms	standardized_max	300	199	0.03	0.01586185380943231	0.05602253914164096	0.47	0.5009349226730371	0.057418872033734296	72.0	12.0	12.0	0.0	0.4993981481481482	0.006777164336524256	-0.020476891051258408	0.9009466470547002	1.8048711320065514
seed2	balanced	conditional_null	2.0	sqrt_rooms	cv_retrained	300	199	0.03	0.01586185380943231	0.05602253914164096	0.5025	0.5009349226730371	0.057418872033734296	72.0	12.0	12.0	0.0	0.4993981481481482	0.006777164336524256	-0.020476891051258408	0.9009466470547002	1.8048711320065514
seed2	balanced	conditional_null	2.0	sqrt_rooms	cv_standardized	300	199	0.03333333333333333	0.01820494733885481	0.06026182580405482	0.49	0.5072167219565965	0.19498016350338354	72.0	12.0	12.0	0.0	0.4993981481481482	0.006777164336524256	-0.020476891051258408	0.9009466470547002	1.8048711320065514
seed2	balanced	conditional_null	2.0	room_equal	profile	300	199	0.03666666666666667	0.02059530516285303	0.06445384817189295	0.455	0.5009349226730371	0.05741887203373429	72.0	12.0	12.0	0.0	0.4993981481481482	0.006777164336524256	-0.020476891051258408	0.9009466470547002	1.8048711320065514
seed2	balanced	conditional_null	2.0	room_equal	mantel	300	199	0.03333333333333333	0.01820494733885481	0.06026182580405482	0.4875	0.5009349226730371	0.05741887203373429	72.0	12.0	12.0	0.0	0.4993981481481482	0.006777164336524256	-0.020476891051258408	0.9009466470547002	1.8048711320065514
seed2	balanced	conditional_null	2.0	room_equal	nested_max	300	199	0.04	0.023027321487942308	0.06860421203864003	0.4925	0.5009349226730371	0.05741887203373429	72.0	12.0	12.0	0.0	0.4993981481481482	0.006777164336524256	-0.020476891051258408	0.9009466470547002	1.8048711320065514
seed2	balanced	conditional_null	2.0	room_equal	standardized_max	300	199	0.03	0.01586185380943231	0.05602253914164096	0.47	0.5009349226730371	0.05741887203373429	72.0	12.0	12.0	0.0	0.4993981481481482	0.006777164336524256	-0.020476891051258408	0.9009466470547002	1.8048711320065514
seed2	balanced	conditional_null	2.0	room_equal	cv_retrained	300	199	0.03	0.01586185380943231	0.05602253914164096	0.5025	0.5009349226730371	0.05741887203373429	72.0	12.0	12.0	0.0	0.4993981481481482	0.006777164336524256	-0.020476891051258408	0.9009466470547002	1.8048711320065514
seed2	balanced	conditional_null	2.0	room_equal	cv_standardized	300	199	0.03333333333333333	0.01820494733885481	0.06026182580405482	0.49	0.5072167219565965	0.19498016350338349	72.0	12.0	12.0	0.0	0.4993981481481482	0.006777164336524256	-0.020476891051258408	0.9009466470547002	1.8048711320065514
seed2	balanced	conditional_null	4.0	building_equal	profile	300	199	0.03666666666666667	0.02059530516285303	0.06445384817189295	0.455	0.5020583751471239	0.11038520591797134	72.0	12.0	12.0	0.0	0.4993981481481482	0.006777164336524256	-0.020476891051258408	0.9009466470547002	1.8048711320065514
seed2	balanced	conditional_null	4.0	building_equal	mantel	300	199	0.03333333333333333	0.01820494733885481	0.06026182580405482	0.4875	0.5020583751471239	0.11038520591797134	72.0	12.0	12.0	0.0	0.4993981481481482	0.006777164336524256	-0.020476891051258408	0.9009466470547002	1.8048711320065514
seed2	balanced	conditional_null	4.0	building_equal	nested_max	300	199	0.04	0.023027321487942308	0.06860421203864003	0.4925	0.5020583751471239	0.11038520591797134	72.0	12.0	12.0	0.0	0.4993981481481482	0.006777164336524256	-0.020476891051258408	0.9009466470547002	1.8048711320065514
seed2	balanced	conditional_null	4.0	building_equal	standardized_max	300	199	0.03	0.01586185380943231	0.05602253914164096	0.47	0.5020583751471239	0.11038520591797134	72.0	12.0	12.0	0.0	0.4993981481481482	0.006777164336524256	-0.020476891051258408	0.9009466470547002	1.8048711320065514
seed2	balanced	conditional_null	4.0	building_equal	cv_retrained	300	199	0.03666666666666667	0.02059530516285303	0.06445384817189295	0.4925	0.5020583751471239	0.11038520591797134	72.0	12.0	12.0	0.0	0.4993981481481482	0.006777164336524256	-0.020476891051258408	0.9009466470547002	1.8048711320065514
seed2	balanced	conditional_null	4.0	building_equal	cv_standardized	300	199	0.03	0.01586185380943231	0.05602253914164096	0.5075000000000001	0.5169261697460115	0.2875433126277468	72.0	12.0	12.0	0.0	0.4993981481481482	0.006777164336524256	-0.020476891051258408	0.9009466470547002	1.8048711320065514
seed2	balanced	conditional_null	4.0	sqrt_rooms	profile	300	199	0.03666666666666667	0.02059530516285303	0.06445384817189295	0.455	0.5020583751471239	0.11038520591797135	72.0	12.0	12.0	0.0	0.4993981481481482	0.006777164336524256	-0.020476891051258408	0.9009466470547002	1.8048711320065514
seed2	balanced	conditional_null	4.0	sqrt_rooms	mantel	300	199	0.03333333333333333	0.01820494733885481	0.06026182580405482	0.4875	0.5020583751471239	0.11038520591797135	72.0	12.0	12.0	0.0	0.4993981481481482	0.006777164336524256	-0.020476891051258408	0.9009466470547002	1.8048711320065514
seed2	balanced	conditional_null	4.0	sqrt_rooms	nested_max	300	199	0.04	0.023027321487942308	0.06860421203864003	0.4925	0.5020583751471239	0.11038520591797135	72.0	12.0	12.0	0.0	0.4993981481481482	0.006777164336524256	-0.020476891051258408	0.9009466470547002	1.8048711320065514
seed2	balanced	conditional_null	4.0	sqrt_rooms	standardized_max	300	199	0.03	0.01586185380943231	0.05602253914164096	0.47	0.5020583751471239	0.11038520591797135	72.0	12.0	12.0	0.0	0.4993981481481482	0.006777164336524256	-0.020476891051258408	0.9009466470547002	1.8048711320065514
seed2	balanced	conditional_null	4.0	sqrt_rooms	cv_retrained	300	199	0.03666666666666667	0.02059530516285303	0.06445384817189295	0.4925	0.5020583751471239	0.11038520591797135	72.0	12.0	12.0	0.0	0.4993981481481482	0.006777164336524256	-0.020476891051258408	0.9009466470547002	1.8048711320065514
seed2	balanced	conditional_null	4.0	sqrt_rooms	cv_standardized	300	199	0.03	0.01586185380943231	0.05602253914164096	0.5075000000000001	0.5169261697460115	0.28754331262774685	72.0	12.0	12.0	0.0	0.4993981481481482	0.006777164336524256	-0.020476891051258408	0.9009466470547002	1.8048711320065514
seed2	balanced	conditional_null	4.0	room_equal	profile	300	199	0.03666666666666667	0.02059530516285303	0.06445384817189295	0.455	0.5020583751471239	0.11038520591797134	72.0	12.0	12.0	0.0	0.4993981481481482	0.006777164336524256	-0.020476891051258408	0.9009466470547002	1.8048711320065514
seed2	balanced	conditional_null	4.0	room_equal	mantel	300	199	0.03333333333333333	0.01820494733885481	0.06026182580405482	0.4875	0.5020583751471239	0.11038520591797134	72.0	12.0	12.0	0.0	0.4993981481481482	0.006777164336524256	-0.020476891051258408	0.9009466470547002	1.8048711320065514
seed2	balanced	conditional_null	4.0	room_equal	nested_max	300	199	0.04	0.023027321487942308	0.06860421203864003	0.4925	0.5020583751471239	0.11038520591797134	72.0	12.0	12.0	0.0	0.4993981481481482	0.006777164336524256	-0.020476891051258408	0.9009466470547002	1.8048711320065514
seed2	balanced	conditional_null	4.0	room_equal	standardized_max	300	199	0.03	0.01586185380943231	0.05602253914164096	0.47	0.5020583751471239	0.11038520591797134	72.0	12.0	12.0	0.0	0.4993981481481482	0.006777164336524256	-0.020476891051258408	0.9009466470547002	1.8048711320065514
seed2	balanced	conditional_null	4.0	room_equal	cv_retrained	300	199	0.03666666666666667	0.02059530516285303	0.06445384817189295	0.4925	0.5020583751471239	0.11038520591797134	72.0	12.0	12.0	0.0	0.4993981481481482	0.006777164336524256	-0.020476891051258408	0.9009466470547002	1.8048711320065514
seed2	balanced	conditional_null	4.0	room_equal	cv_standardized	300	199	0.03	0.01586185380943231	0.05602253914164096	0.5075000000000001	0.5169261697460115	0.2875433126277468	72.0	12.0	12.0	0.0	0.4993981481481482	0.006777164336524256	-0.020476891051258408	0.9009466470547002	1.8048711320065514
seed2	balanced	conditional_null	8.0	building_equal	profile	300	199	0.03666666666666667	0.02059530516285303	0.06445384817189295	0.455	0.5049128881300773	0.19463072616397506	72.0	12.0	12.0	0.0	0.4993981481481482	0.006777164336524256	-0.020476891051258408	0.9009466470547002	1.8048711320065514
seed2	balanced	conditional_null	8.0	building_equal	mantel	300	199	0.03333333333333333	0.01820494733885481	0.06026182580405482	0.4875	0.5049128881300773	0.19463072616397506	72.0	12.0	12.0	0.0	0.4993981481481482	0.006777164336524256	-0.020476891051258408	0.9009466470547002	1.8048711320065514
seed2	balanced	conditional_null	8.0	building_equal	nested_max	300	199	0.04	0.023027321487942308	0.06860421203864003	0.4925	0.5049128881300773	0.19463072616397506	72.0	12.0	12.0	0.0	0.4993981481481482	0.006777164336524256	-0.020476891051258408	0.9009466470547002	1.8048711320065514
seed2	balanced	conditional_null	8.0	building_equal	standardized_max	300	199	0.03	0.01586185380943231	0.05602253914164096	0.47	0.5049128881300773	0.19463072616397506	72.0	12.0	12.0	0.0	0.4993981481481482	0.006777164336524256	-0.020476891051258408	0.9009466470547002	1.8048711320065514
seed2	balanced	conditional_null	8.0	building_equal	cv_retrained	300	199	0.03	0.01586185380943231	0.05602253914164096	0.49	0.5049128881300773	0.19463072616397506	72.0	12.0	12.0	0.0	0.4993981481481482	0.006777164336524256	-0.020476891051258408	0.9009466470547002	1.8048711320065514
seed2	balanced	conditional_null	8.0	building_equal	cv_standardized	300	199	0.03	0.01586185380943231	0.05602253914164096	0.505	0.5265711866066192	0.35342982010671253	72.0	12.0	12.0	0.0	0.4993981481481482	0.006777164336524256	-0.020476891051258408	0.9009466470547002	1.8048711320065514
seed2	balanced	conditional_null	8.0	sqrt_rooms	profile	300	199	0.03666666666666667	0.02059530516285303	0.06445384817189295	0.455	0.5049128881300774	0.19463072616397512	72.0	12.0	12.0	0.0	0.4993981481481482	0.006777164336524256	-0.020476891051258408	0.9009466470547002	1.8048711320065514
seed2	balanced	conditional_null	8.0	sqrt_rooms	mantel	300	199	0.03333333333333333	0.01820494733885481	0.06026182580405482	0.4875	0.5049128881300774	0.19463072616397512	72.0	12.0	12.0	0.0	0.4993981481481482	0.006777164336524256	-0.020476891051258408	0.9009466470547002	1.8048711320065514
seed2	balanced	conditional_null	8.0	sqrt_rooms	nested_max	300	199	0.04	0.023027321487942308	0.06860421203864003	0.4925	0.5049128881300774	0.19463072616397512	72.0	12.0	12.0	0.0	0.4993981481481482	0.006777164336524256	-0.020476891051258408	0.9009466470547002	1.8048711320065514
seed2	balanced	conditional_null	8.0	sqrt_rooms	standardized_max	300	199	0.03	0.01586185380943231	0.05602253914164096	0.47	0.5049128881300774	0.19463072616397512	72.0	12.0	12.0	0.0	0.4993981481481482	0.006777164336524256	-0.020476891051258408	0.9009466470547002	1.8048711320065514
seed2	balanced	conditional_null	8.0	sqrt_rooms	cv_retrained	300	199	0.03	0.01586185380943231	0.05602253914164096	0.49	0.5049128881300774	0.19463072616397512	72.0	12.0	12.0	0.0	0.4993981481481482	0.006777164336524256	-0.020476891051258408	0.9009466470547002	1.8048711320065514
seed2	balanced	conditional_null	8.0	sqrt_rooms	cv_standardized	300	199	0.03	0.01586185380943231	0.05602253914164096	0.505	0.5265711866066193	0.3534298201067126	72.0	12.0	12.0	0.0	0.4993981481481482	0.006777164336524256	-0.020476891051258408	0.9009466470547002	1.8048711320065514
seed2	balanced	conditional_null	8.0	room_equal	profile	300	199	0.03666666666666667	0.02059530516285303	0.06445384817189295	0.455	0.5049128881300773	0.1946307261639751	72.0	12.0	12.0	0.0	0.4993981481481482	0.006777164336524256	-0.020476891051258408	0.9009466470547002	1.8048711320065514
seed2	balanced	conditional_null	8.0	room_equal	mantel	300	199	0.03333333333333333	0.01820494733885481	0.06026182580405482	0.4875	0.5049128881300773	0.1946307261639751	72.0	12.0	12.0	0.0	0.4993981481481482	0.006777164336524256	-0.020476891051258408	0.9009466470547002	1.8048711320065514
seed2	balanced	conditional_null	8.0	room_equal	nested_max	300	199	0.04	0.023027321487942308	0.06860421203864003	0.4925	0.5049128881300773	0.1946307261639751	72.0	12.0	12.0	0.0	0.4993981481481482	0.006777164336524256	-0.020476891051258408	0.9009466470547002	1.8048711320065514
seed2	balanced	conditional_null	8.0	room_equal	standardized_max	300	199	0.03	0.01586185380943231	0.05602253914164096	0.47	0.5049128881300773	0.1946307261639751	72.0	12.0	12.0	0.0	0.4993981481481482	0.006777164336524256	-0.020476891051258408	0.9009466470547002	1.8048711320065514
seed2	balanced	conditional_null	8.0	room_equal	cv_retrained	300	199	0.03	0.01586185380943231	0.05602253914164096	0.49	0.5049128881300773	0.1946307261639751	72.0	12.0	12.0	0.0	0.4993981481481482	0.006777164336524256	-0.020476891051258408	0.9009466470547002	1.8048711320065514
seed2	balanced	conditional_null	8.0	room_equal	cv_standardized	300	199	0.03	0.01586185380943231	0.05602253914164096	0.505	0.5265711866066192	0.35342982010671253	72.0	12.0	12.0	0.0	0.4993981481481482	0.006777164336524256	-0.020476891051258408	0.9009466470547002	1.8048711320065514
seed2	balanced	conditional_null	16.0	building_equal	profile	300	199	0.03666666666666667	0.02059530516285303	0.06445384817189295	0.455	0.5106761049737875	0.28924380138687183	72.0	12.0	12.0	0.0	0.4993981481481482	0.006777164336524256	-0.020476891051258408	0.9009466470547002	1.8048711320065514
seed2	balanced	conditional_null	16.0	building_equal	mantel	300	199	0.03333333333333333	0.01820494733885481	0.06026182580405482	0.4875	0.5106761049737875	0.28924380138687183	72.0	12.0	12.0	0.0	0.4993981481481482	0.006777164336524256	-0.020476891051258408	0.9009466470547002	1.8048711320065514
seed2	balanced	conditional_null	16.0	building_equal	nested_max	300	199	0.04	0.023027321487942308	0.06860421203864003	0.4925	0.5106761049737875	0.28924380138687183	72.0	12.0	12.0	0.0	0.4993981481481482	0.006777164336524256	-0.020476891051258408	0.9009466470547002	1.8048711320065514
seed2	balanced	conditional_null	16.0	building_equal	standardized_max	300	199	0.03	0.01586185380943231	0.05602253914164096	0.47	0.5106761049737875	0.28924380138687183	72.0	12.0	12.0	0.0	0.4993981481481482	0.006777164336524256	-0.020476891051258408	0.9009466470547002	1.8048711320065514
seed2	balanced	conditional_null	16.0	building_equal	cv_retrained	300	199	0.03333333333333333	0.01820494733885481	0.06026182580405482	0.4675	0.5106761049737875	0.28924380138687183	72.0	12.0	12.0	0.0	0.4993981481481482	0.006777164336524256	-0.020476891051258408	0.9009466470547002	1.8048711320065514
seed2	balanced	conditional_null	16.0	building_equal	cv_standardized	300	199	0.03	0.01586185380943231	0.05602253914164096	0.5075000000000001	0.531814192335436	0.3852015184201281	72.0	12.0	12.0	0.0	0.4993981481481482	0.006777164336524256	-0.020476891051258408	0.9009466470547002	1.8048711320065514
seed2	balanced	conditional_null	16.0	sqrt_rooms	profile	300	199	0.03666666666666667	0.02059530516285303	0.06445384817189295	0.455	0.5106761049737875	0.2892438013868719	72.0	12.0	12.0	0.0	0.4993981481481482	0.006777164336524256	-0.020476891051258408	0.9009466470547002	1.8048711320065514
seed2	balanced	conditional_null	16.0	sqrt_rooms	mantel	300	199	0.03333333333333333	0.01820494733885481	0.06026182580405482	0.4875	0.5106761049737875	0.2892438013868719	72.0	12.0	12.0	0.0	0.4993981481481482	0.006777164336524256	-0.020476891051258408	0.9009466470547002	1.8048711320065514
seed2	balanced	conditional_null	16.0	sqrt_rooms	nested_max	300	199	0.04	0.023027321487942308	0.06860421203864003	0.4925	0.5106761049737875	0.2892438013868719	72.0	12.0	12.0	0.0	0.4993981481481482	0.006777164336524256	-0.020476891051258408	0.9009466470547002	1.8048711320065514
seed2	balanced	conditional_null	16.0	sqrt_rooms	standardized_max	300	199	0.03	0.01586185380943231	0.05602253914164096	0.47	0.5106761049737875	0.2892438013868719	72.0	12.0	12.0	0.0	0.4993981481481482	0.006777164336524256	-0.020476891051258408	0.9009466470547002	1.8048711320065514
seed2	balanced	conditional_null	16.0	sqrt_rooms	cv_retrained	300	199	0.03333333333333333	0.01820494733885481	0.06026182580405482	0.4675	0.5106761049737875	0.2892438013868719	72.0	12.0	12.0	0.0	0.4993981481481482	0.006777164336524256	-0.020476891051258408	0.9009466470547002	1.8048711320065514
seed2	balanced	conditional_null	16.0	sqrt_rooms	cv_standardized	300	199	0.03	0.01586185380943231	0.05602253914164096	0.5075000000000001	0.5318141923354361	0.3852015184201282	72.0	12.0	12.0	0.0	0.4993981481481482	0.006777164336524256	-0.020476891051258408	0.9009466470547002	1.8048711320065514
seed2	balanced	conditional_null	16.0	room_equal	profile	300	199	0.03666666666666667	0.02059530516285303	0.06445384817189295	0.455	0.5106761049737875	0.28924380138687183	72.0	12.0	12.0	0.0	0.4993981481481482	0.006777164336524256	-0.020476891051258408	0.9009466470547002	1.8048711320065514
seed2	balanced	conditional_null	16.0	room_equal	mantel	300	199	0.03333333333333333	0.01820494733885481	0.06026182580405482	0.4875	0.5106761049737875	0.28924380138687183	72.0	12.0	12.0	0.0	0.4993981481481482	0.006777164336524256	-0.020476891051258408	0.9009466470547002	1.8048711320065514
seed2	balanced	conditional_null	16.0	room_equal	nested_max	300	199	0.04	0.023027321487942308	0.06860421203864003	0.4925	0.5106761049737875	0.28924380138687183	72.0	12.0	12.0	0.0	0.4993981481481482	0.006777164336524256	-0.020476891051258408	0.9009466470547002	1.8048711320065514
seed2	balanced	conditional_null	16.0	room_equal	standardized_max	300	199	0.03	0.01586185380943231	0.05602253914164096	0.47	0.5106761049737875	0.28924380138687183	72.0	12.0	12.0	0.0	0.4993981481481482	0.006777164336524256	-0.020476891051258408	0.9009466470547002	1.8048711320065514
seed2	balanced	conditional_null	16.0	room_equal	cv_retrained	300	199	0.03333333333333333	0.01820494733885481	0.06026182580405482	0.4675	0.5106761049737875	0.28924380138687183	72.0	12.0	12.0	0.0	0.4993981481481482	0.006777164336524256	-0.020476891051258408	0.9009466470547002	1.8048711320065514
seed2	balanced	conditional_null	16.0	room_equal	cv_standardized	300	199	0.03	0.01586185380943231	0.05602253914164096	0.5075000000000001	0.531814192335436	0.3852015184201281	72.0	12.0	12.0	0.0	0.4993981481481482	0.006777164336524256	-0.020476891051258408	0.9009466470547002	1.8048711320065514
seed2	balanced	radial_node_size_only	0.0	building_equal	profile	300	199	0.6566666666666666	0.6012598041861229	0.7081120648301859	0.015	0.4999999999999999	5.551115123125783e-17	72.0	12.0	12.0	0.0	0.49983796296296307	0.6409630190411949	-0.006853859580957409	0.0	1.0
seed2	balanced	radial_node_size_only	0.0	building_equal	mantel	300	199	0.6433333333333333	0.5876297656515226	0.6954125825974409	0.02	0.4999999999999999	5.551115123125783e-17	72.0	12.0	12.0	0.0	0.49983796296296307	0.6409630190411949	-0.006853859580957409	0.0	1.0
seed2	balanced	radial_node_size_only	0.0	building_equal	nested_max	300	199	0.6566666666666666	0.6012598041861229	0.7081120648301859	0.015	0.4999999999999999	5.551115123125783e-17	72.0	12.0	12.0	0.0	0.49983796296296307	0.6409630190411949	-0.006853859580957409	0.0	1.0
seed2	balanced	radial_node_size_only	0.0	building_equal	standardized_max	300	199	0.65	0.5944391111549903	0.7017679974776458	0.02	0.4999999999999999	5.551115123125783e-17	72.0	12.0	12.0	0.0	0.49983796296296307	0.6409630190411949	-0.006853859580957409	0.0	1.0
seed2	balanced	radial_node_size_only	0.0	building_equal	cv_retrained	300	199	0.62	0.5638844388564824	0.6730812480496265	0.025	0.4999999999999999	5.551115123125783e-17	72.0	12.0	12.0	0.0	0.49983796296296307	0.6409630190411949	-0.006853859580957409	0.0	1.0
seed2	balanced	radial_node_size_only	0.0	building_equal	cv_standardized	300	199	0.6	0.5436365963411878	0.653834809413903	0.03	0.4999999999999999	5.551115123125783e-17	72.0	12.0	12.0	0.0	0.49983796296296307	0.6409630190411949	-0.006853859580957409	0.0	1.0
seed2	balanced	radial_node_size_only	0.0	sqrt_rooms	profile	300	199	0.6566666666666666	0.6012598041861229	0.7081120648301859	0.015	0.5000000000000001	0.0	72.0	12.0	12.0	0.0	0.49983796296296307	0.6409630190411949	-0.006853859580957409	0.0	1.0
seed2	balanced	radial_node_size_only	0.0	sqrt_rooms	mantel	300	199	0.6433333333333333	0.5876297656515226	0.6954125825974409	0.02	0.5000000000000001	0.0	72.0	12.0	12.0	0.0	0.49983796296296307	0.6409630190411949	-0.006853859580957409	0.0	1.0
seed2	balanced	radial_node_size_only	0.0	sqrt_rooms	nested_max	300	199	0.6566666666666666	0.6012598041861229	0.7081120648301859	0.015	0.5000000000000001	0.0	72.0	12.0	12.0	0.0	0.49983796296296307	0.6409630190411949	-0.006853859580957409	0.0	1.0
seed2	balanced	radial_node_size_only	0.0	sqrt_rooms	standardized_max	300	199	0.65	0.5944391111549903	0.7017679974776458	0.02	0.5000000000000001	0.0	72.0	12.0	12.0	0.0	0.49983796296296307	0.6409630190411949	-0.006853859580957409	0.0	1.0
seed2	balanced	radial_node_size_only	0.0	sqrt_rooms	cv_retrained	300	199	0.62	0.5638844388564824	0.6730812480496265	0.025	0.5000000000000001	0.0	72.0	12.0	12.0	0.0	0.49983796296296307	0.6409630190411949	-0.006853859580957409	0.0	1.0
seed2	balanced	radial_node_size_only	0.0	sqrt_rooms	cv_standardized	300	199	0.6	0.5436365963411878	0.653834809413903	0.03	0.5000000000000001	0.0	72.0	12.0	12.0	0.0	0.49983796296296307	0.6409630190411949	-0.006853859580957409	0.0	1.0
seed2	balanced	radial_node_size_only	0.0	room_equal	profile	300	199	0.6566666666666666	0.6012598041861229	0.7081120648301859	0.015	0.4999999999999999	5.551115123125783e-17	72.0	12.0	12.0	0.0	0.49983796296296307	0.6409630190411949	-0.006853859580957409	0.0	1.0
seed2	balanced	radial_node_size_only	0.0	room_equal	mantel	300	199	0.6433333333333333	0.5876297656515226	0.6954125825974409	0.02	0.4999999999999999	5.551115123125783e-17	72.0	12.0	12.0	0.0	0.49983796296296307	0.6409630190411949	-0.006853859580957409	0.0	1.0
seed2	balanced	radial_node_size_only	0.0	room_equal	nested_max	300	199	0.6566666666666666	0.6012598041861229	0.7081120648301859	0.015	0.4999999999999999	5.551115123125783e-17	72.0	12.0	12.0	0.0	0.49983796296296307	0.6409630190411949	-0.006853859580957409	0.0	1.0
seed2	balanced	radial_node_size_only	0.0	room_equal	standardized_max	300	199	0.65	0.5944391111549903	0.7017679974776458	0.02	0.4999999999999999	5.551115123125783e-17	72.0	12.0	12.0	0.0	0.49983796296296307	0.6409630190411949	-0.006853859580957409	0.0	1.0
seed2	balanced	radial_node_size_only	0.0	room_equal	cv_retrained	300	199	0.62	0.5638844388564824	0.6730812480496265	0.025	0.4999999999999999	5.551115123125783e-17	72.0	12.0	12.0	0.0	0.49983796296296307	0.6409630190411949	-0.006853859580957409	0.0	1.0
seed2	balanced	radial_node_size_only	0.0	room_equal	cv_standardized	300	199	0.6	0.5436365963411878	0.653834809413903	0.03	0.4999999999999999	5.551115123125783e-17	72.0	12.0	12.0	0.0	0.49983796296296307	0.6409630190411949	-0.006853859580957409	0.0	1.0
seed2	balanced	radial_node_size_only	0.1	building_equal	profile	300	199	0.6566666666666666	0.6012598041861229	0.7081120648301859	0.015	0.5031417621906784	0.002061665153933007	72.0	12.0	12.0	0.0	0.49983796296296307	0.6409630190411949	-0.006853859580957409	0.0	1.0
seed2	balanced	radial_node_size_only	0.1	building_equal	mantel	300	199	0.6433333333333333	0.5876297656515226	0.6954125825974409	0.02	0.5031417621906784	0.002061665153933007	72.0	12.0	12.0	0.0	0.49983796296296307	0.6409630190411949	-0.006853859580957409	0.0	1.0
seed2	balanced	radial_node_size_only	0.1	building_equal	nested_max	300	199	0.6566666666666666	0.6012598041861229	0.7081120648301859	0.015	0.5031417621906784	0.002061665153933007	72.0	12.0	12.0	0.0	0.49983796296296307	0.6409630190411949	-0.006853859580957409	0.0	1.0
seed2	balanced	radial_node_size_only	0.1	building_equal	standardized_max	300	199	0.65	0.5944391111549903	0.7017679974776458	0.02	0.5031417621906784	0.002061665153933007	72.0	12.0	12.0	0.0	0.49983796296296307	0.6409630190411949	-0.006853859580957409	0.0	1.0
seed2	balanced	radial_node_size_only	0.1	building_equal	cv_retrained	300	199	0.62	0.5638844388564824	0.6730812480496265	0.025	0.5031417621906784	0.002061665153933007	72.0	12.0	12.0	0.0	0.49983796296296307	0.6409630190411949	-0.006853859580957409	0.0	1.0
seed2	balanced	radial_node_size_only	0.1	building_equal	cv_standardized	300	199	0.6066666666666667	0.5503752712846574	0.6602608948541061	0.03	0.5032041953860455	0.007970169380592192	72.0	12.0	12.0	0.0	0.49983796296296307	0.6409630190411949	-0.006853859580957409	0.0	1.0
seed2	balanced	radial_node_size_only	0.1	sqrt_rooms	profile	300	199	0.6566666666666666	0.6012598041861229	0.7081120648301859	0.015	0.5031417621906785	0.0020616651539330086	72.0	12.0	12.0	0.0	0.49983796296296307	0.6409630190411949	-0.006853859580957409	0.0	1.0
seed2	balanced	radial_node_size_only	0.1	sqrt_rooms	mantel	300	199	0.6433333333333333	0.5876297656515226	0.6954125825974409	0.02	0.5031417621906785	0.0020616651539330086	72.0	12.0	12.0	0.0	0.49983796296296307	0.6409630190411949	-0.006853859580957409	0.0	1.0
seed2	balanced	radial_node_size_only	0.1	sqrt_rooms	nested_max	300	199	0.6566666666666666	0.6012598041861229	0.7081120648301859	0.015	0.5031417621906785	0.0020616651539330086	72.0	12.0	12.0	0.0	0.49983796296296307	0.6409630190411949	-0.006853859580957409	0.0	1.0
seed2	balanced	radial_node_size_only	0.1	sqrt_rooms	standardized_max	300	199	0.65	0.5944391111549903	0.7017679974776458	0.02	0.5031417621906785	0.0020616651539330086	72.0	12.0	12.0	0.0	0.49983796296296307	0.6409630190411949	-0.006853859580957409	0.0	1.0
seed2	balanced	radial_node_size_only	0.1	sqrt_rooms	cv_retrained	300	199	0.62	0.5638844388564824	0.6730812480496265	0.025	0.5031417621906785	0.0020616651539330086	72.0	12.0	12.0	0.0	0.49983796296296307	0.6409630190411949	-0.006853859580957409	0.0	1.0
seed2	balanced	radial_node_size_only	0.1	sqrt_rooms	cv_standardized	300	199	0.6066666666666667	0.5503752712846574	0.6602608948541061	0.03	0.5032041953860455	0.007970169380592192	72.0	12.0	12.0	0.0	0.49983796296296307	0.6409630190411949	-0.006853859580957409	0.0	1.0
seed2	balanced	radial_node_size_only	0.1	room_equal	profile	300	199	0.6566666666666666	0.6012598041861229	0.7081120648301859	0.015	0.5031417621906784	0.002061665153933007	72.0	12.0	12.0	0.0	0.49983796296296307	0.6409630190411949	-0.006853859580957409	0.0	1.0
seed2	balanced	radial_node_size_only	0.1	room_equal	mantel	300	199	0.6433333333333333	0.5876297656515226	0.6954125825974409	0.02	0.5031417621906784	0.002061665153933007	72.0	12.0	12.0	0.0	0.49983796296296307	0.6409630190411949	-0.006853859580957409	0.0	1.0
seed2	balanced	radial_node_size_only	0.1	room_equal	nested_max	300	199	0.6566666666666666	0.6012598041861229	0.7081120648301859	0.015	0.5031417621906784	0.002061665153933007	72.0	12.0	12.0	0.0	0.49983796296296307	0.6409630190411949	-0.006853859580957409	0.0	1.0
seed2	balanced	radial_node_size_only	0.1	room_equal	standardized_max	300	199	0.65	0.5944391111549903	0.7017679974776458	0.02	0.5031417621906784	0.002061665153933007	72.0	12.0	12.0	0.0	0.49983796296296307	0.6409630190411949	-0.006853859580957409	0.0	1.0
seed2	balanced	radial_node_size_only	0.1	room_equal	cv_retrained	300	199	0.62	0.5638844388564824	0.6730812480496265	0.025	0.5031417621906784	0.002061665153933007	72.0	12.0	12.0	0.0	0.49983796296296307	0.6409630190411949	-0.006853859580957409	0.0	1.0
seed2	balanced	radial_node_size_only	0.1	room_equal	cv_standardized	300	199	0.6066666666666667	0.5503752712846574	0.6602608948541061	0.03	0.5032041953860455	0.007970169380592194	72.0	12.0	12.0	0.0	0.49983796296296307	0.6409630190411949	-0.006853859580957409	0.0	1.0
seed2	balanced	radial_node_size_only	0.25	building_equal	profile	300	199	0.6566666666666666	0.6012598041861229	0.7081120648301859	0.015	0.5078530123125385	0.005152607995464621	72.0	12.0	12.0	0.0	0.49983796296296307	0.6409630190411949	-0.006853859580957409	0.0	1.0
seed2	balanced	radial_node_size_only	0.25	building_equal	mantel	300	199	0.6433333333333333	0.5876297656515226	0.6954125825974409	0.02	0.5078530123125385	0.005152607995464621	72.0	12.0	12.0	0.0	0.49983796296296307	0.6409630190411949	-0.006853859580957409	0.0	1.0
seed2	balanced	radial_node_size_only	0.25	building_equal	nested_max	300	199	0.6566666666666666	0.6012598041861229	0.7081120648301859	0.015	0.5078530123125385	0.005152607995464621	72.0	12.0	12.0	0.0	0.49983796296296307	0.6409630190411949	-0.006853859580957409	0.0	1.0
seed2	balanced	radial_node_size_only	0.25	building_equal	standardized_max	300	199	0.65	0.5944391111549903	0.7017679974776458	0.02	0.5078530123125385	0.005152607995464621	72.0	12.0	12.0	0.0	0.49983796296296307	0.6409630190411949	-0.006853859580957409	0.0	1.0
seed2	balanced	radial_node_size_only	0.25	building_equal	cv_retrained	300	199	0.62	0.5638844388564824	0.6730812480496265	0.025	0.5078530123125385	0.005152607995464621	72.0	12.0	12.0	0.0	0.49983796296296307	0.6409630190411949	-0.006853859580957409	0.0	1.0
seed2	balanced	radial_node_size_only	0.25	building_equal	cv_standardized	300	199	0.6066666666666667	0.5503752712846574	0.6602608948541061	0.03	0.5080008102890043	0.019891151197781797	72.0	12.0	12.0	0.0	0.49983796296296307	0.6409630190411949	-0.006853859580957409	0.0	1.0
seed2	balanced	radial_node_size_only	0.25	sqrt_rooms	profile	300	199	0.6566666666666666	0.6012598041861229	0.7081120648301859	0.015	0.5078530123125385	0.005152607995464623	72.0	12.0	12.0	0.0	0.49983796296296307	0.6409630190411949	-0.006853859580957409	0.0	1.0
seed2	balanced	radial_node_size_only	0.25	sqrt_rooms	mantel	300	199	0.6433333333333333	0.5876297656515226	0.6954125825974409	0.02	0.5078530123125385	0.005152607995464623	72.0	12.0	12.0	0.0	0.49983796296296307	0.6409630190411949	-0.006853859580957409	0.0	1.0
seed2	balanced	radial_node_size_only	0.25	sqrt_rooms	nested_max	300	199	0.6566666666666666	0.6012598041861229	0.7081120648301859	0.015	0.5078530123125385	0.005152607995464623	72.0	12.0	12.0	0.0	0.49983796296296307	0.6409630190411949	-0.006853859580957409	0.0	1.0
seed2	balanced	radial_node_size_only	0.25	sqrt_rooms	standardized_max	300	199	0.65	0.5944391111549903	0.7017679974776458	0.02	0.5078530123125385	0.005152607995464623	72.0	12.0	12.0	0.0	0.49983796296296307	0.6409630190411949	-0.006853859580957409	0.0	1.0
seed2	balanced	radial_node_size_only	0.25	sqrt_rooms	cv_retrained	300	199	0.62	0.5638844388564824	0.6730812480496265	0.025	0.5078530123125385	0.005152607995464623	72.0	12.0	12.0	0.0	0.49983796296296307	0.6409630190411949	-0.006853859580957409	0.0	1.0
seed2	balanced	radial_node_size_only	0.25	sqrt_rooms	cv_standardized	300	199	0.6066666666666667	0.5503752712846574	0.6602608948541061	0.03	0.5080008102890045	0.019891151197781794	72.0	12.0	12.0	0.0	0.49983796296296307	0.6409630190411949	-0.006853859580957409	0.0	1.0
seed2	balanced	radial_node_size_only	0.25	room_equal	profile	300	199	0.6566666666666666	0.6012598041861229	0.7081120648301859	0.015	0.5078530123125385	0.00515260799546462	72.0	12.0	12.0	0.0	0.49983796296296307	0.6409630190411949	-0.006853859580957409	0.0	1.0
seed2	balanced	radial_node_size_only	0.25	room_equal	mantel	300	199	0.6433333333333333	0.5876297656515226	0.6954125825974409	0.02	0.5078530123125385	0.00515260799546462	72.0	12.0	12.0	0.0	0.49983796296296307	0.6409630190411949	-0.006853859580957409	0.0	1.0
seed2	balanced	radial_node_size_only	0.25	room_equal	nested_max	300	199	0.6566666666666666	0.6012598041861229	0.7081120648301859	0.015	0.5078530123125385	0.00515260799546462	72.0	12.0	12.0	0.0	0.49983796296296307	0.6409630190411949	-0.006853859580957409	0.0	1.0
seed2	balanced	radial_node_size_only	0.25	room_equal	standardized_max	300	199	0.65	0.5944391111549903	0.7017679974776458	0.02	0.5078530123125385	0.00515260799546462	72.0	12.0	12.0	0.0	0.49983796296296307	0.6409630190411949	-0.006853859580957409	0.0	1.0
seed2	balanced	radial_node_size_only	0.25	room_equal	cv_retrained	300	199	0.62	0.5638844388564824	0.6730812480496265	0.025	0.5078530123125385	0.00515260799546462	72.0	12.0	12.0	0.0	0.49983796296296307	0.6409630190411949	-0.006853859580957409	0.0	1.0
seed2	balanced	radial_node_size_only	0.25	room_equal	cv_standardized	300	199	0.6066666666666667	0.5503752712846574	0.6602608948541061	0.03	0.5080008102890043	0.019891151197781797	72.0	12.0	12.0	0.0	0.49983796296296307	0.6409630190411949	-0.006853859580957409	0.0	1.0
seed2	balanced	radial_node_size_only	0.5	building_equal	profile	300	199	0.6566666666666666	0.6012598041861229	0.7081120648301859	0.015	0.5156960877780402	0.010294133524477281	72.0	12.0	12.0	0.0	0.49983796296296307	0.6409630190411949	-0.006853859580957409	0.0	1.0
seed2	balanced	radial_node_size_only	0.5	building_equal	mantel	300	199	0.6433333333333333	0.5876297656515226	0.6954125825974409	0.02	0.5156960877780402	0.010294133524477281	72.0	12.0	12.0	0.0	0.49983796296296307	0.6409630190411949	-0.006853859580957409	0.0	1.0
seed2	balanced	radial_node_size_only	0.5	building_equal	nested_max	300	199	0.6566666666666666	0.6012598041861229	0.7081120648301859	0.015	0.5156960877780402	0.010294133524477281	72.0	12.0	12.0	0.0	0.49983796296296307	0.6409630190411949	-0.006853859580957409	0.0	1.0
seed2	balanced	radial_node_size_only	0.5	building_equal	standardized_max	300	199	0.65	0.5944391111549903	0.7017679974776458	0.02	0.5156960877780402	0.010294133524477281	72.0	12.0	12.0	0.0	0.49983796296296307	0.6409630190411949	-0.006853859580957409	0.0	1.0
seed2	balanced	radial_node_size_only	0.5	building_equal	cv_retrained	300	199	0.6166666666666667	0.5605031391673366	0.669880167546936	0.025	0.5156960877780402	0.010294133524477281	72.0	12.0	12.0	0.0	0.49983796296296307	0.6409630190411949	-0.006853859580957409	0.0	1.0
seed2	balanced	radial_node_size_only	0.5	building_equal	cv_standardized	300	199	0.61	0.553748567961591	0.6634699783690088	0.03	0.5159330194507828	0.039541791809979444	72.0	12.0	12.0	0.0	0.49983796296296307	0.6409630190411949	-0.006853859580957409	0.0	1.0
seed2	balanced	radial_node_size_only	0.5	sqrt_rooms	profile	300	199	0.6566666666666666	0.6012598041861229	0.7081120648301859	0.015	0.5156960877780402	0.01029413352447728	72.0	12.0	12.0	0.0	0.49983796296296307	0.6409630190411949	-0.006853859580957409	0.0	1.0
seed2	balanced	radial_node_size_only	0.5	sqrt_rooms	mantel	300	199	0.6433333333333333	0.5876297656515226	0.6954125825974409	0.02	0.5156960877780402	0.01029413352447728	72.0	12.0	12.0	0.0	0.49983796296296307	0.6409630190411949	-0.006853859580957409	0.0	1.0
seed2	balanced	radial_node_size_only	0.5	sqrt_rooms	nested_max	300	199	0.6566666666666666	0.6012598041861229	0.7081120648301859	0.015	0.5156960877780402	0.01029413352447728	72.0	12.0	12.0	0.0	0.49983796296296307	0.6409630190411949	-0.006853859580957409	0.0	1.0
seed2	balanced	radial_node_size_only	0.5	sqrt_rooms	standardized_max	300	199	0.65	0.5944391111549903	0.7017679974776458	0.02	0.5156960877780402	0.01029413352447728	72.0	12.0	12.0	0.0	0.49983796296296307	0.6409630190411949	-0.006853859580957409	0.0	1.0
seed2	balanced	radial_node_size_only	0.5	sqrt_rooms	cv_retrained	300	199	0.6166666666666667	0.5605031391673366	0.669880167546936	0.025	0.5156960877780402	0.01029413352447728	72.0	12.0	12.0	0.0	0.49983796296296307	0.6409630190411949	-0.006853859580957409	0.0	1.0
seed2	balanced	radial_node_size_only	0.5	sqrt_rooms	cv_standardized	300	199	0.61	0.553748567961591	0.6634699783690088	0.03	0.5159330194507828	0.03954179180997946	72.0	12.0	12.0	0.0	0.49983796296296307	0.6409630190411949	-0.006853859580957409	0.0	1.0
seed2	balanced	radial_node_size_only	0.5	room_equal	profile	300	199	0.6566666666666666	0.6012598041861229	0.7081120648301859	0.015	0.5156960877780402	0.010294133524477281	72.0	12.0	12.0	0.0	0.49983796296296307	0.6409630190411949	-0.006853859580957409	0.0	1.0
seed2	balanced	radial_node_size_only	0.5	room_equal	mantel	300	199	0.6433333333333333	0.5876297656515226	0.6954125825974409	0.02	0.5156960877780402	0.010294133524477281	72.0	12.0	12.0	0.0	0.49983796296296307	0.6409630190411949	-0.006853859580957409	0.0	1.0
seed2	balanced	radial_node_size_only	0.5	room_equal	nested_max	300	199	0.6566666666666666	0.6012598041861229	0.7081120648301859	0.015	0.5156960877780402	0.010294133524477281	72.0	12.0	12.0	0.0	0.49983796296296307	0.6409630190411949	-0.006853859580957409	0.0	1.0
seed2	balanced	radial_node_size_only	0.5	room_equal	standardized_max	300	199	0.65	0.5944391111549903	0.7017679974776458	0.02	0.5156960877780402	0.010294133524477281	72.0	12.0	12.0	0.0	0.49983796296296307	0.6409630190411949	-0.006853859580957409	0.0	1.0
seed2	balanced	radial_node_size_only	0.5	room_equal	cv_retrained	300	199	0.6166666666666667	0.5605031391673366	0.669880167546936	0.025	0.5156960877780402	0.010294133524477281	72.0	12.0	12.0	0.0	0.49983796296296307	0.6409630190411949	-0.006853859580957409	0.0	1.0
seed2	balanced	radial_node_size_only	0.5	room_equal	cv_standardized	300	199	0.61	0.553748567961591	0.6634699783690088	0.03	0.5159330194507828	0.03954179180997945	72.0	12.0	12.0	0.0	0.49983796296296307	0.6409630190411949	-0.006853859580957409	0.0	1.0
seed2	balanced	radial_node_size_only	1.0	building_equal	profile	300	199	0.6566666666666666	0.6012598041861229	0.7081120648301859	0.015	0.5313131249552386	0.020500345589224343	72.0	12.0	12.0	0.0	0.49983796296296307	0.6409630190411949	-0.006853859580957409	0.0	1.0
seed2	balanced	radial_node_size_only	1.0	building_equal	mantel	300	199	0.6433333333333333	0.5876297656515226	0.6954125825974409	0.02	0.5313131249552386	0.020500345589224343	72.0	12.0	12.0	0.0	0.49983796296296307	0.6409630190411949	-0.006853859580957409	0.0	1.0
seed2	balanced	radial_node_size_only	1.0	building_equal	nested_max	300	199	0.6566666666666666	0.6012598041861229	0.7081120648301859	0.015	0.5313131249552386	0.020500345589224343	72.0	12.0	12.0	0.0	0.49983796296296307	0.6409630190411949	-0.006853859580957409	0.0	1.0
seed2	balanced	radial_node_size_only	1.0	building_equal	standardized_max	300	199	0.65	0.5944391111549903	0.7017679974776458	0.02	0.5313131249552386	0.020500345589224343	72.0	12.0	12.0	0.0	0.49983796296296307	0.6409630190411949	-0.006853859580957409	0.0	1.0
seed2	balanced	radial_node_size_only	1.0	building_equal	cv_retrained	300	199	0.6233333333333333	0.5672684321681708	0.6762796349297745	0.0225	0.5313131249552386	0.020500345589224343	72.0	12.0	12.0	0.0	0.49983796296296307	0.6409630190411949	-0.006853859580957409	0.0	1.0
seed2	balanced	radial_node_size_only	1.0	building_equal	cv_standardized	300	199	0.6033333333333334	0.5470046178899679	0.6570491680569592	0.0275	0.5313337898944176	0.07728017413908493	72.0	12.0	12.0	0.0	0.49983796296296307	0.6409630190411949	-0.006853859580957409	0.0	1.0
seed2	balanced	radial_node_size_only	1.0	sqrt_rooms	profile	300	199	0.6566666666666666	0.6012598041861229	0.7081120648301859	0.015	0.5313131249552386	0.020500345589224343	72.0	12.0	12.0	0.0	0.49983796296296307	0.6409630190411949	-0.006853859580957409	0.0	1.0
seed2	balanced	radial_node_size_only	1.0	sqrt_rooms	mantel	300	199	0.6433333333333333	0.5876297656515226	0.6954125825974409	0.02	0.5313131249552386	0.020500345589224343	72.0	12.0	12.0	0.0	0.49983796296296307	0.6409630190411949	-0.006853859580957409	0.0	1.0
seed2	balanced	radial_node_size_only	1.0	sqrt_rooms	nested_max	300	199	0.6566666666666666	0.6012598041861229	0.7081120648301859	0.015	0.5313131249552386	0.020500345589224343	72.0	12.0	12.0	0.0	0.49983796296296307	0.6409630190411949	-0.006853859580957409	0.0	1.0
seed2	balanced	radial_node_size_only	1.0	sqrt_rooms	standardized_max	300	199	0.65	0.5944391111549903	0.7017679974776458	0.02	0.5313131249552386	0.020500345589224343	72.0	12.0	12.0	0.0	0.49983796296296307	0.6409630190411949	-0.006853859580957409	0.0	1.0
seed2	balanced	radial_node_size_only	1.0	sqrt_rooms	cv_retrained	300	199	0.6233333333333333	0.5672684321681708	0.6762796349297745	0.0225	0.5313131249552386	0.020500345589224343	72.0	12.0	12.0	0.0	0.49983796296296307	0.6409630190411949	-0.006853859580957409	0.0	1.0
seed2	balanced	radial_node_size_only	1.0	sqrt_rooms	cv_standardized	300	199	0.6033333333333334	0.5470046178899679	0.6570491680569592	0.0275	0.5313337898944177	0.07728017413908496	72.0	12.0	12.0	0.0	0.49983796296296307	0.6409630190411949	-0.006853859580957409	0.0	1.0
seed2	balanced	radial_node_size_only	1.0	room_equal	profile	300	199	0.6566666666666666	0.6012598041861229	0.7081120648301859	0.015	0.5313131249552386	0.020500345589224343	72.0	12.0	12.0	0.0	0.49983796296296307	0.6409630190411949	-0.006853859580957409	0.0	1.0
seed2	balanced	radial_node_size_only	1.0	room_equal	mantel	300	199	0.6433333333333333	0.5876297656515226	0.6954125825974409	0.02	0.5313131249552386	0.020500345589224343	72.0	12.0	12.0	0.0	0.49983796296296307	0.6409630190411949	-0.006853859580957409	0.0	1.0
seed2	balanced	radial_node_size_only	1.0	room_equal	nested_max	300	199	0.6566666666666666	0.6012598041861229	0.7081120648301859	0.015	0.5313131249552386	0.020500345589224343	72.0	12.0	12.0	0.0	0.49983796296296307	0.6409630190411949	-0.006853859580957409	0.0	1.0
seed2	balanced	radial_node_size_only	1.0	room_equal	standardized_max	300	199	0.65	0.5944391111549903	0.7017679974776458	0.02	0.5313131249552386	0.020500345589224343	72.0	12.0	12.0	0.0	0.49983796296296307	0.6409630190411949	-0.006853859580957409	0.0	1.0
seed2	balanced	radial_node_size_only	1.0	room_equal	cv_retrained	300	199	0.6233333333333333	0.5672684321681708	0.6762796349297745	0.0225	0.5313131249552386	0.020500345589224343	72.0	12.0	12.0	0.0	0.49983796296296307	0.6409630190411949	-0.006853859580957409	0.0	1.0
seed2	balanced	radial_node_size_only	1.0	room_equal	cv_standardized	300	199	0.6033333333333334	0.5470046178899679	0.6570491680569592	0.0275	0.5313337898944176	0.07728017413908495	72.0	12.0	12.0	0.0	0.49983796296296307	0.6409630190411949	-0.006853859580957409	0.0	1.0
seed2	balanced	radial_node_size_only	2.0	building_equal	profile	300	199	0.6566666666666666	0.6012598041861229	0.7081120648301859	0.015	0.5620076307194345	0.04031995684268506	72.0	12.0	12.0	0.0	0.49983796296296307	0.6409630190411949	-0.006853859580957409	0.0	1.0
seed2	balanced	radial_node_size_only	2.0	building_equal	mantel	300	199	0.6433333333333333	0.5876297656515226	0.6954125825974409	0.02	0.5620076307194345	0.04031995684268506	72.0	12.0	12.0	0.0	0.49983796296296307	0.6409630190411949	-0.006853859580957409	0.0	1.0
seed2	balanced	radial_node_size_only	2.0	building_equal	nested_max	300	199	0.6566666666666666	0.6012598041861229	0.7081120648301859	0.015	0.5620076307194345	0.04031995684268506	72.0	12.0	12.0	0.0	0.49983796296296307	0.6409630190411949	-0.006853859580957409	0.0	1.0
seed2	balanced	radial_node_size_only	2.0	building_equal	standardized_max	300	199	0.65	0.5944391111549903	0.7017679974776458	0.02	0.5620076307194345	0.04031995684268506	72.0	12.0	12.0	0.0	0.49983796296296307	0.6409630190411949	-0.006853859580957409	0.0	1.0
seed2	balanced	radial_node_size_only	2.0	building_equal	cv_retrained	300	199	0.6233333333333333	0.5672684321681708	0.6762796349297745	0.02	0.5620076307194345	0.04031995684268506	72.0	12.0	12.0	0.0	0.49983796296296307	0.6409630190411949	-0.006853859580957409	0.0	1.0
seed2	balanced	radial_node_size_only	2.0	building_equal	cv_standardized	300	199	0.5933333333333334	0.5369084052348393	0.6473982401365789	0.0275	0.5589023762136778	0.14290173677052764	72.0	12.0	12.0	0.0	0.49983796296296307	0.6409630190411949	-0.006853859580957409	0.0	1.0
seed2	balanced	radial_node_size_only	2.0	sqrt_rooms	profile	300	199	0.6566666666666666	0.6012598041861229	0.7081120648301859	0.015	0.5620076307194347	0.04031995684268506	72.0	12.0	12.0	0.0	0.49983796296296307	0.6409630190411949	-0.006853859580957409	0.0	1.0
seed2	balanced	radial_node_size_only	2.0	sqrt_rooms	mantel	300	199	0.6433333333333333	0.5876297656515226	0.6954125825974409	0.02	0.5620076307194347	0.04031995684268506	72.0	12.0	12.0	0.0	0.49983796296296307	0.6409630190411949	-0.006853859580957409	0.0	1.0
seed2	balanced	radial_node_size_only	2.0	sqrt_rooms	nested_max	300	199	0.6566666666666666	0.6012598041861229	0.7081120648301859	0.015	0.5620076307194347	0.04031995684268506	72.0	12.0	12.0	0.0	0.49983796296296307	0.6409630190411949	-0.006853859580957409	0.0	1.0
seed2	balanced	radial_node_size_only	2.0	sqrt_rooms	standardized_max	300	199	0.65	0.5944391111549903	0.7017679974776458	0.02	0.5620076307194347	0.04031995684268506	72.0	12.0	12.0	0.0	0.49983796296296307	0.6409630190411949	-0.006853859580957409	0.0	1.0
seed2	balanced	radial_node_size_only	2.0	sqrt_rooms	cv_retrained	300	199	0.6233333333333333	0.5672684321681708	0.6762796349297745	0.02	0.5620076307194347	0.04031995684268506	72.0	12.0	12.0	0.0	0.49983796296296307	0.6409630190411949	-0.006853859580957409	0.0	1.0
seed2	balanced	radial_node_size_only	2.0	sqrt_rooms	cv_standardized	300	199	0.5933333333333334	0.5369084052348393	0.6473982401365789	0.0275	0.5589023762136779	0.14290173677052767	72.0	12.0	12.0	0.0	0.49983796296296307	0.6409630190411949	-0.006853859580957409	0.0	1.0
seed2	balanced	radial_node_size_only	2.0	room_equal	profile	300	199	0.6566666666666666	0.6012598041861229	0.7081120648301859	0.015	0.5620076307194345	0.04031995684268506	72.0	12.0	12.0	0.0	0.49983796296296307	0.6409630190411949	-0.006853859580957409	0.0	1.0
seed2	balanced	radial_node_size_only	2.0	room_equal	mantel	300	199	0.6433333333333333	0.5876297656515226	0.6954125825974409	0.02	0.5620076307194345	0.04031995684268506	72.0	12.0	12.0	0.0	0.49983796296296307	0.6409630190411949	-0.006853859580957409	0.0	1.0
seed2	balanced	radial_node_size_only	2.0	room_equal	nested_max	300	199	0.6566666666666666	0.6012598041861229	0.7081120648301859	0.015	0.5620076307194345	0.04031995684268506	72.0	12.0	12.0	0.0	0.49983796296296307	0.6409630190411949	-0.006853859580957409	0.0	1.0
seed2	balanced	radial_node_size_only	2.0	room_equal	standardized_max	300	199	0.65	0.5944391111549903	0.7017679974776458	0.02	0.5620076307194345	0.04031995684268506	72.0	12.0	12.0	0.0	0.49983796296296307	0.6409630190411949	-0.006853859580957409	0.0	1.0
seed2	balanced	radial_node_size_only	2.0	room_equal	cv_retrained	300	199	0.6233333333333333	0.5672684321681708	0.6762796349297745	0.02	0.5620076307194345	0.04031995684268506	72.0	12.0	12.0	0.0	0.49983796296296307	0.6409630190411949	-0.006853859580957409	0.0	1.0
seed2	balanced	radial_node_size_only	2.0	room_equal	cv_standardized	300	199	0.5933333333333334	0.5369084052348393	0.6473982401365789	0.0275	0.5589023762136778	0.14290173677052764	72.0	12.0	12.0	0.0	0.49983796296296307	0.6409630190411949	-0.006853859580957409	0.0	1.0
seed2	balanced	radial_node_size_only	4.0	building_equal	profile	300	199	0.6566666666666666	0.6012598041861229	0.7081120648301859	0.015	0.6194599856276993	0.07581369695221046	72.0	12.0	12.0	0.0	0.49983796296296307	0.6409630190411949	-0.006853859580957409	0.0	1.0
seed2	balanced	radial_node_size_only	4.0	building_equal	mantel	300	199	0.6433333333333333	0.5876297656515226	0.6954125825974409	0.02	0.6194599856276993	0.07581369695221046	72.0	12.0	12.0	0.0	0.49983796296296307	0.6409630190411949	-0.006853859580957409	0.0	1.0
seed2	balanced	radial_node_size_only	4.0	building_equal	nested_max	300	199	0.6566666666666666	0.6012598041861229	0.7081120648301859	0.015	0.6194599856276993	0.07581369695221046	72.0	12.0	12.0	0.0	0.49983796296296307	0.6409630190411949	-0.006853859580957409	0.0	1.0
seed2	balanced	radial_node_size_only	4.0	building_equal	standardized_max	300	199	0.65	0.5944391111549903	0.7017679974776458	0.02	0.6194599856276993	0.07581369695221046	72.0	12.0	12.0	0.0	0.49983796296296307	0.6409630190411949	-0.006853859580957409	0.0	1.0
seed2	balanced	radial_node_size_only	4.0	building_equal	cv_retrained	300	199	0.6166666666666667	0.5605031391673366	0.669880167546936	0.025	0.6194599856276993	0.07581369695221046	72.0	12.0	12.0	0.0	0.49983796296296307	0.6409630190411949	-0.006853859580957409	0.0	1.0
seed2	balanced	radial_node_size_only	4.0	building_equal	cv_standardized	300	199	0.57	0.513441160762328	0.6247888232662354	0.03	0.5977484067611192	0.23194798383343895	72.0	12.0	12.0	0.0	0.49983796296296307	0.6409630190411949	-0.006853859580957409	0.0	1.0
seed2	balanced	radial_node_size_only	4.0	sqrt_rooms	profile	300	199	0.6566666666666666	0.6012598041861229	0.7081120648301859	0.015	0.6194599856276995	0.07581369695221049	72.0	12.0	12.0	0.0	0.49983796296296307	0.6409630190411949	-0.006853859580957409	0.0	1.0
seed2	balanced	radial_node_size_only	4.0	sqrt_rooms	mantel	300	199	0.6433333333333333	0.5876297656515226	0.6954125825974409	0.02	0.6194599856276995	0.07581369695221049	72.0	12.0	12.0	0.0	0.49983796296296307	0.6409630190411949	-0.006853859580957409	0.0	1.0
seed2	balanced	radial_node_size_only	4.0	sqrt_rooms	nested_max	300	199	0.6566666666666666	0.6012598041861229	0.7081120648301859	0.015	0.6194599856276995	0.07581369695221049	72.0	12.0	12.0	0.0	0.49983796296296307	0.6409630190411949	-0.006853859580957409	0.0	1.0
seed2	balanced	radial_node_size_only	4.0	sqrt_rooms	standardized_max	300	199	0.65	0.5944391111549903	0.7017679974776458	0.02	0.6194599856276995	0.07581369695221049	72.0	12.0	12.0	0.0	0.49983796296296307	0.6409630190411949	-0.006853859580957409	0.0	1.0
seed2	balanced	radial_node_size_only	4.0	sqrt_rooms	cv_retrained	300	199	0.6166666666666667	0.5605031391673366	0.669880167546936	0.025	0.6194599856276995	0.07581369695221049	72.0	12.0	12.0	0.0	0.49983796296296307	0.6409630190411949	-0.006853859580957409	0.0	1.0
seed2	balanced	radial_node_size_only	4.0	sqrt_rooms	cv_standardized	300	199	0.57	0.513441160762328	0.6247888232662354	0.03	0.5977484067611194	0.23194798383343904	72.0	12.0	12.0	0.0	0.49983796296296307	0.6409630190411949	-0.006853859580957409	0.0	1.0
seed2	balanced	radial_node_size_only	4.0	room_equal	profile	300	199	0.6566666666666666	0.6012598041861229	0.7081120648301859	0.015	0.6194599856276994	0.07581369695221046	72.0	12.0	12.0	0.0	0.49983796296296307	0.6409630190411949	-0.006853859580957409	0.0	1.0
seed2	balanced	radial_node_size_only	4.0	room_equal	mantel	300	199	0.6433333333333333	0.5876297656515226	0.6954125825974409	0.02	0.6194599856276994	0.07581369695221046	72.0	12.0	12.0	0.0	0.49983796296296307	0.6409630190411949	-0.006853859580957409	0.0	1.0
seed2	balanced	radial_node_size_only	4.0	room_equal	nested_max	300	199	0.6566666666666666	0.6012598041861229	0.7081120648301859	0.015	0.6194599856276994	0.07581369695221046	72.0	12.0	12.0	0.0	0.49983796296296307	0.6409630190411949	-0.006853859580957409	0.0	1.0
seed2	balanced	radial_node_size_only	4.0	room_equal	standardized_max	300	199	0.65	0.5944391111549903	0.7017679974776458	0.02	0.6194599856276994	0.07581369695221046	72.0	12.0	12.0	0.0	0.49983796296296307	0.6409630190411949	-0.006853859580957409	0.0	1.0
seed2	balanced	radial_node_size_only	4.0	room_equal	cv_retrained	300	199	0.6166666666666667	0.5605031391673366	0.669880167546936	0.025	0.6194599856276994	0.07581369695221046	72.0	12.0	12.0	0.0	0.49983796296296307	0.6409630190411949	-0.006853859580957409	0.0	1.0
seed2	balanced	radial_node_size_only	4.0	room_equal	cv_standardized	300	199	0.57	0.513441160762328	0.6247888232662354	0.03	0.5977484067611193	0.23194798383343895	72.0	12.0	12.0	0.0	0.49983796296296307	0.6409630190411949	-0.006853859580957409	0.0	1.0
seed2	balanced	radial_node_size_only	8.0	building_equal	profile	300	199	0.6566666666666666	0.6012598041861229	0.7081120648301859	0.015	0.7111989339282626	0.12525062081577099	72.0	12.0	12.0	0.0	0.49983796296296307	0.6409630190411949	-0.006853859580957409	0.0	1.0
seed2	balanced	radial_node_size_only	8.0	building_equal	mantel	300	199	0.6433333333333333	0.5876297656515226	0.6954125825974409	0.02	0.7111989339282626	0.12525062081577099	72.0	12.0	12.0	0.0	0.49983796296296307	0.6409630190411949	-0.006853859580957409	0.0	1.0
seed2	balanced	radial_node_size_only	8.0	building_equal	nested_max	300	199	0.6566666666666666	0.6012598041861229	0.7081120648301859	0.015	0.7111989339282626	0.12525062081577099	72.0	12.0	12.0	0.0	0.49983796296296307	0.6409630190411949	-0.006853859580957409	0.0	1.0
seed2	balanced	radial_node_size_only	8.0	building_equal	standardized_max	300	199	0.65	0.5944391111549903	0.7017679974776458	0.02	0.7111989339282626	0.12525062081577099	72.0	12.0	12.0	0.0	0.49983796296296307	0.6409630190411949	-0.006853859580957409	0.0	1.0
seed2	balanced	radial_node_size_only	8.0	building_equal	cv_retrained	300	199	0.6	0.5436365963411878	0.653834809413903	0.025	0.7111989339282626	0.12525062081577099	72.0	12.0	12.0	0.0	0.49983796296296307	0.6409630190411949	-0.006853859580957409	0.0	1.0
seed2	balanced	radial_node_size_only	8.0	building_equal	cv_standardized	300	199	0.5366666666666666	0.4801320652390865	0.5922741168711132	0.035	0.6318959123805105	0.31249079144985425	72.0	12.0	12.0	0.0	0.49983796296296307	0.6409630190411949	-0.006853859580957409	0.0	1.0
seed2	balanced	radial_node_size_only	8.0	sqrt_rooms	profile	300	199	0.6566666666666666	0.6012598041861229	0.7081120648301859	0.015	0.7111989339282628	0.125250620815771	72.0	12.0	12.0	0.0	0.49983796296296307	0.6409630190411949	-0.006853859580957409	0.0	1.0
seed2	balanced	radial_node_size_only	8.0	sqrt_rooms	mantel	300	199	0.6433333333333333	0.5876297656515226	0.6954125825974409	0.02	0.7111989339282628	0.125250620815771	72.0	12.0	12.0	0.0	0.49983796296296307	0.6409630190411949	-0.006853859580957409	0.0	1.0
seed2	balanced	radial_node_size_only	8.0	sqrt_rooms	nested_max	300	199	0.6566666666666666	0.6012598041861229	0.7081120648301859	0.015	0.7111989339282628	0.125250620815771	72.0	12.0	12.0	0.0	0.49983796296296307	0.6409630190411949	-0.006853859580957409	0.0	1.0
seed2	balanced	radial_node_size_only	8.0	sqrt_rooms	standardized_max	300	199	0.65	0.5944391111549903	0.7017679974776458	0.02	0.7111989339282628	0.125250620815771	72.0	12.0	12.0	0.0	0.49983796296296307	0.6409630190411949	-0.006853859580957409	0.0	1.0
seed2	balanced	radial_node_size_only	8.0	sqrt_rooms	cv_retrained	300	199	0.6	0.5436365963411878	0.653834809413903	0.025	0.7111989339282628	0.125250620815771	72.0	12.0	12.0	0.0	0.49983796296296307	0.6409630190411949	-0.006853859580957409	0.0	1.0
seed2	balanced	radial_node_size_only	8.0	sqrt_rooms	cv_standardized	300	199	0.5366666666666666	0.4801320652390865	0.5922741168711132	0.035	0.6318959123805106	0.3124907914498543	72.0	12.0	12.0	0.0	0.49983796296296307	0.6409630190411949	-0.006853859580957409	0.0	1.0
seed2	balanced	radial_node_size_only	8.0	room_equal	profile	300	199	0.6566666666666666	0.6012598041861229	0.7081120648301859	0.015	0.7111989339282627	0.12525062081577096	72.0	12.0	12.0	0.0	0.49983796296296307	0.6409630190411949	-0.006853859580957409	0.0	1.0
seed2	balanced	radial_node_size_only	8.0	room_equal	mantel	300	199	0.6433333333333333	0.5876297656515226	0.6954125825974409	0.02	0.7111989339282627	0.12525062081577096	72.0	12.0	12.0	0.0	0.49983796296296307	0.6409630190411949	-0.006853859580957409	0.0	1.0
seed2	balanced	radial_node_size_only	8.0	room_equal	nested_max	300	199	0.6566666666666666	0.6012598041861229	0.7081120648301859	0.015	0.7111989339282627	0.12525062081577096	72.0	12.0	12.0	0.0	0.49983796296296307	0.6409630190411949	-0.006853859580957409	0.0	1.0
seed2	balanced	radial_node_size_only	8.0	room_equal	standardized_max	300	199	0.65	0.5944391111549903	0.7017679974776458	0.02	0.7111989339282627	0.12525062081577096	72.0	12.0	12.0	0.0	0.49983796296296307	0.6409630190411949	-0.006853859580957409	0.0	1.0
seed2	balanced	radial_node_size_only	8.0	room_equal	cv_retrained	300	199	0.6	0.5436365963411878	0.653834809413903	0.025	0.7111989339282627	0.12525062081577096	72.0	12.0	12.0	0.0	0.49983796296296307	0.6409630190411949	-0.006853859580957409	0.0	1.0
seed2	balanced	radial_node_size_only	8.0	room_equal	cv_standardized	300	199	0.5366666666666666	0.4801320652390865	0.5922741168711132	0.035	0.6318959123805106	0.31249079144985425	72.0	12.0	12.0	0.0	0.49983796296296307	0.6409630190411949	-0.006853859580957409	0.0	1.0
seed2	balanced	radial_node_size_only	16.0	building_equal	profile	300	199	0.6566666666666666	0.6012598041861229	0.7081120648301859	0.015	0.8117858180342806	0.16518379553462606	72.0	12.0	12.0	0.0	0.49983796296296307	0.6409630190411949	-0.006853859580957409	0.0	1.0
seed2	balanced	radial_node_size_only	16.0	building_equal	mantel	300	199	0.6433333333333333	0.5876297656515226	0.6954125825974409	0.02	0.8117858180342806	0.16518379553462606	72.0	12.0	12.0	0.0	0.49983796296296307	0.6409630190411949	-0.006853859580957409	0.0	1.0
seed2	balanced	radial_node_size_only	16.0	building_equal	nested_max	300	199	0.6566666666666666	0.6012598041861229	0.7081120648301859	0.015	0.8117858180342806	0.16518379553462606	72.0	12.0	12.0	0.0	0.49983796296296307	0.6409630190411949	-0.006853859580957409	0.0	1.0
seed2	balanced	radial_node_size_only	16.0	building_equal	standardized_max	300	199	0.65	0.5944391111549903	0.7017679974776458	0.02	0.8117858180342806	0.16518379553462606	72.0	12.0	12.0	0.0	0.49983796296296307	0.6409630190411949	-0.006853859580957409	0.0	1.0
seed2	balanced	radial_node_size_only	16.0	building_equal	cv_retrained	300	199	0.5833333333333334	0.5268355964602695	0.6377239083356395	0.03	0.8117858180342806	0.16518379553462606	72.0	12.0	12.0	0.0	0.49983796296296307	0.6409630190411949	-0.006853859580957409	0.0	1.0
seed2	balanced	radial_node_size_only	16.0	building_equal	cv_standardized	300	199	0.5133333333333333	0.4569640167618392	0.5693655040055061	0.045	0.6482370087640325	0.3590264565648942	72.0	12.0	12.0	0.0	0.49983796296296307	0.6409630190411949	-0.006853859580957409	0.0	1.0
seed2	balanced	radial_node_size_only	16.0	sqrt_rooms	profile	300	199	0.6566666666666666	0.6012598041861229	0.7081120648301859	0.015	0.8117858180342808	0.1651837955346261	72.0	12.0	12.0	0.0	0.49983796296296307	0.6409630190411949	-0.006853859580957409	0.0	1.0
seed2	balanced	radial_node_size_only	16.0	sqrt_rooms	mantel	300	199	0.6433333333333333	0.5876297656515226	0.6954125825974409	0.02	0.8117858180342808	0.1651837955346261	72.0	12.0	12.0	0.0	0.49983796296296307	0.6409630190411949	-0.006853859580957409	0.0	1.0
seed2	balanced	radial_node_size_only	16.0	sqrt_rooms	nested_max	300	199	0.6566666666666666	0.6012598041861229	0.7081120648301859	0.015	0.8117858180342808	0.1651837955346261	72.0	12.0	12.0	0.0	0.49983796296296307	0.6409630190411949	-0.006853859580957409	0.0	1.0
seed2	balanced	radial_node_size_only	16.0	sqrt_rooms	standardized_max	300	199	0.65	0.5944391111549903	0.7017679974776458	0.02	0.8117858180342808	0.1651837955346261	72.0	12.0	12.0	0.0	0.49983796296296307	0.6409630190411949	-0.006853859580957409	0.0	1.0
seed2	balanced	radial_node_size_only	16.0	sqrt_rooms	cv_retrained	300	199	0.5833333333333334	0.5268355964602695	0.6377239083356395	0.03	0.8117858180342808	0.1651837955346261	72.0	12.0	12.0	0.0	0.49983796296296307	0.6409630190411949	-0.006853859580957409	0.0	1.0
seed2	balanced	radial_node_size_only	16.0	sqrt_rooms	cv_standardized	300	199	0.5133333333333333	0.4569640167618392	0.5693655040055061	0.045	0.6482370087640326	0.3590264565648943	72.0	12.0	12.0	0.0	0.49983796296296307	0.6409630190411949	-0.006853859580957409	0.0	1.0
seed2	balanced	radial_node_size_only	16.0	room_equal	profile	300	199	0.6566666666666666	0.6012598041861229	0.7081120648301859	0.015	0.8117858180342806	0.16518379553462606	72.0	12.0	12.0	0.0	0.49983796296296307	0.6409630190411949	-0.006853859580957409	0.0	1.0
seed2	balanced	radial_node_size_only	16.0	room_equal	mantel	300	199	0.6433333333333333	0.5876297656515226	0.6954125825974409	0.02	0.8117858180342806	0.16518379553462606	72.0	12.0	12.0	0.0	0.49983796296296307	0.6409630190411949	-0.006853859580957409	0.0	1.0
seed2	balanced	radial_node_size_only	16.0	room_equal	nested_max	300	199	0.6566666666666666	0.6012598041861229	0.7081120648301859	0.015	0.8117858180342806	0.16518379553462606	72.0	12.0	12.0	0.0	0.49983796296296307	0.6409630190411949	-0.006853859580957409	0.0	1.0
seed2	balanced	radial_node_size_only	16.0	room_equal	standardized_max	300	199	0.65	0.5944391111549903	0.7017679974776458	0.02	0.8117858180342806	0.16518379553462606	72.0	12.0	12.0	0.0	0.49983796296296307	0.6409630190411949	-0.006853859580957409	0.0	1.0
seed2	balanced	radial_node_size_only	16.0	room_equal	cv_retrained	300	199	0.5833333333333334	0.5268355964602695	0.6377239083356395	0.03	0.8117858180342806	0.16518379553462606	72.0	12.0	12.0	0.0	0.49983796296296307	0.6409630190411949	-0.006853859580957409	0.0	1.0
seed2	balanced	radial_node_size_only	16.0	room_equal	cv_standardized	300	199	0.5133333333333333	0.4569640167618392	0.5693655040055061	0.045	0.6482370087640325	0.3590264565648942	72.0	12.0	12.0	0.0	0.49983796296296307	0.6409630190411949	-0.006853859580957409	0.0	1.0
seed2	balanced	radial_node	0.0	building_equal	profile	300	199	0.31	0.26034352510199493	0.3644608039633325	0.14250000000000002	0.4999999999999999	5.551115123125783e-17	72.0	12.0	12.0	0.0	0.4984027777777778	0.6515243708394604	-0.010201271090742703	0.8922119367984307	1.8048711320065514
seed2	balanced	radial_node	0.0	building_equal	mantel	300	199	0.25	0.20436988915825566	0.3019515964540173	0.16	0.4999999999999999	5.551115123125783e-17	72.0	12.0	12.0	0.0	0.4984027777777778	0.6515243708394604	-0.010201271090742703	0.8922119367984307	1.8048711320065514
seed2	balanced	radial_node	0.0	building_equal	nested_max	300	199	0.30333333333333334	0.2540711301237818	0.3575684385578729	0.14	0.4999999999999999	5.551115123125783e-17	72.0	12.0	12.0	0.0	0.4984027777777778	0.6515243708394604	-0.010201271090742703	0.8922119367984307	1.8048711320065514
seed2	balanced	radial_node	0.0	building_equal	standardized_max	300	199	0.2833333333333333	0.2353308526310286	0.33681443489960794	0.14250000000000002	0.4999999999999999	5.551115123125783e-17	72.0	12.0	12.0	0.0	0.4984027777777778	0.6515243708394604	-0.010201271090742703	0.8922119367984307	1.8048711320065514
seed2	balanced	radial_node	0.0	building_equal	cv_retrained	300	199	0.36	0.30776933517318583	0.4157706967696869	0.09	0.4999999999999999	5.551115123125783e-17	72.0	12.0	12.0	0.0	0.4984027777777778	0.6515243708394604	-0.010201271090742703	0.8922119367984307	1.8048711320065514
seed2	balanced	radial_node	0.0	building_equal	cv_standardized	300	199	0.37333333333333335	0.32052468559554903	0.42934486711466924	0.08	0.4999999999999999	5.551115123125783e-17	72.0	12.0	12.0	0.0	0.4984027777777778	0.6515243708394604	-0.010201271090742703	0.8922119367984307	1.8048711320065514
seed2	balanced	radial_node	0.0	sqrt_rooms	profile	300	199	0.31	0.26034352510199493	0.3644608039633325	0.14250000000000002	0.5000000000000001	0.0	72.0	12.0	12.0	0.0	0.4984027777777778	0.6515243708394604	-0.010201271090742703	0.8922119367984307	1.8048711320065514
seed2	balanced	radial_node	0.0	sqrt_rooms	mantel	300	199	0.25	0.20436988915825566	0.3019515964540173	0.16	0.5000000000000001	0.0	72.0	12.0	12.0	0.0	0.4984027777777778	0.6515243708394604	-0.010201271090742703	0.8922119367984307	1.8048711320065514
seed2	balanced	radial_node	0.0	sqrt_rooms	nested_max	300	199	0.30333333333333334	0.2540711301237818	0.3575684385578729	0.14	0.5000000000000001	0.0	72.0	12.0	12.0	0.0	0.4984027777777778	0.6515243708394604	-0.010201271090742703	0.8922119367984307	1.8048711320065514
seed2	balanced	radial_node	0.0	sqrt_rooms	standardized_max	300	199	0.2833333333333333	0.2353308526310286	0.33681443489960794	0.14250000000000002	0.5000000000000001	0.0	72.0	12.0	12.0	0.0	0.4984027777777778	0.6515243708394604	-0.010201271090742703	0.8922119367984307	1.8048711320065514
seed2	balanced	radial_node	0.0	sqrt_rooms	cv_retrained	300	199	0.36	0.30776933517318583	0.4157706967696869	0.09	0.5000000000000001	0.0	72.0	12.0	12.0	0.0	0.4984027777777778	0.6515243708394604	-0.010201271090742703	0.8922119367984307	1.8048711320065514
seed2	balanced	radial_node	0.0	sqrt_rooms	cv_standardized	300	199	0.37333333333333335	0.32052468559554903	0.42934486711466924	0.08	0.5000000000000001	0.0	72.0	12.0	12.0	0.0	0.4984027777777778	0.6515243708394604	-0.010201271090742703	0.8922119367984307	1.8048711320065514
seed2	balanced	radial_node	0.0	room_equal	profile	300	199	0.31	0.26034352510199493	0.3644608039633325	0.14250000000000002	0.4999999999999999	5.551115123125783e-17	72.0	12.0	12.0	0.0	0.4984027777777778	0.6515243708394604	-0.010201271090742703	0.8922119367984307	1.8048711320065514
seed2	balanced	radial_node	0.0	room_equal	mantel	300	199	0.25	0.20436988915825566	0.3019515964540173	0.16	0.4999999999999999	5.551115123125783e-17	72.0	12.0	12.0	0.0	0.4984027777777778	0.6515243708394604	-0.010201271090742703	0.8922119367984307	1.8048711320065514
seed2	balanced	radial_node	0.0	room_equal	nested_max	300	199	0.30333333333333334	0.2540711301237818	0.3575684385578729	0.14	0.4999999999999999	5.551115123125783e-17	72.0	12.0	12.0	0.0	0.4984027777777778	0.6515243708394604	-0.010201271090742703	0.8922119367984307	1.8048711320065514
seed2	balanced	radial_node	0.0	room_equal	standardized_max	300	199	0.2833333333333333	0.2353308526310286	0.33681443489960794	0.14250000000000002	0.4999999999999999	5.551115123125783e-17	72.0	12.0	12.0	0.0	0.4984027777777778	0.6515243708394604	-0.010201271090742703	0.8922119367984307	1.8048711320065514
seed2	balanced	radial_node	0.0	room_equal	cv_retrained	300	199	0.36	0.30776933517318583	0.4157706967696869	0.09	0.4999999999999999	5.551115123125783e-17	72.0	12.0	12.0	0.0	0.4984027777777778	0.6515243708394604	-0.010201271090742703	0.8922119367984307	1.8048711320065514
seed2	balanced	radial_node	0.0	room_equal	cv_standardized	300	199	0.37333333333333335	0.32052468559554903	0.42934486711466924	0.08	0.4999999999999999	5.551115123125783e-17	72.0	12.0	12.0	0.0	0.4984027777777778	0.6515243708394604	-0.010201271090742703	0.8922119367984307	1.8048711320065514
seed2	balanced	radial_node	0.1	building_equal	profile	300	199	0.31	0.26034352510199493	0.3644608039633325	0.14250000000000002	0.5009352183016363	0.003143557020266681	72.0	12.0	12.0	0.0	0.4984027777777778	0.6515243708394604	-0.010201271090742703	0.8922119367984307	1.8048711320065514
seed2	balanced	radial_node	0.1	building_equal	mantel	300	199	0.25	0.20436988915825566	0.3019515964540173	0.16	0.5009352183016363	0.003143557020266681	72.0	12.0	12.0	0.0	0.4984027777777778	0.6515243708394604	-0.010201271090742703	0.8922119367984307	1.8048711320065514
seed2	balanced	radial_node	0.1	building_equal	nested_max	300	199	0.30333333333333334	0.2540711301237818	0.3575684385578729	0.14	0.5009352183016363	0.003143557020266681	72.0	12.0	12.0	0.0	0.4984027777777778	0.6515243708394604	-0.010201271090742703	0.8922119367984307	1.8048711320065514
seed2	balanced	radial_node	0.1	building_equal	standardized_max	300	199	0.2833333333333333	0.2353308526310286	0.33681443489960794	0.14250000000000002	0.5009352183016363	0.003143557020266681	72.0	12.0	12.0	0.0	0.4984027777777778	0.6515243708394604	-0.010201271090742703	0.8922119367984307	1.8048711320065514
seed2	balanced	radial_node	0.1	building_equal	cv_retrained	300	199	0.36	0.30776933517318583	0.4157706967696869	0.09	0.5009352183016363	0.003143557020266681	72.0	12.0	12.0	0.0	0.4984027777777778	0.6515243708394604	-0.010201271090742703	0.8922119367984307	1.8048711320065514
seed2	balanced	radial_node	0.1	building_equal	cv_standardized	300	199	0.37333333333333335	0.32052468559554903	0.42934486711466924	0.08	0.49751889041211617	0.01298136757556269	72.0	12.0	12.0	0.0	0.4984027777777778	0.6515243708394604	-0.010201271090742703	0.8922119367984307	1.8048711320065514
seed2	balanced	radial_node	0.1	sqrt_rooms	profile	300	199	0.31	0.26034352510199493	0.3644608039633325	0.14250000000000002	0.5009352183016363	0.003143557020266684	72.0	12.0	12.0	0.0	0.4984027777777778	0.6515243708394604	-0.010201271090742703	0.8922119367984307	1.8048711320065514
seed2	balanced	radial_node	0.1	sqrt_rooms	mantel	300	199	0.25	0.20436988915825566	0.3019515964540173	0.16	0.5009352183016363	0.003143557020266684	72.0	12.0	12.0	0.0	0.4984027777777778	0.6515243708394604	-0.010201271090742703	0.8922119367984307	1.8048711320065514
seed2	balanced	radial_node	0.1	sqrt_rooms	nested_max	300	199	0.30333333333333334	0.2540711301237818	0.3575684385578729	0.14	0.5009352183016363	0.003143557020266684	72.0	12.0	12.0	0.0	0.4984027777777778	0.6515243708394604	-0.010201271090742703	0.8922119367984307	1.8048711320065514
seed2	balanced	radial_node	0.1	sqrt_rooms	standardized_max	300	199	0.2833333333333333	0.2353308526310286	0.33681443489960794	0.14250000000000002	0.5009352183016363	0.003143557020266684	72.0	12.0	12.0	0.0	0.4984027777777778	0.6515243708394604	-0.010201271090742703	0.8922119367984307	1.8048711320065514
seed2	balanced	radial_node	0.1	sqrt_rooms	cv_retrained	300	199	0.36	0.30776933517318583	0.4157706967696869	0.09	0.5009352183016363	0.003143557020266684	72.0	12.0	12.0	0.0	0.4984027777777778	0.6515243708394604	-0.010201271090742703	0.8922119367984307	1.8048711320065514
seed2	balanced	radial_node	0.1	sqrt_rooms	cv_standardized	300	199	0.37333333333333335	0.32052468559554903	0.42934486711466924	0.08	0.49751889041211617	0.012981367575562697	72.0	12.0	12.0	0.0	0.4984027777777778	0.6515243708394604	-0.010201271090742703	0.8922119367984307	1.8048711320065514
seed2	balanced	radial_node	0.1	room_equal	profile	300	199	0.31	0.26034352510199493	0.3644608039633325	0.14250000000000002	0.5009352183016363	0.0031435570202666806	72.0	12.0	12.0	0.0	0.4984027777777778	0.6515243708394604	-0.010201271090742703	0.8922119367984307	1.8048711320065514
seed2	balanced	radial_node	0.1	room_equal	mantel	300	199	0.25	0.20436988915825566	0.3019515964540173	0.16	0.5009352183016363	0.0031435570202666806	72.0	12.0	12.0	0.0	0.4984027777777778	0.6515243708394604	-0.010201271090742703	0.8922119367984307	1.8048711320065514
seed2	balanced	radial_node	0.1	room_equal	nested_max	300	199	0.30333333333333334	0.2540711301237818	0.3575684385578729	0.14	0.5009352183016363	0.0031435570202666806	72.0	12.0	12.0	0.0	0.4984027777777778	0.6515243708394604	-0.010201271090742703	0.8922119367984307	1.8048711320065514
seed2	balanced	radial_node	0.1	room_equal	standardized_max	300	199	0.2833333333333333	0.2353308526310286	0.33681443489960794	0.14250000000000002	0.5009352183016363	0.0031435570202666806	72.0	12.0	12.0	0.0	0.4984027777777778	0.6515243708394604	-0.010201271090742703	0.8922119367984307	1.8048711320065514
seed2	balanced	radial_node	0.1	room_equal	cv_retrained	300	199	0.36	0.30776933517318583	0.4157706967696869	0.09	0.5009352183016363	0.0031435570202666806	72.0	12.0	12.0	0.0	0.4984027777777778	0.6515243708394604	-0.010201271090742703	0.8922119367984307	1.8048711320065514
seed2	balanced	radial_node	0.1	room_equal	cv_standardized	300	199	0.37333333333333335	0.32052468559554903	0.42934486711466924	0.08	0.49751889041211617	0.01298136757556269	72.0	12.0	12.0	0.0	0.4984027777777778	0.6515243708394604	-0.010201271090742703	0.8922119367984307	1.8048711320065514
seed2	balanced	radial_node	0.25	building_equal	profile	300	199	0.31	0.26034352510199493	0.3644608039633325	0.14250000000000002	0.5023377176575755	0.007856664956622171	72.0	12.0	12.0	0.0	0.4984027777777778	0.6515243708394604	-0.010201271090742703	0.8922119367984307	1.8048711320065514
seed2	balanced	radial_node	0.25	building_equal	mantel	300	199	0.25	0.20436988915825566	0.3019515964540173	0.16	0.5023377176575755	0.007856664956622171	72.0	12.0	12.0	0.0	0.4984027777777778	0.6515243708394604	-0.010201271090742703	0.8922119367984307	1.8048711320065514
seed2	balanced	radial_node	0.25	building_equal	nested_max	300	199	0.30333333333333334	0.2540711301237818	0.3575684385578729	0.14	0.5023377176575755	0.007856664956622171	72.0	12.0	12.0	0.0	0.4984027777777778	0.6515243708394604	-0.010201271090742703	0.8922119367984307	1.8048711320065514
seed2	balanced	radial_node	0.25	building_equal	standardized_max	300	199	0.2833333333333333	0.2353308526310286	0.33681443489960794	0.14250000000000002	0.5023377176575755	0.007856664956622171	72.0	12.0	12.0	0.0	0.4984027777777778	0.6515243708394604	-0.010201271090742703	0.8922119367984307	1.8048711320065514
seed2	balanced	radial_node	0.25	building_equal	cv_retrained	300	199	0.36	0.30776933517318583	0.4157706967696869	0.09	0.5023377176575755	0.007856664956622171	72.0	12.0	12.0	0.0	0.4984027777777778	0.6515243708394604	-0.010201271090742703	0.8922119367984307	1.8048711320065514
seed2	balanced	radial_node	0.25	building_equal	cv_standardized	300	199	0.36666666666666664	0.3141415065082282	0.4225632858183173	0.085	0.4938506300919183	0.032254388961675894	72.0	12.0	12.0	0.0	0.4984027777777778	0.6515243708394604	-0.010201271090742703	0.8922119367984307	1.8048711320065514
seed2	balanced	radial_node	0.25	sqrt_rooms	profile	300	199	0.31	0.26034352510199493	0.3644608039633325	0.14250000000000002	0.5023377176575756	0.007856664956622171	72.0	12.0	12.0	0.0	0.4984027777777778	0.6515243708394604	-0.010201271090742703	0.8922119367984307	1.8048711320065514
seed2	balanced	radial_node	0.25	sqrt_rooms	mantel	300	199	0.25	0.20436988915825566	0.3019515964540173	0.16	0.5023377176575756	0.007856664956622171	72.0	12.0	12.0	0.0	0.4984027777777778	0.6515243708394604	-0.010201271090742703	0.8922119367984307	1.8048711320065514
seed2	balanced	radial_node	0.25	sqrt_rooms	nested_max	300	199	0.30333333333333334	0.2540711301237818	0.3575684385578729	0.14	0.5023377176575756	0.007856664956622171	72.0	12.0	12.0	0.0	0.4984027777777778	0.6515243708394604	-0.010201271090742703	0.8922119367984307	1.8048711320065514
seed2	balanced	radial_node	0.25	sqrt_rooms	standardized_max	300	199	0.2833333333333333	0.2353308526310286	0.33681443489960794	0.14250000000000002	0.5023377176575756	0.007856664956622171	72.0	12.0	12.0	0.0	0.4984027777777778	0.6515243708394604	-0.010201271090742703	0.8922119367984307	1.8048711320065514
seed2	balanced	radial_node	0.25	sqrt_rooms	cv_retrained	300	199	0.36	0.30776933517318583	0.4157706967696869	0.09	0.5023377176575756	0.007856664956622171	72.0	12.0	12.0	0.0	0.4984027777777778	0.6515243708394604	-0.010201271090742703	0.8922119367984307	1.8048711320065514
seed2	balanced	radial_node	0.25	sqrt_rooms	cv_standardized	300	199	0.36666666666666664	0.3141415065082282	0.4225632858183173	0.085	0.4938506300919184	0.032254388961675894	72.0	12.0	12.0	0.0	0.4984027777777778	0.6515243708394604	-0.010201271090742703	0.8922119367984307	1.8048711320065514
seed2	balanced	radial_node	0.25	room_equal	profile	300	199	0.31	0.26034352510199493	0.3644608039633325	0.14250000000000002	0.5023377176575755	0.00785666495662217	72.0	12.0	12.0	0.0	0.4984027777777778	0.6515243708394604	-0.010201271090742703	0.8922119367984307	1.8048711320065514
seed2	balanced	radial_node	0.25	room_equal	mantel	300	199	0.25	0.20436988915825566	0.3019515964540173	0.16	0.5023377176575755	0.00785666495662217	72.0	12.0	12.0	0.0	0.4984027777777778	0.6515243708394604	-0.010201271090742703	0.8922119367984307	1.8048711320065514
seed2	balanced	radial_node	0.25	room_equal	nested_max	300	199	0.30333333333333334	0.2540711301237818	0.3575684385578729	0.14	0.5023377176575755	0.00785666495662217	72.0	12.0	12.0	0.0	0.4984027777777778	0.6515243708394604	-0.010201271090742703	0.8922119367984307	1.8048711320065514
seed2	balanced	radial_node	0.25	room_equal	standardized_max	300	199	0.2833333333333333	0.2353308526310286	0.33681443489960794	0.14250000000000002	0.5023377176575755	0.00785666495662217	72.0	12.0	12.0	0.0	0.4984027777777778	0.6515243708394604	-0.010201271090742703	0.8922119367984307	1.8048711320065514
seed2	balanced	radial_node	0.25	room_equal	cv_retrained	300	199	0.36	0.30776933517318583	0.4157706967696869	0.09	0.5023377176575755	0.00785666495662217	72.0	12.0	12.0	0.0	0.4984027777777778	0.6515243708394604	-0.010201271090742703	0.8922119367984307	1.8048711320065514
seed2	balanced	radial_node	0.25	room_equal	cv_standardized	300	199	0.36666666666666664	0.3141415065082282	0.4225632858183173	0.085	0.4938506300919183	0.032254388961675894	72.0	12.0	12.0	0.0	0.4984027777777778	0.6515243708394604	-0.010201271090742703	0.8922119367984307	1.8048711320065514
seed2	balanced	radial_node	0.5	building_equal	profile	300	199	0.31	0.26034352510199493	0.3644608039633325	0.14250000000000002	0.5046730908895298	0.015697467325845035	72.0	12.0	12.0	0.0	0.4984027777777778	0.6515243708394604	-0.010201271090742703	0.8922119367984307	1.8048711320065514
seed2	balanced	radial_node	0.5	building_equal	mantel	300	199	0.25	0.20436988915825566	0.3019515964540173	0.16	0.5046730908895298	0.015697467325845035	72.0	12.0	12.0	0.0	0.4984027777777778	0.6515243708394604	-0.010201271090742703	0.8922119367984307	1.8048711320065514
seed2	balanced	radial_node	0.5	building_equal	nested_max	300	199	0.30333333333333334	0.2540711301237818	0.3575684385578729	0.14	0.5046730908895298	0.015697467325845035	72.0	12.0	12.0	0.0	0.4984027777777778	0.6515243708394604	-0.010201271090742703	0.8922119367984307	1.8048711320065514
seed2	balanced	radial_node	0.5	building_equal	standardized_max	300	199	0.2833333333333333	0.2353308526310286	0.33681443489960794	0.14250000000000002	0.5046730908895298	0.015697467325845035	72.0	12.0	12.0	0.0	0.4984027777777778	0.6515243708394604	-0.010201271090742703	0.8922119367984307	1.8048711320065514
seed2	balanced	radial_node	0.5	building_equal	cv_retrained	300	199	0.35333333333333333	0.30140830066923496	0.40896697088996514	0.0925	0.5046730908895298	0.015697467325845035	72.0	12.0	12.0	0.0	0.4984027777777778	0.6515243708394604	-0.010201271090742703	0.8922119367984307	1.8048711320065514
seed2	balanced	radial_node	0.5	building_equal	cv_standardized	300	199	0.36333333333333334	0.3109540370105783	0.4191683751241309	0.09	0.4880533694922327	0.06320922205912674	72.0	12.0	12.0	0.0	0.4984027777777778	0.6515243708394604	-0.010201271090742703	0.8922119367984307	1.8048711320065514
seed2	balanced	radial_node	0.5	sqrt_rooms	profile	300	199	0.31	0.26034352510199493	0.3644608039633325	0.14250000000000002	0.5046730908895298	0.015697467325845038	72.0	12.0	12.0	0.0	0.4984027777777778	0.6515243708394604	-0.010201271090742703	0.8922119367984307	1.8048711320065514
seed2	balanced	radial_node	0.5	sqrt_rooms	mantel	300	199	0.25	0.20436988915825566	0.3019515964540173	0.16	0.5046730908895298	0.015697467325845038	72.0	12.0	12.0	0.0	0.4984027777777778	0.6515243708394604	-0.010201271090742703	0.8922119367984307	1.8048711320065514
seed2	balanced	radial_node	0.5	sqrt_rooms	nested_max	300	199	0.30333333333333334	0.2540711301237818	0.3575684385578729	0.14	0.5046730908895298	0.015697467325845038	72.0	12.0	12.0	0.0	0.4984027777777778	0.6515243708394604	-0.010201271090742703	0.8922119367984307	1.8048711320065514
seed2	balanced	radial_node	0.5	sqrt_rooms	standardized_max	300	199	0.2833333333333333	0.2353308526310286	0.33681443489960794	0.14250000000000002	0.5046730908895298	0.015697467325845038	72.0	12.0	12.0	0.0	0.4984027777777778	0.6515243708394604	-0.010201271090742703	0.8922119367984307	1.8048711320065514
seed2	balanced	radial_node	0.5	sqrt_rooms	cv_retrained	300	199	0.35333333333333333	0.30140830066923496	0.40896697088996514	0.0925	0.5046730908895298	0.015697467325845038	72.0	12.0	12.0	0.0	0.4984027777777778	0.6515243708394604	-0.010201271090742703	0.8922119367984307	1.8048711320065514
seed2	balanced	radial_node	0.5	sqrt_rooms	cv_standardized	300	199	0.36333333333333334	0.3109540370105783	0.4191683751241309	0.09	0.48805336949223277	0.06320922205912674	72.0	12.0	12.0	0.0	0.4984027777777778	0.6515243708394604	-0.010201271090742703	0.8922119367984307	1.8048711320065514
seed2	balanced	radial_node	0.5	room_equal	profile	300	199	0.31	0.26034352510199493	0.3644608039633325	0.14250000000000002	0.5046730908895298	0.015697467325845038	72.0	12.0	12.0	0.0	0.4984027777777778	0.6515243708394604	-0.010201271090742703	0.8922119367984307	1.8048711320065514
seed2	balanced	radial_node	0.5	room_equal	mantel	300	199	0.25	0.20436988915825566	0.3019515964540173	0.16	0.5046730908895298	0.015697467325845038	72.0	12.0	12.0	0.0	0.4984027777777778	0.6515243708394604	-0.010201271090742703	0.8922119367984307	1.8048711320065514
seed2	balanced	radial_node	0.5	room_equal	nested_max	300	199	0.30333333333333334	0.2540711301237818	0.3575684385578729	0.14	0.5046730908895298	0.015697467325845038	72.0	12.0	12.0	0.0	0.4984027777777778	0.6515243708394604	-0.010201271090742703	0.8922119367984307	1.8048711320065514
seed2	balanced	radial_node	0.5	room_equal	standardized_max	300	199	0.2833333333333333	0.2353308526310286	0.33681443489960794	0.14250000000000002	0.5046730908895298	0.015697467325845038	72.0	12.0	12.0	0.0	0.4984027777777778	0.6515243708394604	-0.010201271090742703	0.8922119367984307	1.8048711320065514
seed2	balanced	radial_node	0.5	room_equal	cv_retrained	300	199	0.35333333333333333	0.30140830066923496	0.40896697088996514	0.0925	0.5046730908895298	0.015697467325845038	72.0	12.0	12.0	0.0	0.4984027777777778	0.6515243708394604	-0.010201271090742703	0.8922119367984307	1.8048711320065514
seed2	balanced	radial_node	0.5	room_equal	cv_standardized	300	199	0.36333333333333334	0.3109540370105783	0.4191683751241309	0.09	0.48805336949223277	0.06320922205912674	72.0	12.0	12.0	0.0	0.4984027777777778	0.6515243708394604	-0.010201271090742703	0.8922119367984307	1.8048711320065514
seed2	balanced	radial_node	1.0	building_equal	profile	300	199	0.31	0.26034352510199493	0.3644608039633325	0.14250000000000002	0.5093274023887392	0.03126952953368537	72.0	12.0	12.0	0.0	0.4984027777777778	0.6515243708394604	-0.010201271090742703	0.8922119367984307	1.8048711320065514
seed2	balanced	radial_node	1.0	building_equal	mantel	300	199	0.25	0.20436988915825566	0.3019515964540173	0.16	0.5093274023887392	0.03126952953368537	72.0	12.0	12.0	0.0	0.4984027777777778	0.6515243708394604	-0.010201271090742703	0.8922119367984307	1.8048711320065514
seed2	balanced	radial_node	1.0	building_equal	nested_max	300	199	0.30333333333333334	0.2540711301237818	0.3575684385578729	0.14	0.5093274023887392	0.03126952953368537	72.0	12.0	12.0	0.0	0.4984027777777778	0.6515243708394604	-0.010201271090742703	0.8922119367984307	1.8048711320065514
seed2	balanced	radial_node	1.0	building_equal	standardized_max	300	199	0.2833333333333333	0.2353308526310286	0.33681443489960794	0.14250000000000002	0.5093274023887392	0.03126952953368537	72.0	12.0	12.0	0.0	0.4984027777777778	0.6515243708394604	-0.010201271090742703	0.8922119367984307	1.8048711320065514
seed2	balanced	radial_node	1.0	building_equal	cv_retrained	300	199	0.35	0.29823200252235404	0.4055608888450096	0.0975	0.5093274023887392	0.03126952953368537	72.0	12.0	12.0	0.0	0.4984027777777778	0.6515243708394604	-0.010201271090742703	0.8922119367984307	1.8048711320065514
seed2	balanced	radial_node	1.0	building_equal	cv_standardized	300	199	0.3566666666666667	0.30458741740255907	0.41237023434847747	0.0925	0.47829735617950747	0.11842558464917675	72.0	12.0	12.0	0.0	0.4984027777777778	0.6515243708394604	-0.010201271090742703	0.8922119367984307	1.8048711320065514
seed2	balanced	radial_node	1.0	sqrt_rooms	profile	300	199	0.31	0.26034352510199493	0.3644608039633325	0.14250000000000002	0.5093274023887393	0.03126952953368537	72.0	12.0	12.0	0.0	0.4984027777777778	0.6515243708394604	-0.010201271090742703	0.8922119367984307	1.8048711320065514
seed2	balanced	radial_node	1.0	sqrt_rooms	mantel	300	199	0.25	0.20436988915825566	0.3019515964540173	0.16	0.5093274023887393	0.03126952953368537	72.0	12.0	12.0	0.0	0.4984027777777778	0.6515243708394604	-0.010201271090742703	0.8922119367984307	1.8048711320065514
seed2	balanced	radial_node	1.0	sqrt_rooms	nested_max	300	199	0.30333333333333334	0.2540711301237818	0.3575684385578729	0.14	0.5093274023887393	0.03126952953368537	72.0	12.0	12.0	0.0	0.4984027777777778	0.6515243708394604	-0.010201271090742703	0.8922119367984307	1.8048711320065514
seed2	balanced	radial_node	1.0	sqrt_rooms	standardized_max	300	199	0.2833333333333333	0.2353308526310286	0.33681443489960794	0.14250000000000002	0.5093274023887393	0.03126952953368537	72.0	12.0	12.0	0.0	0.4984027777777778	0.6515243708394604	-0.010201271090742703	0.8922119367984307	1.8048711320065514
seed2	balanced	radial_node	1.0	sqrt_rooms	cv_retrained	300	199	0.35	0.29823200252235404	0.4055608888450096	0.0975	0.5093274023887393	0.03126952953368537	72.0	12.0	12.0	0.0	0.4984027777777778	0.6515243708394604	-0.010201271090742703	0.8922119367984307	1.8048711320065514
seed2	balanced	radial_node	1.0	sqrt_rooms	cv_standardized	300	199	0.3566666666666667	0.30458741740255907	0.41237023434847747	0.0925	0.47829735617950747	0.11842558464917677	72.0	12.0	12.0	0.0	0.4984027777777778	0.6515243708394604	-0.010201271090742703	0.8922119367984307	1.8048711320065514
seed2	balanced	radial_node	1.0	room_equal	profile	300	199	0.31	0.26034352510199493	0.3644608039633325	0.14250000000000002	0.5093274023887392	0.03126952953368537	72.0	12.0	12.0	0.0	0.4984027777777778	0.6515243708394604	-0.010201271090742703	0.8922119367984307	1.8048711320065514
seed2	balanced	radial_node	1.0	room_equal	mantel	300	199	0.25	0.20436988915825566	0.3019515964540173	0.16	0.5093274023887392	0.03126952953368537	72.0	12.0	12.0	0.0	0.4984027777777778	0.6515243708394604	-0.010201271090742703	0.8922119367984307	1.8048711320065514
seed2	balanced	radial_node	1.0	room_equal	nested_max	300	199	0.30333333333333334	0.2540711301237818	0.3575684385578729	0.14	0.5093274023887392	0.03126952953368537	72.0	12.0	12.0	0.0	0.4984027777777778	0.6515243708394604	-0.010201271090742703	0.8922119367984307	1.8048711320065514
seed2	balanced	radial_node	1.0	room_equal	standardized_max	300	199	0.2833333333333333	0.2353308526310286	0.33681443489960794	0.14250000000000002	0.5093274023887392	0.03126952953368537	72.0	12.0	12.0	0.0	0.4984027777777778	0.6515243708394604	-0.010201271090742703	0.8922119367984307	1.8048711320065514
seed2	balanced	radial_node	1.0	room_equal	cv_retrained	300	199	0.35	0.29823200252235404	0.4055608888450096	0.0975	0.5093274023887392	0.03126952953368537	72.0	12.0	12.0	0.0	0.4984027777777778	0.6515243708394604	-0.010201271090742703	0.8922119367984307	1.8048711320065514
seed2	balanced	radial_node	1.0	room_equal	cv_standardized	300	199	0.3566666666666667	0.30458741740255907	0.41237023434847747	0.0925	0.47829735617950747	0.11842558464917675	72.0	12.0	12.0	0.0	0.4984027777777778	0.6515243708394604	-0.010201271090742703	0.8922119367984307	1.8048711320065514
seed2	balanced	radial_node	2.0	building_equal	profile	300	199	0.31	0.26034352510199493	0.3644608039633325	0.14250000000000002	0.5185041923058625	0.06158027891228842	72.0	12.0	12.0	0.0	0.4984027777777778	0.6515243708394604	-0.010201271090742703	0.8922119367984307	1.8048711320065514
seed2	balanced	radial_node	2.0	building_equal	mantel	300	199	0.25	0.20436988915825566	0.3019515964540173	0.16	0.5185041923058625	0.06158027891228842	72.0	12.0	12.0	0.0	0.4984027777777778	0.6515243708394604	-0.010201271090742703	0.8922119367984307	1.8048711320065514
seed2	balanced	radial_node	2.0	building_equal	nested_max	300	199	0.30333333333333334	0.2540711301237818	0.3575684385578729	0.14	0.5185041923058625	0.06158027891228842	72.0	12.0	12.0	0.0	0.4984027777777778	0.6515243708394604	-0.010201271090742703	0.8922119367984307	1.8048711320065514
seed2	balanced	radial_node	2.0	building_equal	standardized_max	300	199	0.2833333333333333	0.2353308526310286	0.33681443489960794	0.14250000000000002	0.5185041923058625	0.06158027891228842	72.0	12.0	12.0	0.0	0.4984027777777778	0.6515243708394604	-0.010201271090742703	0.8922119367984307	1.8048711320065514
seed2	balanced	radial_node	2.0	building_equal	cv_retrained	300	199	0.33666666666666667	0.2855553679085868	0.39190800269143145	0.10250000000000001	0.5185041923058625	0.06158027891228842	72.0	12.0	12.0	0.0	0.4984027777777778	0.6515243708394604	-0.010201271090742703	0.8922119367984307	1.8048711320065514
seed2	balanced	radial_node	2.0	building_equal	cv_standardized	300	199	0.3333333333333333	0.2823934472922627	0.38848754311591926	0.10250000000000001	0.46603754787508517	0.20062668894388158	72.0	12.0	12.0	0.0	0.4984027777777778	0.6515243708394604	-0.010201271090742703	0.8922119367984307	1.8048711320065514
seed2	balanced	radial_node	2.0	sqrt_rooms	profile	300	199	0.31	0.26034352510199493	0.3644608039633325	0.14250000000000002	0.5185041923058626	0.061580278912288434	72.0	12.0	12.0	0.0	0.4984027777777778	0.6515243708394604	-0.010201271090742703	0.8922119367984307	1.8048711320065514
seed2	balanced	radial_node	2.0	sqrt_rooms	mantel	300	199	0.25	0.20436988915825566	0.3019515964540173	0.16	0.5185041923058626	0.061580278912288434	72.0	12.0	12.0	0.0	0.4984027777777778	0.6515243708394604	-0.010201271090742703	0.8922119367984307	1.8048711320065514
seed2	balanced	radial_node	2.0	sqrt_rooms	nested_max	300	199	0.30333333333333334	0.2540711301237818	0.3575684385578729	0.14	0.5185041923058626	0.061580278912288434	72.0	12.0	12.0	0.0	0.4984027777777778	0.6515243708394604	-0.010201271090742703	0.8922119367984307	1.8048711320065514
seed2	balanced	radial_node	2.0	sqrt_rooms	standardized_max	300	199	0.2833333333333333	0.2353308526310286	0.33681443489960794	0.14250000000000002	0.5185041923058626	0.061580278912288434	72.0	12.0	12.0	0.0	0.4984027777777778	0.6515243708394604	-0.010201271090742703	0.8922119367984307	1.8048711320065514
seed2	balanced	radial_node	2.0	sqrt_rooms	cv_retrained	300	199	0.33666666666666667	0.2855553679085868	0.39190800269143145	0.10250000000000001	0.5185041923058626	0.061580278912288434	72.0	12.0	12.0	0.0	0.4984027777777778	0.6515243708394604	-0.010201271090742703	0.8922119367984307	1.8048711320065514
seed2	balanced	radial_node	2.0	sqrt_rooms	cv_standardized	300	199	0.3333333333333333	0.2823934472922627	0.38848754311591926	0.10250000000000001	0.46603754787508533	0.20062668894388164	72.0	12.0	12.0	0.0	0.4984027777777778	0.6515243708394604	-0.010201271090742703	0.8922119367984307	1.8048711320065514
seed2	balanced	radial_node	2.0	room_equal	profile	300	199	0.31	0.26034352510199493	0.3644608039633325	0.14250000000000002	0.5185041923058625	0.06158027891228842	72.0	12.0	12.0	0.0	0.4984027777777778	0.6515243708394604	-0.010201271090742703	0.8922119367984307	1.8048711320065514
seed2	balanced	radial_node	2.0	room_equal	mantel	300	199	0.25	0.20436988915825566	0.3019515964540173	0.16	0.5185041923058625	0.06158027891228842	72.0	12.0	12.0	0.0	0.4984027777777778	0.6515243708394604	-0.010201271090742703	0.8922119367984307	1.8048711320065514
seed2	balanced	radial_node	2.0	room_equal	nested_max	300	199	0.30333333333333334	0.2540711301237818	0.3575684385578729	0.14	0.5185041923058625	0.06158027891228842	72.0	12.0	12.0	0.0	0.4984027777777778	0.6515243708394604	-0.010201271090742703	0.8922119367984307	1.8048711320065514
seed2	balanced	radial_node	2.0	room_equal	standardized_max	300	199	0.2833333333333333	0.2353308526310286	0.33681443489960794	0.14250000000000002	0.5185041923058625	0.06158027891228842	72.0	12.0	12.0	0.0	0.4984027777777778	0.6515243708394604	-0.010201271090742703	0.8922119367984307	1.8048711320065514
seed2	balanced	radial_node	2.0	room_equal	cv_retrained	300	199	0.33666666666666667	0.2855553679085868	0.39190800269143145	0.10250000000000001	0.5185041923058625	0.06158027891228842	72.0	12.0	12.0	0.0	0.4984027777777778	0.6515243708394604	-0.010201271090742703	0.8922119367984307	1.8048711320065514
seed2	balanced	radial_node	2.0	room_equal	cv_standardized	300	199	0.3333333333333333	0.2823934472922627	0.38848754311591926	0.10250000000000001	0.46603754787508517	0.20062668894388155	72.0	12.0	12.0	0.0	0.4984027777777778	0.6515243708394604	-0.010201271090742703	0.8922119367984307	1.8048711320065514
seed2	balanced	radial_node	4.0	building_equal	profile	300	199	0.31	0.26034352510199493	0.3644608039633325	0.14250000000000002	0.535822952662996	0.11659864003523554	72.0	12.0	12.0	0.0	0.4984027777777778	0.6515243708394604	-0.010201271090742703	0.8922119367984307	1.8048711320065514
seed2	balanced	radial_node	4.0	building_equal	mantel	300	199	0.25	0.20436988915825566	0.3019515964540173	0.16	0.535822952662996	0.11659864003523554	72.0	12.0	12.0	0.0	0.4984027777777778	0.6515243708394604	-0.010201271090742703	0.8922119367984307	1.8048711320065514
seed2	balanced	radial_node	4.0	building_equal	nested_max	300	199	0.30333333333333334	0.2540711301237818	0.3575684385578729	0.14	0.535822952662996	0.11659864003523554	72.0	12.0	12.0	0.0	0.4984027777777778	0.6515243708394604	-0.010201271090742703	0.8922119367984307	1.8048711320065514
seed2	balanced	radial_node	4.0	building_equal	standardized_max	300	199	0.2833333333333333	0.2353308526310286	0.33681443489960794	0.14250000000000002	0.535822952662996	0.11659864003523554	72.0	12.0	12.0	0.0	0.4984027777777778	0.6515243708394604	-0.010201271090742703	0.8922119367984307	1.8048711320065514
seed2	balanced	radial_node	4.0	building_equal	cv_retrained	300	199	0.31333333333333335	0.2634843975598553	0.36790231169730847	0.105	0.535822952662996	0.11659864003523554	72.0	12.0	12.0	0.0	0.4984027777777778	0.6515243708394604	-0.010201271090742703	0.8922119367984307	1.8048711320065514
seed2	balanced	radial_node	4.0	building_equal	cv_standardized	300	199	0.29333333333333333	0.24468634082804494	0.34720608727810065	0.1225	0.4563876844009779	0.28868472698847913	72.0	12.0	12.0	0.0	0.4984027777777778	0.6515243708394604	-0.010201271090742703	0.8922119367984307	1.8048711320065514
seed2	balanced	radial_node	4.0	sqrt_rooms	profile	300	199	0.31	0.26034352510199493	0.3644608039633325	0.14250000000000002	0.5358229526629962	0.11659864003523557	72.0	12.0	12.0	0.0	0.4984027777777778	0.6515243708394604	-0.010201271090742703	0.8922119367984307	1.8048711320065514
seed2	balanced	radial_node	4.0	sqrt_rooms	mantel	300	199	0.25	0.20436988915825566	0.3019515964540173	0.16	0.5358229526629962	0.11659864003523557	72.0	12.0	12.0	0.0	0.4984027777777778	0.6515243708394604	-0.010201271090742703	0.8922119367984307	1.8048711320065514
seed2	balanced	radial_node	4.0	sqrt_rooms	nested_max	300	199	0.30333333333333334	0.2540711301237818	0.3575684385578729	0.14	0.5358229526629962	0.11659864003523557	72.0	12.0	12.0	0.0	0.4984027777777778	0.6515243708394604	-0.010201271090742703	0.8922119367984307	1.8048711320065514
seed2	balanced	radial_node	4.0	sqrt_rooms	standardized_max	300	199	0.2833333333333333	0.2353308526310286	0.33681443489960794	0.14250000000000002	0.5358229526629962	0.11659864003523557	72.0	12.0	12.0	0.0	0.4984027777777778	0.6515243708394604	-0.010201271090742703	0.8922119367984307	1.8048711320065514
seed2	balanced	radial_node	4.0	sqrt_rooms	cv_retrained	300	199	0.31333333333333335	0.2634843975598553	0.36790231169730847	0.105	0.5358229526629962	0.11659864003523557	72.0	12.0	12.0	0.0	0.4984027777777778	0.6515243708394604	-0.010201271090742703	0.8922119367984307	1.8048711320065514
seed2	balanced	radial_node	4.0	sqrt_rooms	cv_standardized	300	199	0.29333333333333333	0.24468634082804494	0.34720608727810065	0.1225	0.45638768440097804	0.2886847269884792	72.0	12.0	12.0	0.0	0.4984027777777778	0.6515243708394604	-0.010201271090742703	0.8922119367984307	1.8048711320065514
seed2	balanced	radial_node	4.0	room_equal	profile	300	199	0.31	0.26034352510199493	0.3644608039633325	0.14250000000000002	0.535822952662996	0.11659864003523554	72.0	12.0	12.0	0.0	0.4984027777777778	0.6515243708394604	-0.010201271090742703	0.8922119367984307	1.8048711320065514
seed2	balanced	radial_node	4.0	room_equal	mantel	300	199	0.25	0.20436988915825566	0.3019515964540173	0.16	0.535822952662996	0.11659864003523554	72.0	12.0	12.0	0.0	0.4984027777777778	0.6515243708394604	-0.010201271090742703	0.8922119367984307	1.8048711320065514
seed2	balanced	radial_node	4.0	room_equal	nested_max	300	199	0.30333333333333334	0.2540711301237818	0.3575684385578729	0.14	0.535822952662996	0.11659864003523554	72.0	12.0	12.0	0.0	0.4984027777777778	0.6515243708394604	-0.010201271090742703	0.8922119367984307	1.8048711320065514
seed2	balanced	radial_node	4.0	room_equal	standardized_max	300	199	0.2833333333333333	0.2353308526310286	0.33681443489960794	0.14250000000000002	0.535822952662996	0.11659864003523554	72.0	12.0	12.0	0.0	0.4984027777777778	0.6515243708394604	-0.010201271090742703	0.8922119367984307	1.8048711320065514
seed2	balanced	radial_node	4.0	room_equal	cv_retrained	300	199	0.31333333333333335	0.2634843975598553	0.36790231169730847	0.105	0.535822952662996	0.11659864003523554	72.0	12.0	12.0	0.0	0.4984027777777778	0.6515243708394604	-0.010201271090742703	0.8922119367984307	1.8048711320065514
seed2	balanced	radial_node	4.0	room_equal	cv_standardized	300	199	0.29333333333333333	0.24468634082804494	0.34720608727810065	0.1225	0.4563876844009779	0.28868472698847913	72.0	12.0	12.0	0.0	0.4984027777777778	0.6515243708394604	-0.010201271090742703	0.8922119367984307	1.8048711320065514
seed2	balanced	radial_node	8.0	building_equal	profile	300	199	0.31	0.26034352510199493	0.3644608039633325	0.14250000000000002	0.5637133078445681	0.1990354804690252	72.0	12.0	12.0	0.0	0.4984027777777778	0.6515243708394604	-0.010201271090742703	0.8922119367984307	1.8048711320065514
seed2	balanced	radial_node	8.0	building_equal	mantel	300	199	0.25	0.20436988915825566	0.3019515964540173	0.16	0.5637133078445681	0.1990354804690252	72.0	12.0	12.0	0.0	0.4984027777777778	0.6515243708394604	-0.010201271090742703	0.8922119367984307	1.8048711320065514
seed2	balanced	radial_node	8.0	building_equal	nested_max	300	199	0.30333333333333334	0.2540711301237818	0.3575684385578729	0.14	0.5637133078445681	0.1990354804690252	72.0	12.0	12.0	0.0	0.4984027777777778	0.6515243708394604	-0.010201271090742703	0.8922119367984307	1.8048711320065514
seed2	balanced	radial_node	8.0	building_equal	standardized_max	300	199	0.2833333333333333	0.2353308526310286	0.33681443489960794	0.14250000000000002	0.5637133078445681	0.1990354804690252	72.0	12.0	12.0	0.0	0.4984027777777778	0.6515243708394604	-0.010201271090742703	0.8922119367984307	1.8048711320065514
seed2	balanced	radial_node	8.0	building_equal	cv_retrained	300	199	0.26	0.21362060325993487	0.3124480229278472	0.1225	0.5637133078445681	0.1990354804690252	72.0	12.0	12.0	0.0	0.4984027777777778	0.6515243708394604	-0.010201271090742703	0.8922119367984307	1.8048711320065514
seed2	balanced	radial_node	8.0	building_equal	cv_standardized	300	199	0.3	0.2509396637848768	0.35411752470494157	0.1525	0.4513987630479206	0.3496169652798879	72.0	12.0	12.0	0.0	0.4984027777777778	0.6515243708394604	-0.010201271090742703	0.8922119367984307	1.8048711320065514
seed2	balanced	radial_node	8.0	sqrt_rooms	profile	300	199	0.31	0.26034352510199493	0.3644608039633325	0.14250000000000002	0.5637133078445682	0.19903548046902528	72.0	12.0	12.0	0.0	0.4984027777777778	0.6515243708394604	-0.010201271090742703	0.8922119367984307	1.8048711320065514
seed2	balanced	radial_node	8.0	sqrt_rooms	mantel	300	199	0.25	0.20436988915825566	0.3019515964540173	0.16	0.5637133078445682	0.19903548046902528	72.0	12.0	12.0	0.0	0.4984027777777778	0.6515243708394604	-0.010201271090742703	0.8922119367984307	1.8048711320065514
seed2	balanced	radial_node	8.0	sqrt_rooms	nested_max	300	199	0.30333333333333334	0.2540711301237818	0.3575684385578729	0.14	0.5637133078445682	0.19903548046902528	72.0	12.0	12.0	0.0	0.4984027777777778	0.6515243708394604	-0.010201271090742703	0.8922119367984307	1.8048711320065514
seed2	balanced	radial_node	8.0	sqrt_rooms	standardized_max	300	199	0.2833333333333333	0.2353308526310286	0.33681443489960794	0.14250000000000002	0.5637133078445682	0.19903548046902528	72.0	12.0	12.0	0.0	0.4984027777777778	0.6515243708394604	-0.010201271090742703	0.8922119367984307	1.8048711320065514
seed2	balanced	radial_node	8.0	sqrt_rooms	cv_retrained	300	199	0.26	0.21362060325993487	0.3124480229278472	0.1225	0.5637133078445682	0.19903548046902528	72.0	12.0	12.0	0.0	0.4984027777777778	0.6515243708394604	-0.010201271090742703	0.8922119367984307	1.8048711320065514
seed2	balanced	radial_node	8.0	sqrt_rooms	cv_standardized	300	199	0.3	0.2509396637848768	0.35411752470494157	0.1525	0.45139876304792076	0.34961696527988795	72.0	12.0	12.0	0.0	0.4984027777777778	0.6515243708394604	-0.010201271090742703	0.8922119367984307	1.8048711320065514
seed2	balanced	radial_node	8.0	room_equal	profile	300	199	0.31	0.26034352510199493	0.3644608039633325	0.14250000000000002	0.5637133078445681	0.1990354804690252	72.0	12.0	12.0	0.0	0.4984027777777778	0.6515243708394604	-0.010201271090742703	0.8922119367984307	1.8048711320065514
seed2	balanced	radial_node	8.0	room_equal	mantel	300	199	0.25	0.20436988915825566	0.3019515964540173	0.16	0.5637133078445681	0.1990354804690252	72.0	12.0	12.0	0.0	0.4984027777777778	0.6515243708394604	-0.010201271090742703	0.8922119367984307	1.8048711320065514
seed2	balanced	radial_node	8.0	room_equal	nested_max	300	199	0.30333333333333334	0.2540711301237818	0.3575684385578729	0.14	0.5637133078445681	0.1990354804690252	72.0	12.0	12.0	0.0	0.4984027777777778	0.6515243708394604	-0.010201271090742703	0.8922119367984307	1.8048711320065514
seed2	balanced	radial_node	8.0	room_equal	standardized_max	300	199	0.2833333333333333	0.2353308526310286	0.33681443489960794	0.14250000000000002	0.5637133078445681	0.1990354804690252	72.0	12.0	12.0	0.0	0.4984027777777778	0.6515243708394604	-0.010201271090742703	0.8922119367984307	1.8048711320065514
seed2	balanced	radial_node	8.0	room_equal	cv_retrained	300	199	0.26	0.21362060325993487	0.3124480229278472	0.1225	0.5637133078445681	0.1990354804690252	72.0	12.0	12.0	0.0	0.4984027777777778	0.6515243708394604	-0.010201271090742703	0.8922119367984307	1.8048711320065514
seed2	balanced	radial_node	8.0	room_equal	cv_standardized	300	199	0.3	0.2509396637848768	0.35411752470494157	0.1525	0.4513987630479206	0.3496169652798879	72.0	12.0	12.0	0.0	0.4984027777777778	0.6515243708394604	-0.010201271090742703	0.8922119367984307	1.8048711320065514
seed2	balanced	radial_node	16.0	building_equal	profile	300	199	0.31	0.26034352510199493	0.3644608039633325	0.14250000000000002	0.5943230222112202	0.28538965464514093	72.0	12.0	12.0	0.0	0.4984027777777778	0.6515243708394604	-0.010201271090742703	0.8922119367984307	1.8048711320065514
seed2	balanced	radial_node	16.0	building_equal	mantel	300	199	0.25	0.20436988915825566	0.3019515964540173	0.16	0.5943230222112202	0.28538965464514093	72.0	12.0	12.0	0.0	0.4984027777777778	0.6515243708394604	-0.010201271090742703	0.8922119367984307	1.8048711320065514
seed2	balanced	radial_node	16.0	building_equal	nested_max	300	199	0.30333333333333334	0.2540711301237818	0.3575684385578729	0.14	0.5943230222112202	0.28538965464514093	72.0	12.0	12.0	0.0	0.4984027777777778	0.6515243708394604	-0.010201271090742703	0.8922119367984307	1.8048711320065514
seed2	balanced	radial_node	16.0	building_equal	standardized_max	300	199	0.2833333333333333	0.2353308526310286	0.33681443489960794	0.14250000000000002	0.5943230222112202	0.28538965464514093	72.0	12.0	12.0	0.0	0.4984027777777778	0.6515243708394604	-0.010201271090742703	0.8922119367984307	1.8048711320065514
seed2	balanced	radial_node	16.0	building_equal	cv_retrained	300	199	0.23333333333333334	0.18902823823172718	0.28438134642136403	0.145	0.5943230222112202	0.28538965464514093	72.0	12.0	12.0	0.0	0.4984027777777778	0.6515243708394604	-0.010201271090742703	0.8922119367984307	1.8048711320065514
seed2	balanced	radial_node	16.0	building_equal	cv_standardized	300	199	0.3	0.2509396637848768	0.35411752470494157	0.15	0.44910729640078006	0.3782683695947313	72.0	12.0	12.0	0.0	0.4984027777777778	0.6515243708394604	-0.010201271090742703	0.8922119367984307	1.8048711320065514
seed2	balanced	radial_node	16.0	sqrt_rooms	profile	300	199	0.31	0.26034352510199493	0.3644608039633325	0.14250000000000002	0.5943230222112204	0.285389654645141	72.0	12.0	12.0	0.0	0.4984027777777778	0.6515243708394604	-0.010201271090742703	0.8922119367984307	1.8048711320065514
seed2	balanced	radial_node	16.0	sqrt_rooms	mantel	300	199	0.25	0.20436988915825566	0.3019515964540173	0.16	0.5943230222112204	0.285389654645141	72.0	12.0	12.0	0.0	0.4984027777777778	0.6515243708394604	-0.010201271090742703	0.8922119367984307	1.8048711320065514
seed2	balanced	radial_node	16.0	sqrt_rooms	nested_max	300	199	0.30333333333333334	0.2540711301237818	0.3575684385578729	0.14	0.5943230222112204	0.285389654645141	72.0	12.0	12.0	0.0	0.4984027777777778	0.6515243708394604	-0.010201271090742703	0.8922119367984307	1.8048711320065514
seed2	balanced	radial_node	16.0	sqrt_rooms	standardized_max	300	199	0.2833333333333333	0.2353308526310286	0.33681443489960794	0.14250000000000002	0.5943230222112204	0.285389654645141	72.0	12.0	12.0	0.0	0.4984027777777778	0.6515243708394604	-0.010201271090742703	0.8922119367984307	1.8048711320065514
seed2	balanced	radial_node	16.0	sqrt_rooms	cv_retrained	300	199	0.23333333333333334	0.18902823823172718	0.28438134642136403	0.145	0.5943230222112204	0.285389654645141	72.0	12.0	12.0	0.0	0.4984027777777778	0.6515243708394604	-0.010201271090742703	0.8922119367984307	1.8048711320065514
seed2	balanced	radial_node	16.0	sqrt_rooms	cv_standardized	300	199	0.3	0.2509396637848768	0.35411752470494157	0.15	0.44910729640078006	0.37826836959473137	72.0	12.0	12.0	0.0	0.4984027777777778	0.6515243708394604	-0.010201271090742703	0.8922119367984307	1.8048711320065514
seed2	balanced	radial_node	16.0	room_equal	profile	300	199	0.31	0.26034352510199493	0.3644608039633325	0.14250000000000002	0.5943230222112202	0.28538965464514093	72.0	12.0	12.0	0.0	0.4984027777777778	0.6515243708394604	-0.010201271090742703	0.8922119367984307	1.8048711320065514
seed2	balanced	radial_node	16.0	room_equal	mantel	300	199	0.25	0.20436988915825566	0.3019515964540173	0.16	0.5943230222112202	0.28538965464514093	72.0	12.0	12.0	0.0	0.4984027777777778	0.6515243708394604	-0.010201271090742703	0.8922119367984307	1.8048711320065514
seed2	balanced	radial_node	16.0	room_equal	nested_max	300	199	0.30333333333333334	0.2540711301237818	0.3575684385578729	0.14	0.5943230222112202	0.28538965464514093	72.0	12.0	12.0	0.0	0.4984027777777778	0.6515243708394604	-0.010201271090742703	0.8922119367984307	1.8048711320065514
seed2	balanced	radial_node	16.0	room_equal	standardized_max	300	199	0.2833333333333333	0.2353308526310286	0.33681443489960794	0.14250000000000002	0.5943230222112202	0.28538965464514093	72.0	12.0	12.0	0.0	0.4984027777777778	0.6515243708394604	-0.010201271090742703	0.8922119367984307	1.8048711320065514
seed2	balanced	radial_node	16.0	room_equal	cv_retrained	300	199	0.23333333333333334	0.18902823823172718	0.28438134642136403	0.145	0.5943230222112202	0.28538965464514093	72.0	12.0	12.0	0.0	0.4984027777777778	0.6515243708394604	-0.010201271090742703	0.8922119367984307	1.8048711320065514
seed2	balanced	radial_node	16.0	room_equal	cv_standardized	300	199	0.3	0.2509396637848768	0.35411752470494157	0.15	0.44910729640078	0.3782683695947313	72.0	12.0	12.0	0.0	0.4984027777777778	0.6515243708394604	-0.010201271090742703	0.8922119367984307	1.8048711320065514
seed2	balanced	dyadic	0.0	building_equal	profile	300	199	0.15666666666666668	0.11990681678878562	0.2021080234520693	0.23249999999999998	0.4999999999999999	5.551115123125783e-17	72.0	12.0	12.0	0.0	0.5001388888888888	-0.00916419894257291	0.6345939056596581	0.8916584875573438	1.8048711320065514
seed2	balanced	dyadic	0.0	building_equal	mantel	300	199	0.28	0.23221902212795326	0.33334388521084696	0.14	0.4999999999999999	5.551115123125783e-17	72.0	12.0	12.0	0.0	0.5001388888888888	-0.00916419894257291	0.6345939056596581	0.8916584875573438	1.8048711320065514
seed2	balanced	dyadic	0.0	building_equal	nested_max	300	199	0.16666666666666666	0.1287653312036807	0.21299664961268325	0.1975	0.4999999999999999	5.551115123125783e-17	72.0	12.0	12.0	0.0	0.5001388888888888	-0.00916419894257291	0.6345939056596581	0.8916584875573438	1.8048711320065514
seed2	balanced	dyadic	0.0	building_equal	standardized_max	300	199	0.23	0.18597181807303015	0.28085538638822466	0.16	0.4999999999999999	5.551115123125783e-17	72.0	12.0	12.0	0.0	0.5001388888888888	-0.00916419894257291	0.6345939056596581	0.8916584875573438	1.8048711320065514
seed2	balanced	dyadic	0.0	building_equal	cv_retrained	300	199	0.13333333333333333	0.09946641683411198	0.1764717620638884	0.25	0.4999999999999999	5.551115123125783e-17	72.0	12.0	12.0	0.0	0.5001388888888888	-0.00916419894257291	0.6345939056596581	0.8916584875573438	1.8048711320065514
seed2	balanced	dyadic	0.0	building_equal	cv_standardized	300	199	0.12	0.0879508443036389	0.16165781382701605	0.275	0.4999999999999999	5.551115123125783e-17	72.0	12.0	12.0	0.0	0.5001388888888888	-0.00916419894257291	0.6345939056596581	0.8916584875573438	1.8048711320065514
seed2	balanced	dyadic	0.0	sqrt_rooms	profile	300	199	0.15666666666666668	0.11990681678878562	0.2021080234520693	0.23249999999999998	0.5000000000000001	0.0	72.0	12.0	12.0	0.0	0.5001388888888888	-0.00916419894257291	0.6345939056596581	0.8916584875573438	1.8048711320065514
seed2	balanced	dyadic	0.0	sqrt_rooms	mantel	300	199	0.28	0.23221902212795326	0.33334388521084696	0.14	0.5000000000000001	0.0	72.0	12.0	12.0	0.0	0.5001388888888888	-0.00916419894257291	0.6345939056596581	0.8916584875573438	1.8048711320065514
seed2	balanced	dyadic	0.0	sqrt_rooms	nested_max	300	199	0.16666666666666666	0.1287653312036807	0.21299664961268325	0.1975	0.5000000000000001	0.0	72.0	12.0	12.0	0.0	0.5001388888888888	-0.00916419894257291	0.6345939056596581	0.8916584875573438	1.8048711320065514
seed2	balanced	dyadic	0.0	sqrt_rooms	standardized_max	300	199	0.23	0.18597181807303015	0.28085538638822466	0.16	0.5000000000000001	0.0	72.0	12.0	12.0	0.0	0.5001388888888888	-0.00916419894257291	0.6345939056596581	0.8916584875573438	1.8048711320065514
seed2	balanced	dyadic	0.0	sqrt_rooms	cv_retrained	300	199	0.13333333333333333	0.09946641683411198	0.1764717620638884	0.25	0.5000000000000001	0.0	72.0	12.0	12.0	0.0	0.5001388888888888	-0.00916419894257291	0.6345939056596581	0.8916584875573438	1.8048711320065514
seed2	balanced	dyadic	0.0	sqrt_rooms	cv_standardized	300	199	0.12	0.0879508443036389	0.16165781382701605	0.275	0.5000000000000001	0.0	72.0	12.0	12.0	0.0	0.5001388888888888	-0.00916419894257291	0.6345939056596581	0.8916584875573438	1.8048711320065514
seed2	balanced	dyadic	0.0	room_equal	profile	300	199	0.15666666666666668	0.11990681678878562	0.2021080234520693	0.23249999999999998	0.4999999999999999	5.551115123125783e-17	72.0	12.0	12.0	0.0	0.5001388888888888	-0.00916419894257291	0.6345939056596581	0.8916584875573438	1.8048711320065514
seed2	balanced	dyadic	0.0	room_equal	mantel	300	199	0.28	0.23221902212795326	0.33334388521084696	0.14	0.4999999999999999	5.551115123125783e-17	72.0	12.0	12.0	0.0	0.5001388888888888	-0.00916419894257291	0.6345939056596581	0.8916584875573438	1.8048711320065514
seed2	balanced	dyadic	0.0	room_equal	nested_max	300	199	0.16666666666666666	0.1287653312036807	0.21299664961268325	0.1975	0.4999999999999999	5.551115123125783e-17	72.0	12.0	12.0	0.0	0.5001388888888888	-0.00916419894257291	0.6345939056596581	0.8916584875573438	1.8048711320065514
seed2	balanced	dyadic	0.0	room_equal	standardized_max	300	199	0.23	0.18597181807303015	0.28085538638822466	0.16	0.4999999999999999	5.551115123125783e-17	72.0	12.0	12.0	0.0	0.5001388888888888	-0.00916419894257291	0.6345939056596581	0.8916584875573438	1.8048711320065514
seed2	balanced	dyadic	0.0	room_equal	cv_retrained	300	199	0.13333333333333333	0.09946641683411198	0.1764717620638884	0.25	0.4999999999999999	5.551115123125783e-17	72.0	12.0	12.0	0.0	0.5001388888888888	-0.00916419894257291	0.6345939056596581	0.8916584875573438	1.8048711320065514
seed2	balanced	dyadic	0.0	room_equal	cv_standardized	300	199	0.12	0.0879508443036389	0.16165781382701605	0.275	0.4999999999999999	5.551115123125783e-17	72.0	12.0	12.0	0.0	0.5001388888888888	-0.00916419894257291	0.6345939056596581	0.8916584875573438	1.8048711320065514
seed2	balanced	dyadic	0.1	building_equal	profile	300	199	0.15666666666666668	0.11990681678878562	0.2021080234520693	0.23249999999999998	0.5015210127672284	0.002752789991591805	72.0	12.0	12.0	0.0	0.5001388888888888	-0.00916419894257291	0.6345939056596581	0.8916584875573438	1.8048711320065514
seed2	balanced	dyadic	0.1	building_equal	mantel	300	199	0.28	0.23221902212795326	0.33334388521084696	0.14	0.5015210127672284	0.002752789991591805	72.0	12.0	12.0	0.0	0.5001388888888888	-0.00916419894257291	0.6345939056596581	0.8916584875573438	1.8048711320065514
seed2	balanced	dyadic	0.1	building_equal	nested_max	300	199	0.16666666666666666	0.1287653312036807	0.21299664961268325	0.1975	0.5015210127672284	0.002752789991591805	72.0	12.0	12.0	0.0	0.5001388888888888	-0.00916419894257291	0.6345939056596581	0.8916584875573438	1.8048711320065514
seed2	balanced	dyadic	0.1	building_equal	standardized_max	300	199	0.23	0.18597181807303015	0.28085538638822466	0.16	0.5015210127672284	0.002752789991591805	72.0	12.0	12.0	0.0	0.5001388888888888	-0.00916419894257291	0.6345939056596581	0.8916584875573438	1.8048711320065514
seed2	balanced	dyadic	0.1	building_equal	cv_retrained	300	199	0.13333333333333333	0.09946641683411198	0.1764717620638884	0.2475	0.5015210127672284	0.002752789991591805	72.0	12.0	12.0	0.0	0.5001388888888888	-0.00916419894257291	0.6345939056596581	0.8916584875573438	1.8048711320065514
seed2	balanced	dyadic	0.1	building_equal	cv_standardized	300	199	0.11333333333333333	0.082244501875291	0.15419939587169124	0.2775	0.5034202746714757	0.011200809708238382	72.0	12.0	12.0	0.0	0.5001388888888888	-0.00916419894257291	0.6345939056596581	0.8916584875573438	1.8048711320065514
seed2	balanced	dyadic	0.1	sqrt_rooms	profile	300	199	0.15666666666666668	0.11990681678878562	0.2021080234520693	0.23249999999999998	0.5015210127672286	0.0027527899915918102	72.0	12.0	12.0	0.0	0.5001388888888888	-0.00916419894257291	0.6345939056596581	0.8916584875573438	1.8048711320065514
seed2	balanced	dyadic	0.1	sqrt_rooms	mantel	300	199	0.28	0.23221902212795326	0.33334388521084696	0.14	0.5015210127672286	0.0027527899915918102	72.0	12.0	12.0	0.0	0.5001388888888888	-0.00916419894257291	0.6345939056596581	0.8916584875573438	1.8048711320065514
seed2	balanced	dyadic	0.1	sqrt_rooms	nested_max	300	199	0.16666666666666666	0.1287653312036807	0.21299664961268325	0.1975	0.5015210127672286	0.0027527899915918102	72.0	12.0	12.0	0.0	0.5001388888888888	-0.00916419894257291	0.6345939056596581	0.8916584875573438	1.8048711320065514
seed2	balanced	dyadic	0.1	sqrt_rooms	standardized_max	300	199	0.23	0.18597181807303015	0.28085538638822466	0.16	0.5015210127672286	0.0027527899915918102	72.0	12.0	12.0	0.0	0.5001388888888888	-0.00916419894257291	0.6345939056596581	0.8916584875573438	1.8048711320065514
seed2	balanced	dyadic	0.1	sqrt_rooms	cv_retrained	300	199	0.13333333333333333	0.09946641683411198	0.1764717620638884	0.2475	0.5015210127672286	0.0027527899915918102	72.0	12.0	12.0	0.0	0.5001388888888888	-0.00916419894257291	0.6345939056596581	0.8916584875573438	1.8048711320065514
seed2	balanced	dyadic	0.1	sqrt_rooms	cv_standardized	300	199	0.11333333333333333	0.082244501875291	0.15419939587169124	0.2775	0.5034202746714758	0.011200809708238384	72.0	12.0	12.0	0.0	0.5001388888888888	-0.00916419894257291	0.6345939056596581	0.8916584875573438	1.8048711320065514
seed2	balanced	dyadic	0.1	room_equal	profile	300	199	0.15666666666666668	0.11990681678878562	0.2021080234520693	0.23249999999999998	0.5015210127672284	0.002752789991591805	72.0	12.0	12.0	0.0	0.5001388888888888	-0.00916419894257291	0.6345939056596581	0.8916584875573438	1.8048711320065514
seed2	balanced	dyadic	0.1	room_equal	mantel	300	199	0.28	0.23221902212795326	0.33334388521084696	0.14	0.5015210127672284	0.002752789991591805	72.0	12.0	12.0	0.0	0.5001388888888888	-0.00916419894257291	0.6345939056596581	0.8916584875573438	1.8048711320065514
seed2	balanced	dyadic	0.1	room_equal	nested_max	300	199	0.16666666666666666	0.1287653312036807	0.21299664961268325	0.1975	0.5015210127672284	0.002752789991591805	72.0	12.0	12.0	0.0	0.5001388888888888	-0.00916419894257291	0.6345939056596581	0.8916584875573438	1.8048711320065514
seed2	balanced	dyadic	0.1	room_equal	standardized_max	300	199	0.23	0.18597181807303015	0.28085538638822466	0.16	0.5015210127672284	0.002752789991591805	72.0	12.0	12.0	0.0	0.5001388888888888	-0.00916419894257291	0.6345939056596581	0.8916584875573438	1.8048711320065514
seed2	balanced	dyadic	0.1	room_equal	cv_retrained	300	199	0.13333333333333333	0.09946641683411198	0.1764717620638884	0.2475	0.5015210127672284	0.002752789991591805	72.0	12.0	12.0	0.0	0.5001388888888888	-0.00916419894257291	0.6345939056596581	0.8916584875573438	1.8048711320065514
seed2	balanced	dyadic	0.1	room_equal	cv_standardized	300	199	0.11333333333333333	0.082244501875291	0.15419939587169124	0.2775	0.5034202746714757	0.01120080970823838	72.0	12.0	12.0	0.0	0.5001388888888888	-0.00916419894257291	0.6345939056596581	0.8916584875573438	1.8048711320065514
seed2	balanced	dyadic	0.25	building_equal	profile	300	199	0.15666666666666668	0.11990681678878562	0.2021080234520693	0.23249999999999998	0.5038018429920499	0.006880407997251558	72.0	12.0	12.0	0.0	0.5001388888888888	-0.00916419894257291	0.6345939056596581	0.8916584875573438	1.8048711320065514
seed2	balanced	dyadic	0.25	building_equal	mantel	300	199	0.28	0.23221902212795326	0.33334388521084696	0.14	0.5038018429920499	0.006880407997251558	72.0	12.0	12.0	0.0	0.5001388888888888	-0.00916419894257291	0.6345939056596581	0.8916584875573438	1.8048711320065514
seed2	balanced	dyadic	0.25	building_equal	nested_max	300	199	0.16666666666666666	0.1287653312036807	0.21299664961268325	0.1975	0.5038018429920499	0.006880407997251558	72.0	12.0	12.0	0.0	0.5001388888888888	-0.00916419894257291	0.6345939056596581	0.8916584875573438	1.8048711320065514
seed2	balanced	dyadic	0.25	building_equal	standardized_max	300	199	0.23	0.18597181807303015	0.28085538638822466	0.16	0.5038018429920499	0.006880407997251558	72.0	12.0	12.0	0.0	0.5001388888888888	-0.00916419894257291	0.6345939056596581	0.8916584875573438	1.8048711320065514
seed2	balanced	dyadic	0.25	building_equal	cv_retrained	300	199	0.13333333333333333	0.09946641683411198	0.1764717620638884	0.25	0.5038018429920499	0.006880407997251558	72.0	12.0	12.0	0.0	0.5001388888888888	-0.00916419894257291	0.6345939056596581	0.8916584875573438	1.8048711320065514
seed2	balanced	dyadic	0.25	building_equal	cv_standardized	300	199	0.11333333333333333	0.082244501875291	0.15419939587169124	0.2775	0.5085319350025411	0.02791044028047077	72.0	12.0	12.0	0.0	0.5001388888888888	-0.00916419894257291	0.6345939056596581	0.8916584875573438	1.8048711320065514
seed2	balanced	dyadic	0.25	sqrt_rooms	profile	300	199	0.15666666666666668	0.11990681678878562	0.2021080234520693	0.23249999999999998	0.5038018429920499	0.006880407997251557	72.0	12.0	12.0	0.0	0.5001388888888888	-0.00916419894257291	0.6345939056596581	0.8916584875573438	1.8048711320065514
seed2	balanced	dyadic	0.25	sqrt_rooms	mantel	300	199	0.28	0.23221902212795326	0.33334388521084696	0.14	0.5038018429920499	0.006880407997251557	72.0	12.0	12.0	0.0	0.5001388888888888	-0.00916419894257291	0.6345939056596581	0.8916584875573438	1.8048711320065514
seed2	balanced	dyadic	0.25	sqrt_rooms	nested_max	300	199	0.16666666666666666	0.1287653312036807	0.21299664961268325	0.1975	0.5038018429920499	0.006880407997251557	72.0	12.0	12.0	0.0	0.5001388888888888	-0.00916419894257291	0.6345939056596581	0.8916584875573438	1.8048711320065514
seed2	balanced	dyadic	0.25	sqrt_rooms	standardized_max	300	199	0.23	0.18597181807303015	0.28085538638822466	0.16	0.5038018429920499	0.006880407997251557	72.0	12.0	12.0	0.0	0.5001388888888888	-0.00916419894257291	0.6345939056596581	0.8916584875573438	1.8048711320065514
seed2	balanced	dyadic	0.25	sqrt_rooms	cv_retrained	300	199	0.13333333333333333	0.09946641683411198	0.1764717620638884	0.25	0.5038018429920499	0.006880407997251557	72.0	12.0	12.0	0.0	0.5001388888888888	-0.00916419894257291	0.6345939056596581	0.8916584875573438	1.8048711320065514
seed2	balanced	dyadic	0.25	sqrt_rooms	cv_standardized	300	199	0.11333333333333333	0.082244501875291	0.15419939587169124	0.2775	0.5085319350025411	0.027910440280470777	72.0	12.0	12.0	0.0	0.5001388888888888	-0.00916419894257291	0.6345939056596581	0.8916584875573438	1.8048711320065514
seed2	balanced	dyadic	0.25	room_equal	profile	300	199	0.15666666666666668	0.11990681678878562	0.2021080234520693	0.23249999999999998	0.5038018429920499	0.006880407997251558	72.0	12.0	12.0	0.0	0.5001388888888888	-0.00916419894257291	0.6345939056596581	0.8916584875573438	1.8048711320065514
seed2	balanced	dyadic	0.25	room_equal	mantel	300	199	0.28	0.23221902212795326	0.33334388521084696	0.14	0.5038018429920499	0.006880407997251558	72.0	12.0	12.0	0.0	0.5001388888888888	-0.00916419894257291	0.6345939056596581	0.8916584875573438	1.8048711320065514
seed2	balanced	dyadic	0.25	room_equal	nested_max	300	199	0.16666666666666666	0.1287653312036807	0.21299664961268325	0.1975	0.5038018429920499	0.006880407997251558	72.0	12.0	12.0	0.0	0.5001388888888888	-0.00916419894257291	0.6345939056596581	0.8916584875573438	1.8048711320065514
seed2	balanced	dyadic	0.25	room_equal	standardized_max	300	199	0.23	0.18597181807303015	0.28085538638822466	0.16	0.5038018429920499	0.006880407997251558	72.0	12.0	12.0	0.0	0.5001388888888888	-0.00916419894257291	0.6345939056596581	0.8916584875573438	1.8048711320065514
seed2	balanced	dyadic	0.25	room_equal	cv_retrained	300	199	0.13333333333333333	0.09946641683411198	0.1764717620638884	0.25	0.5038018429920499	0.006880407997251558	72.0	12.0	12.0	0.0	0.5001388888888888	-0.00916419894257291	0.6345939056596581	0.8916584875573438	1.8048711320065514
seed2	balanced	dyadic	0.25	room_equal	cv_standardized	300	199	0.11333333333333333	0.082244501875291	0.15419939587169124	0.2775	0.5085319350025411	0.027910440280470777	72.0	12.0	12.0	0.0	0.5001388888888888	-0.00916419894257291	0.6345939056596581	0.8916584875573438	1.8048711320065514
seed2	balanced	dyadic	0.5	building_equal	profile	300	199	0.15666666666666668	0.11990681678878562	0.2021080234520693	0.23249999999999998	0.5075987738536737	0.013749648886130022	72.0	12.0	12.0	0.0	0.5001388888888888	-0.00916419894257291	0.6345939056596581	0.8916584875573438	1.8048711320065514
seed2	balanced	dyadic	0.5	building_equal	mantel	300	199	0.28	0.23221902212795326	0.33334388521084696	0.14	0.5075987738536737	0.013749648886130022	72.0	12.0	12.0	0.0	0.5001388888888888	-0.00916419894257291	0.6345939056596581	0.8916584875573438	1.8048711320065514
seed2	balanced	dyadic	0.5	building_equal	nested_max	300	199	0.16666666666666666	0.1287653312036807	0.21299664961268325	0.1975	0.5075987738536737	0.013749648886130022	72.0	12.0	12.0	0.0	0.5001388888888888	-0.00916419894257291	0.6345939056596581	0.8916584875573438	1.8048711320065514
seed2	balanced	dyadic	0.5	building_equal	standardized_max	300	199	0.23	0.18597181807303015	0.28085538638822466	0.16	0.5075987738536737	0.013749648886130022	72.0	12.0	12.0	0.0	0.5001388888888888	-0.00916419894257291	0.6345939056596581	0.8916584875573438	1.8048711320065514
seed2	balanced	dyadic	0.5	building_equal	cv_retrained	300	199	0.13666666666666666	0.10236514609208625	0.1801554129977505	0.25	0.5075987738536737	0.013749648886130022	72.0	12.0	12.0	0.0	0.5001388888888888	-0.00916419894257291	0.6345939056596581	0.8916584875573438	1.8048711320065514
seed2	balanced	dyadic	0.5	building_equal	cv_standardized	300	199	0.12333333333333334	0.09081731429366795	0.1653737240288234	0.29	0.5169327627354807	0.05518650610125076	72.0	12.0	12.0	0.0	0.5001388888888888	-0.00916419894257291	0.6345939056596581	0.8916584875573438	1.8048711320065514
seed2	balanced	dyadic	0.5	sqrt_rooms	profile	300	199	0.15666666666666668	0.11990681678878562	0.2021080234520693	0.23249999999999998	0.5075987738536738	0.01374964888613003	72.0	12.0	12.0	0.0	0.5001388888888888	-0.00916419894257291	0.6345939056596581	0.8916584875573438	1.8048711320065514
seed2	balanced	dyadic	0.5	sqrt_rooms	mantel	300	199	0.28	0.23221902212795326	0.33334388521084696	0.14	0.5075987738536738	0.01374964888613003	72.0	12.0	12.0	0.0	0.5001388888888888	-0.00916419894257291	0.6345939056596581	0.8916584875573438	1.8048711320065514
seed2	balanced	dyadic	0.5	sqrt_rooms	nested_max	300	199	0.16666666666666666	0.1287653312036807	0.21299664961268325	0.1975	0.5075987738536738	0.01374964888613003	72.0	12.0	12.0	0.0	0.5001388888888888	-0.00916419894257291	0.6345939056596581	0.8916584875573438	1.8048711320065514
seed2	balanced	dyadic	0.5	sqrt_rooms	standardized_max	300	199	0.23	0.18597181807303015	0.28085538638822466	0.16	0.5075987738536738	0.01374964888613003	72.0	12.0	12.0	0.0	0.5001388888888888	-0.00916419894257291	0.6345939056596581	0.8916584875573438	1.8048711320065514
seed2	balanced	dyadic	0.5	sqrt_rooms	cv_retrained	300	199	0.13666666666666666	0.10236514609208625	0.1801554129977505	0.25	0.5075987738536738	0.01374964888613003	72.0	12.0	12.0	0.0	0.5001388888888888	-0.00916419894257291	0.6345939056596581	0.8916584875573438	1.8048711320065514
seed2	balanced	dyadic	0.5	sqrt_rooms	cv_standardized	300	199	0.12333333333333334	0.09081731429366795	0.1653737240288234	0.29	0.5169327627354808	0.055186506101250775	72.0	12.0	12.0	0.0	0.5001388888888888	-0.00916419894257291	0.6345939056596581	0.8916584875573438	1.8048711320065514
seed2	balanced	dyadic	0.5	room_equal	profile	300	199	0.15666666666666668	0.11990681678878562	0.2021080234520693	0.23249999999999998	0.5075987738536737	0.013749648886130022	72.0	12.0	12.0	0.0	0.5001388888888888	-0.00916419894257291	0.6345939056596581	0.8916584875573438	1.8048711320065514
seed2	balanced	dyadic	0.5	room_equal	mantel	300	199	0.28	0.23221902212795326	0.33334388521084696	0.14	0.5075987738536737	0.013749648886130022	72.0	12.0	12.0	0.0	0.5001388888888888	-0.00916419894257291	0.6345939056596581	0.8916584875573438	1.8048711320065514
seed2	balanced	dyadic	0.5	room_equal	nested_max	300	199	0.16666666666666666	0.1287653312036807	0.21299664961268325	0.1975	0.5075987738536737	0.013749648886130022	72.0	12.0	12.0	0.0	0.5001388888888888	-0.00916419894257291	0.6345939056596581	0.8916584875573438	1.8048711320065514
seed2	balanced	dyadic	0.5	room_equal	standardized_max	300	199	0.23	0.18597181807303015	0.28085538638822466	0.16	0.5075987738536737	0.013749648886130022	72.0	12.0	12.0	0.0	0.5001388888888888	-0.00916419894257291	0.6345939056596581	0.8916584875573438	1.8048711320065514
seed2	balanced	dyadic	0.5	room_equal	cv_retrained	300	199	0.13666666666666666	0.10236514609208625	0.1801554129977505	0.25	0.5075987738536737	0.013749648886130022	72.0	12.0	12.0	0.0	0.5001388888888888	-0.00916419894257291	0.6345939056596581	0.8916584875573438	1.8048711320065514
seed2	balanced	dyadic	0.5	room_equal	cv_standardized	300	199	0.12333333333333334	0.09081731429366795	0.1653737240288234	0.29	0.5169327627354807	0.05518650610125076	72.0	12.0	12.0	0.0	0.5001388888888888	-0.00916419894257291	0.6345939056596581	0.8916584875573438	1.8048711320065514
seed2	balanced	dyadic	1.0	building_equal	profile	300	199	0.15666666666666668	0.11990681678878562	0.2021080234520693	0.23249999999999998	0.5151585218269507	0.027410751162300132	72.0	12.0	12.0	0.0	0.5001388888888888	-0.00916419894257291	0.6345939056596581	0.8916584875573438	1.8048711320065514
seed2	balanced	dyadic	1.0	building_equal	mantel	300	199	0.28	0.23221902212795326	0.33334388521084696	0.14	0.5151585218269507	0.027410751162300132	72.0	12.0	12.0	0.0	0.5001388888888888	-0.00916419894257291	0.6345939056596581	0.8916584875573438	1.8048711320065514
seed2	balanced	dyadic	1.0	building_equal	nested_max	300	199	0.16666666666666666	0.1287653312036807	0.21299664961268325	0.1975	0.5151585218269507	0.027410751162300132	72.0	12.0	12.0	0.0	0.5001388888888888	-0.00916419894257291	0.6345939056596581	0.8916584875573438	1.8048711320065514
seed2	balanced	dyadic	1.0	building_equal	standardized_max	300	199	0.23	0.18597181807303015	0.28085538638822466	0.16	0.5151585218269507	0.027410751162300132	72.0	12.0	12.0	0.0	0.5001388888888888	-0.00916419894257291	0.6345939056596581	0.8916584875573438	1.8048711320065514
seed2	balanced	dyadic	1.0	building_equal	cv_retrained	300	199	0.14333333333333334	0.1081847423238497	0.18750057714965976	0.255	0.5151585218269507	0.027410751162300132	72.0	12.0	12.0	0.0	0.5001388888888888	-0.00916419894257291	0.6345939056596581	0.8916584875573438	1.8048711320065514
seed2	balanced	dyadic	1.0	building_equal	cv_standardized	300	199	0.12	0.0879508443036389	0.16165781382701605	0.29	0.5328950295445225	0.10582758711610231	72.0	12.0	12.0	0.0	0.5001388888888888	-0.00916419894257291	0.6345939056596581	0.8916584875573438	1.8048711320065514
seed2	balanced	dyadic	1.0	sqrt_rooms	profile	300	199	0.15666666666666668	0.11990681678878562	0.2021080234520693	0.23249999999999998	0.5151585218269509	0.027410751162300136	72.0	12.0	12.0	0.0	0.5001388888888888	-0.00916419894257291	0.6345939056596581	0.8916584875573438	1.8048711320065514
seed2	balanced	dyadic	1.0	sqrt_rooms	mantel	300	199	0.28	0.23221902212795326	0.33334388521084696	0.14	0.5151585218269509	0.027410751162300136	72.0	12.0	12.0	0.0	0.5001388888888888	-0.00916419894257291	0.6345939056596581	0.8916584875573438	1.8048711320065514
seed2	balanced	dyadic	1.0	sqrt_rooms	nested_max	300	199	0.16666666666666666	0.1287653312036807	0.21299664961268325	0.1975	0.5151585218269509	0.027410751162300136	72.0	12.0	12.0	0.0	0.5001388888888888	-0.00916419894257291	0.6345939056596581	0.8916584875573438	1.8048711320065514
seed2	balanced	dyadic	1.0	sqrt_rooms	standardized_max	300	199	0.23	0.18597181807303015	0.28085538638822466	0.16	0.5151585218269509	0.027410751162300136	72.0	12.0	12.0	0.0	0.5001388888888888	-0.00916419894257291	0.6345939056596581	0.8916584875573438	1.8048711320065514
seed2	balanced	dyadic	1.0	sqrt_rooms	cv_retrained	300	199	0.14333333333333334	0.1081847423238497	0.18750057714965976	0.255	0.5151585218269509	0.027410751162300136	72.0	12.0	12.0	0.0	0.5001388888888888	-0.00916419894257291	0.6345939056596581	0.8916584875573438	1.8048711320065514
seed2	balanced	dyadic	1.0	sqrt_rooms	cv_standardized	300	199	0.12	0.0879508443036389	0.16165781382701605	0.29	0.5328950295445225	0.10582758711610234	72.0	12.0	12.0	0.0	0.5001388888888888	-0.00916419894257291	0.6345939056596581	0.8916584875573438	1.8048711320065514
seed2	balanced	dyadic	1.0	room_equal	profile	300	199	0.15666666666666668	0.11990681678878562	0.2021080234520693	0.23249999999999998	0.5151585218269507	0.027410751162300132	72.0	12.0	12.0	0.0	0.5001388888888888	-0.00916419894257291	0.6345939056596581	0.8916584875573438	1.8048711320065514
seed2	balanced	dyadic	1.0	room_equal	mantel	300	199	0.28	0.23221902212795326	0.33334388521084696	0.14	0.5151585218269507	0.027410751162300132	72.0	12.0	12.0	0.0	0.5001388888888888	-0.00916419894257291	0.6345939056596581	0.8916584875573438	1.8048711320065514
seed2	balanced	dyadic	1.0	room_equal	nested_max	300	199	0.16666666666666666	0.1287653312036807	0.21299664961268325	0.1975	0.5151585218269507	0.027410751162300132	72.0	12.0	12.0	0.0	0.5001388888888888	-0.00916419894257291	0.6345939056596581	0.8916584875573438	1.8048711320065514
seed2	balanced	dyadic	1.0	room_equal	standardized_max	300	199	0.23	0.18597181807303015	0.28085538638822466	0.16	0.5151585218269507	0.027410751162300132	72.0	12.0	12.0	0.0	0.5001388888888888	-0.00916419894257291	0.6345939056596581	0.8916584875573438	1.8048711320065514
seed2	balanced	dyadic	1.0	room_equal	cv_retrained	300	199	0.14333333333333334	0.1081847423238497	0.18750057714965976	0.255	0.5151585218269507	0.027410751162300132	72.0	12.0	12.0	0.0	0.5001388888888888	-0.00916419894257291	0.6345939056596581	0.8916584875573438	1.8048711320065514
seed2	balanced	dyadic	1.0	room_equal	cv_standardized	300	199	0.12	0.0879508443036389	0.16165781382701605	0.29	0.5328950295445225	0.10582758711610231	72.0	12.0	12.0	0.0	0.5001388888888888	-0.00916419894257291	0.6345939056596581	0.8916584875573438	1.8048711320065514
seed2	balanced	dyadic	2.0	building_equal	profile	300	199	0.15666666666666668	0.11990681678878562	0.2021080234520693	0.23249999999999998	0.5300131642242883	0.05413718068121676	72.0	12.0	12.0	0.0	0.5001388888888888	-0.00916419894257291	0.6345939056596581	0.8916584875573438	1.8048711320065514
seed2	balanced	dyadic	2.0	building_equal	mantel	300	199	0.28	0.23221902212795326	0.33334388521084696	0.14	0.5300131642242883	0.05413718068121676	72.0	12.0	12.0	0.0	0.5001388888888888	-0.00916419894257291	0.6345939056596581	0.8916584875573438	1.8048711320065514
seed2	balanced	dyadic	2.0	building_equal	nested_max	300	199	0.16666666666666666	0.1287653312036807	0.21299664961268325	0.1975	0.5300131642242883	0.05413718068121676	72.0	12.0	12.0	0.0	0.5001388888888888	-0.00916419894257291	0.6345939056596581	0.8916584875573438	1.8048711320065514
seed2	balanced	dyadic	2.0	building_equal	standardized_max	300	199	0.23	0.18597181807303015	0.28085538638822466	0.16	0.5300131642242883	0.05413718068121676	72.0	12.0	12.0	0.0	0.5001388888888888	-0.00916419894257291	0.6345939056596581	0.8916584875573438	1.8048711320065514
seed2	balanced	dyadic	2.0	building_equal	cv_retrained	300	199	0.14	0.10527132693072412	0.18383161235094903	0.26	0.5300131642242883	0.05413718068121676	72.0	12.0	12.0	0.0	0.5001388888888888	-0.00916419894257291	0.6345939056596581	0.8916584875573438	1.8048711320065514
seed2	balanced	dyadic	2.0	building_equal	cv_standardized	300	199	0.11	0.07940528531126051	0.15045623224388538	0.3	0.5597380425570715	0.18578831417895414	72.0	12.0	12.0	0.0	0.5001388888888888	-0.00916419894257291	0.6345939056596581	0.8916584875573438	1.8048711320065514
seed2	balanced	dyadic	2.0	sqrt_rooms	profile	300	199	0.15666666666666668	0.11990681678878562	0.2021080234520693	0.23249999999999998	0.5300131642242885	0.054137180681216764	72.0	12.0	12.0	0.0	0.5001388888888888	-0.00916419894257291	0.6345939056596581	0.8916584875573438	1.8048711320065514
seed2	balanced	dyadic	2.0	sqrt_rooms	mantel	300	199	0.28	0.23221902212795326	0.33334388521084696	0.14	0.5300131642242885	0.054137180681216764	72.0	12.0	12.0	0.0	0.5001388888888888	-0.00916419894257291	0.6345939056596581	0.8916584875573438	1.8048711320065514
seed2	balanced	dyadic	2.0	sqrt_rooms	nested_max	300	199	0.16666666666666666	0.1287653312036807	0.21299664961268325	0.1975	0.5300131642242885	0.054137180681216764	72.0	12.0	12.0	0.0	0.5001388888888888	-0.00916419894257291	0.6345939056596581	0.8916584875573438	1.8048711320065514
seed2	balanced	dyadic	2.0	sqrt_rooms	standardized_max	300	199	0.23	0.18597181807303015	0.28085538638822466	0.16	0.5300131642242885	0.054137180681216764	72.0	12.0	12.0	0.0	0.5001388888888888	-0.00916419894257291	0.6345939056596581	0.8916584875573438	1.8048711320065514
seed2	balanced	dyadic	2.0	sqrt_rooms	cv_retrained	300	199	0.14	0.10527132693072412	0.18383161235094903	0.26	0.5300131642242885	0.054137180681216764	72.0	12.0	12.0	0.0	0.5001388888888888	-0.00916419894257291	0.6345939056596581	0.8916584875573438	1.8048711320065514
seed2	balanced	dyadic	2.0	sqrt_rooms	cv_standardized	300	199	0.11	0.07940528531126051	0.15045623224388538	0.3	0.5597380425570716	0.18578831417895414	72.0	12.0	12.0	0.0	0.5001388888888888	-0.00916419894257291	0.6345939056596581	0.8916584875573438	1.8048711320065514
seed2	balanced	dyadic	2.0	room_equal	profile	300	199	0.15666666666666668	0.11990681678878562	0.2021080234520693	0.23249999999999998	0.5300131642242883	0.05413718068121676	72.0	12.0	12.0	0.0	0.5001388888888888	-0.00916419894257291	0.6345939056596581	0.8916584875573438	1.8048711320065514
seed2	balanced	dyadic	2.0	room_equal	mantel	300	199	0.28	0.23221902212795326	0.33334388521084696	0.14	0.5300131642242883	0.05413718068121676	72.0	12.0	12.0	0.0	0.5001388888888888	-0.00916419894257291	0.6345939056596581	0.8916584875573438	1.8048711320065514
seed2	balanced	dyadic	2.0	room_equal	nested_max	300	199	0.16666666666666666	0.1287653312036807	0.21299664961268325	0.1975	0.5300131642242883	0.05413718068121676	72.0	12.0	12.0	0.0	0.5001388888888888	-0.00916419894257291	0.6345939056596581	0.8916584875573438	1.8048711320065514
seed2	balanced	dyadic	2.0	room_equal	standardized_max	300	199	0.23	0.18597181807303015	0.28085538638822466	0.16	0.5300131642242883	0.05413718068121676	72.0	12.0	12.0	0.0	0.5001388888888888	-0.00916419894257291	0.6345939056596581	0.8916584875573438	1.8048711320065514
seed2	balanced	dyadic	2.0	room_equal	cv_retrained	300	199	0.14	0.10527132693072412	0.18383161235094903	0.26	0.5300131642242883	0.05413718068121676	72.0	12.0	12.0	0.0	0.5001388888888888	-0.00916419894257291	0.6345939056596581	0.8916584875573438	1.8048711320065514
seed2	balanced	dyadic	2.0	room_equal	cv_standardized	300	199	0.11	0.07940528531126051	0.15045623224388538	0.3	0.5597380425570715	0.18578831417895414	72.0	12.0	12.0	0.0	0.5001388888888888	-0.00916419894257291	0.6345939056596581	0.8916584875573438	1.8048711320065514
seed2	balanced	dyadic	4.0	building_equal	profile	300	199	0.15666666666666668	0.11990681678878562	0.2021080234520693	0.23249999999999998	0.5578246310832162	0.10344171027626768	72.0	12.0	12.0	0.0	0.5001388888888888	-0.00916419894257291	0.6345939056596581	0.8916584875573438	1.8048711320065514
seed2	balanced	dyadic	4.0	building_equal	mantel	300	199	0.28	0.23221902212795326	0.33334388521084696	0.14	0.5578246310832162	0.10344171027626768	72.0	12.0	12.0	0.0	0.5001388888888888	-0.00916419894257291	0.6345939056596581	0.8916584875573438	1.8048711320065514
seed2	balanced	dyadic	4.0	building_equal	nested_max	300	199	0.16666666666666666	0.1287653312036807	0.21299664961268325	0.1975	0.5578246310832162	0.10344171027626768	72.0	12.0	12.0	0.0	0.5001388888888888	-0.00916419894257291	0.6345939056596581	0.8916584875573438	1.8048711320065514
seed2	balanced	dyadic	4.0	building_equal	standardized_max	300	199	0.23	0.18597181807303015	0.28085538638822466	0.16	0.5578246310832162	0.10344171027626768	72.0	12.0	12.0	0.0	0.5001388888888888	-0.00916419894257291	0.6345939056596581	0.8916584875573438	1.8048711320065514
seed2	balanced	dyadic	4.0	building_equal	cv_retrained	300	199	0.16	0.1228535455840995	0.20574367484859174	0.26	0.5578246310832162	0.10344171027626768	72.0	12.0	12.0	0.0	0.5001388888888888	-0.00916419894257291	0.6345939056596581	0.8916584875573438	1.8048711320065514
seed2	balanced	dyadic	4.0	building_equal	cv_standardized	300	199	0.10333333333333333	0.07375658473854114	0.142940172432932	0.31	0.5932974271087976	0.27620671876665004	72.0	12.0	12.0	0.0	0.5001388888888888	-0.00916419894257291	0.6345939056596581	0.8916584875573438	1.8048711320065514
seed2	balanced	dyadic	4.0	sqrt_rooms	profile	300	199	0.15666666666666668	0.11990681678878562	0.2021080234520693	0.23249999999999998	0.5578246310832162	0.10344171027626771	72.0	12.0	12.0	0.0	0.5001388888888888	-0.00916419894257291	0.6345939056596581	0.8916584875573438	1.8048711320065514
seed2	balanced	dyadic	4.0	sqrt_rooms	mantel	300	199	0.28	0.23221902212795326	0.33334388521084696	0.14	0.5578246310832162	0.10344171027626771	72.0	12.0	12.0	0.0	0.5001388888888888	-0.00916419894257291	0.6345939056596581	0.8916584875573438	1.8048711320065514
seed2	balanced	dyadic	4.0	sqrt_rooms	nested_max	300	199	0.16666666666666666	0.1287653312036807	0.21299664961268325	0.1975	0.5578246310832162	0.10344171027626771	72.0	12.0	12.0	0.0	0.5001388888888888	-0.00916419894257291	0.6345939056596581	0.8916584875573438	1.8048711320065514
seed2	balanced	dyadic	4.0	sqrt_rooms	standardized_max	300	199	0.23	0.18597181807303015	0.28085538638822466	0.16	0.5578246310832162	0.10344171027626771	72.0	12.0	12.0	0.0	0.5001388888888888	-0.00916419894257291	0.6345939056596581	0.8916584875573438	1.8048711320065514
seed2	balanced	dyadic	4.0	sqrt_rooms	cv_retrained	300	199	0.16	0.1228535455840995	0.20574367484859174	0.26	0.5578246310832162	0.10344171027626771	72.0	12.0	12.0	0.0	0.5001388888888888	-0.00916419894257291	0.6345939056596581	0.8916584875573438	1.8048711320065514
seed2	balanced	dyadic	4.0	sqrt_rooms	cv_standardized	300	199	0.10333333333333333	0.07375658473854114	0.142940172432932	0.31	0.5932974271087977	0.2762067187666501	72.0	12.0	12.0	0.0	0.5001388888888888	-0.00916419894257291	0.6345939056596581	0.8916584875573438	1.8048711320065514
seed2	balanced	dyadic	4.0	room_equal	profile	300	199	0.15666666666666668	0.11990681678878562	0.2021080234520693	0.23249999999999998	0.5578246310832162	0.10344171027626768	72.0	12.0	12.0	0.0	0.5001388888888888	-0.00916419894257291	0.6345939056596581	0.8916584875573438	1.8048711320065514
seed2	balanced	dyadic	4.0	room_equal	mantel	300	199	0.28	0.23221902212795326	0.33334388521084696	0.14	0.5578246310832162	0.10344171027626768	72.0	12.0	12.0	0.0	0.5001388888888888	-0.00916419894257291	0.6345939056596581	0.8916584875573438	1.8048711320065514
seed2	balanced	dyadic	4.0	room_equal	nested_max	300	199	0.16666666666666666	0.1287653312036807	0.21299664961268325	0.1975	0.5578246310832162	0.10344171027626768	72.0	12.0	12.0	0.0	0.5001388888888888	-0.00916419894257291	0.6345939056596581	0.8916584875573438	1.8048711320065514
seed2	balanced	dyadic	4.0	room_equal	standardized_max	300	199	0.23	0.18597181807303015	0.28085538638822466	0.16	0.5578246310832162	0.10344171027626768	72.0	12.0	12.0	0.0	0.5001388888888888	-0.00916419894257291	0.6345939056596581	0.8916584875573438	1.8048711320065514
seed2	balanced	dyadic	4.0	room_equal	cv_retrained	300	199	0.16	0.1228535455840995	0.20574367484859174	0.26	0.5578246310832162	0.10344171027626768	72.0	12.0	12.0	0.0	0.5001388888888888	-0.00916419894257291	0.6345939056596581	0.8916584875573438	1.8048711320065514
seed2	balanced	dyadic	4.0	room_equal	cv_standardized	300	199	0.10333333333333333	0.07375658473854114	0.142940172432932	0.31	0.5932974271087976	0.27620671876665004	72.0	12.0	12.0	0.0	0.5001388888888888	-0.00916419894257291	0.6345939056596581	0.8916584875573438	1.8048711320065514
seed2	balanced	dyadic	8.0	building_equal	profile	300	199	0.15666666666666668	0.11990681678878562	0.2021080234520693	0.23249999999999998	0.6026788284935715	0.18018376932839805	72.0	12.0	12.0	0.0	0.5001388888888888	-0.00916419894257291	0.6345939056596581	0.8916584875573438	1.8048711320065514
seed2	balanced	dyadic	8.0	building_equal	mantel	300	199	0.28	0.23221902212795326	0.33334388521084696	0.14	0.6026788284935715	0.18018376932839805	72.0	12.0	12.0	0.0	0.5001388888888888	-0.00916419894257291	0.6345939056596581	0.8916584875573438	1.8048711320065514
seed2	balanced	dyadic	8.0	building_equal	nested_max	300	199	0.16666666666666666	0.1287653312036807	0.21299664961268325	0.1975	0.6026788284935715	0.18018376932839805	72.0	12.0	12.0	0.0	0.5001388888888888	-0.00916419894257291	0.6345939056596581	0.8916584875573438	1.8048711320065514
seed2	balanced	dyadic	8.0	building_equal	standardized_max	300	199	0.23	0.18597181807303015	0.28085538638822466	0.16	0.6026788284935715	0.18018376932839805	72.0	12.0	12.0	0.0	0.5001388888888888	-0.00916419894257291	0.6345939056596581	0.8916584875573438	1.8048711320065514
seed2	balanced	dyadic	8.0	building_equal	cv_retrained	300	199	0.15	0.11403246871185316	0.194817611145329	0.28	0.6026788284935715	0.18018376932839805	72.0	12.0	12.0	0.0	0.5001388888888888	-0.00916419894257291	0.6345939056596581	0.8916584875573438	1.8048711320065514
seed2	balanced	dyadic	8.0	building_equal	cv_standardized	300	199	0.09	0.06259022560547936	0.12777701079864834	0.315	0.6195118198048412	0.34092494958839903	72.0	12.0	12.0	0.0	0.5001388888888888	-0.00916419894257291	0.6345939056596581	0.8916584875573438	1.8048711320065514
seed2	balanced	dyadic	8.0	sqrt_rooms	profile	300	199	0.15666666666666668	0.11990681678878562	0.2021080234520693	0.23249999999999998	0.6026788284935716	0.1801837693283981	72.0	12.0	12.0	0.0	0.5001388888888888	-0.00916419894257291	0.6345939056596581	0.8916584875573438	1.8048711320065514
seed2	balanced	dyadic	8.0	sqrt_rooms	mantel	300	199	0.28	0.23221902212795326	0.33334388521084696	0.14	0.6026788284935716	0.1801837693283981	72.0	12.0	12.0	0.0	0.5001388888888888	-0.00916419894257291	0.6345939056596581	0.8916584875573438	1.8048711320065514
seed2	balanced	dyadic	8.0	sqrt_rooms	nested_max	300	199	0.16666666666666666	0.1287653312036807	0.21299664961268325	0.1975	0.6026788284935716	0.1801837693283981	72.0	12.0	12.0	0.0	0.5001388888888888	-0.00916419894257291	0.6345939056596581	0.8916584875573438	1.8048711320065514
seed2	balanced	dyadic	8.0	sqrt_rooms	standardized_max	300	199	0.23	0.18597181807303015	0.28085538638822466	0.16	0.6026788284935716	0.1801837693283981	72.0	12.0	12.0	0.0	0.5001388888888888	-0.00916419894257291	0.6345939056596581	0.8916584875573438	1.8048711320065514
seed2	balanced	dyadic	8.0	sqrt_rooms	cv_retrained	300	199	0.15	0.11403246871185316	0.194817611145329	0.28	0.6026788284935716	0.1801837693283981	72.0	12.0	12.0	0.0	0.5001388888888888	-0.00916419894257291	0.6345939056596581	0.8916584875573438	1.8048711320065514
seed2	balanced	dyadic	8.0	sqrt_rooms	cv_standardized	300	199	0.09	0.06259022560547936	0.12777701079864834	0.315	0.6195118198048414	0.3409249495883991	72.0	12.0	12.0	0.0	0.5001388888888888	-0.00916419894257291	0.6345939056596581	0.8916584875573438	1.8048711320065514
seed2	balanced	dyadic	8.0	room_equal	profile	300	199	0.15666666666666668	0.11990681678878562	0.2021080234520693	0.23249999999999998	0.6026788284935715	0.18018376932839805	72.0	12.0	12.0	0.0	0.5001388888888888	-0.00916419894257291	0.6345939056596581	0.8916584875573438	1.8048711320065514
seed2	balanced	dyadic	8.0	room_equal	mantel	300	199	0.28	0.23221902212795326	0.33334388521084696	0.14	0.6026788284935715	0.18018376932839805	72.0	12.0	12.0	0.0	0.5001388888888888	-0.00916419894257291	0.6345939056596581	0.8916584875573438	1.8048711320065514
seed2	balanced	dyadic	8.0	room_equal	nested_max	300	199	0.16666666666666666	0.1287653312036807	0.21299664961268325	0.1975	0.6026788284935715	0.18018376932839805	72.0	12.0	12.0	0.0	0.5001388888888888	-0.00916419894257291	0.6345939056596581	0.8916584875573438	1.8048711320065514
seed2	balanced	dyadic	8.0	room_equal	standardized_max	300	199	0.23	0.18597181807303015	0.28085538638822466	0.16	0.6026788284935715	0.18018376932839805	72.0	12.0	12.0	0.0	0.5001388888888888	-0.00916419894257291	0.6345939056596581	0.8916584875573438	1.8048711320065514
seed2	balanced	dyadic	8.0	room_equal	cv_retrained	300	199	0.15	0.11403246871185316	0.194817611145329	0.28	0.6026788284935715	0.18018376932839805	72.0	12.0	12.0	0.0	0.5001388888888888	-0.00916419894257291	0.6345939056596581	0.8916584875573438	1.8048711320065514
seed2	balanced	dyadic	8.0	room_equal	cv_standardized	300	199	0.09	0.06259022560547936	0.12777701079864834	0.315	0.6195118198048412	0.34092494958839903	72.0	12.0	12.0	0.0	0.5001388888888888	-0.00916419894257291	0.6345939056596581	0.8916584875573438	1.8048711320065514
seed2	balanced	dyadic	16.0	building_equal	profile	300	199	0.15666666666666668	0.11990681678878562	0.2021080234520693	0.23249999999999998	0.6543411607398567	0.2647605767310115	72.0	12.0	12.0	0.0	0.5001388888888888	-0.00916419894257291	0.6345939056596581	0.8916584875573438	1.8048711320065514
seed2	balanced	dyadic	16.0	building_equal	mantel	300	199	0.28	0.23221902212795326	0.33334388521084696	0.14	0.6543411607398567	0.2647605767310115	72.0	12.0	12.0	0.0	0.5001388888888888	-0.00916419894257291	0.6345939056596581	0.8916584875573438	1.8048711320065514
seed2	balanced	dyadic	16.0	building_equal	nested_max	300	199	0.16666666666666666	0.1287653312036807	0.21299664961268325	0.1975	0.6543411607398567	0.2647605767310115	72.0	12.0	12.0	0.0	0.5001388888888888	-0.00916419894257291	0.6345939056596581	0.8916584875573438	1.8048711320065514
seed2	balanced	dyadic	16.0	building_equal	standardized_max	300	199	0.23	0.18597181807303015	0.28085538638822466	0.16	0.6543411607398567	0.2647605767310115	72.0	12.0	12.0	0.0	0.5001388888888888	-0.00916419894257291	0.6345939056596581	0.8916584875573438	1.8048711320065514
seed2	balanced	dyadic	16.0	building_equal	cv_retrained	300	199	0.14666666666666667	0.11110518744033696	0.19116251222500888	0.295	0.6543411607398567	0.2647605767310115	72.0	12.0	12.0	0.0	0.5001388888888888	-0.00916419894257291	0.6345939056596581	0.8916584875573438	1.8048711320065514
seed2	balanced	dyadic	16.0	building_equal	cv_standardized	300	199	0.08666666666666667	0.05982889751804311	0.12395595869424827	0.3175	0.6331838826131971	0.3708634229676057	72.0	12.0	12.0	0.0	0.5001388888888888	-0.00916419894257291	0.6345939056596581	0.8916584875573438	1.8048711320065514
seed2	balanced	dyadic	16.0	sqrt_rooms	profile	300	199	0.15666666666666668	0.11990681678878562	0.2021080234520693	0.23249999999999998	0.6543411607398568	0.26476057673101155	72.0	12.0	12.0	0.0	0.5001388888888888	-0.00916419894257291	0.6345939056596581	0.8916584875573438	1.8048711320065514
seed2	balanced	dyadic	16.0	sqrt_rooms	mantel	300	199	0.28	0.23221902212795326	0.33334388521084696	0.14	0.6543411607398568	0.26476057673101155	72.0	12.0	12.0	0.0	0.5001388888888888	-0.00916419894257291	0.6345939056596581	0.8916584875573438	1.8048711320065514
seed2	balanced	dyadic	16.0	sqrt_rooms	nested_max	300	199	0.16666666666666666	0.1287653312036807	0.21299664961268325	0.1975	0.6543411607398568	0.26476057673101155	72.0	12.0	12.0	0.0	0.5001388888888888	-0.00916419894257291	0.6345939056596581	0.8916584875573438	1.8048711320065514
seed2	balanced	dyadic	16.0	sqrt_rooms	standardized_max	300	199	0.23	0.18597181807303015	0.28085538638822466	0.16	0.6543411607398568	0.26476057673101155	72.0	12.0	12.0	0.0	0.5001388888888888	-0.00916419894257291	0.6345939056596581	0.8916584875573438	1.8048711320065514
seed2	balanced	dyadic	16.0	sqrt_rooms	cv_retrained	300	199	0.14666666666666667	0.11110518744033696	0.19116251222500888	0.295	0.6543411607398568	0.26476057673101155	72.0	12.0	12.0	0.0	0.5001388888888888	-0.00916419894257291	0.6345939056596581	0.8916584875573438	1.8048711320065514
seed2	balanced	dyadic	16.0	sqrt_rooms	cv_standardized	300	199	0.08666666666666667	0.05982889751804311	0.12395595869424827	0.3175	0.6331838826131972	0.37086342296760577	72.0	12.0	12.0	0.0	0.5001388888888888	-0.00916419894257291	0.6345939056596581	0.8916584875573438	1.8048711320065514
seed2	balanced	dyadic	16.0	room_equal	profile	300	199	0.15666666666666668	0.11990681678878562	0.2021080234520693	0.23249999999999998	0.6543411607398567	0.26476057673101144	72.0	12.0	12.0	0.0	0.5001388888888888	-0.00916419894257291	0.6345939056596581	0.8916584875573438	1.8048711320065514
seed2	balanced	dyadic	16.0	room_equal	mantel	300	199	0.28	0.23221902212795326	0.33334388521084696	0.14	0.6543411607398567	0.26476057673101144	72.0	12.0	12.0	0.0	0.5001388888888888	-0.00916419894257291	0.6345939056596581	0.8916584875573438	1.8048711320065514
seed2	balanced	dyadic	16.0	room_equal	nested_max	300	199	0.16666666666666666	0.1287653312036807	0.21299664961268325	0.1975	0.6543411607398567	0.26476057673101144	72.0	12.0	12.0	0.0	0.5001388888888888	-0.00916419894257291	0.6345939056596581	0.8916584875573438	1.8048711320065514
seed2	balanced	dyadic	16.0	room_equal	standardized_max	300	199	0.23	0.18597181807303015	0.28085538638822466	0.16	0.6543411607398567	0.26476057673101144	72.0	12.0	12.0	0.0	0.5001388888888888	-0.00916419894257291	0.6345939056596581	0.8916584875573438	1.8048711320065514
seed2	balanced	dyadic	16.0	room_equal	cv_retrained	300	199	0.14666666666666667	0.11110518744033696	0.19116251222500888	0.295	0.6543411607398567	0.26476057673101144	72.0	12.0	12.0	0.0	0.5001388888888888	-0.00916419894257291	0.6345939056596581	0.8916584875573438	1.8048711320065514
seed2	balanced	dyadic	16.0	room_equal	cv_standardized	300	199	0.08666666666666667	0.05982889751804311	0.12395595869424827	0.3175	0.6331838826131971	0.3708634229676057	72.0	12.0	12.0	0.0	0.5001388888888888	-0.00916419894257291	0.6345939056596581	0.8916584875573438	1.8048711320065514
seed2	balanced	mixed_covariate	0.0	building_equal	profile	300	199	0.31666666666666665	0.26662835068573615	0.37134073876326396	0.115	0.4999999999999999	5.551115123125783e-17	72.0	12.0	12.0	0.0	0.49912037037037027	0.40874451663653644	0.42294948341081456	0.9002560687445004	1.8048711320065514
seed2	balanced	mixed_covariate	0.0	building_equal	mantel	300	199	0.3433333333333333	0.29188793516981404	0.398740195813877	0.09	0.4999999999999999	5.551115123125783e-17	72.0	12.0	12.0	0.0	0.49912037037037027	0.40874451663653644	0.42294948341081456	0.9002560687445004	1.8048711320065514
seed2	balanced	mixed_covariate	0.0	building_equal	nested_max	300	199	0.31666666666666665	0.26662835068573615	0.37134073876326396	0.11	0.4999999999999999	5.551115123125783e-17	72.0	12.0	12.0	0.0	0.49912037037037027	0.40874451663653644	0.42294948341081456	0.9002560687445004	1.8048711320065514
seed2	balanced	mixed_covariate	0.0	building_equal	standardized_max	300	199	0.3233333333333333	0.2729253960837475	0.37820845374892526	0.1	0.4999999999999999	5.551115123125783e-17	72.0	12.0	12.0	0.0	0.49912037037037027	0.40874451663653644	0.42294948341081456	0.9002560687445004	1.8048711320065514
seed2	balanced	mixed_covariate	0.0	building_equal	cv_retrained	300	199	0.38	0.3269187519503734	0.4361155611435176	0.095	0.4999999999999999	5.551115123125783e-17	72.0	12.0	12.0	0.0	0.49912037037037027	0.40874451663653644	0.42294948341081456	0.9002560687445004	1.8048711320065514
seed2	balanced	mixed_covariate	0.0	building_equal	cv_standardized	300	199	0.35333333333333333	0.30140830066923496	0.40896697088996514	0.0875	0.4999999999999999	5.551115123125783e-17	72.0	12.0	12.0	0.0	0.49912037037037027	0.40874451663653644	0.42294948341081456	0.9002560687445004	1.8048711320065514
seed2	balanced	mixed_covariate	0.0	sqrt_rooms	profile	300	199	0.31666666666666665	0.26662835068573615	0.37134073876326396	0.115	0.5000000000000001	0.0	72.0	12.0	12.0	0.0	0.49912037037037027	0.40874451663653644	0.42294948341081456	0.9002560687445004	1.8048711320065514
seed2	balanced	mixed_covariate	0.0	sqrt_rooms	mantel	300	199	0.3433333333333333	0.29188793516981404	0.398740195813877	0.09	0.5000000000000001	0.0	72.0	12.0	12.0	0.0	0.49912037037037027	0.40874451663653644	0.42294948341081456	0.9002560687445004	1.8048711320065514
seed2	balanced	mixed_covariate	0.0	sqrt_rooms	nested_max	300	199	0.31666666666666665	0.26662835068573615	0.37134073876326396	0.11	0.5000000000000001	0.0	72.0	12.0	12.0	0.0	0.49912037037037027	0.40874451663653644	0.42294948341081456	0.9002560687445004	1.8048711320065514
seed2	balanced	mixed_covariate	0.0	sqrt_rooms	standardized_max	300	199	0.3233333333333333	0.2729253960837475	0.37820845374892526	0.1	0.5000000000000001	0.0	72.0	12.0	12.0	0.0	0.49912037037037027	0.40874451663653644	0.42294948341081456	0.9002560687445004	1.8048711320065514
seed2	balanced	mixed_covariate	0.0	sqrt_rooms	cv_retrained	300	199	0.38	0.3269187519503734	0.4361155611435176	0.095	0.5000000000000001	0.0	72.0	12.0	12.0	0.0	0.49912037037037027	0.40874451663653644	0.42294948341081456	0.9002560687445004	1.8048711320065514
seed2	balanced	mixed_covariate	0.0	sqrt_rooms	cv_standardized	300	199	0.35333333333333333	0.30140830066923496	0.40896697088996514	0.0875	0.5000000000000001	0.0	72.0	12.0	12.0	0.0	0.49912037037037027	0.40874451663653644	0.42294948341081456	0.9002560687445004	1.8048711320065514
seed2	balanced	mixed_covariate	0.0	room_equal	profile	300	199	0.31666666666666665	0.26662835068573615	0.37134073876326396	0.115	0.4999999999999999	5.551115123125783e-17	72.0	12.0	12.0	0.0	0.49912037037037027	0.40874451663653644	0.42294948341081456	0.9002560687445004	1.8048711320065514
seed2	balanced	mixed_covariate	0.0	room_equal	mantel	300	199	0.3433333333333333	0.29188793516981404	0.398740195813877	0.09	0.4999999999999999	5.551115123125783e-17	72.0	12.0	12.0	0.0	0.49912037037037027	0.40874451663653644	0.42294948341081456	0.9002560687445004	1.8048711320065514
seed2	balanced	mixed_covariate	0.0	room_equal	nested_max	300	199	0.31666666666666665	0.26662835068573615	0.37134073876326396	0.11	0.4999999999999999	5.551115123125783e-17	72.0	12.0	12.0	0.0	0.49912037037037027	0.40874451663653644	0.42294948341081456	0.9002560687445004	1.8048711320065514
seed2	balanced	mixed_covariate	0.0	room_equal	standardized_max	300	199	0.3233333333333333	0.2729253960837475	0.37820845374892526	0.1	0.4999999999999999	5.551115123125783e-17	72.0	12.0	12.0	0.0	0.49912037037037027	0.40874451663653644	0.42294948341081456	0.9002560687445004	1.8048711320065514
seed2	balanced	mixed_covariate	0.0	room_equal	cv_retrained	300	199	0.38	0.3269187519503734	0.4361155611435176	0.095	0.4999999999999999	5.551115123125783e-17	72.0	12.0	12.0	0.0	0.49912037037037027	0.40874451663653644	0.42294948341081456	0.9002560687445004	1.8048711320065514
seed2	balanced	mixed_covariate	0.0	room_equal	cv_standardized	300	199	0.35333333333333333	0.30140830066923496	0.40896697088996514	0.0875	0.4999999999999999	5.551115123125783e-17	72.0	12.0	12.0	0.0	0.49912037037037027	0.40874451663653644	0.42294948341081456	0.9002560687445004	1.8048711320065514
seed2	balanced	mixed_covariate	0.1	building_equal	profile	300	199	0.31666666666666665	0.26662835068573615	0.37134073876326396	0.115	0.501571226803501	0.003161032977042532	72.0	12.0	12.0	0.0	0.49912037037037027	0.40874451663653644	0.42294948341081456	0.9002560687445004	1.8048711320065514
seed2	balanced	mixed_covariate	0.1	building_equal	mantel	300	199	0.3433333333333333	0.29188793516981404	0.398740195813877	0.09	0.501571226803501	0.003161032977042532	72.0	12.0	12.0	0.0	0.49912037037037027	0.40874451663653644	0.42294948341081456	0.9002560687445004	1.8048711320065514
seed2	balanced	mixed_covariate	0.1	building_equal	nested_max	300	199	0.31666666666666665	0.26662835068573615	0.37134073876326396	0.11	0.501571226803501	0.003161032977042532	72.0	12.0	12.0	0.0	0.49912037037037027	0.40874451663653644	0.42294948341081456	0.9002560687445004	1.8048711320065514
seed2	balanced	mixed_covariate	0.1	building_equal	standardized_max	300	199	0.3233333333333333	0.2729253960837475	0.37820845374892526	0.1	0.501571226803501	0.003161032977042532	72.0	12.0	12.0	0.0	0.49912037037037027	0.40874451663653644	0.42294948341081456	0.9002560687445004	1.8048711320065514
seed2	balanced	mixed_covariate	0.1	building_equal	cv_retrained	300	199	0.37666666666666665	0.3237203650702255	0.4327315678318291	0.095	0.501571226803501	0.003161032977042532	72.0	12.0	12.0	0.0	0.49912037037037027	0.40874451663653644	0.42294948341081456	0.9002560687445004	1.8048711320065514
seed2	balanced	mixed_covariate	0.1	building_equal	cv_standardized	300	199	0.35333333333333333	0.30140830066923496	0.40896697088996514	0.0875	0.5004535555094805	0.012623874557147911	72.0	12.0	12.0	0.0	0.49912037037037027	0.40874451663653644	0.42294948341081456	0.9002560687445004	1.8048711320065514
seed2	balanced	mixed_covariate	0.1	sqrt_rooms	profile	300	199	0.31666666666666665	0.26662835068573615	0.37134073876326396	0.115	0.5015712268035011	0.0031610329770425387	72.0	12.0	12.0	0.0	0.49912037037037027	0.40874451663653644	0.42294948341081456	0.9002560687445004	1.8048711320065514
seed2	balanced	mixed_covariate	0.1	sqrt_rooms	mantel	300	199	0.3433333333333333	0.29188793516981404	0.398740195813877	0.09	0.5015712268035011	0.0031610329770425387	72.0	12.0	12.0	0.0	0.49912037037037027	0.40874451663653644	0.42294948341081456	0.9002560687445004	1.8048711320065514
seed2	balanced	mixed_covariate	0.1	sqrt_rooms	nested_max	300	199	0.31666666666666665	0.26662835068573615	0.37134073876326396	0.11	0.5015712268035011	0.0031610329770425387	72.0	12.0	12.0	0.0	0.49912037037037027	0.40874451663653644	0.42294948341081456	0.9002560687445004	1.8048711320065514
seed2	balanced	mixed_covariate	0.1	sqrt_rooms	standardized_max	300	199	0.3233333333333333	0.2729253960837475	0.37820845374892526	0.1	0.5015712268035011	0.0031610329770425387	72.0	12.0	12.0	0.0	0.49912037037037027	0.40874451663653644	0.42294948341081456	0.9002560687445004	1.8048711320065514
seed2	balanced	mixed_covariate	0.1	sqrt_rooms	cv_retrained	300	199	0.37666666666666665	0.3237203650702255	0.4327315678318291	0.095	0.5015712268035011	0.0031610329770425387	72.0	12.0	12.0	0.0	0.49912037037037027	0.40874451663653644	0.42294948341081456	0.9002560687445004	1.8048711320065514
seed2	balanced	mixed_covariate	0.1	sqrt_rooms	cv_standardized	300	199	0.35333333333333333	0.30140830066923496	0.40896697088996514	0.0875	0.5004535555094807	0.012623874557147915	72.0	12.0	12.0	0.0	0.49912037037037027	0.40874451663653644	0.42294948341081456	0.9002560687445004	1.8048711320065514
seed2	balanced	mixed_covariate	0.1	room_equal	profile	300	199	0.31666666666666665	0.26662835068573615	0.37134073876326396	0.115	0.501571226803501	0.003161032977042532	72.0	12.0	12.0	0.0	0.49912037037037027	0.40874451663653644	0.42294948341081456	0.9002560687445004	1.8048711320065514
seed2	balanced	mixed_covariate	0.1	room_equal	mantel	300	199	0.3433333333333333	0.29188793516981404	0.398740195813877	0.09	0.501571226803501	0.003161032977042532	72.0	12.0	12.0	0.0	0.49912037037037027	0.40874451663653644	0.42294948341081456	0.9002560687445004	1.8048711320065514
seed2	balanced	mixed_covariate	0.1	room_equal	nested_max	300	199	0.31666666666666665	0.26662835068573615	0.37134073876326396	0.11	0.501571226803501	0.003161032977042532	72.0	12.0	12.0	0.0	0.49912037037037027	0.40874451663653644	0.42294948341081456	0.9002560687445004	1.8048711320065514
seed2	balanced	mixed_covariate	0.1	room_equal	standardized_max	300	199	0.3233333333333333	0.2729253960837475	0.37820845374892526	0.1	0.501571226803501	0.003161032977042532	72.0	12.0	12.0	0.0	0.49912037037037027	0.40874451663653644	0.42294948341081456	0.9002560687445004	1.8048711320065514
seed2	balanced	mixed_covariate	0.1	room_equal	cv_retrained	300	199	0.37666666666666665	0.3237203650702255	0.4327315678318291	0.095	0.501571226803501	0.003161032977042532	72.0	12.0	12.0	0.0	0.49912037037037027	0.40874451663653644	0.42294948341081456	0.9002560687445004	1.8048711320065514
seed2	balanced	mixed_covariate	0.1	room_equal	cv_standardized	300	199	0.35333333333333333	0.30140830066923496	0.40896697088996514	0.0875	0.5004535555094805	0.012623874557147913	72.0	12.0	12.0	0.0	0.49912037037037027	0.40874451663653644	0.42294948341081456	0.9002560687445004	1.8048711320065514
seed2	balanced	mixed_covariate	0.25	building_equal	profile	300	199	0.31666666666666665	0.26662835068573615	0.37134073876326396	0.115	0.503927291344949	0.007900455404331633	72.0	12.0	12.0	0.0	0.49912037037037027	0.40874451663653644	0.42294948341081456	0.9002560687445004	1.8048711320065514
seed2	balanced	mixed_covariate	0.25	building_equal	mantel	300	199	0.3433333333333333	0.29188793516981404	0.398740195813877	0.09	0.503927291344949	0.007900455404331633	72.0	12.0	12.0	0.0	0.49912037037037027	0.40874451663653644	0.42294948341081456	0.9002560687445004	1.8048711320065514
seed2	balanced	mixed_covariate	0.25	building_equal	nested_max	300	199	0.31666666666666665	0.26662835068573615	0.37134073876326396	0.11	0.503927291344949	0.007900455404331633	72.0	12.0	12.0	0.0	0.49912037037037027	0.40874451663653644	0.42294948341081456	0.9002560687445004	1.8048711320065514
seed2	balanced	mixed_covariate	0.25	building_equal	standardized_max	300	199	0.3233333333333333	0.2729253960837475	0.37820845374892526	0.1	0.503927291344949	0.007900455404331633	72.0	12.0	12.0	0.0	0.49912037037037027	0.40874451663653644	0.42294948341081456	0.9002560687445004	1.8048711320065514
seed2	balanced	mixed_covariate	0.25	building_equal	cv_retrained	300	199	0.37666666666666665	0.3237203650702255	0.4327315678318291	0.095	0.503927291344949	0.007900455404331633	72.0	12.0	12.0	0.0	0.49912037037037027	0.40874451663653644	0.42294948341081456	0.9002560687445004	1.8048711320065514
seed2	balanced	mixed_covariate	0.25	building_equal	cv_standardized	300	199	0.35	0.29823200252235404	0.4055608888450096	0.085	0.5011465865597525	0.03143619628930216	72.0	12.0	12.0	0.0	0.49912037037037027	0.40874451663653644	0.42294948341081456	0.9002560687445004	1.8048711320065514
seed2	balanced	mixed_covariate	0.25	sqrt_rooms	profile	300	199	0.31666666666666665	0.26662835068573615	0.37134073876326396	0.115	0.5039272913449491	0.007900455404331642	72.0	12.0	12.0	0.0	0.49912037037037027	0.40874451663653644	0.42294948341081456	0.9002560687445004	1.8048711320065514
seed2	balanced	mixed_covariate	0.25	sqrt_rooms	mantel	300	199	0.3433333333333333	0.29188793516981404	0.398740195813877	0.09	0.5039272913449491	0.007900455404331642	72.0	12.0	12.0	0.0	0.49912037037037027	0.40874451663653644	0.42294948341081456	0.9002560687445004	1.8048711320065514
seed2	balanced	mixed_covariate	0.25	sqrt_rooms	nested_max	300	199	0.31666666666666665	0.26662835068573615	0.37134073876326396	0.11	0.5039272913449491	0.007900455404331642	72.0	12.0	12.0	0.0	0.49912037037037027	0.40874451663653644	0.42294948341081456	0.9002560687445004	1.8048711320065514
seed2	balanced	mixed_covariate	0.25	sqrt_rooms	standardized_max	300	199	0.3233333333333333	0.2729253960837475	0.37820845374892526	0.1	0.5039272913449491	0.007900455404331642	72.0	12.0	12.0	0.0	0.49912037037037027	0.40874451663653644	0.42294948341081456	0.9002560687445004	1.8048711320065514
seed2	balanced	mixed_covariate	0.25	sqrt_rooms	cv_retrained	300	199	0.37666666666666665	0.3237203650702255	0.4327315678318291	0.095	0.5039272913449491	0.007900455404331642	72.0	12.0	12.0	0.0	0.49912037037037027	0.40874451663653644	0.42294948341081456	0.9002560687445004	1.8048711320065514
seed2	balanced	mixed_covariate	0.25	sqrt_rooms	cv_standardized	300	199	0.35	0.29823200252235404	0.4055608888450096	0.085	0.5011465865597527	0.031436196289302165	72.0	12.0	12.0	0.0	0.49912037037037027	0.40874451663653644	0.42294948341081456	0.9002560687445004	1.8048711320065514
seed2	balanced	mixed_covariate	0.25	room_equal	profile	300	199	0.31666666666666665	0.26662835068573615	0.37134073876326396	0.115	0.503927291344949	0.007900455404331635	72.0	12.0	12.0	0.0	0.49912037037037027	0.40874451663653644	0.42294948341081456	0.9002560687445004	1.8048711320065514
seed2	balanced	mixed_covariate	0.25	room_equal	mantel	300	199	0.3433333333333333	0.29188793516981404	0.398740195813877	0.09	0.503927291344949	0.007900455404331635	72.0	12.0	12.0	0.0	0.49912037037037027	0.40874451663653644	0.42294948341081456	0.9002560687445004	1.8048711320065514
seed2	balanced	mixed_covariate	0.25	room_equal	nested_max	300	199	0.31666666666666665	0.26662835068573615	0.37134073876326396	0.11	0.503927291344949	0.007900455404331635	72.0	12.0	12.0	0.0	0.49912037037037027	0.40874451663653644	0.42294948341081456	0.9002560687445004	1.8048711320065514
seed2	balanced	mixed_covariate	0.25	room_equal	standardized_max	300	199	0.3233333333333333	0.2729253960837475	0.37820845374892526	0.1	0.503927291344949	0.007900455404331635	72.0	12.0	12.0	0.0	0.49912037037037027	0.40874451663653644	0.42294948341081456	0.9002560687445004	1.8048711320065514
seed2	balanced	mixed_covariate	0.25	room_equal	cv_retrained	300	199	0.37666666666666665	0.3237203650702255	0.4327315678318291	0.095	0.503927291344949	0.007900455404331635	72.0	12.0	12.0	0.0	0.49912037037037027	0.40874451663653644	0.42294948341081456	0.9002560687445004	1.8048711320065514
seed2	balanced	mixed_covariate	0.25	room_equal	cv_standardized	300	199	0.35	0.29823200252235404	0.4055608888450096	0.085	0.5011465865597525	0.03143619628930216	72.0	12.0	12.0	0.0	0.49912037037037027	0.40874451663653644	0.42294948341081456	0.9002560687445004	1.8048711320065514
seed2	balanced	mixed_covariate	0.5	building_equal	profile	300	199	0.31666666666666665	0.26662835068573615	0.37134073876326396	0.115	0.5078490512017549	0.015785752550426607	72.0	12.0	12.0	0.0	0.49912037037037027	0.40874451663653644	0.42294948341081456	0.9002560687445004	1.8048711320065514
seed2	balanced	mixed_covariate	0.5	building_equal	mantel	300	199	0.3433333333333333	0.29188793516981404	0.398740195813877	0.09	0.5078490512017549	0.015785752550426607	72.0	12.0	12.0	0.0	0.49912037037037027	0.40874451663653644	0.42294948341081456	0.9002560687445004	1.8048711320065514
seed2	balanced	mixed_covariate	0.5	building_equal	nested_max	300	199	0.31666666666666665	0.26662835068573615	0.37134073876326396	0.11	0.5078490512017549	0.015785752550426607	72.0	12.0	12.0	0.0	0.49912037037037027	0.40874451663653644	0.42294948341081456	0.9002560687445004	1.8048711320065514
seed2	balanced	mixed_covariate	0.5	building_equal	standardized_max	300	199	0.3233333333333333	0.2729253960837475	0.37820845374892526	0.1	0.5078490512017549	0.015785752550426607	72.0	12.0	12.0	0.0	0.49912037037037027	0.40874451663653644	0.42294948341081456	0.9002560687445004	1.8048711320065514
seed2	balanced	mixed_covariate	0.5	building_equal	cv_retrained	300	199	0.37	0.317331727809741	0.42595544470864083	0.095	0.5078490512017549	0.015785752550426607	72.0	12.0	12.0	0.0	0.49912037037037027	0.40874451663653644	0.42294948341081456	0.9002560687445004	1.8048711320065514
seed2	balanced	mixed_covariate	0.5	building_equal	cv_standardized	300	199	0.36	0.30776933517318583	0.4157706967696869	0.09	0.5023774051141029	0.062025896863423774	72.0	12.0	12.0	0.0	0.49912037037037027	0.40874451663653644	0.42294948341081456	0.9002560687445004	1.8048711320065514
seed2	balanced	mixed_covariate	0.5	sqrt_rooms	profile	300	199	0.31666666666666665	0.26662835068573615	0.37134073876326396	0.115	0.507849051201755	0.01578575255042661	72.0	12.0	12.0	0.0	0.49912037037037027	0.40874451663653644	0.42294948341081456	0.9002560687445004	1.8048711320065514
seed2	balanced	mixed_covariate	0.5	sqrt_rooms	mantel	300	199	0.3433333333333333	0.29188793516981404	0.398740195813877	0.09	0.507849051201755	0.01578575255042661	72.0	12.0	12.0	0.0	0.49912037037037027	0.40874451663653644	0.42294948341081456	0.9002560687445004	1.8048711320065514
seed2	balanced	mixed_covariate	0.5	sqrt_rooms	nested_max	300	199	0.31666666666666665	0.26662835068573615	0.37134073876326396	0.11	0.507849051201755	0.01578575255042661	72.0	12.0	12.0	0.0	0.49912037037037027	0.40874451663653644	0.42294948341081456	0.9002560687445004	1.8048711320065514
seed2	balanced	mixed_covariate	0.5	sqrt_rooms	standardized_max	300	199	0.3233333333333333	0.2729253960837475	0.37820845374892526	0.1	0.507849051201755	0.01578575255042661	72.0	12.0	12.0	0.0	0.49912037037037027	0.40874451663653644	0.42294948341081456	0.9002560687445004	1.8048711320065514
seed2	balanced	mixed_covariate	0.5	sqrt_rooms	cv_retrained	300	199	0.37	0.317331727809741	0.42595544470864083	0.095	0.507849051201755	0.01578575255042661	72.0	12.0	12.0	0.0	0.49912037037037027	0.40874451663653644	0.42294948341081456	0.9002560687445004	1.8048711320065514
seed2	balanced	mixed_covariate	0.5	sqrt_rooms	cv_standardized	300	199	0.36	0.30776933517318583	0.4157706967696869	0.09	0.5023774051141029	0.06202589686342378	72.0	12.0	12.0	0.0	0.49912037037037027	0.40874451663653644	0.42294948341081456	0.9002560687445004	1.8048711320065514
seed2	balanced	mixed_covariate	0.5	room_equal	profile	300	199	0.31666666666666665	0.26662835068573615	0.37134073876326396	0.115	0.5078490512017549	0.015785752550426607	72.0	12.0	12.0	0.0	0.49912037037037027	0.40874451663653644	0.42294948341081456	0.9002560687445004	1.8048711320065514
seed2	balanced	mixed_covariate	0.5	room_equal	mantel	300	199	0.3433333333333333	0.29188793516981404	0.398740195813877	0.09	0.5078490512017549	0.015785752550426607	72.0	12.0	12.0	0.0	0.49912037037037027	0.40874451663653644	0.42294948341081456	0.9002560687445004	1.8048711320065514
seed2	balanced	mixed_covariate	0.5	room_equal	nested_max	300	199	0.31666666666666665	0.26662835068573615	0.37134073876326396	0.11	0.5078490512017549	0.015785752550426607	72.0	12.0	12.0	0.0	0.49912037037037027	0.40874451663653644	0.42294948341081456	0.9002560687445004	1.8048711320065514
seed2	balanced	mixed_covariate	0.5	room_equal	standardized_max	300	199	0.3233333333333333	0.2729253960837475	0.37820845374892526	0.1	0.5078490512017549	0.015785752550426607	72.0	12.0	12.0	0.0	0.49912037037037027	0.40874451663653644	0.42294948341081456	0.9002560687445004	1.8048711320065514
seed2	balanced	mixed_covariate	0.5	room_equal	cv_retrained	300	199	0.37	0.317331727809741	0.42595544470864083	0.095	0.5078490512017549	0.015785752550426607	72.0	12.0	12.0	0.0	0.49912037037037027	0.40874451663653644	0.42294948341081456	0.9002560687445004	1.8048711320065514
seed2	balanced	mixed_covariate	0.5	room_equal	cv_standardized	300	199	0.36	0.30776933517318583	0.4157706967696869	0.09	0.5023774051141029	0.062025896863423774	72.0	12.0	12.0	0.0	0.49912037037037027	0.40874451663653644	0.42294948341081456	0.9002560687445004	1.8048711320065514
seed2	balanced	mixed_covariate	1.0	building_equal	profile	300	199	0.31666666666666665	0.26662835068573615	0.37134073876326396	0.115	0.5156541284001868	0.03145131624961123	72.0	12.0	12.0	0.0	0.49912037037037027	0.40874451663653644	0.42294948341081456	0.9002560687445004	1.8048711320065514
seed2	balanced	mixed_covariate	1.0	building_equal	mantel	300	199	0.3433333333333333	0.29188793516981404	0.398740195813877	0.09	0.5156541284001868	0.03145131624961123	72.0	12.0	12.0	0.0	0.49912037037037027	0.40874451663653644	0.42294948341081456	0.9002560687445004	1.8048711320065514
seed2	balanced	mixed_covariate	1.0	building_equal	nested_max	300	199	0.31666666666666665	0.26662835068573615	0.37134073876326396	0.11	0.5156541284001868	0.03145131624961123	72.0	12.0	12.0	0.0	0.49912037037037027	0.40874451663653644	0.42294948341081456	0.9002560687445004	1.8048711320065514
seed2	balanced	mixed_covariate	1.0	building_equal	standardized_max	300	199	0.3233333333333333	0.2729253960837475	0.37820845374892526	0.1	0.5156541284001868	0.03145131624961123	72.0	12.0	12.0	0.0	0.49912037037037027	0.40874451663653644	0.42294948341081456	0.9002560687445004	1.8048711320065514
seed2	balanced	mixed_covariate	1.0	building_equal	cv_retrained	300	199	0.3566666666666667	0.30458741740255907	0.41237023434847747	0.0975	0.5156541284001868	0.03145131624961123	72.0	12.0	12.0	0.0	0.49912037037037027	0.40874451663653644	0.42294948341081456	0.9002560687445004	1.8048711320065514
seed2	balanced	mixed_covariate	1.0	building_equal	cv_standardized	300	199	0.35333333333333333	0.30140830066923496	0.40896697088996514	0.1	0.5052701473224384	0.11817609305798986	72.0	12.0	12.0	0.0	0.49912037037037027	0.40874451663653644	0.42294948341081456	0.9002560687445004	1.8048711320065514
seed2	balanced	mixed_covariate	1.0	sqrt_rooms	profile	300	199	0.31666666666666665	0.26662835068573615	0.37134073876326396	0.115	0.5156541284001869	0.03145131624961124	72.0	12.0	12.0	0.0	0.49912037037037027	0.40874451663653644	0.42294948341081456	0.9002560687445004	1.8048711320065514
seed2	balanced	mixed_covariate	1.0	sqrt_rooms	mantel	300	199	0.3433333333333333	0.29188793516981404	0.398740195813877	0.09	0.5156541284001869	0.03145131624961124	72.0	12.0	12.0	0.0	0.49912037037037027	0.40874451663653644	0.42294948341081456	0.9002560687445004	1.8048711320065514
seed2	balanced	mixed_covariate	1.0	sqrt_rooms	nested_max	300	199	0.31666666666666665	0.26662835068573615	0.37134073876326396	0.11	0.5156541284001869	0.03145131624961124	72.0	12.0	12.0	0.0	0.49912037037037027	0.40874451663653644	0.42294948341081456	0.9002560687445004	1.8048711320065514
seed2	balanced	mixed_covariate	1.0	sqrt_rooms	standardized_max	300	199	0.3233333333333333	0.2729253960837475	0.37820845374892526	0.1	0.5156541284001869	0.03145131624961124	72.0	12.0	12.0	0.0	0.49912037037037027	0.40874451663653644	0.42294948341081456	0.9002560687445004	1.8048711320065514
seed2	balanced	mixed_covariate	1.0	sqrt_rooms	cv_retrained	300	199	0.3566666666666667	0.30458741740255907	0.41237023434847747	0.0975	0.5156541284001869	0.03145131624961124	72.0	12.0	12.0	0.0	0.49912037037037027	0.40874451663653644	0.42294948341081456	0.9002560687445004	1.8048711320065514
seed2	balanced	mixed_covariate	1.0	sqrt_rooms	cv_standardized	300	199	0.35333333333333333	0.30140830066923496	0.40896697088996514	0.1	0.5052701473224386	0.11817609305798989	72.0	12.0	12.0	0.0	0.49912037037037027	0.40874451663653644	0.42294948341081456	0.9002560687445004	1.8048711320065514
seed2	balanced	mixed_covariate	1.0	room_equal	profile	300	199	0.31666666666666665	0.26662835068573615	0.37134073876326396	0.115	0.5156541284001868	0.031451316249611234	72.0	12.0	12.0	0.0	0.49912037037037027	0.40874451663653644	0.42294948341081456	0.9002560687445004	1.8048711320065514
seed2	balanced	mixed_covariate	1.0	room_equal	mantel	300	199	0.3433333333333333	0.29188793516981404	0.398740195813877	0.09	0.5156541284001868	0.031451316249611234	72.0	12.0	12.0	0.0	0.49912037037037027	0.40874451663653644	0.42294948341081456	0.9002560687445004	1.8048711320065514
seed2	balanced	mixed_covariate	1.0	room_equal	nested_max	300	199	0.31666666666666665	0.26662835068573615	0.37134073876326396	0.11	0.5156541284001868	0.031451316249611234	72.0	12.0	12.0	0.0	0.49912037037037027	0.40874451663653644	0.42294948341081456	0.9002560687445004	1.8048711320065514
seed2	balanced	mixed_covariate	1.0	room_equal	standardized_max	300	199	0.3233333333333333	0.2729253960837475	0.37820845374892526	0.1	0.5156541284001868	0.031451316249611234	72.0	12.0	12.0	0.0	0.49912037037037027	0.40874451663653644	0.42294948341081456	0.9002560687445004	1.8048711320065514
seed2	balanced	mixed_covariate	1.0	room_equal	cv_retrained	300	199	0.3566666666666667	0.30458741740255907	0.41237023434847747	0.0975	0.5156541284001868	0.031451316249611234	72.0	12.0	12.0	0.0	0.49912037037037027	0.40874451663653644	0.42294948341081456	0.9002560687445004	1.8048711320065514
seed2	balanced	mixed_covariate	1.0	room_equal	cv_standardized	300	199	0.35333333333333333	0.30140830066923496	0.40896697088996514	0.1	0.5052701473224384	0.11817609305798984	72.0	12.0	12.0	0.0	0.49912037037037027	0.40874451663653644	0.42294948341081456	0.9002560687445004	1.8048711320065514
seed2	balanced	mixed_covariate	2.0	building_equal	profile	300	199	0.31666666666666665	0.26662835068573615	0.37134073876326396	0.115	0.5309650713793002	0.06197407516192294	72.0	12.0	12.0	0.0	0.49912037037037027	0.40874451663653644	0.42294948341081456	0.9002560687445004	1.8048711320065514
seed2	balanced	mixed_covariate	2.0	building_equal	mantel	300	199	0.3433333333333333	0.29188793516981404	0.398740195813877	0.09	0.5309650713793002	0.06197407516192294	72.0	12.0	12.0	0.0	0.49912037037037027	0.40874451663653644	0.42294948341081456	0.9002560687445004	1.8048711320065514
seed2	balanced	mixed_covariate	2.0	building_equal	nested_max	300	199	0.31666666666666665	0.26662835068573615	0.37134073876326396	0.11	0.5309650713793002	0.06197407516192294	72.0	12.0	12.0	0.0	0.49912037037037027	0.40874451663653644	0.42294948341081456	0.9002560687445004	1.8048711320065514
seed2	balanced	mixed_covariate	2.0	building_equal	standardized_max	300	199	0.3233333333333333	0.2729253960837475	0.37820845374892526	0.1	0.5309650713793002	0.06197407516192294	72.0	12.0	12.0	0.0	0.49912037037037027	0.40874451663653644	0.42294948341081456	0.9002560687445004	1.8048711320065514
seed2	balanced	mixed_covariate	2.0	building_equal	cv_retrained	300	199	0.3566666666666667	0.30458741740255907	0.41237023434847747	0.105	0.5309650713793002	0.06197407516192294	72.0	12.0	12.0	0.0	0.49912037037037027	0.40874451663653644	0.42294948341081456	0.9002560687445004	1.8048711320065514
seed2	balanced	mixed_covariate	2.0	building_equal	cv_standardized	300	199	0.3333333333333333	0.2823934472922627	0.38848754311591926	0.1125	0.5122162073074468	0.20498344146386469	72.0	12.0	12.0	0.0	0.49912037037037027	0.40874451663653644	0.42294948341081456	0.9002560687445004	1.8048711320065514
seed2	balanced	mixed_covariate	2.0	sqrt_rooms	profile	300	199	0.31666666666666665	0.26662835068573615	0.37134073876326396	0.115	0.5309650713793002	0.061974075161922944	72.0	12.0	12.0	0.0	0.49912037037037027	0.40874451663653644	0.42294948341081456	0.9002560687445004	1.8048711320065514
seed2	balanced	mixed_covariate	2.0	sqrt_rooms	mantel	300	199	0.3433333333333333	0.29188793516981404	0.398740195813877	0.09	0.5309650713793002	0.061974075161922944	72.0	12.0	12.0	0.0	0.49912037037037027	0.40874451663653644	0.42294948341081456	0.9002560687445004	1.8048711320065514
seed2	balanced	mixed_covariate	2.0	sqrt_rooms	nested_max	300	199	0.31666666666666665	0.26662835068573615	0.37134073876326396	0.11	0.5309650713793002	0.061974075161922944	72.0	12.0	12.0	0.0	0.49912037037037027	0.40874451663653644	0.42294948341081456	0.9002560687445004	1.8048711320065514
seed2	balanced	mixed_covariate	2.0	sqrt_rooms	standardized_max	300	199	0.3233333333333333	0.2729253960837475	0.37820845374892526	0.1	0.5309650713793002	0.061974075161922944	72.0	12.0	12.0	0.0	0.49912037037037027	0.40874451663653644	0.42294948341081456	0.9002560687445004	1.8048711320065514
seed2	balanced	mixed_covariate	2.0	sqrt_rooms	cv_retrained	300	199	0.3566666666666667	0.30458741740255907	0.41237023434847747	0.105	0.5309650713793002	0.061974075161922944	72.0	12.0	12.0	0.0	0.49912037037037027	0.40874451663653644	0.42294948341081456	0.9002560687445004	1.8048711320065514
seed2	balanced	mixed_covariate	2.0	sqrt_rooms	cv_standardized	300	199	0.3333333333333333	0.2823934472922627	0.38848754311591926	0.1125	0.5122162073074469	0.20498344146386474	72.0	12.0	12.0	0.0	0.49912037037037027	0.40874451663653644	0.42294948341081456	0.9002560687445004	1.8048711320065514
seed2	balanced	mixed_covariate	2.0	room_equal	profile	300	199	0.31666666666666665	0.26662835068573615	0.37134073876326396	0.115	0.5309650713793	0.06197407516192293	72.0	12.0	12.0	0.0	0.49912037037037027	0.40874451663653644	0.42294948341081456	0.9002560687445004	1.8048711320065514
seed2	balanced	mixed_covariate	2.0	room_equal	mantel	300	199	0.3433333333333333	0.29188793516981404	0.398740195813877	0.09	0.5309650713793	0.06197407516192293	72.0	12.0	12.0	0.0	0.49912037037037027	0.40874451663653644	0.42294948341081456	0.9002560687445004	1.8048711320065514
seed2	balanced	mixed_covariate	2.0	room_equal	nested_max	300	199	0.31666666666666665	0.26662835068573615	0.37134073876326396	0.11	0.5309650713793	0.06197407516192293	72.0	12.0	12.0	0.0	0.49912037037037027	0.40874451663653644	0.42294948341081456	0.9002560687445004	1.8048711320065514
seed2	balanced	mixed_covariate	2.0	room_equal	standardized_max	300	199	0.3233333333333333	0.2729253960837475	0.37820845374892526	0.1	0.5309650713793	0.06197407516192293	72.0	12.0	12.0	0.0	0.49912037037037027	0.40874451663653644	0.42294948341081456	0.9002560687445004	1.8048711320065514
seed2	balanced	mixed_covariate	2.0	room_equal	cv_retrained	300	199	0.3566666666666667	0.30458741740255907	0.41237023434847747	0.105	0.5309650713793	0.06197407516192293	72.0	12.0	12.0	0.0	0.49912037037037027	0.40874451663653644	0.42294948341081456	0.9002560687445004	1.8048711320065514
seed2	balanced	mixed_covariate	2.0	room_equal	cv_standardized	300	199	0.3333333333333333	0.2823934472922627	0.38848754311591926	0.1125	0.5122162073074468	0.20498344146386469	72.0	12.0	12.0	0.0	0.49912037037037027	0.40874451663653644	0.42294948341081456	0.9002560687445004	1.8048711320065514
seed2	balanced	mixed_covariate	4.0	building_equal	profile	300	199	0.31666666666666665	0.26662835068573615	0.37134073876326396	0.115	0.559428258108037	0.11741308745514197	72.0	12.0	12.0	0.0	0.49912037037037027	0.40874451663653644	0.42294948341081456	0.9002560687445004	1.8048711320065514
seed2	balanced	mixed_covariate	4.0	building_equal	mantel	300	199	0.3433333333333333	0.29188793516981404	0.398740195813877	0.09	0.559428258108037	0.11741308745514197	72.0	12.0	12.0	0.0	0.49912037037037027	0.40874451663653644	0.42294948341081456	0.9002560687445004	1.8048711320065514
seed2	balanced	mixed_covariate	4.0	building_equal	nested_max	300	199	0.31666666666666665	0.26662835068573615	0.37134073876326396	0.11	0.559428258108037	0.11741308745514197	72.0	12.0	12.0	0.0	0.49912037037037027	0.40874451663653644	0.42294948341081456	0.9002560687445004	1.8048711320065514
seed2	balanced	mixed_covariate	4.0	building_equal	standardized_max	300	199	0.3233333333333333	0.2729253960837475	0.37820845374892526	0.1	0.559428258108037	0.11741308745514197	72.0	12.0	12.0	0.0	0.49912037037037027	0.40874451663653644	0.42294948341081456	0.9002560687445004	1.8048711320065514
seed2	balanced	mixed_covariate	4.0	building_equal	cv_retrained	300	199	0.35	0.29823200252235404	0.4055608888450096	0.1075	0.559428258108037	0.11741308745514197	72.0	12.0	12.0	0.0	0.49912037037037027	0.40874451663653644	0.42294948341081456	0.9002560687445004	1.8048711320065514
seed2	balanced	mixed_covariate	4.0	building_equal	cv_standardized	300	199	0.28	0.23221902212795326	0.33334388521084696	0.1375	0.523668721938903	0.30145522210421094	72.0	12.0	12.0	0.0	0.49912037037037027	0.40874451663653644	0.42294948341081456	0.9002560687445004	1.8048711320065514
seed2	balanced	mixed_covariate	4.0	sqrt_rooms	profile	300	199	0.31666666666666665	0.26662835068573615	0.37134073876326396	0.115	0.5594282581080372	0.11741308745514199	72.0	12.0	12.0	0.0	0.49912037037037027	0.40874451663653644	0.42294948341081456	0.9002560687445004	1.8048711320065514
seed2	balanced	mixed_covariate	4.0	sqrt_rooms	mantel	300	199	0.3433333333333333	0.29188793516981404	0.398740195813877	0.09	0.5594282581080372	0.11741308745514199	72.0	12.0	12.0	0.0	0.49912037037037027	0.40874451663653644	0.42294948341081456	0.9002560687445004	1.8048711320065514
seed2	balanced	mixed_covariate	4.0	sqrt_rooms	nested_max	300	199	0.31666666666666665	0.26662835068573615	0.37134073876326396	0.11	0.5594282581080372	0.11741308745514199	72.0	12.0	12.0	0.0	0.49912037037037027	0.40874451663653644	0.42294948341081456	0.9002560687445004	1.8048711320065514
seed2	balanced	mixed_covariate	4.0	sqrt_rooms	standardized_max	300	199	0.3233333333333333	0.2729253960837475	0.37820845374892526	0.1	0.5594282581080372	0.11741308745514199	72.0	12.0	12.0	0.0	0.49912037037037027	0.40874451663653644	0.42294948341081456	0.9002560687445004	1.8048711320065514
seed2	balanced	mixed_covariate	4.0	sqrt_rooms	cv_retrained	300	199	0.35	0.29823200252235404	0.4055608888450096	0.1075	0.5594282581080372	0.11741308745514199	72.0	12.0	12.0	0.0	0.49912037037037027	0.40874451663653644	0.42294948341081456	0.9002560687445004	1.8048711320065514
seed2	balanced	mixed_covariate	4.0	sqrt_rooms	cv_standardized	300	199	0.28	0.23221902212795326	0.33334388521084696	0.1375	0.5236687219389031	0.301455222104211	72.0	12.0	12.0	0.0	0.49912037037037027	0.40874451663653644	0.42294948341081456	0.9002560687445004	1.8048711320065514
seed2	balanced	mixed_covariate	4.0	room_equal	profile	300	199	0.31666666666666665	0.26662835068573615	0.37134073876326396	0.115	0.559428258108037	0.11741308745514197	72.0	12.0	12.0	0.0	0.49912037037037027	0.40874451663653644	0.42294948341081456	0.9002560687445004	1.8048711320065514
seed2	balanced	mixed_covariate	4.0	room_equal	mantel	300	199	0.3433333333333333	0.29188793516981404	0.398740195813877	0.09	0.559428258108037	0.11741308745514197	72.0	12.0	12.0	0.0	0.49912037037037027	0.40874451663653644	0.42294948341081456	0.9002560687445004	1.8048711320065514
seed2	balanced	mixed_covariate	4.0	room_equal	nested_max	300	199	0.31666666666666665	0.26662835068573615	0.37134073876326396	0.11	0.559428258108037	0.11741308745514197	72.0	12.0	12.0	0.0	0.49912037037037027	0.40874451663653644	0.42294948341081456	0.9002560687445004	1.8048711320065514
seed2	balanced	mixed_covariate	4.0	room_equal	standardized_max	300	199	0.3233333333333333	0.2729253960837475	0.37820845374892526	0.1	0.559428258108037	0.11741308745514197	72.0	12.0	12.0	0.0	0.49912037037037027	0.40874451663653644	0.42294948341081456	0.9002560687445004	1.8048711320065514
seed2	balanced	mixed_covariate	4.0	room_equal	cv_retrained	300	199	0.35	0.29823200252235404	0.4055608888450096	0.1075	0.559428258108037	0.11741308745514197	72.0	12.0	12.0	0.0	0.49912037037037027	0.40874451663653644	0.42294948341081456	0.9002560687445004	1.8048711320065514
seed2	balanced	mixed_covariate	4.0	room_equal	cv_standardized	300	199	0.28	0.23221902212795326	0.33334388521084696	0.1375	0.523668721938903	0.30145522210421094	72.0	12.0	12.0	0.0	0.49912037037037027	0.40874451663653644	0.42294948341081456	0.9002560687445004	1.8048711320065514
seed2	balanced	mixed_covariate	8.0	building_equal	profile	300	199	0.31666666666666665	0.26662835068573615	0.37134073876326396	0.115	0.6040665596592554	0.19960434584967995	72.0	12.0	12.0	0.0	0.49912037037037027	0.40874451663653644	0.42294948341081456	0.9002560687445004	1.8048711320065514
seed2	balanced	mixed_covariate	8.0	building_equal	mantel	300	199	0.3433333333333333	0.29188793516981404	0.398740195813877	0.09	0.6040665596592554	0.19960434584967995	72.0	12.0	12.0	0.0	0.49912037037037027	0.40874451663653644	0.42294948341081456	0.9002560687445004	1.8048711320065514
seed2	balanced	mixed_covariate	8.0	building_equal	nested_max	300	199	0.31666666666666665	0.26662835068573615	0.37134073876326396	0.11	0.6040665596592554	0.19960434584967995	72.0	12.0	12.0	0.0	0.49912037037037027	0.40874451663653644	0.42294948341081456	0.9002560687445004	1.8048711320065514
seed2	balanced	mixed_covariate	8.0	building_equal	standardized_max	300	199	0.3233333333333333	0.2729253960837475	0.37820845374892526	0.1	0.6040665596592554	0.19960434584967995	72.0	12.0	12.0	0.0	0.49912037037037027	0.40874451663653644	0.42294948341081456	0.9002560687445004	1.8048711320065514
seed2	balanced	mixed_covariate	8.0	building_equal	cv_retrained	300	199	0.31	0.26034352510199493	0.3644608039633325	0.1175	0.6040665596592554	0.19960434584967995	72.0	12.0	12.0	0.0	0.49912037037037027	0.40874451663653644	0.42294948341081456	0.9002560687445004	1.8048711320065514
seed2	balanced	mixed_covariate	8.0	building_equal	cv_standardized	300	199	0.27	0.22290402938898543	0.32291173737430573	0.155	0.5330692153605128	0.3692671637570959	72.0	12.0	12.0	0.0	0.49912037037037027	0.40874451663653644	0.42294948341081456	0.9002560687445004	1.8048711320065514
seed2	balanced	mixed_covariate	8.0	sqrt_rooms	profile	300	199	0.31666666666666665	0.26662835068573615	0.37134073876326396	0.115	0.6040665596592554	0.19960434584967998	72.0	12.0	12.0	0.0	0.49912037037037027	0.40874451663653644	0.42294948341081456	0.9002560687445004	1.8048711320065514
seed2	balanced	mixed_covariate	8.0	sqrt_rooms	mantel	300	199	0.3433333333333333	0.29188793516981404	0.398740195813877	0.09	0.6040665596592554	0.19960434584967998	72.0	12.0	12.0	0.0	0.49912037037037027	0.40874451663653644	0.42294948341081456	0.9002560687445004	1.8048711320065514
seed2	balanced	mixed_covariate	8.0	sqrt_rooms	nested_max	300	199	0.31666666666666665	0.26662835068573615	0.37134073876326396	0.11	0.6040665596592554	0.19960434584967998	72.0	12.0	12.0	0.0	0.49912037037037027	0.40874451663653644	0.42294948341081456	0.9002560687445004	1.8048711320065514
seed2	balanced	mixed_covariate	8.0	sqrt_rooms	standardized_max	300	199	0.3233333333333333	0.2729253960837475	0.37820845374892526	0.1	0.6040665596592554	0.19960434584967998	72.0	12.0	12.0	0.0	0.49912037037037027	0.40874451663653644	0.42294948341081456	0.9002560687445004	1.8048711320065514
seed2	balanced	mixed_covariate	8.0	sqrt_rooms	cv_retrained	300	199	0.31	0.26034352510199493	0.3644608039633325	0.1175	0.6040665596592554	0.19960434584967998	72.0	12.0	12.0	0.0	0.49912037037037027	0.40874451663653644	0.42294948341081456	0.9002560687445004	1.8048711320065514
seed2	balanced	mixed_covariate	8.0	sqrt_rooms	cv_standardized	300	199	0.27	0.22290402938898543	0.32291173737430573	0.155	0.5330692153605129	0.36926716375709595	72.0	12.0	12.0	0.0	0.49912037037037027	0.40874451663653644	0.42294948341081456	0.9002560687445004	1.8048711320065514
seed2	balanced	mixed_covariate	8.0	room_equal	profile	300	199	0.31666666666666665	0.26662835068573615	0.37134073876326396	0.115	0.6040665596592554	0.19960434584967995	72.0	12.0	12.0	0.0	0.49912037037037027	0.40874451663653644	0.42294948341081456	0.9002560687445004	1.8048711320065514
seed2	balanced	mixed_covariate	8.0	room_equal	mantel	300	199	0.3433333333333333	0.29188793516981404	0.398740195813877	0.09	0.6040665596592554	0.19960434584967995	72.0	12.0	12.0	0.0	0.49912037037037027	0.40874451663653644	0.42294948341081456	0.9002560687445004	1.8048711320065514
seed2	balanced	mixed_covariate	8.0	room_equal	nested_max	300	199	0.31666666666666665	0.26662835068573615	0.37134073876326396	0.11	0.6040665596592554	0.19960434584967995	72.0	12.0	12.0	0.0	0.49912037037037027	0.40874451663653644	0.42294948341081456	0.9002560687445004	1.8048711320065514
seed2	balanced	mixed_covariate	8.0	room_equal	standardized_max	300	199	0.3233333333333333	0.2729253960837475	0.37820845374892526	0.1	0.6040665596592554	0.19960434584967995	72.0	12.0	12.0	0.0	0.49912037037037027	0.40874451663653644	0.42294948341081456	0.9002560687445004	1.8048711320065514
seed2	balanced	mixed_covariate	8.0	room_equal	cv_retrained	300	199	0.31	0.26034352510199493	0.3644608039633325	0.1175	0.6040665596592554	0.19960434584967995	72.0	12.0	12.0	0.0	0.49912037037037027	0.40874451663653644	0.42294948341081456	0.9002560687445004	1.8048711320065514
seed2	balanced	mixed_covariate	8.0	room_equal	cv_standardized	300	199	0.27	0.22290402938898543	0.32291173737430573	0.155	0.5330692153605128	0.3692671637570959	72.0	12.0	12.0	0.0	0.49912037037037027	0.40874451663653644	0.42294948341081456	0.9002560687445004	1.8048711320065514
seed2	balanced	mixed_covariate	16.0	building_equal	profile	300	199	0.31666666666666665	0.26662835068573615	0.37134073876326396	0.115	0.6518484614661288	0.2826943855230267	72.0	12.0	12.0	0.0	0.49912037037037027	0.40874451663653644	0.42294948341081456	0.9002560687445004	1.8048711320065514
seed2	balanced	mixed_covariate	16.0	building_equal	mantel	300	199	0.3433333333333333	0.29188793516981404	0.398740195813877	0.09	0.6518484614661288	0.2826943855230267	72.0	12.0	12.0	0.0	0.49912037037037027	0.40874451663653644	0.42294948341081456	0.9002560687445004	1.8048711320065514
seed2	balanced	mixed_covariate	16.0	building_equal	nested_max	300	199	0.31666666666666665	0.26662835068573615	0.37134073876326396	0.11	0.6518484614661288	0.2826943855230267	72.0	12.0	12.0	0.0	0.49912037037037027	0.40874451663653644	0.42294948341081456	0.9002560687445004	1.8048711320065514
seed2	balanced	mixed_covariate	16.0	building_equal	standardized_max	300	199	0.3233333333333333	0.2729253960837475	0.37820845374892526	0.1	0.6518484614661288	0.2826943855230267	72.0	12.0	12.0	0.0	0.49912037037037027	0.40874451663653644	0.42294948341081456	0.9002560687445004	1.8048711320065514
seed2	balanced	mixed_covariate	16.0	building_equal	cv_retrained	300	199	0.26	0.21362060325993487	0.3124480229278472	0.135	0.6518484614661288	0.2826943855230267	72.0	12.0	12.0	0.0	0.49912037037037027	0.40874451663653644	0.42294948341081456	0.9002560687445004	1.8048711320065514
seed2	balanced	mixed_covariate	16.0	building_equal	cv_standardized	300	199	0.25333333333333335	0.20744975020452644	0.30545411559958296	0.17	0.5370575730295171	0.3993838117726957	72.0	12.0	12.0	0.0	0.49912037037037027	0.40874451663653644	0.42294948341081456	0.9002560687445004	1.8048711320065514
seed2	balanced	mixed_covariate	16.0	sqrt_rooms	profile	300	199	0.31666666666666665	0.26662835068573615	0.37134073876326396	0.115	0.6518484614661291	0.2826943855230268	72.0	12.0	12.0	0.0	0.49912037037037027	0.40874451663653644	0.42294948341081456	0.9002560687445004	1.8048711320065514
seed2	balanced	mixed_covariate	16.0	sqrt_rooms	mantel	300	199	0.3433333333333333	0.29188793516981404	0.398740195813877	0.09	0.6518484614661291	0.2826943855230268	72.0	12.0	12.0	0.0	0.49912037037037027	0.40874451663653644	0.42294948341081456	0.9002560687445004	1.8048711320065514
seed2	balanced	mixed_covariate	16.0	sqrt_rooms	nested_max	300	199	0.31666666666666665	0.26662835068573615	0.37134073876326396	0.11	0.6518484614661291	0.2826943855230268	72.0	12.0	12.0	0.0	0.49912037037037027	0.40874451663653644	0.42294948341081456	0.9002560687445004	1.8048711320065514
seed2	balanced	mixed_covariate	16.0	sqrt_rooms	standardized_max	300	199	0.3233333333333333	0.2729253960837475	0.37820845374892526	0.1	0.6518484614661291	0.2826943855230268	72.0	12.0	12.0	0.0	0.49912037037037027	0.40874451663653644	0.42294948341081456	0.9002560687445004	1.8048711320065514
seed2	balanced	mixed_covariate	16.0	sqrt_rooms	cv_retrained	300	199	0.26	0.21362060325993487	0.3124480229278472	0.135	0.6518484614661291	0.2826943855230268	72.0	12.0	12.0	0.0	0.49912037037037027	0.40874451663653644	0.42294948341081456	0.9002560687445004	1.8048711320065514
seed2	balanced	mixed_covariate	16.0	sqrt_rooms	cv_standardized	300	199	0.25333333333333335	0.20744975020452644	0.30545411559958296	0.17	0.5370575730295172	0.39938381177269583	72.0	12.0	12.0	0.0	0.49912037037037027	0.40874451663653644	0.42294948341081456	0.9002560687445004	1.8048711320065514
seed2	balanced	mixed_covariate	16.0	room_equal	profile	300	199	0.31666666666666665	0.26662835068573615	0.37134073876326396	0.115	0.651848461466129	0.2826943855230267	72.0	12.0	12.0	0.0	0.49912037037037027	0.40874451663653644	0.42294948341081456	0.9002560687445004	1.8048711320065514
seed2	balanced	mixed_covariate	16.0	room_equal	mantel	300	199	0.3433333333333333	0.29188793516981404	0.398740195813877	0.09	0.651848461466129	0.2826943855230267	72.0	12.0	12.0	0.0	0.49912037037037027	0.40874451663653644	0.42294948341081456	0.9002560687445004	1.8048711320065514
seed2	balanced	mixed_covariate	16.0	room_equal	nested_max	300	199	0.31666666666666665	0.26662835068573615	0.37134073876326396	0.11	0.651848461466129	0.2826943855230267	72.0	12.0	12.0	0.0	0.49912037037037027	0.40874451663653644	0.42294948341081456	0.9002560687445004	1.8048711320065514
seed2	balanced	mixed_covariate	16.0	room_equal	standardized_max	300	199	0.3233333333333333	0.2729253960837475	0.37820845374892526	0.1	0.651848461466129	0.2826943855230267	72.0	12.0	12.0	0.0	0.49912037037037027	0.40874451663653644	0.42294948341081456	0.9002560687445004	1.8048711320065514
seed2	balanced	mixed_covariate	16.0	room_equal	cv_retrained	300	199	0.26	0.21362060325993487	0.3124480229278472	0.135	0.651848461466129	0.2826943855230267	72.0	12.0	12.0	0.0	0.49912037037037027	0.40874451663653644	0.42294948341081456	0.9002560687445004	1.8048711320065514
seed2	balanced	mixed_covariate	16.0	room_equal	cv_standardized	300	199	0.25333333333333335	0.20744975020452644	0.30545411559958296	0.17	0.5370575730295171	0.3993838117726957	72.0	12.0	12.0	0.0	0.49912037037037027	0.40874451663653644	0.42294948341081456	0.9002560687445004	1.8048711320065514
seed2	moderately_unequal	conditional_null	0.0	building_equal	profile	300	199	0.05333333333333334	0.03309191251909646	0.08486914177483133	0.5275000000000001	0.4999999999999999	5.551115123125783e-17	72.0	6.0	20.0	0.3967460238079361	0.5414583333333334	0.007684031523594681	-0.00832294523743872	0.8926455131323993	2.5790691357091258
seed2	moderately_unequal	conditional_null	0.0	building_equal	mantel	300	199	0.07333333333333333	0.04892399383922859	0.10853134160571733	0.51	0.4999999999999999	5.551115123125783e-17	72.0	6.0	20.0	0.3967460238079361	0.5414583333333334	0.007684031523594681	-0.00832294523743872	0.8926455131323993	2.5790691357091258
seed2	moderately_unequal	conditional_null	0.0	building_equal	nested_max	300	199	0.056666666666666664	0.03567747646328951	0.08886595802247463	0.52	0.4999999999999999	5.551115123125783e-17	72.0	6.0	20.0	0.3967460238079361	0.5414583333333334	0.007684031523594681	-0.00832294523743872	0.8926455131323993	2.5790691357091258
seed2	moderately_unequal	conditional_null	0.0	building_equal	standardized_max	300	199	0.07666666666666666	0.051627611786607464	0.1124101038501748	0.5075000000000001	0.4999999999999999	5.551115123125783e-17	72.0	6.0	20.0	0.3967460238079361	0.5414583333333334	0.007684031523594681	-0.00832294523743872	0.8926455131323993	2.5790691357091258
seed2	moderately_unequal	conditional_null	0.0	building_equal	cv_retrained	300	199	0.04666666666666667	0.027998933682334012	0.07679736022792105	0.5275000000000001	0.4999999999999999	5.551115123125783e-17	72.0	6.0	20.0	0.3967460238079361	0.5414583333333334	0.007684031523594681	-0.00832294523743872	0.8926455131323993	2.5790691357091258
seed2	moderately_unequal	conditional_null	0.0	building_equal	cv_standardized	300	199	0.05	0.03053164062934728	0.08084703347274415	0.5025	0.4999999999999999	5.551115123125783e-17	72.0	6.0	20.0	0.3967460238079361	0.5414583333333334	0.007684031523594681	-0.00832294523743872	0.8926455131323993	2.5790691357091258
seed2	moderately_unequal	conditional_null	0.0	sqrt_rooms	profile	300	199	0.05333333333333334	0.03309191251909646	0.08486914177483133	0.5275000000000001	0.5	0.0	72.0	6.0	20.0	0.3967460238079361	0.5414583333333334	0.007684031523594681	-0.00832294523743872	0.8926455131323993	2.5790691357091258
seed2	moderately_unequal	conditional_null	0.0	sqrt_rooms	mantel	300	199	0.07333333333333333	0.04892399383922859	0.10853134160571733	0.51	0.5	0.0	72.0	6.0	20.0	0.3967460238079361	0.5414583333333334	0.007684031523594681	-0.00832294523743872	0.8926455131323993	2.5790691357091258
seed2	moderately_unequal	conditional_null	0.0	sqrt_rooms	nested_max	300	199	0.056666666666666664	0.03567747646328951	0.08886595802247463	0.52	0.5	0.0	72.0	6.0	20.0	0.3967460238079361	0.5414583333333334	0.007684031523594681	-0.00832294523743872	0.8926455131323993	2.5790691357091258
seed2	moderately_unequal	conditional_null	0.0	sqrt_rooms	standardized_max	300	199	0.07666666666666666	0.051627611786607464	0.1124101038501748	0.5075000000000001	0.5	0.0	72.0	6.0	20.0	0.3967460238079361	0.5414583333333334	0.007684031523594681	-0.00832294523743872	0.8926455131323993	2.5790691357091258
seed2	moderately_unequal	conditional_null	0.0	sqrt_rooms	cv_retrained	300	199	0.05333333333333334	0.03309191251909646	0.08486914177483133	0.525	0.5	0.0	72.0	6.0	20.0	0.3967460238079361	0.5414583333333334	0.007684031523594681	-0.00832294523743872	0.8926455131323993	2.5790691357091258
seed2	moderately_unequal	conditional_null	0.0	sqrt_rooms	cv_standardized	300	199	0.056666666666666664	0.03567747646328951	0.08886595802247463	0.495	0.5	0.0	72.0	6.0	20.0	0.3967460238079361	0.5414583333333334	0.007684031523594681	-0.00832294523743872	0.8926455131323993	2.5790691357091258
seed2	moderately_unequal	conditional_null	0.0	room_equal	profile	300	199	0.05333333333333334	0.03309191251909646	0.08486914177483133	0.5275000000000001	0.5	0.0	72.0	6.0	20.0	0.3967460238079361	0.5414583333333334	0.007684031523594681	-0.00832294523743872	0.8926455131323993	2.5790691357091258
seed2	moderately_unequal	conditional_null	0.0	room_equal	mantel	300	199	0.07333333333333333	0.04892399383922859	0.10853134160571733	0.51	0.5	0.0	72.0	6.0	20.0	0.3967460238079361	0.5414583333333334	0.007684031523594681	-0.00832294523743872	0.8926455131323993	2.5790691357091258
seed2	moderately_unequal	conditional_null	0.0	room_equal	nested_max	300	199	0.056666666666666664	0.03567747646328951	0.08886595802247463	0.52	0.5	0.0	72.0	6.0	20.0	0.3967460238079361	0.5414583333333334	0.007684031523594681	-0.00832294523743872	0.8926455131323993	2.5790691357091258
seed2	moderately_unequal	conditional_null	0.0	room_equal	standardized_max	300	199	0.07666666666666666	0.051627611786607464	0.1124101038501748	0.5075000000000001	0.5	0.0	72.0	6.0	20.0	0.3967460238079361	0.5414583333333334	0.007684031523594681	-0.00832294523743872	0.8926455131323993	2.5790691357091258
seed2	moderately_unequal	conditional_null	0.0	room_equal	cv_retrained	300	199	0.07	0.046236944827176336	0.10463601042593323	0.52	0.5	0.0	72.0	6.0	20.0	0.3967460238079361	0.5414583333333334	0.007684031523594681	-0.00832294523743872	0.8926455131323993	2.5790691357091258
seed2	moderately_unequal	conditional_null	0.0	room_equal	cv_standardized	300	199	0.06666666666666667	0.043567515545158274	0.10072305951611496	0.485	0.5	0.0	72.0	6.0	20.0	0.3967460238079361	0.5414583333333334	0.007684031523594681	-0.00832294523743872	0.8926455131323993	2.5790691357091258
seed2	moderately_unequal	conditional_null	0.1	building_equal	profile	300	199	0.05333333333333334	0.03309191251909646	0.08486914177483133	0.5275000000000001	0.5000233218957595	0.0034718518204703125	72.0	6.0	20.0	0.3967460238079361	0.5414583333333334	0.007684031523594681	-0.00832294523743872	0.8926455131323993	2.5790691357091258
seed2	moderately_unequal	conditional_null	0.1	building_equal	mantel	300	199	0.07333333333333333	0.04892399383922859	0.10853134160571733	0.51	0.5000233218957595	0.0034718518204703125	72.0	6.0	20.0	0.3967460238079361	0.5414583333333334	0.007684031523594681	-0.00832294523743872	0.8926455131323993	2.5790691357091258
seed2	moderately_unequal	conditional_null	0.1	building_equal	nested_max	300	199	0.056666666666666664	0.03567747646328951	0.08886595802247463	0.52	0.5000233218957595	0.0034718518204703125	72.0	6.0	20.0	0.3967460238079361	0.5414583333333334	0.007684031523594681	-0.00832294523743872	0.8926455131323993	2.5790691357091258
seed2	moderately_unequal	conditional_null	0.1	building_equal	standardized_max	300	199	0.07666666666666666	0.051627611786607464	0.1124101038501748	0.5075000000000001	0.5000233218957595	0.0034718518204703125	72.0	6.0	20.0	0.3967460238079361	0.5414583333333334	0.007684031523594681	-0.00832294523743872	0.8926455131323993	2.5790691357091258
seed2	moderately_unequal	conditional_null	0.1	building_equal	cv_retrained	300	199	0.04666666666666667	0.027998933682334012	0.07679736022792105	0.5275000000000001	0.5000233218957595	0.0034718518204703125	72.0	6.0	20.0	0.3967460238079361	0.5414583333333334	0.007684031523594681	-0.00832294523743872	0.8926455131323993	2.5790691357091258
seed2	moderately_unequal	conditional_null	0.1	building_equal	cv_standardized	300	199	0.04666666666666667	0.027998933682334012	0.07679736022792105	0.5	0.4999678043234375	0.011193000017125282	72.0	6.0	20.0	0.3967460238079361	0.5414583333333334	0.007684031523594681	-0.00832294523743872	0.8926455131323993	2.5790691357091258
seed2	moderately_unequal	conditional_null	0.1	sqrt_rooms	profile	300	199	0.05333333333333334	0.03309191251909646	0.08486914177483133	0.5275000000000001	0.5000496405340562	0.003165200465516419	72.0	6.0	20.0	0.3967460238079361	0.5414583333333334	0.007684031523594681	-0.00832294523743872	0.8926455131323993	2.5790691357091258
seed2	moderately_unequal	conditional_null	0.1	sqrt_rooms	mantel	300	199	0.07333333333333333	0.04892399383922859	0.10853134160571733	0.51	0.5000496405340562	0.003165200465516419	72.0	6.0	20.0	0.3967460238079361	0.5414583333333334	0.007684031523594681	-0.00832294523743872	0.8926455131323993	2.5790691357091258
seed2	moderately_unequal	conditional_null	0.1	sqrt_rooms	nested_max	300	199	0.056666666666666664	0.03567747646328951	0.08886595802247463	0.52	0.5000496405340562	0.003165200465516419	72.0	6.0	20.0	0.3967460238079361	0.5414583333333334	0.007684031523594681	-0.00832294523743872	0.8926455131323993	2.5790691357091258
seed2	moderately_unequal	conditional_null	0.1	sqrt_rooms	standardized_max	300	199	0.07666666666666666	0.051627611786607464	0.1124101038501748	0.5075000000000001	0.5000496405340562	0.003165200465516419	72.0	6.0	20.0	0.3967460238079361	0.5414583333333334	0.007684031523594681	-0.00832294523743872	0.8926455131323993	2.5790691357091258
seed2	moderately_unequal	conditional_null	0.1	sqrt_rooms	cv_retrained	300	199	0.056666666666666664	0.03567747646328951	0.08886595802247463	0.5225	0.5000496405340562	0.003165200465516419	72.0	6.0	20.0	0.3967460238079361	0.5414583333333334	0.007684031523594681	-0.00832294523743872	0.8926455131323993	2.5790691357091258
seed2	moderately_unequal	conditional_null	0.1	sqrt_rooms	cv_standardized	300	199	0.056666666666666664	0.03567747646328951	0.08886595802247463	0.495	0.5000689450975282	0.010736870528527176	72.0	6.0	20.0	0.3967460238079361	0.5414583333333334	0.007684031523594681	-0.00832294523743872	0.8926455131323993	2.5790691357091258
seed2	moderately_unequal	conditional_null	0.1	room_equal	profile	300	199	0.05333333333333334	0.03309191251909646	0.08486914177483133	0.5275000000000001	0.5000759650159777	0.0029470333725027044	72.0	6.0	20.0	0.3967460238079361	0.5414583333333334	0.007684031523594681	-0.00832294523743872	0.8926455131323993	2.5790691357091258
seed2	moderately_unequal	conditional_null	0.1	room_equal	mantel	300	199	0.07333333333333333	0.04892399383922859	0.10853134160571733	0.51	0.5000759650159777	0.0029470333725027044	72.0	6.0	20.0	0.3967460238079361	0.5414583333333334	0.007684031523594681	-0.00832294523743872	0.8926455131323993	2.5790691357091258
seed2	moderately_unequal	conditional_null	0.1	room_equal	nested_max	300	199	0.056666666666666664	0.03567747646328951	0.08886595802247463	0.52	0.5000759650159777	0.0029470333725027044	72.0	6.0	20.0	0.3967460238079361	0.5414583333333334	0.007684031523594681	-0.00832294523743872	0.8926455131323993	2.5790691357091258
seed2	moderately_unequal	conditional_null	0.1	room_equal	standardized_max	300	199	0.07666666666666666	0.051627611786607464	0.1124101038501748	0.5075000000000001	0.5000759650159777	0.0029470333725027044	72.0	6.0	20.0	0.3967460238079361	0.5414583333333334	0.007684031523594681	-0.00832294523743872	0.8926455131323993	2.5790691357091258
seed2	moderately_unequal	conditional_null	0.1	room_equal	cv_retrained	300	199	0.07	0.046236944827176336	0.10463601042593323	0.52	0.5000759650159777	0.0029470333725027044	72.0	6.0	20.0	0.3967460238079361	0.5414583333333334	0.007684031523594681	-0.00832294523743872	0.8926455131323993	2.5790691357091258
seed2	moderately_unequal	conditional_null	0.1	room_equal	cv_standardized	300	199	0.06666666666666667	0.043567515545158274	0.10072305951611496	0.485	0.5001705497612605	0.010551469249894982	72.0	6.0	20.0	0.3967460238079361	0.5414583333333334	0.007684031523594681	-0.00832294523743872	0.8926455131323993	2.5790691357091258
seed2	moderately_unequal	conditional_null	0.25	building_equal	profile	300	199	0.05333333333333334	0.03309191251909646	0.08486914177483133	0.5275000000000001	0.5000586119269552	0.00867699900771733	72.0	6.0	20.0	0.3967460238079361	0.5414583333333334	0.007684031523594681	-0.00832294523743872	0.8926455131323993	2.5790691357091258
seed2	moderately_unequal	conditional_null	0.25	building_equal	mantel	300	199	0.07333333333333333	0.04892399383922859	0.10853134160571733	0.51	0.5000586119269552	0.00867699900771733	72.0	6.0	20.0	0.3967460238079361	0.5414583333333334	0.007684031523594681	-0.00832294523743872	0.8926455131323993	2.5790691357091258
seed2	moderately_unequal	conditional_null	0.25	building_equal	nested_max	300	199	0.056666666666666664	0.03567747646328951	0.08886595802247463	0.52	0.5000586119269552	0.00867699900771733	72.0	6.0	20.0	0.3967460238079361	0.5414583333333334	0.007684031523594681	-0.00832294523743872	0.8926455131323993	2.5790691357091258
seed2	moderately_unequal	conditional_null	0.25	building_equal	standardized_max	300	199	0.07666666666666666	0.051627611786607464	0.1124101038501748	0.5075000000000001	0.5000586119269552	0.00867699900771733	72.0	6.0	20.0	0.3967460238079361	0.5414583333333334	0.007684031523594681	-0.00832294523743872	0.8926455131323993	2.5790691357091258
seed2	moderately_unequal	conditional_null	0.25	building_equal	cv_retrained	300	199	0.04666666666666667	0.027998933682334012	0.07679736022792105	0.53	0.5000586119269552	0.00867699900771733	72.0	6.0	20.0	0.3967460238079361	0.5414583333333334	0.007684031523594681	-0.00832294523743872	0.8926455131323993	2.5790691357091258
seed2	moderately_unequal	conditional_null	0.25	building_equal	cv_standardized	300	199	0.05	0.03053164062934728	0.08084703347274415	0.505	0.499935213141827	0.02788726112882658	72.0	6.0	20.0	0.3967460238079361	0.5414583333333334	0.007684031523594681	-0.00832294523743872	0.8926455131323993	2.5790691357091258
seed2	moderately_unequal	conditional_null	0.25	sqrt_rooms	profile	300	199	0.05333333333333334	0.03309191251909646	0.08486914177483133	0.5275000000000001	0.5001242345930685	0.00791107461879575	72.0	6.0	20.0	0.3967460238079361	0.5414583333333334	0.007684031523594681	-0.00832294523743872	0.8926455131323993	2.5790691357091258
seed2	moderately_unequal	conditional_null	0.25	sqrt_rooms	mantel	300	199	0.07333333333333333	0.04892399383922859	0.10853134160571733	0.51	0.5001242345930685	0.00791107461879575	72.0	6.0	20.0	0.3967460238079361	0.5414583333333334	0.007684031523594681	-0.00832294523743872	0.8926455131323993	2.5790691357091258
seed2	moderately_unequal	conditional_null	0.25	sqrt_rooms	nested_max	300	199	0.056666666666666664	0.03567747646328951	0.08886595802247463	0.52	0.5001242345930685	0.00791107461879575	72.0	6.0	20.0	0.3967460238079361	0.5414583333333334	0.007684031523594681	-0.00832294523743872	0.8926455131323993	2.5790691357091258
seed2	moderately_unequal	conditional_null	0.25	sqrt_rooms	standardized_max	300	199	0.07666666666666666	0.051627611786607464	0.1124101038501748	0.5075000000000001	0.5001242345930685	0.00791107461879575	72.0	6.0	20.0	0.3967460238079361	0.5414583333333334	0.007684031523594681	-0.00832294523743872	0.8926455131323993	2.5790691357091258
seed2	moderately_unequal	conditional_null	0.25	sqrt_rooms	cv_retrained	300	199	0.056666666666666664	0.03567747646328951	0.08886595802247463	0.5275000000000001	0.5001242345930685	0.00791107461879575	72.0	6.0	20.0	0.3967460238079361	0.5414583333333334	0.007684031523594681	-0.00832294523743872	0.8926455131323993	2.5790691357091258
seed2	moderately_unequal	conditional_null	0.25	sqrt_rooms	cv_standardized	300	199	0.06666666666666667	0.043567515545158274	0.10072305951611496	0.4975	0.5001838318561109	0.026758856179387825	72.0	6.0	20.0	0.3967460238079361	0.5414583333333334	0.007684031523594681	-0.00832294523743872	0.8926455131323993	2.5790691357091258
seed2	moderately_unequal	conditional_null	0.25	room_equal	profile	300	199	0.05333333333333334	0.03309191251909646	0.08486914177483133	0.5275000000000001	0.50018995733512	0.007366043976885721	72.0	6.0	20.0	0.3967460238079361	0.5414583333333334	0.007684031523594681	-0.00832294523743872	0.8926455131323993	2.5790691357091258
seed2	moderately_unequal	conditional_null	0.25	room_equal	mantel	300	199	0.07333333333333333	0.04892399383922859	0.10853134160571733	0.51	0.50018995733512	0.007366043976885721	72.0	6.0	20.0	0.3967460238079361	0.5414583333333334	0.007684031523594681	-0.00832294523743872	0.8926455131323993	2.5790691357091258
seed2	moderately_unequal	conditional_null	0.25	room_equal	nested_max	300	199	0.056666666666666664	0.03567747646328951	0.08886595802247463	0.52	0.50018995733512	0.007366043976885721	72.0	6.0	20.0	0.3967460238079361	0.5414583333333334	0.007684031523594681	-0.00832294523743872	0.8926455131323993	2.5790691357091258
seed2	moderately_unequal	conditional_null	0.25	room_equal	standardized_max	300	199	0.07666666666666666	0.051627611786607464	0.1124101038501748	0.5075000000000001	0.50018995733512	0.007366043976885721	72.0	6.0	20.0	0.3967460238079361	0.5414583333333334	0.007684031523594681	-0.00832294523743872	0.8926455131323993	2.5790691357091258
seed2	moderately_unequal	conditional_null	0.25	room_equal	cv_retrained	300	199	0.07	0.046236944827176336	0.10463601042593323	0.5225	0.50018995733512	0.007366043976885721	72.0	6.0	20.0	0.3967460238079361	0.5414583333333334	0.007684031523594681	-0.00832294523743872	0.8926455131323993	2.5790691357091258
seed2	moderately_unequal	conditional_null	0.25	room_equal	cv_standardized	300	199	0.06333333333333334	0.040916882383915276	0.09679131248552161	0.495	0.5004361836395184	0.02629774217762098	72.0	6.0	20.0	0.3967460238079361	0.5414583333333334	0.007684031523594681	-0.00832294523743872	0.8926455131323993	2.5790691357091258
seed2	moderately_unequal	conditional_null	0.5	building_equal	profile	300	199	0.05333333333333334	0.03309191251909646	0.08486914177483133	0.5275000000000001	0.5001194072791987	0.017335263340655195	72.0	6.0	20.0	0.3967460238079361	0.5414583333333334	0.007684031523594681	-0.00832294523743872	0.8926455131323993	2.5790691357091258
seed2	moderately_unequal	conditional_null	0.5	building_equal	mantel	300	199	0.07333333333333333	0.04892399383922859	0.10853134160571733	0.51	0.5001194072791987	0.017335263340655195	72.0	6.0	20.0	0.3967460238079361	0.5414583333333334	0.007684031523594681	-0.00832294523743872	0.8926455131323993	2.5790691357091258
seed2	moderately_unequal	conditional_null	0.5	building_equal	nested_max	300	199	0.056666666666666664	0.03567747646328951	0.08886595802247463	0.52	0.5001194072791987	0.017335263340655195	72.0	6.0	20.0	0.3967460238079361	0.5414583333333334	0.007684031523594681	-0.00832294523743872	0.8926455131323993	2.5790691357091258
seed2	moderately_unequal	conditional_null	0.5	building_equal	standardized_max	300	199	0.07666666666666666	0.051627611786607464	0.1124101038501748	0.5075000000000001	0.5001194072791987	0.017335263340655195	72.0	6.0	20.0	0.3967460238079361	0.5414583333333334	0.007684031523594681	-0.00832294523743872	0.8926455131323993	2.5790691357091258
seed2	moderately_unequal	conditional_null	0.5	building_equal	cv_retrained	300	199	0.04666666666666667	0.027998933682334012	0.07679736022792105	0.525	0.5001194072791987	0.017335263340655195	72.0	6.0	20.0	0.3967460238079361	0.5414583333333334	0.007684031523594681	-0.00832294523743872	0.8926455131323993	2.5790691357091258
seed2	moderately_unequal	conditional_null	0.5	building_equal	cv_standardized	300	199	0.05333333333333334	0.03309191251909646	0.08486914177483133	0.5	0.49997651160413775	0.055121222112017684	72.0	6.0	20.0	0.3967460238079361	0.5414583333333334	0.007684031523594681	-0.00832294523743872	0.8926455131323993	2.5790691357091258
seed2	moderately_unequal	conditional_null	0.5	sqrt_rooms	profile	300	199	0.05333333333333334	0.03309191251909646	0.08486914177483133	0.5275000000000001	0.5002494163504679	0.015808420297753804	72.0	6.0	20.0	0.3967460238079361	0.5414583333333334	0.007684031523594681	-0.00832294523743872	0.8926455131323993	2.5790691357091258
seed2	moderately_unequal	conditional_null	0.5	sqrt_rooms	mantel	300	199	0.07333333333333333	0.04892399383922859	0.10853134160571733	0.51	0.5002494163504679	0.015808420297753804	72.0	6.0	20.0	0.3967460238079361	0.5414583333333334	0.007684031523594681	-0.00832294523743872	0.8926455131323993	2.5790691357091258
seed2	moderately_unequal	conditional_null	0.5	sqrt_rooms	nested_max	300	199	0.056666666666666664	0.03567747646328951	0.08886595802247463	0.52	0.5002494163504679	0.015808420297753804	72.0	6.0	20.0	0.3967460238079361	0.5414583333333334	0.007684031523594681	-0.00832294523743872	0.8926455131323993	2.5790691357091258
seed2	moderately_unequal	conditional_null	0.5	sqrt_rooms	standardized_max	300	199	0.07666666666666666	0.051627611786607464	0.1124101038501748	0.5075000000000001	0.5002494163504679	0.015808420297753804	72.0	6.0	20.0	0.3967460238079361	0.5414583333333334	0.007684031523594681	-0.00832294523743872	0.8926455131323993	2.5790691357091258
seed2	moderately_unequal	conditional_null	0.5	sqrt_rooms	cv_retrained	300	199	0.05	0.03053164062934728	0.08084703347274415	0.53	0.5002494163504679	0.015808420297753804	72.0	6.0	20.0	0.3967460238079361	0.5414583333333334	0.007684031523594681	-0.00832294523743872	0.8926455131323993	2.5790691357091258
seed2	moderately_unequal	conditional_null	0.5	sqrt_rooms	cv_standardized	300	199	0.06333333333333334	0.040916882383915276	0.09679131248552161	0.505	0.5004451669074015	0.05294420638647297	72.0	6.0	20.0	0.3967460238079361	0.5414583333333334	0.007684031523594681	-0.00832294523743872	0.8926455131323993	2.5790691357091258
seed2	moderately_unequal	conditional_null	0.5	room_equal	profile	300	199	0.05333333333333334	0.03309191251909646	0.08486914177483133	0.5275000000000001	0.50038023255392	0.014721113547432964	72.0	6.0	20.0	0.3967460238079361	0.5414583333333334	0.007684031523594681	-0.00832294523743872	0.8926455131323993	2.5790691357091258
seed2	moderately_unequal	conditional_null	0.5	room_equal	mantel	300	199	0.07333333333333333	0.04892399383922859	0.10853134160571733	0.51	0.50038023255392	0.014721113547432964	72.0	6.0	20.0	0.3967460238079361	0.5414583333333334	0.007684031523594681	-0.00832294523743872	0.8926455131323993	2.5790691357091258
seed2	moderately_unequal	conditional_null	0.5	room_equal	nested_max	300	199	0.056666666666666664	0.03567747646328951	0.08886595802247463	0.52	0.50038023255392	0.014721113547432964	72.0	6.0	20.0	0.3967460238079361	0.5414583333333334	0.007684031523594681	-0.00832294523743872	0.8926455131323993	2.5790691357091258
seed2	moderately_unequal	conditional_null	0.5	room_equal	standardized_max	300	199	0.07666666666666666	0.051627611786607464	0.1124101038501748	0.5075000000000001	0.50038023255392	0.014721113547432964	72.0	6.0	20.0	0.3967460238079361	0.5414583333333334	0.007684031523594681	-0.00832294523743872	0.8926455131323993	2.5790691357091258
seed2	moderately_unequal	conditional_null	0.5	room_equal	cv_retrained	300	199	0.07333333333333333	0.04892399383922859	0.10853134160571733	0.5225	0.50038023255392	0.014721113547432964	72.0	6.0	20.0	0.3967460238079361	0.5414583333333334	0.007684031523594681	-0.00832294523743872	0.8926455131323993	2.5790691357091258
seed2	moderately_unequal	conditional_null	0.5	room_equal	cv_standardized	300	199	0.06666666666666667	0.043567515545158274	0.10072305951611496	0.5025	0.500938646002643	0.052037296958312565	72.0	6.0	20.0	0.3967460238079361	0.5414583333333334	0.007684031523594681	-0.00832294523743872	0.8926455131323993	2.5790691357091258
seed2	moderately_unequal	conditional_null	1.0	building_equal	profile	300	199	0.05333333333333334	0.03309191251909646	0.08486914177483133	0.5275000000000001	0.5002559516590531	0.034522337836655335	72.0	6.0	20.0	0.3967460238079361	0.5414583333333334	0.007684031523594681	-0.00832294523743872	0.8926455131323993	2.5790691357091258
seed2	moderately_unequal	conditional_null	1.0	building_equal	mantel	300	199	0.07333333333333333	0.04892399383922859	0.10853134160571733	0.51	0.5002559516590531	0.034522337836655335	72.0	6.0	20.0	0.3967460238079361	0.5414583333333334	0.007684031523594681	-0.00832294523743872	0.8926455131323993	2.5790691357091258
seed2	moderately_unequal	conditional_null	1.0	building_equal	nested_max	300	199	0.056666666666666664	0.03567747646328951	0.08886595802247463	0.52	0.5002559516590531	0.034522337836655335	72.0	6.0	20.0	0.3967460238079361	0.5414583333333334	0.007684031523594681	-0.00832294523743872	0.8926455131323993	2.5790691357091258
seed2	moderately_unequal	conditional_null	1.0	building_equal	standardized_max	300	199	0.07666666666666666	0.051627611786607464	0.1124101038501748	0.5075000000000001	0.5002559516590531	0.034522337836655335	72.0	6.0	20.0	0.3967460238079361	0.5414583333333334	0.007684031523594681	-0.00832294523743872	0.8926455131323993	2.5790691357091258
seed2	moderately_unequal	conditional_null	1.0	building_equal	cv_retrained	300	199	0.043333333333333335	0.025496448084407246	0.07271746563401146	0.5325	0.5002559516590531	0.034522337836655335	72.0	6.0	20.0	0.3967460238079361	0.5414583333333334	0.007684031523594681	-0.00832294523743872	0.8926455131323993	2.5790691357091258
seed2	moderately_unequal	conditional_null	1.0	building_equal	cv_standardized	300	199	0.05	0.03053164062934728	0.08084703347274415	0.5175000000000001	0.500649989337543	0.10568623205264856	72.0	6.0	20.0	0.3967460238079361	0.5414583333333334	0.007684031523594681	-0.00832294523743872	0.8926455131323993	2.5790691357091258
seed2	moderately_unequal	conditional_null	1.0	sqrt_rooms	profile	300	199	0.05333333333333334	0.03309191251909646	0.08486914177483133	0.5275000000000001	0.5005062662919992	0.03150799907880078	72.0	6.0	20.0	0.3967460238079361	0.5414583333333334	0.007684031523594681	-0.00832294523743872	0.8926455131323993	2.5790691357091258
seed2	moderately_unequal	conditional_null	1.0	sqrt_rooms	mantel	300	199	0.07333333333333333	0.04892399383922859	0.10853134160571733	0.51	0.5005062662919992	0.03150799907880078	72.0	6.0	20.0	0.3967460238079361	0.5414583333333334	0.007684031523594681	-0.00832294523743872	0.8926455131323993	2.5790691357091258
seed2	moderately_unequal	conditional_null	1.0	sqrt_rooms	nested_max	300	199	0.056666666666666664	0.03567747646328951	0.08886595802247463	0.52	0.5005062662919992	0.03150799907880078	72.0	6.0	20.0	0.3967460238079361	0.5414583333333334	0.007684031523594681	-0.00832294523743872	0.8926455131323993	2.5790691357091258
seed2	moderately_unequal	conditional_null	1.0	sqrt_rooms	standardized_max	300	199	0.07666666666666666	0.051627611786607464	0.1124101038501748	0.5075000000000001	0.5005062662919992	0.03150799907880078	72.0	6.0	20.0	0.3967460238079361	0.5414583333333334	0.007684031523594681	-0.00832294523743872	0.8926455131323993	2.5790691357091258
seed2	moderately_unequal	conditional_null	1.0	sqrt_rooms	cv_retrained	300	199	0.05	0.03053164062934728	0.08084703347274415	0.5325	0.5005062662919992	0.03150799907880078	72.0	6.0	20.0	0.3967460238079361	0.5414583333333334	0.007684031523594681	-0.00832294523743872	0.8926455131323993	2.5790691357091258
seed2	moderately_unequal	conditional_null	1.0	sqrt_rooms	cv_standardized	300	199	0.056666666666666664	0.03567747646328951	0.08886595802247463	0.505	0.5013991556969256	0.10184789351372732	72.0	6.0	20.0	0.3967460238079361	0.5414583333333334	0.007684031523594681	-0.00832294523743872	0.8926455131323993	2.5790691357091258
seed2	moderately_unequal	conditional_null	1.0	room_equal	profile	300	199	0.05333333333333334	0.03309191251909646	0.08486914177483133	0.5275000000000001	0.5007629441626782	0.02935510251987427	72.0	6.0	20.0	0.3967460238079361	0.5414583333333334	0.007684031523594681	-0.00832294523743872	0.8926455131323993	2.5790691357091258
seed2	moderately_unequal	conditional_null	1.0	room_equal	mantel	300	199	0.07333333333333333	0.04892399383922859	0.10853134160571733	0.51	0.5007629441626782	0.02935510251987427	72.0	6.0	20.0	0.3967460238079361	0.5414583333333334	0.007684031523594681	-0.00832294523743872	0.8926455131323993	2.5790691357091258
seed2	moderately_unequal	conditional_null	1.0	room_equal	nested_max	300	199	0.056666666666666664	0.03567747646328951	0.08886595802247463	0.52	0.5007629441626782	0.02935510251987427	72.0	6.0	20.0	0.3967460238079361	0.5414583333333334	0.007684031523594681	-0.00832294523743872	0.8926455131323993	2.5790691357091258
seed2	moderately_unequal	conditional_null	1.0	room_equal	standardized_max	300	199	0.07666666666666666	0.051627611786607464	0.1124101038501748	0.5075000000000001	0.5007629441626782	0.02935510251987427	72.0	6.0	20.0	0.3967460238079361	0.5414583333333334	0.007684031523594681	-0.00832294523743872	0.8926455131323993	2.5790691357091258
seed2	moderately_unequal	conditional_null	1.0	room_equal	cv_retrained	300	199	0.07333333333333333	0.04892399383922859	0.10853134160571733	0.525	0.5007629441626782	0.02935510251987427	72.0	6.0	20.0	0.3967460238079361	0.5414583333333334	0.007684031523594681	-0.00832294523743872	0.8926455131323993	2.5790691357091258
seed2	moderately_unequal	conditional_null	1.0	room_equal	cv_standardized	300	199	0.06	0.038286369524692054	0.09283944515290843	0.49	0.5023117975029326	0.10011865972624352	72.0	6.0	20.0	0.3967460238079361	0.5414583333333334	0.007684031523594681	-0.00832294523743872	0.8926455131323993	2.5790691357091258
seed2	moderately_unequal	conditional_null	2.0	building_equal	profile	300	199	0.05333333333333334	0.03309191251909646	0.08486914177483133	0.5275000000000001	0.5006391743860867	0.0679099246389857	72.0	6.0	20.0	0.3967460238079361	0.5414583333333334	0.007684031523594681	-0.00832294523743872	0.8926455131323993	2.5790691357091258
seed2	moderately_unequal	conditional_null	2.0	building_equal	mantel	300	199	0.07333333333333333	0.04892399383922859	0.10853134160571733	0.51	0.5006391743860867	0.0679099246389857	72.0	6.0	20.0	0.3967460238079361	0.5414583333333334	0.007684031523594681	-0.00832294523743872	0.8926455131323993	2.5790691357091258
seed2	moderately_unequal	conditional_null	2.0	building_equal	nested_max	300	199	0.056666666666666664	0.03567747646328951	0.08886595802247463	0.52	0.5006391743860867	0.0679099246389857	72.0	6.0	20.0	0.3967460238079361	0.5414583333333334	0.007684031523594681	-0.00832294523743872	0.8926455131323993	2.5790691357091258
seed2	moderately_unequal	conditional_null	2.0	building_equal	standardized_max	300	199	0.07666666666666666	0.051627611786607464	0.1124101038501748	0.5075000000000001	0.5006391743860867	0.0679099246389857	72.0	6.0	20.0	0.3967460238079361	0.5414583333333334	0.007684031523594681	-0.00832294523743872	0.8926455131323993	2.5790691357091258
seed2	moderately_unequal	conditional_null	2.0	building_equal	cv_retrained	300	199	0.043333333333333335	0.025496448084407246	0.07271746563401146	0.5425	0.5006391743860867	0.0679099246389857	72.0	6.0	20.0	0.3967460238079361	0.5414583333333334	0.007684031523594681	-0.00832294523743872	0.8926455131323993	2.5790691357091258
seed2	moderately_unequal	conditional_null	2.0	building_equal	cv_standardized	300	199	0.05	0.03053164062934728	0.08084703347274415	0.5225	0.5043504695018578	0.1864131658402344	72.0	6.0	20.0	0.3967460238079361	0.5414583333333334	0.007684031523594681	-0.00832294523743872	0.8926455131323993	2.5790691357091258
seed2	moderately_unequal	conditional_null	2.0	sqrt_rooms	profile	300	199	0.05333333333333334	0.03309191251909646	0.08486914177483133	0.5275000000000001	0.5010676957363177	0.06217538997467166	72.0	6.0	20.0	0.3967460238079361	0.5414583333333334	0.007684031523594681	-0.00832294523743872	0.8926455131323993	2.5790691357091258
seed2	moderately_unequal	conditional_null	2.0	sqrt_rooms	mantel	300	199	0.07333333333333333	0.04892399383922859	0.10853134160571733	0.51	0.5010676957363177	0.06217538997467166	72.0	6.0	20.0	0.3967460238079361	0.5414583333333334	0.007684031523594681	-0.00832294523743872	0.8926455131323993	2.5790691357091258
seed2	moderately_unequal	conditional_null	2.0	sqrt_rooms	nested_max	300	199	0.056666666666666664	0.03567747646328951	0.08886595802247463	0.52	0.5010676957363177	0.06217538997467166	72.0	6.0	20.0	0.3967460238079361	0.5414583333333334	0.007684031523594681	-0.00832294523743872	0.8926455131323993	2.5790691357091258
seed2	moderately_unequal	conditional_null	2.0	sqrt_rooms	standardized_max	300	199	0.07666666666666666	0.051627611786607464	0.1124101038501748	0.5075000000000001	0.5010676957363177	0.06217538997467166	72.0	6.0	20.0	0.3967460238079361	0.5414583333333334	0.007684031523594681	-0.00832294523743872	0.8926455131323993	2.5790691357091258
seed2	moderately_unequal	conditional_null	2.0	sqrt_rooms	cv_retrained	300	199	0.06	0.038286369524692054	0.09283944515290843	0.535	0.5010676957363177	0.06217538997467166	72.0	6.0	20.0	0.3967460238079361	0.5414583333333334	0.007684031523594681	-0.00832294523743872	0.8926455131323993	2.5790691357091258
seed2	moderately_unequal	conditional_null	2.0	sqrt_rooms	cv_standardized	300	199	0.05	0.03053164062934728	0.08084703347274415	0.51	0.5050022716653397	0.18107928039438204	72.0	6.0	20.0	0.3967460238079361	0.5414583333333334	0.007684031523594681	-0.00832294523743872	0.8926455131323993	2.5790691357091258
seed2	moderately_unequal	conditional_null	2.0	room_equal	profile	300	199	0.05333333333333334	0.03309191251909646	0.08486914177483133	0.5275000000000001	0.5015437975456144	0.05803378227305596	72.0	6.0	20.0	0.3967460238079361	0.5414583333333334	0.007684031523594681	-0.00832294523743872	0.8926455131323993	2.5790691357091258
seed2	moderately_unequal	conditional_null	2.0	room_equal	mantel	300	199	0.07333333333333333	0.04892399383922859	0.10853134160571733	0.51	0.5015437975456144	0.05803378227305596	72.0	6.0	20.0	0.3967460238079361	0.5414583333333334	0.007684031523594681	-0.00832294523743872	0.8926455131323993	2.5790691357091258
seed2	moderately_unequal	conditional_null	2.0	room_equal	nested_max	300	199	0.056666666666666664	0.03567747646328951	0.08886595802247463	0.52	0.5015437975456144	0.05803378227305596	72.0	6.0	20.0	0.3967460238079361	0.5414583333333334	0.007684031523594681	-0.00832294523743872	0.8926455131323993	2.5790691357091258
seed2	moderately_unequal	conditional_null	2.0	room_equal	standardized_max	300	199	0.07666666666666666	0.051627611786607464	0.1124101038501748	0.5075000000000001	0.5015437975456144	0.05803378227305596	72.0	6.0	20.0	0.3967460238079361	0.5414583333333334	0.007684031523594681	-0.00832294523743872	0.8926455131323993	2.5790691357091258
seed2	moderately_unequal	conditional_null	2.0	room_equal	cv_retrained	300	199	0.07	0.046236944827176336	0.10463601042593323	0.53	0.5015437975456144	0.05803378227305596	72.0	6.0	20.0	0.3967460238079361	0.5414583333333334	0.007684031523594681	-0.00832294523743872	0.8926455131323993	2.5790691357091258
seed2	moderately_unequal	conditional_null	2.0	room_equal	cv_standardized	300	199	0.06333333333333334	0.040916882383915276	0.09679131248552161	0.505	0.5064764000864789	0.17788199201073612	72.0	6.0	20.0	0.3967460238079361	0.5414583333333334	0.007684031523594681	-0.00832294523743872	0.8926455131323993	2.5790691357091258
seed2	moderately_unequal	conditional_null	4.0	building_equal	profile	300	199	0.05333333333333334	0.03309191251909646	0.08486914177483133	0.5275000000000001	0.5020545963334544	0.12804473328809493	72.0	6.0	20.0	0.3967460238079361	0.5414583333333334	0.007684031523594681	-0.00832294523743872	0.8926455131323993	2.5790691357091258
seed2	moderately_unequal	conditional_null	4.0	building_equal	mantel	300	199	0.07333333333333333	0.04892399383922859	0.10853134160571733	0.51	0.5020545963334544	0.12804473328809493	72.0	6.0	20.0	0.3967460238079361	0.5414583333333334	0.007684031523594681	-0.00832294523743872	0.8926455131323993	2.5790691357091258
seed2	moderately_unequal	conditional_null	4.0	building_equal	nested_max	300	199	0.056666666666666664	0.03567747646328951	0.08886595802247463	0.52	0.5020545963334544	0.12804473328809493	72.0	6.0	20.0	0.3967460238079361	0.5414583333333334	0.007684031523594681	-0.00832294523743872	0.8926455131323993	2.5790691357091258
seed2	moderately_unequal	conditional_null	4.0	building_equal	standardized_max	300	199	0.07666666666666666	0.051627611786607464	0.1124101038501748	0.5075000000000001	0.5020545963334544	0.12804473328809493	72.0	6.0	20.0	0.3967460238079361	0.5414583333333334	0.007684031523594681	-0.00832294523743872	0.8926455131323993	2.5790691357091258
seed2	moderately_unequal	conditional_null	4.0	building_equal	cv_retrained	300	199	0.05333333333333334	0.03309191251909646	0.08486914177483133	0.535	0.5020545963334544	0.12804473328809493	72.0	6.0	20.0	0.3967460238079361	0.5414583333333334	0.007684031523594681	-0.00832294523743872	0.8926455131323993	2.5790691357091258
seed2	moderately_unequal	conditional_null	4.0	building_equal	cv_standardized	300	199	0.05	0.03053164062934728	0.08084703347274415	0.5475000000000001	0.5141378404132432	0.2808896916503428	72.0	6.0	20.0	0.3967460238079361	0.5414583333333334	0.007684031523594681	-0.00832294523743872	0.8926455131323993	2.5790691357091258
seed2	moderately_unequal	conditional_null	4.0	sqrt_rooms	profile	300	199	0.05333333333333334	0.03309191251909646	0.08486914177483133	0.5275000000000001	0.502468467388035	0.11842982774773705	72.0	6.0	20.0	0.3967460238079361	0.5414583333333334	0.007684031523594681	-0.00832294523743872	0.8926455131323993	2.5790691357091258
seed2	moderately_unequal	conditional_null	4.0	sqrt_rooms	mantel	300	199	0.07333333333333333	0.04892399383922859	0.10853134160571733	0.51	0.502468467388035	0.11842982774773705	72.0	6.0	20.0	0.3967460238079361	0.5414583333333334	0.007684031523594681	-0.00832294523743872	0.8926455131323993	2.5790691357091258
seed2	moderately_unequal	conditional_null	4.0	sqrt_rooms	nested_max	300	199	0.056666666666666664	0.03567747646328951	0.08886595802247463	0.52	0.502468467388035	0.11842982774773705	72.0	6.0	20.0	0.3967460238079361	0.5414583333333334	0.007684031523594681	-0.00832294523743872	0.8926455131323993	2.5790691357091258
seed2	moderately_unequal	conditional_null	4.0	sqrt_rooms	standardized_max	300	199	0.07666666666666666	0.051627611786607464	0.1124101038501748	0.5075000000000001	0.502468467388035	0.11842982774773705	72.0	6.0	20.0	0.3967460238079361	0.5414583333333334	0.007684031523594681	-0.00832294523743872	0.8926455131323993	2.5790691357091258
seed2	moderately_unequal	conditional_null	4.0	sqrt_rooms	cv_retrained	300	199	0.06666666666666667	0.043567515545158274	0.10072305951611496	0.545	0.502468467388035	0.11842982774773705	72.0	6.0	20.0	0.3967460238079361	0.5414583333333334	0.007684031523594681	-0.00832294523743872	0.8926455131323993	2.5790691357091258
seed2	moderately_unequal	conditional_null	4.0	sqrt_rooms	cv_standardized	300	199	0.04666666666666667	0.027998933682334012	0.07679736022792105	0.5225	0.5136991855210308	0.2759705907739736	72.0	6.0	20.0	0.3967460238079361	0.5414583333333334	0.007684031523594681	-0.00832294523743872	0.8926455131323993	2.5790691357091258
seed2	moderately_unequal	conditional_null	4.0	room_equal	profile	300	199	0.05333333333333334	0.03309191251909646	0.08486914177483133	0.5275000000000001	0.5031822323929346	0.11121998370051568	72.0	6.0	20.0	0.3967460238079361	0.5414583333333334	0.007684031523594681	-0.00832294523743872	0.8926455131323993	2.5790691357091258
seed2	moderately_unequal	conditional_null	4.0	room_equal	mantel	300	199	0.07333333333333333	0.04892399383922859	0.10853134160571733	0.51	0.5031822323929346	0.11121998370051568	72.0	6.0	20.0	0.3967460238079361	0.5414583333333334	0.007684031523594681	-0.00832294523743872	0.8926455131323993	2.5790691357091258
seed2	moderately_unequal	conditional_null	4.0	room_equal	nested_max	300	199	0.056666666666666664	0.03567747646328951	0.08886595802247463	0.52	0.5031822323929346	0.11121998370051568	72.0	6.0	20.0	0.3967460238079361	0.5414583333333334	0.007684031523594681	-0.00832294523743872	0.8926455131323993	2.5790691357091258
seed2	moderately_unequal	conditional_null	4.0	room_equal	standardized_max	300	199	0.07666666666666666	0.051627611786607464	0.1124101038501748	0.5075000000000001	0.5031822323929346	0.11121998370051568	72.0	6.0	20.0	0.3967460238079361	0.5414583333333334	0.007684031523594681	-0.00832294523743872	0.8926455131323993	2.5790691357091258
seed2	moderately_unequal	conditional_null	4.0	room_equal	cv_retrained	300	199	0.07666666666666666	0.051627611786607464	0.1124101038501748	0.5275000000000001	0.5031822323929346	0.11121998370051568	72.0	6.0	20.0	0.3967460238079361	0.5414583333333334	0.007684031523594681	-0.00832294523743872	0.8926455131323993	2.5790691357091258
seed2	moderately_unequal	conditional_null	4.0	room_equal	cv_standardized	300	199	0.04666666666666667	0.027998933682334012	0.07679736022792105	0.5125	0.5155712363861336	0.2705189924232663	72.0	6.0	20.0	0.3967460238079361	0.5414583333333334	0.007684031523594681	-0.00832294523743872	0.8926455131323993	2.5790691357091258
seed2	moderately_unequal	conditional_null	8.0	building_equal	profile	300	199	0.05333333333333334	0.03309191251909646	0.08486914177483133	0.5275000000000001	0.5067602900705359	0.21616893172610976	72.0	6.0	20.0	0.3967460238079361	0.5414583333333334	0.007684031523594681	-0.00832294523743872	0.8926455131323993	2.5790691357091258
seed2	moderately_unequal	conditional_null	8.0	building_equal	mantel	300	199	0.07333333333333333	0.04892399383922859	0.10853134160571733	0.51	0.5067602900705359	0.21616893172610976	72.0	6.0	20.0	0.3967460238079361	0.5414583333333334	0.007684031523594681	-0.00832294523743872	0.8926455131323993	2.5790691357091258
seed2	moderately_unequal	conditional_null	8.0	building_equal	nested_max	300	199	0.056666666666666664	0.03567747646328951	0.08886595802247463	0.52	0.5067602900705359	0.21616893172610976	72.0	6.0	20.0	0.3967460238079361	0.5414583333333334	0.007684031523594681	-0.00832294523743872	0.8926455131323993	2.5790691357091258
seed2	moderately_unequal	conditional_null	8.0	building_equal	standardized_max	300	199	0.07666666666666666	0.051627611786607464	0.1124101038501748	0.5075000000000001	0.5067602900705359	0.21616893172610976	72.0	6.0	20.0	0.3967460238079361	0.5414583333333334	0.007684031523594681	-0.00832294523743872	0.8926455131323993	2.5790691357091258
seed2	moderately_unequal	conditional_null	8.0	building_equal	cv_retrained	300	199	0.056666666666666664	0.03567747646328951	0.08886595802247463	0.5475000000000001	0.5067602900705359	0.21616893172610976	72.0	6.0	20.0	0.3967460238079361	0.5414583333333334	0.007684031523594681	-0.00832294523743872	0.8926455131323993	2.5790691357091258
seed2	moderately_unequal	conditional_null	8.0	building_equal	cv_standardized	300	199	0.05333333333333334	0.03309191251909646	0.08486914177483133	0.5425	0.525845722758622	0.3515187427920831	72.0	6.0	20.0	0.3967460238079361	0.5414583333333334	0.007684031523594681	-0.00832294523743872	0.8926455131323993	2.5790691357091258
seed2	moderately_unequal	conditional_null	8.0	sqrt_rooms	profile	300	199	0.05333333333333334	0.03309191251909646	0.08486914177483133	0.5275000000000001	0.5059584805588007	0.2044953171011491	72.0	6.0	20.0	0.3967460238079361	0.5414583333333334	0.007684031523594681	-0.00832294523743872	0.8926455131323993	2.5790691357091258
seed2	moderately_unequal	conditional_null	8.0	sqrt_rooms	mantel	300	199	0.07333333333333333	0.04892399383922859	0.10853134160571733	0.51	0.5059584805588007	0.2044953171011491	72.0	6.0	20.0	0.3967460238079361	0.5414583333333334	0.007684031523594681	-0.00832294523743872	0.8926455131323993	2.5790691357091258
seed2	moderately_unequal	conditional_null	8.0	sqrt_rooms	nested_max	300	199	0.056666666666666664	0.03567747646328951	0.08886595802247463	0.52	0.5059584805588007	0.2044953171011491	72.0	6.0	20.0	0.3967460238079361	0.5414583333333334	0.007684031523594681	-0.00832294523743872	0.8926455131323993	2.5790691357091258
seed2	moderately_unequal	conditional_null	8.0	sqrt_rooms	standardized_max	300	199	0.07666666666666666	0.051627611786607464	0.1124101038501748	0.5075000000000001	0.5059584805588007	0.2044953171011491	72.0	6.0	20.0	0.3967460238079361	0.5414583333333334	0.007684031523594681	-0.00832294523743872	0.8926455131323993	2.5790691357091258
seed2	moderately_unequal	conditional_null	8.0	sqrt_rooms	cv_retrained	300	199	0.06666666666666667	0.043567515545158274	0.10072305951611496	0.535	0.5059584805588007	0.2044953171011491	72.0	6.0	20.0	0.3967460238079361	0.5414583333333334	0.007684031523594681	-0.00832294523743872	0.8926455131323993	2.5790691357091258
seed2	moderately_unequal	conditional_null	8.0	sqrt_rooms	cv_standardized	300	199	0.04666666666666667	0.027998933682334012	0.07679736022792105	0.535	0.5241777108164639	0.3479769611940085	72.0	6.0	20.0	0.3967460238079361	0.5414583333333334	0.007684031523594681	-0.00832294523743872	0.8926455131323993	2.5790691357091258
seed2	moderately_unequal	conditional_null	8.0	room_equal	profile	300	199	0.05333333333333334	0.03309191251909646	0.08486914177483133	0.5275000000000001	0.5063977242457418	0.1948388980087469	72.0	6.0	20.0	0.3967460238079361	0.5414583333333334	0.007684031523594681	-0.00832294523743872	0.8926455131323993	2.5790691357091258
seed2	moderately_unequal	conditional_null	8.0	room_equal	mantel	300	199	0.07333333333333333	0.04892399383922859	0.10853134160571733	0.51	0.5063977242457418	0.1948388980087469	72.0	6.0	20.0	0.3967460238079361	0.5414583333333334	0.007684031523594681	-0.00832294523743872	0.8926455131323993	2.5790691357091258
seed2	moderately_unequal	conditional_null	8.0	room_equal	nested_max	300	199	0.056666666666666664	0.03567747646328951	0.08886595802247463	0.52	0.5063977242457418	0.1948388980087469	72.0	6.0	20.0	0.3967460238079361	0.5414583333333334	0.007684031523594681	-0.00832294523743872	0.8926455131323993	2.5790691357091258
seed2	moderately_unequal	conditional_null	8.0	room_equal	standardized_max	300	199	0.07666666666666666	0.051627611786607464	0.1124101038501748	0.5075000000000001	0.5063977242457418	0.1948388980087469	72.0	6.0	20.0	0.3967460238079361	0.5414583333333334	0.007684031523594681	-0.00832294523743872	0.8926455131323993	2.5790691357091258
seed2	moderately_unequal	conditional_null	8.0	room_equal	cv_retrained	300	199	0.08	0.054346855395144764	0.11627324043347391	0.53	0.5063977242457418	0.1948388980087469	72.0	6.0	20.0	0.3967460238079361	0.5414583333333334	0.007684031523594681	-0.00832294523743872	0.8926455131323993	2.5790691357091258
seed2	moderately_unequal	conditional_null	8.0	room_equal	cv_standardized	300	199	0.043333333333333335	0.025496448084407246	0.07271746563401146	0.5225	0.5257531303317159	0.34092321306712514	72.0	6.0	20.0	0.3967460238079361	0.5414583333333334	0.007684031523594681	-0.00832294523743872	0.8926455131323993	2.5790691357091258
seed2	moderately_unequal	conditional_null	16.0	building_equal	profile	300	199	0.05333333333333334	0.03309191251909646	0.08486914177483133	0.5275000000000001	0.5149577003564026	0.30544789566768	72.0	6.0	20.0	0.3967460238079361	0.5414583333333334	0.007684031523594681	-0.00832294523743872	0.8926455131323993	2.5790691357091258
seed2	moderately_unequal	conditional_null	16.0	building_equal	mantel	300	199	0.07333333333333333	0.04892399383922859	0.10853134160571733	0.51	0.5149577003564026	0.30544789566768	72.0	6.0	20.0	0.3967460238079361	0.5414583333333334	0.007684031523594681	-0.00832294523743872	0.8926455131323993	2.5790691357091258
seed2	moderately_unequal	conditional_null	16.0	building_equal	nested_max	300	199	0.056666666666666664	0.03567747646328951	0.08886595802247463	0.52	0.5149577003564026	0.30544789566768	72.0	6.0	20.0	0.3967460238079361	0.5414583333333334	0.007684031523594681	-0.00832294523743872	0.8926455131323993	2.5790691357091258
seed2	moderately_unequal	conditional_null	16.0	building_equal	standardized_max	300	199	0.07666666666666666	0.051627611786607464	0.1124101038501748	0.5075000000000001	0.5149577003564026	0.30544789566768	72.0	6.0	20.0	0.3967460238079361	0.5414583333333334	0.007684031523594681	-0.00832294523743872	0.8926455131323993	2.5790691357091258
seed2	moderately_unequal	conditional_null	16.0	building_equal	cv_retrained	300	199	0.056666666666666664	0.03567747646328951	0.08886595802247463	0.5425	0.5149577003564026	0.30544789566768	72.0	6.0	20.0	0.3967460238079361	0.5414583333333334	0.007684031523594681	-0.00832294523743872	0.8926455131323993	2.5790691357091258
seed2	moderately_unequal	conditional_null	16.0	building_equal	cv_standardized	300	199	0.05	0.03053164062934728	0.08084703347274415	0.5225	0.5331582372719708	0.38566059155471727	72.0	6.0	20.0	0.3967460238079361	0.5414583333333334	0.007684031523594681	-0.00832294523743872	0.8926455131323993	2.5790691357091258
seed2	moderately_unequal	conditional_null	16.0	sqrt_rooms	profile	300	199	0.05333333333333334	0.03309191251909646	0.08486914177483133	0.5275000000000001	0.5112572625288851	0.29693654404887276	72.0	6.0	20.0	0.3967460238079361	0.5414583333333334	0.007684031523594681	-0.00832294523743872	0.8926455131323993	2.5790691357091258
seed2	moderately_unequal	conditional_null	16.0	sqrt_rooms	mantel	300	199	0.07333333333333333	0.04892399383922859	0.10853134160571733	0.51	0.5112572625288851	0.29693654404887276	72.0	6.0	20.0	0.3967460238079361	0.5414583333333334	0.007684031523594681	-0.00832294523743872	0.8926455131323993	2.5790691357091258
seed2	moderately_unequal	conditional_null	16.0	sqrt_rooms	nested_max	300	199	0.056666666666666664	0.03567747646328951	0.08886595802247463	0.52	0.5112572625288851	0.29693654404887276	72.0	6.0	20.0	0.3967460238079361	0.5414583333333334	0.007684031523594681	-0.00832294523743872	0.8926455131323993	2.5790691357091258
seed2	moderately_unequal	conditional_null	16.0	sqrt_rooms	standardized_max	300	199	0.07666666666666666	0.051627611786607464	0.1124101038501748	0.5075000000000001	0.5112572625288851	0.29693654404887276	72.0	6.0	20.0	0.3967460238079361	0.5414583333333334	0.007684031523594681	-0.00832294523743872	0.8926455131323993	2.5790691357091258
seed2	moderately_unequal	conditional_null	16.0	sqrt_rooms	cv_retrained	300	199	0.06666666666666667	0.043567515545158274	0.10072305951611496	0.55	0.5112572625288851	0.29693654404887276	72.0	6.0	20.0	0.3967460238079361	0.5414583333333334	0.007684031523594681	-0.00832294523743872	0.8926455131323993	2.5790691357091258
seed2	moderately_unequal	conditional_null	16.0	sqrt_rooms	cv_standardized	300	199	0.05	0.03053164062934728	0.08084703347274415	0.54	0.5304183937817526	0.3829158685966473	72.0	6.0	20.0	0.3967460238079361	0.5414583333333334	0.007684031523594681	-0.00832294523743872	0.8926455131323993	2.5790691357091258
seed2	moderately_unequal	conditional_null	16.0	room_equal	profile	300	199	0.05333333333333334	0.03309191251909646	0.08486914177483133	0.5275000000000001	0.51026266325519	0.28823425018293214	72.0	6.0	20.0	0.3967460238079361	0.5414583333333334	0.007684031523594681	-0.00832294523743872	0.8926455131323993	2.5790691357091258
seed2	moderately_unequal	conditional_null	16.0	room_equal	mantel	300	199	0.07333333333333333	0.04892399383922859	0.10853134160571733	0.51	0.51026266325519	0.28823425018293214	72.0	6.0	20.0	0.3967460238079361	0.5414583333333334	0.007684031523594681	-0.00832294523743872	0.8926455131323993	2.5790691357091258
seed2	moderately_unequal	conditional_null	16.0	room_equal	nested_max	300	199	0.056666666666666664	0.03567747646328951	0.08886595802247463	0.52	0.51026266325519	0.28823425018293214	72.0	6.0	20.0	0.3967460238079361	0.5414583333333334	0.007684031523594681	-0.00832294523743872	0.8926455131323993	2.5790691357091258
seed2	moderately_unequal	conditional_null	16.0	room_equal	standardized_max	300	199	0.07666666666666666	0.051627611786607464	0.1124101038501748	0.5075000000000001	0.51026266325519	0.28823425018293214	72.0	6.0	20.0	0.3967460238079361	0.5414583333333334	0.007684031523594681	-0.00832294523743872	0.8926455131323993	2.5790691357091258
seed2	moderately_unequal	conditional_null	16.0	room_equal	cv_retrained	300	199	0.07333333333333333	0.04892399383922859	0.10853134160571733	0.5425	0.51026266325519	0.28823425018293214	72.0	6.0	20.0	0.3967460238079361	0.5414583333333334	0.007684031523594681	-0.00832294523743872	0.8926455131323993	2.5790691357091258
seed2	moderately_unequal	conditional_null	16.0	room_equal	cv_standardized	300	199	0.04	0.023027321487942308	0.06860421203864003	0.53	0.5316480025267065	0.375151750871832	72.0	6.0	20.0	0.3967460238079361	0.5414583333333334	0.007684031523594681	-0.00832294523743872	0.8926455131323993	2.5790691357091258
seed2	moderately_unequal	radial_node_size_only	0.0	building_equal	profile	300	199	0.7366666666666667	0.6840604965627417	0.7832884970576399	0.015	0.4999999999999999	5.551115123125783e-17	72.0	6.0	20.0	0.3967460238079361	0.5034259259259259	0.6562653087782354	0.003298099984443075	0.0	1.0
seed2	moderately_unequal	radial_node_size_only	0.0	building_equal	mantel	300	199	0.6733333333333333	0.6183622089237593	0.7239215610517313	0.025	0.4999999999999999	5.551115123125783e-17	72.0	6.0	20.0	0.3967460238079361	0.5034259259259259	0.6562653087782354	0.003298099984443075	0.0	1.0
seed2	moderately_unequal	radial_node_size_only	0.0	building_equal	nested_max	300	199	0.7366666666666667	0.6840604965627417	0.7832884970576399	0.015	0.4999999999999999	5.551115123125783e-17	72.0	6.0	20.0	0.3967460238079361	0.5034259259259259	0.6562653087782354	0.003298099984443075	0.0	1.0
seed2	moderately_unequal	radial_node_size_only	0.0	building_equal	standardized_max	300	199	0.7033333333333334	0.6493365822398648	0.7521886094621532	0.02	0.4999999999999999	5.551115123125783e-17	72.0	6.0	20.0	0.3967460238079361	0.5034259259259259	0.6562653087782354	0.003298099984443075	0.0	1.0
seed2	moderately_unequal	radial_node_size_only	0.0	building_equal	cv_retrained	300	199	0.56	0.503422038437878	0.6150608050151765	0.035	0.4999999999999999	5.551115123125783e-17	72.0	6.0	20.0	0.3967460238079361	0.5034259259259259	0.6562653087782354	0.003298099984443075	0.0	1.0
seed2	moderately_unequal	radial_node_size_only	0.0	building_equal	cv_standardized	300	199	0.5933333333333334	0.5369084052348393	0.6473982401365789	0.025	0.4999999999999999	5.551115123125783e-17	72.0	6.0	20.0	0.3967460238079361	0.5034259259259259	0.6562653087782354	0.003298099984443075	0.0	1.0
seed2	moderately_unequal	radial_node_size_only	0.0	sqrt_rooms	profile	300	199	0.7366666666666667	0.6840604965627417	0.7832884970576399	0.015	0.5	0.0	72.0	6.0	20.0	0.3967460238079361	0.5034259259259259	0.6562653087782354	0.003298099984443075	0.0	1.0
seed2	moderately_unequal	radial_node_size_only	0.0	sqrt_rooms	mantel	300	199	0.6733333333333333	0.6183622089237593	0.7239215610517313	0.025	0.5	0.0	72.0	6.0	20.0	0.3967460238079361	0.5034259259259259	0.6562653087782354	0.003298099984443075	0.0	1.0
seed2	moderately_unequal	radial_node_size_only	0.0	sqrt_rooms	nested_max	300	199	0.7366666666666667	0.6840604965627417	0.7832884970576399	0.015	0.5	0.0	72.0	6.0	20.0	0.3967460238079361	0.5034259259259259	0.6562653087782354	0.003298099984443075	0.0	1.0
seed2	moderately_unequal	radial_node_size_only	0.0	sqrt_rooms	standardized_max	300	199	0.7033333333333334	0.6493365822398648	0.7521886094621532	0.02	0.5	0.0	72.0	6.0	20.0	0.3967460238079361	0.5034259259259259	0.6562653087782354	0.003298099984443075	0.0	1.0
seed2	moderately_unequal	radial_node_size_only	0.0	sqrt_rooms	cv_retrained	300	199	0.62	0.5638844388564824	0.6730812480496265	0.025	0.5	0.0	72.0	6.0	20.0	0.3967460238079361	0.5034259259259259	0.6562653087782354	0.003298099984443075	0.0	1.0
seed2	moderately_unequal	radial_node_size_only	0.0	sqrt_rooms	cv_standardized	300	199	0.63	0.5740445552913591	0.6826682721902588	0.025	0.5	0.0	72.0	6.0	20.0	0.3967460238079361	0.5034259259259259	0.6562653087782354	0.003298099984443075	0.0	1.0
seed2	moderately_unequal	radial_node_size_only	0.0	room_equal	profile	300	199	0.7366666666666667	0.6840604965627417	0.7832884970576399	0.015	0.5	0.0	72.0	6.0	20.0	0.3967460238079361	0.5034259259259259	0.6562653087782354	0.003298099984443075	0.0	1.0
seed2	moderately_unequal	radial_node_size_only	0.0	room_equal	mantel	300	199	0.6733333333333333	0.6183622089237593	0.7239215610517313	0.025	0.5	0.0	72.0	6.0	20.0	0.3967460238079361	0.5034259259259259	0.6562653087782354	0.003298099984443075	0.0	1.0
seed2	moderately_unequal	radial_node_size_only	0.0	room_equal	nested_max	300	199	0.7366666666666667	0.6840604965627417	0.7832884970576399	0.015	0.5	0.0	72.0	6.0	20.0	0.3967460238079361	0.5034259259259259	0.6562653087782354	0.003298099984443075	0.0	1.0
seed2	moderately_unequal	radial_node_size_only	0.0	room_equal	standardized_max	300	199	0.7033333333333334	0.6493365822398648	0.7521886094621532	0.02	0.5	0.0	72.0	6.0	20.0	0.3967460238079361	0.5034259259259259	0.6562653087782354	0.003298099984443075	0.0	1.0
seed2	moderately_unequal	radial_node_size_only	0.0	room_equal	cv_retrained	300	199	0.67	0.6149358533991501	0.7207655363845044	0.02	0.5	0.0	72.0	6.0	20.0	0.3967460238079361	0.5034259259259259	0.6562653087782354	0.003298099984443075	0.0	1.0
seed2	moderately_unequal	radial_node_size_only	0.0	room_equal	cv_standardized	300	199	0.62	0.5638844388564824	0.6730812480496265	0.025	0.5	0.0	72.0	6.0	20.0	0.3967460238079361	0.5034259259259259	0.6562653087782354	0.003298099984443075	0.0	1.0
seed2	moderately_unequal	radial_node_size_only	0.1	building_equal	profile	300	199	0.7366666666666667	0.6840604965627417	0.7832884970576399	0.015	0.5032699529486454	0.002498728144919245	72.0	6.0	20.0	0.3967460238079361	0.5034259259259259	0.6562653087782354	0.003298099984443075	0.0	1.0
seed2	moderately_unequal	radial_node_size_only	0.1	building_equal	mantel	300	199	0.6733333333333333	0.6183622089237593	0.7239215610517313	0.025	0.5032699529486454	0.002498728144919245	72.0	6.0	20.0	0.3967460238079361	0.5034259259259259	0.6562653087782354	0.003298099984443075	0.0	1.0
seed2	moderately_unequal	radial_node_size_only	0.1	building_equal	nested_max	300	199	0.7366666666666667	0.6840604965627417	0.7832884970576399	0.015	0.5032699529486454	0.002498728144919245	72.0	6.0	20.0	0.3967460238079361	0.5034259259259259	0.6562653087782354	0.003298099984443075	0.0	1.0
seed2	moderately_unequal	radial_node_size_only	0.1	building_equal	standardized_max	300	199	0.7033333333333334	0.6493365822398648	0.7521886094621532	0.02	0.5032699529486454	0.002498728144919245	72.0	6.0	20.0	0.3967460238079361	0.5034259259259259	0.6562653087782354	0.003298099984443075	0.0	1.0
seed2	moderately_unequal	radial_node_size_only	0.1	building_equal	cv_retrained	300	199	0.5633333333333334	0.5067592167427277	0.6183060069021631	0.035	0.5032699529486454	0.002498728144919245	72.0	6.0	20.0	0.3967460238079361	0.5034259259259259	0.6562653087782354	0.003298099984443075	0.0	1.0
seed2	moderately_unequal	radial_node_size_only	0.1	building_equal	cv_standardized	300	199	0.6	0.5436365963411878	0.653834809413903	0.025	0.5037025327544516	0.008347896524309225	72.0	6.0	20.0	0.3967460238079361	0.5034259259259259	0.6562653087782354	0.003298099984443075	0.0	1.0
seed2	moderately_unequal	radial_node_size_only	0.1	sqrt_rooms	profile	300	199	0.7366666666666667	0.6840604965627417	0.7832884970576399	0.015	0.5032801043718581	0.002268648299685853	72.0	6.0	20.0	0.3967460238079361	0.5034259259259259	0.6562653087782354	0.003298099984443075	0.0	1.0
seed2	moderately_unequal	radial_node_size_only	0.1	sqrt_rooms	mantel	300	199	0.6733333333333333	0.6183622089237593	0.7239215610517313	0.025	0.5032801043718581	0.002268648299685853	72.0	6.0	20.0	0.3967460238079361	0.5034259259259259	0.6562653087782354	0.003298099984443075	0.0	1.0
seed2	moderately_unequal	radial_node_size_only	0.1	sqrt_rooms	nested_max	300	199	0.7366666666666667	0.6840604965627417	0.7832884970576399	0.015	0.5032801043718581	0.002268648299685853	72.0	6.0	20.0	0.3967460238079361	0.5034259259259259	0.6562653087782354	0.003298099984443075	0.0	1.0
seed2	moderately_unequal	radial_node_size_only	0.1	sqrt_rooms	standardized_max	300	199	0.7033333333333334	0.6493365822398648	0.7521886094621532	0.02	0.5032801043718581	0.002268648299685853	72.0	6.0	20.0	0.3967460238079361	0.5034259259259259	0.6562653087782354	0.003298099984443075	0.0	1.0
seed2	moderately_unequal	radial_node_size_only	0.1	sqrt_rooms	cv_retrained	300	199	0.6133333333333333	0.5571245198072374	0.6666764067151987	0.025	0.5032801043718581	0.002268648299685853	72.0	6.0	20.0	0.3967460238079361	0.5034259259259259	0.6562653087782354	0.003298099984443075	0.0	1.0
seed2	moderately_unequal	radial_node_size_only	0.1	sqrt_rooms	cv_standardized	300	199	0.6333333333333333	0.5774367141816825	0.6858584934917717	0.025	0.5035743775808292	0.008185333150761738	72.0	6.0	20.0	0.3967460238079361	0.5034259259259259	0.6562653087782354	0.003298099984443075	0.0	1.0
seed2	moderately_unequal	radial_node_size_only	0.1	room_equal	profile	300	199	0.7366666666666667	0.6840604965627417	0.7832884970576399	0.015	0.5032899788420658	0.002106679577680629	72.0	6.0	20.0	0.3967460238079361	0.5034259259259259	0.6562653087782354	0.003298099984443075	0.0	1.0
seed2	moderately_unequal	radial_node_size_only	0.1	room_equal	mantel	300	199	0.6733333333333333	0.6183622089237593	0.7239215610517313	0.025	0.5032899788420658	0.002106679577680629	72.0	6.0	20.0	0.3967460238079361	0.5034259259259259	0.6562653087782354	0.003298099984443075	0.0	1.0
seed2	moderately_unequal	radial_node_size_only	0.1	room_equal	nested_max	300	199	0.7366666666666667	0.6840604965627417	0.7832884970576399	0.015	0.5032899788420658	0.002106679577680629	72.0	6.0	20.0	0.3967460238079361	0.5034259259259259	0.6562653087782354	0.003298099984443075	0.0	1.0
seed2	moderately_unequal	radial_node_size_only	0.1	room_equal	standardized_max	300	199	0.7033333333333334	0.6493365822398648	0.7521886094621532	0.02	0.5032899788420658	0.002106679577680629	72.0	6.0	20.0	0.3967460238079361	0.5034259259259259	0.6562653087782354	0.003298099984443075	0.0	1.0
seed2	moderately_unequal	radial_node_size_only	0.1	room_equal	cv_retrained	300	199	0.67	0.6149358533991501	0.7207655363845044	0.02	0.5032899788420658	0.002106679577680629	72.0	6.0	20.0	0.3967460238079361	0.5034259259259259	0.6562653087782354	0.003298099984443075	0.0	1.0
seed2	moderately_unequal	radial_node_size_only	0.1	room_equal	cv_standardized	300	199	0.6233333333333333	0.5672684321681708	0.6762796349297745	0.025	0.5034472663553683	0.008207644965854242	72.0	6.0	20.0	0.3967460238079361	0.5034259259259259	0.6562653087782354	0.003298099984443075	0.0	1.0
seed2	moderately_unequal	radial_node_size_only	0.25	building_equal	profile	300	199	0.7366666666666667	0.6840604965627417	0.7832884970576399	0.015	0.5081730202297128	0.006244639584810716	72.0	6.0	20.0	0.3967460238079361	0.5034259259259259	0.6562653087782354	0.003298099984443075	0.0	1.0
seed2	moderately_unequal	radial_node_size_only	0.25	building_equal	mantel	300	199	0.6733333333333333	0.6183622089237593	0.7239215610517313	0.025	0.5081730202297128	0.006244639584810716	72.0	6.0	20.0	0.3967460238079361	0.5034259259259259	0.6562653087782354	0.003298099984443075	0.0	1.0
seed2	moderately_unequal	radial_node_size_only	0.25	building_equal	nested_max	300	199	0.7366666666666667	0.6840604965627417	0.7832884970576399	0.015	0.5081730202297128	0.006244639584810716	72.0	6.0	20.0	0.3967460238079361	0.5034259259259259	0.6562653087782354	0.003298099984443075	0.0	1.0
seed2	moderately_unequal	radial_node_size_only	0.25	building_equal	standardized_max	300	199	0.7033333333333334	0.6493365822398648	0.7521886094621532	0.02	0.5081730202297128	0.006244639584810716	72.0	6.0	20.0	0.3967460238079361	0.5034259259259259	0.6562653087782354	0.003298099984443075	0.0	1.0
seed2	moderately_unequal	radial_node_size_only	0.25	building_equal	cv_retrained	300	199	0.56	0.503422038437878	0.6150608050151765	0.035	0.5081730202297128	0.006244639584810716	72.0	6.0	20.0	0.3967460238079361	0.5034259259259259	0.6562653087782354	0.003298099984443075	0.0	1.0
seed2	moderately_unequal	radial_node_size_only	0.25	building_equal	cv_standardized	300	199	0.6	0.5436365963411878	0.653834809413903	0.025	0.5092430217817095	0.020827682496542703	72.0	6.0	20.0	0.3967460238079361	0.5034259259259259	0.6562653087782354	0.003298099984443075	0.0	1.0
seed2	moderately_unequal	radial_node_size_only	0.25	sqrt_rooms	profile	300	199	0.7366666666666667	0.6840604965627417	0.7832884970576399	0.015	0.5081986023107845	0.005669750644077564	72.0	6.0	20.0	0.3967460238079361	0.5034259259259259	0.6562653087782354	0.003298099984443075	0.0	1.0
seed2	moderately_unequal	radial_node_size_only	0.25	sqrt_rooms	mantel	300	199	0.6733333333333333	0.6183622089237593	0.7239215610517313	0.025	0.5081986023107845	0.005669750644077564	72.0	6.0	20.0	0.3967460238079361	0.5034259259259259	0.6562653087782354	0.003298099984443075	0.0	1.0
seed2	moderately_unequal	radial_node_size_only	0.25	sqrt_rooms	nested_max	300	199	0.7366666666666667	0.6840604965627417	0.7832884970576399	0.015	0.5081986023107845	0.005669750644077564	72.0	6.0	20.0	0.3967460238079361	0.5034259259259259	0.6562653087782354	0.003298099984443075	0.0	1.0
seed2	moderately_unequal	radial_node_size_only	0.25	sqrt_rooms	standardized_max	300	199	0.7033333333333334	0.6493365822398648	0.7521886094621532	0.02	0.5081986023107845	0.005669750644077564	72.0	6.0	20.0	0.3967460238079361	0.5034259259259259	0.6562653087782354	0.003298099984443075	0.0	1.0
seed2	moderately_unequal	radial_node_size_only	0.25	sqrt_rooms	cv_retrained	300	199	0.6166666666666667	0.5605031391673366	0.669880167546936	0.025	0.5081986023107845	0.005669750644077564	72.0	6.0	20.0	0.3967460238079361	0.5034259259259259	0.6562653087782354	0.003298099984443075	0.0	1.0
seed2	moderately_unequal	radial_node_size_only	0.25	sqrt_rooms	cv_standardized	300	199	0.6366666666666667	0.5808316248758691	0.6890459629894217	0.025	0.5089245515251015	0.020422946552340598	72.0	6.0	20.0	0.3967460238079361	0.5034259259259259	0.6562653087782354	0.003298099984443075	0.0	1.0
seed2	moderately_unequal	radial_node_size_only	0.25	room_equal	profile	300	199	0.7366666666666667	0.6840604965627417	0.7832884970576399	0.015	0.5082233989252902	0.005265021253647777	72.0	6.0	20.0	0.3967460238079361	0.5034259259259259	0.6562653087782354	0.003298099984443075	0.0	1.0
seed2	moderately_unequal	radial_node_size_only	0.25	room_equal	mantel	300	199	0.6733333333333333	0.6183622089237593	0.7239215610517313	0.025	0.5082233989252902	0.005265021253647777	72.0	6.0	20.0	0.3967460238079361	0.5034259259259259	0.6562653087782354	0.003298099984443075	0.0	1.0
seed2	moderately_unequal	radial_node_size_only	0.25	room_equal	nested_max	300	199	0.7366666666666667	0.6840604965627417	0.7832884970576399	0.015	0.5082233989252902	0.005265021253647777	72.0	6.0	20.0	0.3967460238079361	0.5034259259259259	0.6562653087782354	0.003298099984443075	0.0	1.0
seed2	moderately_unequal	radial_node_size_only	0.25	room_equal	standardized_max	300	199	0.7033333333333334	0.6493365822398648	0.7521886094621532	0.02	0.5082233989252902	0.005265021253647777	72.0	6.0	20.0	0.3967460238079361	0.5034259259259259	0.6562653087782354	0.003298099984443075	0.0	1.0
seed2	moderately_unequal	radial_node_size_only	0.25	room_equal	cv_retrained	300	199	0.6733333333333333	0.6183622089237593	0.7239215610517313	0.02	0.5082233989252902	0.005265021253647777	72.0	6.0	20.0	0.3967460238079361	0.5034259259259259	0.6562653087782354	0.003298099984443075	0.0	1.0
seed2	moderately_unequal	radial_node_size_only	0.25	room_equal	cv_standardized	300	199	0.6233333333333333	0.5672684321681708	0.6762796349297745	0.025	0.5086081670880265	0.0204758482936663	72.0	6.0	20.0	0.3967460238079361	0.5034259259259259	0.6562653087782354	0.003298099984443075	0.0	1.0
seed2	moderately_unequal	radial_node_size_only	0.5	building_equal	profile	300	199	0.7366666666666667	0.6840604965627417	0.7832884970576399	0.015	0.5163327647537541	0.012473745573684279	72.0	6.0	20.0	0.3967460238079361	0.5034259259259259	0.6562653087782354	0.003298099984443075	0.0	1.0
seed2	moderately_unequal	radial_node_size_only	0.5	building_equal	mantel	300	199	0.6733333333333333	0.6183622089237593	0.7239215610517313	0.025	0.5163327647537541	0.012473745573684279	72.0	6.0	20.0	0.3967460238079361	0.5034259259259259	0.6562653087782354	0.003298099984443075	0.0	1.0
seed2	moderately_unequal	radial_node_size_only	0.5	building_equal	nested_max	300	199	0.7366666666666667	0.6840604965627417	0.7832884970576399	0.015	0.5163327647537541	0.012473745573684279	72.0	6.0	20.0	0.3967460238079361	0.5034259259259259	0.6562653087782354	0.003298099984443075	0.0	1.0
seed2	moderately_unequal	radial_node_size_only	0.5	building_equal	standardized_max	300	199	0.7033333333333334	0.6493365822398648	0.7521886094621532	0.02	0.5163327647537541	0.012473745573684279	72.0	6.0	20.0	0.3967460238079361	0.5034259259259259	0.6562653087782354	0.003298099984443075	0.0	1.0
seed2	moderately_unequal	radial_node_size_only	0.5	building_equal	cv_retrained	300	199	0.56	0.503422038437878	0.6150608050151765	0.035	0.5163327647537541	0.012473745573684279	72.0	6.0	20.0	0.3967460238079361	0.5034259259259259	0.6562653087782354	0.003298099984443075	0.0	1.0
seed2	moderately_unequal	radial_node_size_only	0.5	building_equal	cv_standardized	300	199	0.6	0.5436365963411878	0.653834809413903	0.0275	0.5183920734470892	0.04136032008381387	72.0	6.0	20.0	0.3967460238079361	0.5034259259259259	0.6562653087782354	0.003298099984443075	0.0	1.0
seed2	moderately_unequal	radial_node_size_only	0.5	sqrt_rooms	profile	300	199	0.7366666666666667	0.6840604965627417	0.7832884970576399	0.015	0.5163853772404872	0.011326176685111388	72.0	6.0	20.0	0.3967460238079361	0.5034259259259259	0.6562653087782354	0.003298099984443075	0.0	1.0
seed2	moderately_unequal	radial_node_size_only	0.5	sqrt_rooms	mantel	300	199	0.6733333333333333	0.6183622089237593	0.7239215610517313	0.025	0.5163853772404872	0.011326176685111388	72.0	6.0	20.0	0.3967460238079361	0.5034259259259259	0.6562653087782354	0.003298099984443075	0.0	1.0
seed2	moderately_unequal	radial_node_size_only	0.5	sqrt_rooms	nested_max	300	199	0.7366666666666667	0.6840604965627417	0.7832884970576399	0.015	0.5163853772404872	0.011326176685111388	72.0	6.0	20.0	0.3967460238079361	0.5034259259259259	0.6562653087782354	0.003298099984443075	0.0	1.0
seed2	moderately_unequal	radial_node_size_only	0.5	sqrt_rooms	standardized_max	300	199	0.7033333333333334	0.6493365822398648	0.7521886094621532	0.02	0.5163853772404872	0.011326176685111388	72.0	6.0	20.0	0.3967460238079361	0.5034259259259259	0.6562653087782354	0.003298099984443075	0.0	1.0
seed2	moderately_unequal	radial_node_size_only	0.5	sqrt_rooms	cv_retrained	300	199	0.6233333333333333	0.5672684321681708	0.6762796349297745	0.025	0.5163853772404872	0.011326176685111388	72.0	6.0	20.0	0.3967460238079361	0.5034259259259259	0.6562653087782354	0.003298099984443075	0.0	1.0
seed2	moderately_unequal	radial_node_size_only	0.5	sqrt_rooms	cv_standardized	300	199	0.6366666666666667	0.5808316248758691	0.6890459629894217	0.025	0.517768485820851	0.040562624762334305	72.0	6.0	20.0	0.3967460238079361	0.5034259259259259	0.6562653087782354	0.003298099984443075	0.0	1.0
seed2	moderately_unequal	radial_node_size_only	0.5	room_equal	profile	300	199	0.7366666666666667	0.6840604965627417	0.7832884970576399	0.015	0.5164357566138161	0.010518086411289337	72.0	6.0	20.0	0.3967460238079361	0.5034259259259259	0.6562653087782354	0.003298099984443075	0.0	1.0
seed2	moderately_unequal	radial_node_size_only	0.5	room_equal	mantel	300	199	0.6733333333333333	0.6183622089237593	0.7239215610517313	0.025	0.5164357566138161	0.010518086411289337	72.0	6.0	20.0	0.3967460238079361	0.5034259259259259	0.6562653087782354	0.003298099984443075	0.0	1.0
seed2	moderately_unequal	radial_node_size_only	0.5	room_equal	nested_max	300	199	0.7366666666666667	0.6840604965627417	0.7832884970576399	0.015	0.5164357566138161	0.010518086411289337	72.0	6.0	20.0	0.3967460238079361	0.5034259259259259	0.6562653087782354	0.003298099984443075	0.0	1.0
seed2	moderately_unequal	radial_node_size_only	0.5	room_equal	standardized_max	300	199	0.7033333333333334	0.6493365822398648	0.7521886094621532	0.02	0.5164357566138161	0.010518086411289337	72.0	6.0	20.0	0.3967460238079361	0.5034259259259259	0.6562653087782354	0.003298099984443075	0.0	1.0
seed2	moderately_unequal	radial_node_size_only	0.5	room_equal	cv_retrained	300	199	0.6766666666666666	0.6217915462510746	0.7270746039162523	0.02	0.5164357566138161	0.010518086411289337	72.0	6.0	20.0	0.3967460238079361	0.5034259259259259	0.6562653087782354	0.003298099984443075	0.0	1.0
seed2	moderately_unequal	radial_node_size_only	0.5	room_equal	cv_standardized	300	199	0.6233333333333333	0.5672684321681708	0.6762796349297745	0.025	0.5171452633170343	0.04064927145391796	72.0	6.0	20.0	0.3967460238079361	0.5034259259259259	0.6562653087782354	0.003298099984443075	0.0	1.0
seed2	moderately_unequal	radial_node_size_only	1.0	building_equal	profile	300	199	0.7366666666666667	0.6840604965627417	0.7832884970576399	0.015	0.532560106633488	0.024824559757176963	72.0	6.0	20.0	0.3967460238079361	0.5034259259259259	0.6562653087782354	0.003298099984443075	0.0	1.0
seed2	moderately_unequal	radial_node_size_only	1.0	building_equal	mantel	300	199	0.6733333333333333	0.6183622089237593	0.7239215610517313	0.025	0.532560106633488	0.024824559757176963	72.0	6.0	20.0	0.3967460238079361	0.5034259259259259	0.6562653087782354	0.003298099984443075	0.0	1.0
seed2	moderately_unequal	radial_node_size_only	1.0	building_equal	nested_max	300	199	0.7366666666666667	0.6840604965627417	0.7832884970576399	0.015	0.532560106633488	0.024824559757176963	72.0	6.0	20.0	0.3967460238079361	0.5034259259259259	0.6562653087782354	0.003298099984443075	0.0	1.0
seed2	moderately_unequal	radial_node_size_only	1.0	building_equal	standardized_max	300	199	0.7033333333333334	0.6493365822398648	0.7521886094621532	0.02	0.532560106633488	0.024824559757176963	72.0	6.0	20.0	0.3967460238079361	0.5034259259259259	0.6562653087782354	0.003298099984443075	0.0	1.0
seed2	moderately_unequal	radial_node_size_only	1.0	building_equal	cv_retrained	300	199	0.5566666666666666	0.5000873808268701	0.6118130824343481	0.035	0.532560106633488	0.024824559757176963	72.0	6.0	20.0	0.3967460238079361	0.5034259259259259	0.6562653087782354	0.003298099984443075	0.0	1.0
seed2	moderately_unequal	radial_node_size_only	1.0	building_equal	cv_standardized	300	199	0.6	0.5436365963411878	0.653834809413903	0.03	0.5360648676206498	0.0805138455782184	72.0	6.0	20.0	0.3967460238079361	0.5034259259259259	0.6562653087782354	0.003298099984443075	0.0	1.0
seed2	moderately_unequal	radial_node_size_only	1.0	sqrt_rooms	profile	300	199	0.7366666666666667	0.6840604965627417	0.7832884970576399	0.015	0.5326767516045195	0.022546784405288067	72.0	6.0	20.0	0.3967460238079361	0.5034259259259259	0.6562653087782354	0.003298099984443075	0.0	1.0
seed2	moderately_unequal	radial_node_size_only	1.0	sqrt_rooms	mantel	300	199	0.6733333333333333	0.6183622089237593	0.7239215610517313	0.025	0.5326767516045195	0.022546784405288067	72.0	6.0	20.0	0.3967460238079361	0.5034259259259259	0.6562653087782354	0.003298099984443075	0.0	1.0
seed2	moderately_unequal	radial_node_size_only	1.0	sqrt_rooms	nested_max	300	199	0.7366666666666667	0.6840604965627417	0.7832884970576399	0.015	0.5326767516045195	0.022546784405288067	72.0	6.0	20.0	0.3967460238079361	0.5034259259259259	0.6562653087782354	0.003298099984443075	0.0	1.0
seed2	moderately_unequal	radial_node_size_only	1.0	sqrt_rooms	standardized_max	300	199	0.7033333333333334	0.6493365822398648	0.7521886094621532	0.02	0.5326767516045195	0.022546784405288067	72.0	6.0	20.0	0.3967460238079361	0.5034259259259259	0.6562653087782354	0.003298099984443075	0.0	1.0
seed2	moderately_unequal	radial_node_size_only	1.0	sqrt_rooms	cv_retrained	300	199	0.62	0.5638844388564824	0.6730812480496265	0.025	0.5326767516045195	0.022546784405288067	72.0	6.0	20.0	0.3967460238079361	0.5034259259259259	0.6562653087782354	0.003298099984443075	0.0	1.0
seed2	moderately_unequal	radial_node_size_only	1.0	sqrt_rooms	cv_standardized	300	199	0.6166666666666667	0.5605031391673366	0.669880167546936	0.025	0.5349149124261237	0.07900715564094052	72.0	6.0	20.0	0.3967460238079361	0.5034259259259259	0.6562653087782354	0.003298099984443075	0.0	1.0
seed2	moderately_unequal	radial_node_size_only	1.0	room_equal	profile	300	199	0.7366666666666667	0.6840604965627417	0.7832884970576399	0.015	0.5327837161201914	0.020941371248718133	72.0	6.0	20.0	0.3967460238079361	0.5034259259259259	0.6562653087782354	0.003298099984443075	0.0	1.0
seed2	moderately_unequal	radial_node_size_only	1.0	room_equal	mantel	300	199	0.6733333333333333	0.6183622089237593	0.7239215610517313	0.025	0.5327837161201914	0.020941371248718133	72.0	6.0	20.0	0.3967460238079361	0.5034259259259259	0.6562653087782354	0.003298099984443075	0.0	1.0
seed2	moderately_unequal	radial_node_size_only	1.0	room_equal	nested_max	300	199	0.7366666666666667	0.6840604965627417	0.7832884970576399	0.015	0.5327837161201914	0.020941371248718133	72.0	6.0	20.0	0.3967460238079361	0.5034259259259259	0.6562653087782354	0.003298099984443075	0.0	1.0
seed2	moderately_unequal	radial_node_size_only	1.0	room_equal	standardized_max	300	199	0.7033333333333334	0.6493365822398648	0.7521886094621532	0.02	0.5327837161201914	0.020941371248718133	72.0	6.0	20.0	0.3967460238079361	0.5034259259259259	0.6562653087782354	0.003298099984443075	0.0	1.0
seed2	moderately_unequal	radial_node_size_only	1.0	room_equal	cv_retrained	300	199	0.68	0.6252238889196531	0.7302246414395104	0.02	0.5327837161201914	0.020941371248718133	72.0	6.0	20.0	0.3967460238079361	0.5034259259259259	0.6562653087782354	0.003298099984443075	0.0	1.0
seed2	moderately_unequal	radial_node_size_only	1.0	room_equal	cv_standardized	300	199	0.6133333333333333	0.5571245198072374	0.6666764067151987	0.025	0.5337342108620934	0.0790617231765929	72.0	6.0	20.0	0.3967460238079361	0.5034259259259259	0.6562653087782354	0.003298099984443075	0.0	1.0
seed2	moderately_unequal	radial_node_size_only	2.0	building_equal	profile	300	199	0.7366666666666667	0.6840604965627417	0.7832884970576399	0.015	0.5643008966078903	0.04870625323604521	72.0	6.0	20.0	0.3967460238079361	0.5034259259259259	0.6562653087782354	0.003298099984443075	0.0	1.0
seed2	moderately_unequal	radial_node_size_only	2.0	building_equal	mantel	300	199	0.6733333333333333	0.6183622089237593	0.7239215610517313	0.025	0.5643008966078903	0.04870625323604521	72.0	6.0	20.0	0.3967460238079361	0.5034259259259259	0.6562653087782354	0.003298099984443075	0.0	1.0
seed2	moderately_unequal	radial_node_size_only	2.0	building_equal	nested_max	300	199	0.7366666666666667	0.6840604965627417	0.7832884970576399	0.015	0.5643008966078903	0.04870625323604521	72.0	6.0	20.0	0.3967460238079361	0.5034259259259259	0.6562653087782354	0.003298099984443075	0.0	1.0
seed2	moderately_unequal	radial_node_size_only	2.0	building_equal	standardized_max	300	199	0.7033333333333334	0.6493365822398648	0.7521886094621532	0.02	0.5643008966078903	0.04870625323604521	72.0	6.0	20.0	0.3967460238079361	0.5034259259259259	0.6562653087782354	0.003298099984443075	0.0	1.0
seed2	moderately_unequal	radial_node_size_only	2.0	building_equal	cv_retrained	300	199	0.5466666666666666	0.49009847513929183	0.6020548475464171	0.035	0.5643008966078903	0.04870625323604521	72.0	6.0	20.0	0.3967460238079361	0.5034259259259259	0.6562653087782354	0.003298099984443075	0.0	1.0
seed2	moderately_unequal	radial_node_size_only	2.0	building_equal	cv_standardized	300	199	0.5866666666666667	0.5301906151568371	0.6409512698309082	0.035	0.5672189054852609	0.146993967643886	72.0	6.0	20.0	0.3967460238079361	0.5034259259259259	0.6562653087782354	0.003298099984443075	0.0	1.0
seed2	moderately_unequal	radial_node_size_only	2.0	sqrt_rooms	profile	300	199	0.7366666666666667	0.6840604965627417	0.7832884970576399	0.015	0.5646205153933552	0.044280401539217355	72.0	6.0	20.0	0.3967460238079361	0.5034259259259259	0.6562653087782354	0.003298099984443075	0.0	1.0
seed2	moderately_unequal	radial_node_size_only	2.0	sqrt_rooms	mantel	300	199	0.6733333333333333	0.6183622089237593	0.7239215610517313	0.025	0.5646205153933552	0.044280401539217355	72.0	6.0	20.0	0.3967460238079361	0.5034259259259259	0.6562653087782354	0.003298099984443075	0.0	1.0
seed2	moderately_unequal	radial_node_size_only	2.0	sqrt_rooms	nested_max	300	199	0.7366666666666667	0.6840604965627417	0.7832884970576399	0.015	0.5646205153933552	0.044280401539217355	72.0	6.0	20.0	0.3967460238079361	0.5034259259259259	0.6562653087782354	0.003298099984443075	0.0	1.0
seed2	moderately_unequal	radial_node_size_only	2.0	sqrt_rooms	standardized_max	300	199	0.7033333333333334	0.6493365822398648	0.7521886094621532	0.02	0.5646205153933552	0.044280401539217355	72.0	6.0	20.0	0.3967460238079361	0.5034259259259259	0.6562653087782354	0.003298099984443075	0.0	1.0
seed2	moderately_unequal	radial_node_size_only	2.0	sqrt_rooms	cv_retrained	300	199	0.61	0.553748567961591	0.6634699783690088	0.025	0.5646205153933552	0.044280401539217355	72.0	6.0	20.0	0.3967460238079361	0.5034259259259259	0.6562653087782354	0.003298099984443075	0.0	1.0
seed2	moderately_unequal	radial_node_size_only	2.0	sqrt_rooms	cv_standardized	300	199	0.6166666666666667	0.5605031391673366	0.669880167546936	0.03	0.5654861387961357	0.14452891381897776	72.0	6.0	20.0	0.3967460238079361	0.5034259259259259	0.6562653087782354	0.003298099984443075	0.0	1.0
seed2	moderately_unequal	radial_node_size_only	2.0	room_equal	profile	300	199	0.7366666666666667	0.6840604965627417	0.7832884970576399	0.015	0.564881562170239	0.04115031074195342	72.0	6.0	20.0	0.3967460238079361	0.5034259259259259	0.6562653087782354	0.003298099984443075	0.0	1.0
seed2	moderately_unequal	radial_node_size_only	2.0	room_equal	mantel	300	199	0.6733333333333333	0.6183622089237593	0.7239215610517313	0.025	0.564881562170239	0.04115031074195342	72.0	6.0	20.0	0.3967460238079361	0.5034259259259259	0.6562653087782354	0.003298099984443075	0.0	1.0
seed2	moderately_unequal	radial_node_size_only	2.0	room_equal	nested_max	300	199	0.7366666666666667	0.6840604965627417	0.7832884970576399	0.015	0.564881562170239	0.04115031074195342	72.0	6.0	20.0	0.3967460238079361	0.5034259259259259	0.6562653087782354	0.003298099984443075	0.0	1.0
seed2	moderately_unequal	radial_node_size_only	2.0	room_equal	standardized_max	300	199	0.7033333333333334	0.6493365822398648	0.7521886094621532	0.02	0.564881562170239	0.04115031074195342	72.0	6.0	20.0	0.3967460238079361	0.5034259259259259	0.6562653087782354	0.003298099984443075	0.0	1.0
seed2	moderately_unequal	radial_node_size_only	2.0	room_equal	cv_retrained	300	199	0.6733333333333333	0.6183622089237593	0.7239215610517313	0.02	0.564881562170239	0.04115031074195342	72.0	6.0	20.0	0.3967460238079361	0.5034259259259259	0.6562653087782354	0.003298099984443075	0.0	1.0
seed2	moderately_unequal	radial_node_size_only	2.0	room_equal	cv_standardized	300	199	0.61	0.553748567961591	0.6634699783690088	0.03	0.5634586109889325	0.14421439601084388	72.0	6.0	20.0	0.3967460238079361	0.5034259259259259	0.6562653087782354	0.003298099984443075	0.0	1.0
seed2	moderately_unequal	radial_node_size_only	4.0	building_equal	profile	300	199	0.7366666666666667	0.6840604965627417	0.7832884970576399	0.015	0.6227120181452049	0.09094023113008577	72.0	6.0	20.0	0.3967460238079361	0.5034259259259259	0.6562653087782354	0.003298099984443075	0.0	1.0
seed2	moderately_unequal	radial_node_size_only	4.0	building_equal	mantel	300	199	0.6733333333333333	0.6183622089237593	0.7239215610517313	0.025	0.6227120181452049	0.09094023113008577	72.0	6.0	20.0	0.3967460238079361	0.5034259259259259	0.6562653087782354	0.003298099984443075	0.0	1.0
seed2	moderately_unequal	radial_node_size_only	4.0	building_equal	nested_max	300	199	0.7366666666666667	0.6840604965627417	0.7832884970576399	0.015	0.6227120181452049	0.09094023113008577	72.0	6.0	20.0	0.3967460238079361	0.5034259259259259	0.6562653087782354	0.003298099984443075	0.0	1.0
seed2	moderately_unequal	radial_node_size_only	4.0	building_equal	standardized_max	300	199	0.7033333333333334	0.6493365822398648	0.7521886094621532	0.02	0.6227120181452049	0.09094023113008577	72.0	6.0	20.0	0.3967460238079361	0.5034259259259259	0.6562653087782354	0.003298099984443075	0.0	1.0
seed2	moderately_unequal	radial_node_size_only	4.0	building_equal	cv_retrained	300	199	0.55	0.4934256045239535	0.6053100983535921	0.035	0.6227120181452049	0.09094023113008577	72.0	6.0	20.0	0.3967460238079361	0.5034259259259259	0.6562653087782354	0.003298099984443075	0.0	1.0
seed2	moderately_unequal	radial_node_size_only	4.0	building_equal	cv_standardized	300	199	0.5366666666666666	0.4801320652390865	0.5922741168711132	0.04	0.6097616279416233	0.2327222636434436	72.0	6.0	20.0	0.3967460238079361	0.5034259259259259	0.6562653087782354	0.003298099984443075	0.0	1.0
seed2	moderately_unequal	radial_node_size_only	4.0	sqrt_rooms	profile	300	199	0.7366666666666667	0.6840604965627417	0.7832884970576399	0.015	0.6239115842337956	0.08290059039715345	72.0	6.0	20.0	0.3967460238079361	0.5034259259259259	0.6562653087782354	0.003298099984443075	0.0	1.0
seed2	moderately_unequal	radial_node_size_only	4.0	sqrt_rooms	mantel	300	199	0.6733333333333333	0.6183622089237593	0.7239215610517313	0.025	0.6239115842337956	0.08290059039715345	72.0	6.0	20.0	0.3967460238079361	0.5034259259259259	0.6562653087782354	0.003298099984443075	0.0	1.0
seed2	moderately_unequal	radial_node_size_only	4.0	sqrt_rooms	nested_max	300	199	0.7366666666666667	0.6840604965627417	0.7832884970576399	0.015	0.6239115842337956	0.08290059039715345	72.0	6.0	20.0	0.3967460238079361	0.5034259259259259	0.6562653087782354	0.003298099984443075	0.0	1.0
seed2	moderately_unequal	radial_node_size_only	4.0	sqrt_rooms	standardized_max	300	199	0.7033333333333334	0.6493365822398648	0.7521886094621532	0.02	0.6239115842337956	0.08290059039715345	72.0	6.0	20.0	0.3967460238079361	0.5034259259259259	0.6562653087782354	0.003298099984443075	0.0	1.0
seed2	moderately_unequal	radial_node_size_only	4.0	sqrt_rooms	cv_retrained	300	199	0.61	0.553748567961591	0.6634699783690088	0.03	0.6239115842337956	0.08290059039715345	72.0	6.0	20.0	0.3967460238079361	0.5034259259259259	0.6562653087782354	0.003298099984443075	0.0	1.0
seed2	moderately_unequal	radial_node_size_only	4.0	sqrt_rooms	cv_standardized	300	199	0.5833333333333334	0.5268355964602695	0.6377239083356395	0.035	0.6082473522532559	0.2297507410268342	72.0	6.0	20.0	0.3967460238079361	0.5034259259259259	0.6562653087782354	0.003298099984443075	0.0	1.0
seed2	moderately_unequal	radial_node_size_only	4.0	room_equal	profile	300	199	0.7366666666666667	0.6840604965627417	0.7832884970576399	0.015	0.6247442443114063	0.07715121297705899	72.0	6.0	20.0	0.3967460238079361	0.5034259259259259	0.6562653087782354	0.003298099984443075	0.0	1.0
seed2	moderately_unequal	radial_node_size_only	4.0	room_equal	mantel	300	199	0.6733333333333333	0.6183622089237593	0.7239215610517313	0.025	0.6247442443114063	0.07715121297705899	72.0	6.0	20.0	0.3967460238079361	0.5034259259259259	0.6562653087782354	0.003298099984443075	0.0	1.0
seed2	moderately_unequal	radial_node_size_only	4.0	room_equal	nested_max	300	199	0.7366666666666667	0.6840604965627417	0.7832884970576399	0.015	0.6247442443114063	0.07715121297705899	72.0	6.0	20.0	0.3967460238079361	0.5034259259259259	0.6562653087782354	0.003298099984443075	0.0	1.0
seed2	moderately_unequal	radial_node_size_only	4.0	room_equal	standardized_max	300	199	0.7033333333333334	0.6493365822398648	0.7521886094621532	0.02	0.6247442443114063	0.07715121297705899	72.0	6.0	20.0	0.3967460238079361	0.5034259259259259	0.6562653087782354	0.003298099984443075	0.0	1.0
seed2	moderately_unequal	radial_node_size_only	4.0	room_equal	cv_retrained	300	199	0.6666666666666666	0.6115124568840807	0.7176065527077372	0.0225	0.6247442443114063	0.07715121297705899	72.0	6.0	20.0	0.3967460238079361	0.5034259259259259	0.6562653087782354	0.003298099984443075	0.0	1.0
seed2	moderately_unequal	radial_node_size_only	4.0	room_equal	cv_standardized	300	199	0.6	0.5436365963411878	0.653834809413903	0.03	0.6052120904242542	0.22861139948413717	72.0	6.0	20.0	0.3967460238079361	0.5034259259259259	0.6562653087782354	0.003298099984443075	0.0	1.0
seed2	moderately_unequal	radial_node_size_only	8.0	building_equal	profile	300	199	0.7366666666666667	0.6840604965627417	0.7832884970576399	0.015	0.7117601741373962	0.1491807636918842	72.0	6.0	20.0	0.3967460238079361	0.5034259259259259	0.6562653087782354	0.003298099984443075	0.0	1.0
seed2	moderately_unequal	radial_node_size_only	8.0	building_equal	mantel	300	199	0.6733333333333333	0.6183622089237593	0.7239215610517313	0.025	0.7117601741373962	0.1491807636918842	72.0	6.0	20.0	0.3967460238079361	0.5034259259259259	0.6562653087782354	0.003298099984443075	0.0	1.0
seed2	moderately_unequal	radial_node_size_only	8.0	building_equal	nested_max	300	199	0.7366666666666667	0.6840604965627417	0.7832884970576399	0.015	0.7117601741373962	0.1491807636918842	72.0	6.0	20.0	0.3967460238079361	0.5034259259259259	0.6562653087782354	0.003298099984443075	0.0	1.0
seed2	moderately_unequal	radial_node_size_only	8.0	building_equal	standardized_max	300	199	0.7033333333333334	0.6493365822398648	0.7521886094621532	0.02	0.7117601741373962	0.1491807636918842	72.0	6.0	20.0	0.3967460238079361	0.5034259259259259	0.6562653087782354	0.003298099984443075	0.0	1.0
seed2	moderately_unequal	radial_node_size_only	8.0	building_equal	cv_retrained	300	199	0.5233333333333333	0.466878323217167	0.5791983381256874	0.04	0.7117601741373962	0.1491807636918842	72.0	6.0	20.0	0.3967460238079361	0.5034259259259259	0.6562653087782354	0.003298099984443075	0.0	1.0
seed2	moderately_unequal	radial_node_size_only	8.0	building_equal	cv_standardized	300	199	0.5133333333333333	0.4569640167618392	0.5693655040055061	0.045	0.646222728024627	0.3063331933252556	72.0	6.0	20.0	0.3967460238079361	0.5034259259259259	0.6562653087782354	0.003298099984443075	0.0	1.0
seed2	moderately_unequal	radial_node_size_only	8.0	sqrt_rooms	profile	300	199	0.7366666666666667	0.6840604965627417	0.7832884970576399	0.015	0.7164625305667709	0.136335313413318	72.0	6.0	20.0	0.3967460238079361	0.5034259259259259	0.6562653087782354	0.003298099984443075	0.0	1.0
seed2	moderately_unequal	radial_node_size_only	8.0	sqrt_rooms	mantel	300	199	0.6733333333333333	0.6183622089237593	0.7239215610517313	0.025	0.7164625305667709	0.136335313413318	72.0	6.0	20.0	0.3967460238079361	0.5034259259259259	0.6562653087782354	0.003298099984443075	0.0	1.0
seed2	moderately_unequal	radial_node_size_only	8.0	sqrt_rooms	nested_max	300	199	0.7366666666666667	0.6840604965627417	0.7832884970576399	0.015	0.7164625305667709	0.136335313413318	72.0	6.0	20.0	0.3967460238079361	0.5034259259259259	0.6562653087782354	0.003298099984443075	0.0	1.0
seed2	moderately_unequal	radial_node_size_only	8.0	sqrt_rooms	standardized_max	300	199	0.7033333333333334	0.6493365822398648	0.7521886094621532	0.02	0.7164625305667709	0.136335313413318	72.0	6.0	20.0	0.3967460238079361	0.5034259259259259	0.6562653087782354	0.003298099984443075	0.0	1.0
seed2	moderately_unequal	radial_node_size_only	8.0	sqrt_rooms	cv_retrained	300	199	0.6033333333333334	0.5470046178899679	0.6570491680569592	0.03	0.7164625305667709	0.136335313413318	72.0	6.0	20.0	0.3967460238079361	0.5034259259259259	0.6562653087782354	0.003298099984443075	0.0	1.0
seed2	moderately_unequal	radial_node_size_only	8.0	sqrt_rooms	cv_standardized	300	199	0.5433333333333333	0.48677384505565635	0.5987970974382163	0.035	0.6456391179797772	0.3041748208140798	72.0	6.0	20.0	0.3967460238079361	0.5034259259259259	0.6562653087782354	0.003298099984443075	0.0	1.0
seed2	moderately_unequal	radial_node_size_only	8.0	room_equal	profile	300	199	0.7366666666666667	0.6840604965627417	0.7832884970576399	0.015	0.719463926638137	0.1268906701085216	72.0	6.0	20.0	0.3967460238079361	0.5034259259259259	0.6562653087782354	0.003298099984443075	0.0	1.0
seed2	moderately_unequal	radial_node_size_only	8.0	room_equal	mantel	300	199	0.6733333333333333	0.6183622089237593	0.7239215610517313	0.025	0.719463926638137	0.1268906701085216	72.0	6.0	20.0	0.3967460238079361	0.5034259259259259	0.6562653087782354	0.003298099984443075	0.0	1.0
seed2	moderately_unequal	radial_node_size_only	8.0	room_equal	nested_max	300	199	0.7366666666666667	0.6840604965627417	0.7832884970576399	0.015	0.719463926638137	0.1268906701085216	72.0	6.0	20.0	0.3967460238079361	0.5034259259259259	0.6562653087782354	0.003298099984443075	0.0	1.0
seed2	moderately_unequal	radial_node_size_only	8.0	room_equal	standardized_max	300	199	0.7033333333333334	0.6493365822398648	0.7521886094621532	0.02	0.719463926638137	0.1268906701085216	72.0	6.0	20.0	0.3967460238079361	0.5034259259259259	0.6562653087782354	0.003298099984443075	0.0	1.0
seed2	moderately_unequal	radial_node_size_only	8.0	room_equal	cv_retrained	300	199	0.6633333333333333	0.6080919973085686	0.7144446320914131	0.025	0.719463926638137	0.1268906701085216	72.0	6.0	20.0	0.3967460238079361	0.5034259259259259	0.6562653087782354	0.003298099984443075	0.0	1.0
seed2	moderately_unequal	radial_node_size_only	8.0	room_equal	cv_standardized	300	199	0.5733333333333334	0.5167859400590311	0.6280264241613689	0.035	0.6414613275119844	0.301908852916343	72.0	6.0	20.0	0.3967460238079361	0.5034259259259259	0.6562653087782354	0.003298099984443075	0.0	1.0
seed2	moderately_unequal	radial_node_size_only	16.0	building_equal	profile	300	199	0.7366666666666667	0.6840604965627417	0.7832884970576399	0.015	0.8015450262632366	0.20139354146768987	72.0	6.0	20.0	0.3967460238079361	0.5034259259259259	0.6562653087782354	0.003298099984443075	0.0	1.0
seed2	moderately_unequal	radial_node_size_only	16.0	building_equal	mantel	300	199	0.6733333333333333	0.6183622089237593	0.7239215610517313	0.025	0.8015450262632366	0.20139354146768987	72.0	6.0	20.0	0.3967460238079361	0.5034259259259259	0.6562653087782354	0.003298099984443075	0.0	1.0
seed2	moderately_unequal	radial_node_size_only	16.0	building_equal	nested_max	300	199	0.7366666666666667	0.6840604965627417	0.7832884970576399	0.015	0.8015450262632366	0.20139354146768987	72.0	6.0	20.0	0.3967460238079361	0.5034259259259259	0.6562653087782354	0.003298099984443075	0.0	1.0
seed2	moderately_unequal	radial_node_size_only	16.0	building_equal	standardized_max	300	199	0.7033333333333334	0.6493365822398648	0.7521886094621532	0.02	0.8015450262632366	0.20139354146768987	72.0	6.0	20.0	0.3967460238079361	0.5034259259259259	0.6562653087782354	0.003298099984443075	0.0	1.0
seed2	moderately_unequal	radial_node_size_only	16.0	building_equal	cv_retrained	300	199	0.5266666666666666	0.4701880395241621	0.5824710020105287	0.045	0.8015450262632366	0.20139354146768987	72.0	6.0	20.0	0.3967460238079361	0.5034259259259259	0.6562653087782354	0.003298099984443075	0.0	1.0
seed2	moderately_unequal	radial_node_size_only	16.0	building_equal	cv_standardized	300	199	0.49666666666666665	0.4404895596001963	0.5529280602079671	0.05	0.6652467988096474	0.3472322090170283	72.0	6.0	20.0	0.3967460238079361	0.5034259259259259	0.6562653087782354	0.003298099984443075	0.0	1.0
seed2	moderately_unequal	radial_node_size_only	16.0	sqrt_rooms	profile	300	199	0.7366666666666667	0.6840604965627417	0.7832884970576399	0.015	0.8139477266228655	0.1829385436594135	72.0	6.0	20.0	0.3967460238079361	0.5034259259259259	0.6562653087782354	0.003298099984443075	0.0	1.0
seed2	moderately_unequal	radial_node_size_only	16.0	sqrt_rooms	mantel	300	199	0.6733333333333333	0.6183622089237593	0.7239215610517313	0.025	0.8139477266228655	0.1829385436594135	72.0	6.0	20.0	0.3967460238079361	0.5034259259259259	0.6562653087782354	0.003298099984443075	0.0	1.0
seed2	moderately_unequal	radial_node_size_only	16.0	sqrt_rooms	nested_max	300	199	0.7366666666666667	0.6840604965627417	0.7832884970576399	0.015	0.8139477266228655	0.1829385436594135	72.0	6.0	20.0	0.3967460238079361	0.5034259259259259	0.6562653087782354	0.003298099984443075	0.0	1.0
seed2	moderately_unequal	radial_node_size_only	16.0	sqrt_rooms	standardized_max	300	199	0.7033333333333334	0.6493365822398648	0.7521886094621532	0.02	0.8139477266228655	0.1829385436594135	72.0	6.0	20.0	0.3967460238079361	0.5034259259259259	0.6562653087782354	0.003298099984443075	0.0	1.0
seed2	moderately_unequal	radial_node_size_only	16.0	sqrt_rooms	cv_retrained	300	199	0.5833333333333334	0.5268355964602695	0.6377239083356395	0.03	0.8139477266228655	0.1829385436594135	72.0	6.0	20.0	0.3967460238079361	0.5034259259259259	0.6562653087782354	0.003298099984443075	0.0	1.0
seed2	moderately_unequal	radial_node_size_only	16.0	sqrt_rooms	cv_standardized	300	199	0.5133333333333333	0.4569640167618392	0.5693655040055061	0.045	0.6641509343076936	0.34830485087844515	72.0	6.0	20.0	0.3967460238079361	0.5034259259259259	0.6562653087782354	0.003298099984443075	0.0	1.0
seed2	moderately_unequal	radial_node_size_only	16.0	room_equal	profile	300	199	0.7366666666666667	0.6840604965627417	0.7832884970576399	0.015	0.8219585206647874	0.1685995364926369	72.0	6.0	20.0	0.3967460238079361	0.5034259259259259	0.6562653087782354	0.003298099984443075	0.0	1.0
seed2	moderately_unequal	radial_node_size_only	16.0	room_equal	mantel	300	199	0.6733333333333333	0.6183622089237593	0.7239215610517313	0.025	0.8219585206647874	0.1685995364926369	72.0	6.0	20.0	0.3967460238079361	0.5034259259259259	0.6562653087782354	0.003298099984443075	0.0	1.0
seed2	moderately_unequal	radial_node_size_only	16.0	room_equal	nested_max	300	199	0.7366666666666667	0.6840604965627417	0.7832884970576399	0.015	0.8219585206647874	0.1685995364926369	72.0	6.0	20.0	0.3967460238079361	0.5034259259259259	0.6562653087782354	0.003298099984443075	0.0	1.0
seed2	moderately_unequal	radial_node_size_only	16.0	room_equal	standardized_max	300	199	0.7033333333333334	0.6493365822398648	0.7521886094621532	0.02	0.8219585206647874	0.1685995364926369	72.0	6.0	20.0	0.3967460238079361	0.5034259259259259	0.6562653087782354	0.003298099984443075	0.0	1.0
seed2	moderately_unequal	radial_node_size_only	16.0	room_equal	cv_retrained	300	199	0.6466666666666666	0.5910330291100347	0.698591699330765	0.025	0.8219585206647874	0.1685995364926369	72.0	6.0	20.0	0.3967460238079361	0.5034259259259259	0.6562653087782354	0.003298099984443075	0.0	1.0
seed2	moderately_unequal	radial_node_size_only	16.0	room_equal	cv_standardized	300	199	0.5466666666666666	0.49009847513929183	0.6020548475464171	0.035	0.658943630576162	0.34570132515296065	72.0	6.0	20.0	0.3967460238079361	0.5034259259259259	0.6562653087782354	0.003298099984443075	0.0	1.0
seed2	moderately_unequal	radial_node	0.0	building_equal	profile	300	199	0.39	0.3365300216309911	0.446251432038409	0.085	0.4999999999999999	5.551115123125783e-17	72.0	6.0	20.0	0.3967460238079361	0.5371527777777777	0.6474039557450427	0.004791153136372915	0.9055256435423369	2.5790691357091258
seed2	moderately_unequal	radial_node	0.0	building_equal	mantel	300	199	0.34	0.2887202040964927	0.395325546695362	0.105	0.4999999999999999	5.551115123125783e-17	72.0	6.0	20.0	0.3967460238079361	0.5371527777777777	0.6474039557450427	0.004791153136372915	0.9055256435423369	2.5790691357091258
seed2	moderately_unequal	radial_node	0.0	building_equal	nested_max	300	199	0.3933333333333333	0.3397391051458938	0.44962472871534254	0.085	0.4999999999999999	5.551115123125783e-17	72.0	6.0	20.0	0.3967460238079361	0.5371527777777777	0.6474039557450427	0.004791153136372915	0.9055256435423369	2.5790691357091258
seed2	moderately_unequal	radial_node	0.0	building_equal	standardized_max	300	199	0.37	0.317331727809741	0.42595544470864083	0.09	0.4999999999999999	5.551115123125783e-17	72.0	6.0	20.0	0.3967460238079361	0.5371527777777777	0.6474039557450427	0.004791153136372915	0.9055256435423369	2.5790691357091258
seed2	moderately_unequal	radial_node	0.0	building_equal	cv_retrained	300	199	0.32	0.2697753585604896	0.3747761110803469	0.0975	0.4999999999999999	5.551115123125783e-17	72.0	6.0	20.0	0.3967460238079361	0.5371527777777777	0.6474039557450427	0.004791153136372915	0.9055256435423369	2.5790691357091258
seed2	moderately_unequal	radial_node	0.0	building_equal	cv_standardized	300	199	0.4533333333333333	0.39794515245358275	0.509901524860708	0.055	0.4999999999999999	5.551115123125783e-17	72.0	6.0	20.0	0.3967460238079361	0.5371527777777777	0.6474039557450427	0.004791153136372915	0.9055256435423369	2.5790691357091258
seed2	moderately_unequal	radial_node	0.0	sqrt_rooms	profile	300	199	0.39	0.3365300216309911	0.446251432038409	0.085	0.5	0.0	72.0	6.0	20.0	0.3967460238079361	0.5371527777777777	0.6474039557450427	0.004791153136372915	0.9055256435423369	2.5790691357091258
seed2	moderately_unequal	radial_node	0.0	sqrt_rooms	mantel	300	199	0.34	0.2887202040964927	0.395325546695362	0.105	0.5	0.0	72.0	6.0	20.0	0.3967460238079361	0.5371527777777777	0.6474039557450427	0.004791153136372915	0.9055256435423369	2.5790691357091258
seed2	moderately_unequal	radial_node	0.0	sqrt_rooms	nested_max	300	199	0.3933333333333333	0.3397391051458938	0.44962472871534254	0.085	0.5	0.0	72.0	6.0	20.0	0.3967460238079361	0.5371527777777777	0.6474039557450427	0.004791153136372915	0.9055256435423369	2.5790691357091258
seed2	moderately_unequal	radial_node	0.0	sqrt_rooms	standardized_max	300	199	0.37	0.317331727809741	0.42595544470864083	0.09	0.5	0.0	72.0	6.0	20.0	0.3967460238079361	0.5371527777777777	0.6474039557450427	0.004791153136372915	0.9055256435423369	2.5790691357091258
seed2	moderately_unequal	radial_node	0.0	sqrt_rooms	cv_retrained	300	199	0.41333333333333333	0.3590487301690917	0.46980938484316287	0.07	0.5	0.0	72.0	6.0	20.0	0.3967460238079361	0.5371527777777777	0.6474039557450427	0.004791153136372915	0.9055256435423369	2.5790691357091258
seed2	moderately_unequal	radial_node	0.0	sqrt_rooms	cv_standardized	300	199	0.48	0.42407680086272237	0.5364289179862594	0.052500000000000005	0.5	0.0	72.0	6.0	20.0	0.3967460238079361	0.5371527777777777	0.6474039557450427	0.004791153136372915	0.9055256435423369	2.5790691357091258
seed2	moderately_unequal	radial_node	0.0	room_equal	profile	300	199	0.39	0.3365300216309911	0.446251432038409	0.085	0.5	0.0	72.0	6.0	20.0	0.3967460238079361	0.5371527777777777	0.6474039557450427	0.004791153136372915	0.9055256435423369	2.5790691357091258
seed2	moderately_unequal	radial_node	0.0	room_equal	mantel	300	199	0.34	0.2887202040964927	0.395325546695362	0.105	0.5	0.0	72.0	6.0	20.0	0.3967460238079361	0.5371527777777777	0.6474039557450427	0.004791153136372915	0.9055256435423369	2.5790691357091258
seed2	moderately_unequal	radial_node	0.0	room_equal	nested_max	300	199	0.3933333333333333	0.3397391051458938	0.44962472871534254	0.085	0.5	0.0	72.0	6.0	20.0	0.3967460238079361	0.5371527777777777	0.6474039557450427	0.004791153136372915	0.9055256435423369	2.5790691357091258
seed2	moderately_unequal	radial_node	0.0	room_equal	standardized_max	300	199	0.37	0.317331727809741	0.42595544470864083	0.09	0.5	0.0	72.0	6.0	20.0	0.3967460238079361	0.5371527777777777	0.6474039557450427	0.004791153136372915	0.9055256435423369	2.5790691357091258
seed2	moderately_unequal	radial_node	0.0	room_equal	cv_retrained	300	199	0.45666666666666667	0.40120290256178365	0.5132261549443436	0.06	0.5	0.0	72.0	6.0	20.0	0.3967460238079361	0.5371527777777777	0.6474039557450427	0.004791153136372915	0.9055256435423369	2.5790691357091258
seed2	moderately_unequal	radial_node	0.0	room_equal	cv_standardized	300	199	0.47333333333333333	0.4175289979894712	0.5298119604758378	0.05	0.5	0.0	72.0	6.0	20.0	0.3967460238079361	0.5371527777777777	0.6474039557450427	0.004791153136372915	0.9055256435423369	2.5790691357091258
seed2	moderately_unequal	radial_node	0.1	building_equal	profile	300	199	0.39	0.3365300216309911	0.446251432038409	0.085	0.5009157467194372	0.003393138254279593	72.0	6.0	20.0	0.3967460238079361	0.5371527777777777	0.6474039557450427	0.004791153136372915	0.9055256435423369	2.5790691357091258
seed2	moderately_unequal	radial_node	0.1	building_equal	mantel	300	199	0.34	0.2887202040964927	0.395325546695362	0.105	0.5009157467194372	0.003393138254279593	72.0	6.0	20.0	0.3967460238079361	0.5371527777777777	0.6474039557450427	0.004791153136372915	0.9055256435423369	2.5790691357091258
seed2	moderately_unequal	radial_node	0.1	building_equal	nested_max	300	199	0.3933333333333333	0.3397391051458938	0.44962472871534254	0.085	0.5009157467194372	0.003393138254279593	72.0	6.0	20.0	0.3967460238079361	0.5371527777777777	0.6474039557450427	0.004791153136372915	0.9055256435423369	2.5790691357091258
seed2	moderately_unequal	radial_node	0.1	building_equal	standardized_max	300	199	0.37	0.317331727809741	0.42595544470864083	0.09	0.5009157467194372	0.003393138254279593	72.0	6.0	20.0	0.3967460238079361	0.5371527777777777	0.6474039557450427	0.004791153136372915	0.9055256435423369	2.5790691357091258
seed2	moderately_unequal	radial_node	0.1	building_equal	cv_retrained	300	199	0.31666666666666665	0.26662835068573615	0.37134073876326396	0.0975	0.5009157467194372	0.003393138254279593	72.0	6.0	20.0	0.3967460238079361	0.5371527777777777	0.6474039557450427	0.004791153136372915	0.9055256435423369	2.5790691357091258
seed2	moderately_unequal	radial_node	0.1	building_equal	cv_standardized	300	199	0.44666666666666666	0.39143715496049114	0.503244761970127	0.055	0.4972451181329228	0.01191568900689524	72.0	6.0	20.0	0.3967460238079361	0.5371527777777777	0.6474039557450427	0.004791153136372915	0.9055256435423369	2.5790691357091258
seed2	moderately_unequal	radial_node	0.1	sqrt_rooms	profile	300	199	0.39	0.3365300216309911	0.446251432038409	0.085	0.5010120366050976	0.0031161975788911835	72.0	6.0	20.0	0.3967460238079361	0.5371527777777777	0.6474039557450427	0.004791153136372915	0.9055256435423369	2.5790691357091258
seed2	moderately_unequal	radial_node	0.1	sqrt_rooms	mantel	300	199	0.34	0.2887202040964927	0.395325546695362	0.105	0.5010120366050976	0.0031161975788911835	72.0	6.0	20.0	0.3967460238079361	0.5371527777777777	0.6474039557450427	0.004791153136372915	0.9055256435423369	2.5790691357091258
seed2	moderately_unequal	radial_node	0.1	sqrt_rooms	nested_max	300	199	0.3933333333333333	0.3397391051458938	0.44962472871534254	0.085	0.5010120366050976	0.0031161975788911835	72.0	6.0	20.0	0.3967460238079361	0.5371527777777777	0.6474039557450427	0.004791153136372915	0.9055256435423369	2.5790691357091258
seed2	moderately_unequal	radial_node	0.1	sqrt_rooms	standardized_max	300	199	0.37	0.317331727809741	0.42595544470864083	0.09	0.5010120366050976	0.0031161975788911835	72.0	6.0	20.0	0.3967460238079361	0.5371527777777777	0.6474039557450427	0.004791153136372915	0.9055256435423369	2.5790691357091258
seed2	moderately_unequal	radial_node	0.1	sqrt_rooms	cv_retrained	300	199	0.41333333333333333	0.3590487301690917	0.46980938484316287	0.07	0.5010120366050976	0.0031161975788911835	72.0	6.0	20.0	0.3967460238079361	0.5371527777777777	0.6474039557450427	0.004791153136372915	0.9055256435423369	2.5790691357091258
seed2	moderately_unequal	radial_node	0.1	sqrt_rooms	cv_standardized	300	199	0.48333333333333334	0.4273544128335898	0.5397336862072283	0.05	0.49713425125927413	0.011690499480136729	72.0	6.0	20.0	0.3967460238079361	0.5371527777777777	0.6474039557450427	0.004791153136372915	0.9055256435423369	2.5790691357091258
seed2	moderately_unequal	radial_node	0.1	room_equal	profile	300	199	0.39	0.3365300216309911	0.446251432038409	0.085	0.5011020989512022	0.0029286423739834895	72.0	6.0	20.0	0.3967460238079361	0.5371527777777777	0.6474039557450427	0.004791153136372915	0.9055256435423369	2.5790691357091258
seed2	moderately_unequal	radial_node	0.1	room_equal	mantel	300	199	0.34	0.2887202040964927	0.395325546695362	0.105	0.5011020989512022	0.0029286423739834895	72.0	6.0	20.0	0.3967460238079361	0.5371527777777777	0.6474039557450427	0.004791153136372915	0.9055256435423369	2.5790691357091258
seed2	moderately_unequal	radial_node	0.1	room_equal	nested_max	300	199	0.3933333333333333	0.3397391051458938	0.44962472871534254	0.085	0.5011020989512022	0.0029286423739834895	72.0	6.0	20.0	0.3967460238079361	0.5371527777777777	0.6474039557450427	0.004791153136372915	0.9055256435423369	2.5790691357091258
seed2	moderately_unequal	radial_node	0.1	room_equal	standardized_max	300	199	0.37	0.317331727809741	0.42595544470864083	0.09	0.5011020989512022	0.0029286423739834895	72.0	6.0	20.0	0.3967460238079361	0.5371527777777777	0.6474039557450427	0.004791153136372915	0.9055256435423369	2.5790691357091258
seed2	moderately_unequal	radial_node	0.1	room_equal	cv_retrained	300	199	0.4533333333333333	0.39794515245358275	0.509901524860708	0.06	0.5011020989512022	0.0029286423739834895	72.0	6.0	20.0	0.3967460238079361	0.5371527777777777	0.6474039557450427	0.004791153136372915	0.9055256435423369	2.5790691357091258
seed2	moderately_unequal	radial_node	0.1	room_equal	cv_standardized	300	199	0.4766666666666667	0.42080166187431245	0.533121676782833	0.055	0.49703395578417814	0.011731431765347806	72.0	6.0	20.0	0.3967460238079361	0.5371527777777777	0.6474039557450427	0.004791153136372915	0.9055256435423369	2.5790691357091258
seed2	moderately_unequal	radial_node	0.25	building_equal	profile	300	199	0.39	0.3365300216309911	0.446251432038409	0.085	0.5022888941221995	0.008480427168518982	72.0	6.0	20.0	0.3967460238079361	0.5371527777777777	0.6474039557450427	0.004791153136372915	0.9055256435423369	2.5790691357091258
seed2	moderately_unequal	radial_node	0.25	building_equal	mantel	300	199	0.34	0.2887202040964927	0.395325546695362	0.105	0.5022888941221995	0.008480427168518982	72.0	6.0	20.0	0.3967460238079361	0.5371527777777777	0.6474039557450427	0.004791153136372915	0.9055256435423369	2.5790691357091258
seed2	moderately_unequal	radial_node	0.25	building_equal	nested_max	300	199	0.3933333333333333	0.3397391051458938	0.44962472871534254	0.085	0.5022888941221995	0.008480427168518982	72.0	6.0	20.0	0.3967460238079361	0.5371527777777777	0.6474039557450427	0.004791153136372915	0.9055256435423369	2.5790691357091258
seed2	moderately_unequal	radial_node	0.25	building_equal	standardized_max	300	199	0.37	0.317331727809741	0.42595544470864083	0.09	0.5022888941221995	0.008480427168518982	72.0	6.0	20.0	0.3967460238079361	0.5371527777777777	0.6474039557450427	0.004791153136372915	0.9055256435423369	2.5790691357091258
seed2	moderately_unequal	radial_node	0.25	building_equal	cv_retrained	300	199	0.31666666666666665	0.26662835068573615	0.37134073876326396	0.0975	0.5022888941221995	0.008480427168518982	72.0	6.0	20.0	0.3967460238079361	0.5371527777777777	0.6474039557450427	0.004791153136372915	0.9055256435423369	2.5790691357091258
seed2	moderately_unequal	radial_node	0.25	building_equal	cv_standardized	300	199	0.44	0.38493919498482354	0.49657796156212186	0.057499999999999996	0.4931453342453456	0.029681341440700414	72.0	6.0	20.0	0.3967460238079361	0.5371527777777777	0.6474039557450427	0.004791153136372915	0.9055256435423369	2.5790691357091258
seed2	moderately_unequal	radial_node	0.25	sqrt_rooms	profile	300	199	0.39	0.3365300216309911	0.446251432038409	0.085	0.5025295677071447	0.007788606273135598	72.0	6.0	20.0	0.3967460238079361	0.5371527777777777	0.6474039557450427	0.004791153136372915	0.9055256435423369	2.5790691357091258
seed2	moderately_unequal	radial_node	0.25	sqrt_rooms	mantel	300	199	0.34	0.2887202040964927	0.395325546695362	0.105	0.5025295677071447	0.007788606273135598	72.0	6.0	20.0	0.3967460238079361	0.5371527777777777	0.6474039557450427	0.004791153136372915	0.9055256435423369	2.5790691357091258
seed2	moderately_unequal	radial_node	0.25	sqrt_rooms	nested_max	300	199	0.3933333333333333	0.3397391051458938	0.44962472871534254	0.085	0.5025295677071447	0.007788606273135598	72.0	6.0	20.0	0.3967460238079361	0.5371527777777777	0.6474039557450427	0.004791153136372915	0.9055256435423369	2.5790691357091258
seed2	moderately_unequal	radial_node	0.25	sqrt_rooms	standardized_max	300	199	0.37	0.317331727809741	0.42595544470864083	0.09	0.5025295677071447	0.007788606273135598	72.0	6.0	20.0	0.3967460238079361	0.5371527777777777	0.6474039557450427	0.004791153136372915	0.9055256435423369	2.5790691357091258
seed2	moderately_unequal	radial_node	0.25	sqrt_rooms	cv_retrained	300	199	0.42	0.3655060253806384	0.4765168500152888	0.07	0.5025295677071447	0.007788606273135598	72.0	6.0	20.0	0.3967460238079361	0.5371527777777777	0.6474039557450427	0.004791153136372915	0.9055256435423369	2.5790691357091258
seed2	moderately_unequal	radial_node	0.25	sqrt_rooms	cv_standardized	300	199	0.4766666666666667	0.42080166187431245	0.533121676782833	0.05	0.4928674566099039	0.029121925691409253	72.0	6.0	20.0	0.3967460238079361	0.5371527777777777	0.6474039557450427	0.004791153136372915	0.9055256435423369	2.5790691357091258
seed2	moderately_unequal	radial_node	0.25	room_equal	profile	300	199	0.39	0.3365300216309911	0.446251432038409	0.085	0.5027547038225662	0.007319969618030576	72.0	6.0	20.0	0.3967460238079361	0.5371527777777777	0.6474039557450427	0.004791153136372915	0.9055256435423369	2.5790691357091258
seed2	moderately_unequal	radial_node	0.25	room_equal	mantel	300	199	0.34	0.2887202040964927	0.395325546695362	0.105	0.5027547038225662	0.007319969618030576	72.0	6.0	20.0	0.3967460238079361	0.5371527777777777	0.6474039557450427	0.004791153136372915	0.9055256435423369	2.5790691357091258
seed2	moderately_unequal	radial_node	0.25	room_equal	nested_max	300	199	0.3933333333333333	0.3397391051458938	0.44962472871534254	0.085	0.5027547038225662	0.007319969618030576	72.0	6.0	20.0	0.3967460238079361	0.5371527777777777	0.6474039557450427	0.004791153136372915	0.9055256435423369	2.5790691357091258
seed2	moderately_unequal	radial_node	0.25	room_equal	standardized_max	300	199	0.37	0.317331727809741	0.42595544470864083	0.09	0.5027547038225662	0.007319969618030576	72.0	6.0	20.0	0.3967460238079361	0.5371527777777777	0.6474039557450427	0.004791153136372915	0.9055256435423369	2.5790691357091258
seed2	moderately_unequal	radial_node	0.25	room_equal	cv_retrained	300	199	0.44666666666666666	0.39143715496049114	0.503244761970127	0.06	0.5027547038225662	0.007319969618030576	72.0	6.0	20.0	0.3967460238079361	0.5371527777777777	0.6474039557450427	0.004791153136372915	0.9055256435423369	2.5790691357091258
seed2	moderately_unequal	radial_node	0.25	room_equal	cv_standardized	300	199	0.4766666666666667	0.42080166187431245	0.533121676782833	0.052500000000000005	0.4926204229690231	0.029215727074243362	72.0	6.0	20.0	0.3967460238079361	0.5371527777777777	0.6474039557450427	0.004791153136372915	0.9055256435423369	2.5790691357091258
seed2	moderately_unequal	radial_node	0.5	building_equal	profile	300	199	0.39	0.3365300216309911	0.446251432038409	0.085	0.5045744168174262	0.01694362302049794	72.0	6.0	20.0	0.3967460238079361	0.5371527777777777	0.6474039557450427	0.004791153136372915	0.9055256435423369	2.5790691357091258
seed2	moderately_unequal	radial_node	0.5	building_equal	mantel	300	199	0.34	0.2887202040964927	0.395325546695362	0.105	0.5045744168174262	0.01694362302049794	72.0	6.0	20.0	0.3967460238079361	0.5371527777777777	0.6474039557450427	0.004791153136372915	0.9055256435423369	2.5790691357091258
seed2	moderately_unequal	radial_node	0.5	building_equal	nested_max	300	199	0.3933333333333333	0.3397391051458938	0.44962472871534254	0.085	0.5045744168174262	0.01694362302049794	72.0	6.0	20.0	0.3967460238079361	0.5371527777777777	0.6474039557450427	0.004791153136372915	0.9055256435423369	2.5790691357091258
seed2	moderately_unequal	radial_node	0.5	building_equal	standardized_max	300	199	0.37	0.317331727809741	0.42595544470864083	0.09	0.5045744168174262	0.01694362302049794	72.0	6.0	20.0	0.3967460238079361	0.5371527777777777	0.6474039557450427	0.004791153136372915	0.9055256435423369	2.5790691357091258
seed2	moderately_unequal	radial_node	0.5	building_equal	cv_retrained	300	199	0.31333333333333335	0.2634843975598553	0.36790231169730847	0.1	0.5045744168174262	0.01694362302049794	72.0	6.0	20.0	0.3967460238079361	0.5371527777777777	0.6474039557450427	0.004791153136372915	0.9055256435423369	2.5790691357091258
seed2	moderately_unequal	radial_node	0.5	building_equal	cv_standardized	300	199	0.4266666666666667	0.3719735758386311	0.4832140599409689	0.06	0.48651476782906117	0.05861832200698888	72.0	6.0	20.0	0.3967460238079361	0.5371527777777777	0.6474039557450427	0.004791153136372915	0.9055256435423369	2.5790691357091258
seed2	moderately_unequal	radial_node	0.5	sqrt_rooms	profile	300	199	0.39	0.3365300216309911	0.446251432038409	0.085	0.505055400101422	0.015563757307428832	72.0	6.0	20.0	0.3967460238079361	0.5371527777777777	0.6474039557450427	0.004791153136372915	0.9055256435423369	2.5790691357091258
seed2	moderately_unequal	radial_node	0.5	sqrt_rooms	mantel	300	199	0.34	0.2887202040964927	0.395325546695362	0.105	0.505055400101422	0.015563757307428832	72.0	6.0	20.0	0.3967460238079361	0.5371527777777777	0.6474039557450427	0.004791153136372915	0.9055256435423369	2.5790691357091258
seed2	moderately_unequal	radial_node	0.5	sqrt_rooms	nested_max	300	199	0.3933333333333333	0.3397391051458938	0.44962472871534254	0.085	0.505055400101422	0.015563757307428832	72.0	6.0	20.0	0.3967460238079361	0.5371527777777777	0.6474039557450427	0.004791153136372915	0.9055256435423369	2.5790691357091258
seed2	moderately_unequal	radial_node	0.5	sqrt_rooms	standardized_max	300	199	0.37	0.317331727809741	0.42595544470864083	0.09	0.505055400101422	0.015563757307428832	72.0	6.0	20.0	0.3967460238079361	0.5371527777777777	0.6474039557450427	0.004791153136372915	0.9055256435423369	2.5790691357091258
seed2	moderately_unequal	radial_node	0.5	sqrt_rooms	cv_retrained	300	199	0.4166666666666667	0.3622760916643604	0.4731644035397305	0.07250000000000001	0.505055400101422	0.015563757307428832	72.0	6.0	20.0	0.3967460238079361	0.5371527777777777	0.6474039557450427	0.004791153136372915	0.9055256435423369	2.5790691357091258
seed2	moderately_unequal	radial_node	0.5	sqrt_rooms	cv_standardized	300	199	0.47	0.4142588116594049	0.5264997666140677	0.055	0.48595464521337844	0.05752279666902981	72.0	6.0	20.0	0.3967460238079361	0.5371527777777777	0.6474039557450427	0.004791153136372915	0.9055256435423369	2.5790691357091258
seed2	moderately_unequal	radial_node	0.5	room_equal	profile	300	199	0.39	0.3365300216309911	0.446251432038409	0.085	0.5055055312919217	0.014628273823006596	72.0	6.0	20.0	0.3967460238079361	0.5371527777777777	0.6474039557450427	0.004791153136372915	0.9055256435423369	2.5790691357091258
seed2	moderately_unequal	radial_node	0.5	room_equal	mantel	300	199	0.34	0.2887202040964927	0.395325546695362	0.105	0.5055055312919217	0.014628273823006596	72.0	6.0	20.0	0.3967460238079361	0.5371527777777777	0.6474039557450427	0.004791153136372915	0.9055256435423369	2.5790691357091258
seed2	moderately_unequal	radial_node	0.5	room_equal	nested_max	300	199	0.3933333333333333	0.3397391051458938	0.44962472871534254	0.085	0.5055055312919217	0.014628273823006596	72.0	6.0	20.0	0.3967460238079361	0.5371527777777777	0.6474039557450427	0.004791153136372915	0.9055256435423369	2.5790691357091258
seed2	moderately_unequal	radial_node	0.5	room_equal	standardized_max	300	199	0.37	0.317331727809741	0.42595544470864083	0.09	0.5055055312919217	0.014628273823006596	72.0	6.0	20.0	0.3967460238079361	0.5371527777777777	0.6474039557450427	0.004791153136372915	0.9055256435423369	2.5790691357091258
seed2	moderately_unequal	radial_node	0.5	room_equal	cv_retrained	300	199	0.45	0.394689901646408	0.5065743954760465	0.06	0.5055055312919217	0.014628273823006596	72.0	6.0	20.0	0.3967460238079361	0.5371527777777777	0.6474039557450427	0.004791153136372915	0.9055256435423369	2.5790691357091258
seed2	moderately_unequal	radial_node	0.5	room_equal	cv_standardized	300	199	0.47	0.4142588116594049	0.5264997666140677	0.055	0.4854857182361699	0.057653249028589496	72.0	6.0	20.0	0.3967460238079361	0.5371527777777777	0.6474039557450427	0.004791153136372915	0.9055256435423369	2.5790691357091258
seed2	moderately_unequal	radial_node	1.0	building_equal	profile	300	199	0.39	0.3365300216309911	0.446251432038409	0.085	0.509122012568242	0.03375073534697195	72.0	6.0	20.0	0.3967460238079361	0.5371527777777777	0.6474039557450427	0.004791153136372915	0.9055256435423369	2.5790691357091258
seed2	moderately_unequal	radial_node	1.0	building_equal	mantel	300	199	0.34	0.2887202040964927	0.395325546695362	0.105	0.509122012568242	0.03375073534697195	72.0	6.0	20.0	0.3967460238079361	0.5371527777777777	0.6474039557450427	0.004791153136372915	0.9055256435423369	2.5790691357091258
seed2	moderately_unequal	radial_node	1.0	building_equal	nested_max	300	199	0.3933333333333333	0.3397391051458938	0.44962472871534254	0.085	0.509122012568242	0.03375073534697195	72.0	6.0	20.0	0.3967460238079361	0.5371527777777777	0.6474039557450427	0.004791153136372915	0.9055256435423369	2.5790691357091258
seed2	moderately_unequal	radial_node	1.0	building_equal	standardized_max	300	199	0.37	0.317331727809741	0.42595544470864083	0.09	0.509122012568242	0.03375073534697195	72.0	6.0	20.0	0.3967460238079361	0.5371527777777777	0.6474039557450427	0.004791153136372915	0.9055256435423369	2.5790691357091258
seed2	moderately_unequal	radial_node	1.0	building_equal	cv_retrained	300	199	0.30333333333333334	0.2540711301237818	0.3575684385578729	0.1	0.509122012568242	0.03375073534697195	72.0	6.0	20.0	0.3967460238079361	0.5371527777777777	0.6474039557450427	0.004791153136372915	0.9055256435423369	2.5790691357091258
seed2	moderately_unequal	radial_node	1.0	building_equal	cv_standardized	300	199	0.4033333333333333	0.3493821700801514	0.459728804356594	0.06	0.474603212814715	0.11196897727941381	72.0	6.0	20.0	0.3967460238079361	0.5371527777777777	0.6474039557450427	0.004791153136372915	0.9055256435423369	2.5790691357091258
seed2	moderately_unequal	radial_node	1.0	sqrt_rooms	profile	300	199	0.39	0.3365300216309911	0.446251432038409	0.085	0.5100811085007025	0.03102074304263348	72.0	6.0	20.0	0.3967460238079361	0.5371527777777777	0.6474039557450427	0.004791153136372915	0.9055256435423369	2.5790691357091258
seed2	moderately_unequal	radial_node	1.0	sqrt_rooms	mantel	300	199	0.34	0.2887202040964927	0.395325546695362	0.105	0.5100811085007025	0.03102074304263348	72.0	6.0	20.0	0.3967460238079361	0.5371527777777777	0.6474039557450427	0.004791153136372915	0.9055256435423369	2.5790691357091258
seed2	moderately_unequal	radial_node	1.0	sqrt_rooms	nested_max	300	199	0.3933333333333333	0.3397391051458938	0.44962472871534254	0.085	0.5100811085007025	0.03102074304263348	72.0	6.0	20.0	0.3967460238079361	0.5371527777777777	0.6474039557450427	0.004791153136372915	0.9055256435423369	2.5790691357091258
seed2	moderately_unequal	radial_node	1.0	sqrt_rooms	standardized_max	300	199	0.37	0.317331727809741	0.42595544470864083	0.09	0.5100811085007025	0.03102074304263348	72.0	6.0	20.0	0.3967460238079361	0.5371527777777777	0.6474039557450427	0.004791153136372915	0.9055256435423369	2.5790691357091258
seed2	moderately_unequal	radial_node	1.0	sqrt_rooms	cv_retrained	300	199	0.41	0.35582394979935006	0.4664517850210681	0.075	0.5100811085007025	0.03102074304263348	72.0	6.0	20.0	0.3967460238079361	0.5371527777777777	0.6474039557450427	0.004791153136372915	0.9055256435423369	2.5790691357091258
seed2	moderately_unequal	radial_node	1.0	sqrt_rooms	cv_standardized	300	199	0.44666666666666666	0.39143715496049114	0.503244761970127	0.057499999999999996	0.47346382932204145	0.10991852886874076	72.0	6.0	20.0	0.3967460238079361	0.5371527777777777	0.6474039557450427	0.004791153136372915	0.9055256435423369	2.5790691357091258
seed2	moderately_unequal	radial_node	1.0	room_equal	profile	300	199	0.39	0.3365300216309911	0.446251432038409	0.085	0.5109802435142936	0.029163922624971753	72.0	6.0	20.0	0.3967460238079361	0.5371527777777777	0.6474039557450427	0.004791153136372915	0.9055256435423369	2.5790691357091258
seed2	moderately_unequal	radial_node	1.0	room_equal	mantel	300	199	0.34	0.2887202040964927	0.395325546695362	0.105	0.5109802435142936	0.029163922624971753	72.0	6.0	20.0	0.3967460238079361	0.5371527777777777	0.6474039557450427	0.004791153136372915	0.9055256435423369	2.5790691357091258
seed2	moderately_unequal	radial_node	1.0	room_equal	nested_max	300	199	0.3933333333333333	0.3397391051458938	0.44962472871534254	0.085	0.5109802435142936	0.029163922624971753	72.0	6.0	20.0	0.3967460238079361	0.5371527777777777	0.6474039557450427	0.004791153136372915	0.9055256435423369	2.5790691357091258
seed2	moderately_unequal	radial_node	1.0	room_equal	standardized_max	300	199	0.37	0.317331727809741	0.42595544470864083	0.09	0.5109802435142936	0.029163922624971753	72.0	6.0	20.0	0.3967460238079361	0.5371527777777777	0.6474039557450427	0.004791153136372915	0.9055256435423369	2.5790691357091258
seed2	moderately_unequal	radial_node	1.0	room_equal	cv_retrained	300	199	0.44666666666666666	0.39143715496049114	0.503244761970127	0.065	0.5109802435142936	0.029163922624971753	72.0	6.0	20.0	0.3967460238079361	0.5371527777777777	0.6474039557450427	0.004791153136372915	0.9055256435423369	2.5790691357091258
seed2	moderately_unequal	radial_node	1.0	room_equal	cv_standardized	300	199	0.47333333333333333	0.4175289979894712	0.5298119604758378	0.055	0.47269317275233325	0.10981669503489859	72.0	6.0	20.0	0.3967460238079361	0.5371527777777777	0.6474039557450427	0.004791153136372915	0.9055256435423369	2.5790691357091258
seed2	moderately_unequal	radial_node	2.0	building_equal	profile	300	199	0.39	0.3365300216309911	0.446251432038409	0.085	0.5180341787400123	0.06645010981156244	72.0	6.0	20.0	0.3967460238079361	0.5371527777777777	0.6474039557450427	0.004791153136372915	0.9055256435423369	2.5790691357091258
seed2	moderately_unequal	radial_node	2.0	building_equal	mantel	300	199	0.34	0.2887202040964927	0.395325546695362	0.105	0.5180341787400123	0.06645010981156244	72.0	6.0	20.0	0.3967460238079361	0.5371527777777777	0.6474039557450427	0.004791153136372915	0.9055256435423369	2.5790691357091258
seed2	moderately_unequal	radial_node	2.0	building_equal	nested_max	300	199	0.3933333333333333	0.3397391051458938	0.44962472871534254	0.085	0.5180341787400123	0.06645010981156244	72.0	6.0	20.0	0.3967460238079361	0.5371527777777777	0.6474039557450427	0.004791153136372915	0.9055256435423369	2.5790691357091258
seed2	moderately_unequal	radial_node	2.0	building_equal	standardized_max	300	199	0.37	0.317331727809741	0.42595544470864083	0.09	0.5180341787400123	0.06645010981156244	72.0	6.0	20.0	0.3967460238079361	0.5371527777777777	0.6474039557450427	0.004791153136372915	0.9055256435423369	2.5790691357091258
seed2	moderately_unequal	radial_node	2.0	building_equal	cv_retrained	300	199	0.30333333333333334	0.2540711301237818	0.3575684385578729	0.11	0.5180341787400123	0.06645010981156244	72.0	6.0	20.0	0.3967460238079361	0.5371527777777777	0.6474039557450427	0.004791153136372915	0.9055256435423369	2.5790691357091258
seed2	moderately_unequal	radial_node	2.0	building_equal	cv_standardized	300	199	0.37666666666666665	0.3237203650702255	0.4327315678318291	0.075	0.45764470149953257	0.1948017017990234	72.0	6.0	20.0	0.3967460238079361	0.5371527777777777	0.6474039557450427	0.004791153136372915	0.9055256435423369	2.5790691357091258
seed2	moderately_unequal	radial_node	2.0	sqrt_rooms	profile	300	199	0.39	0.3365300216309911	0.446251432038409	0.085	0.5199305968689999	0.061214038035960865	72.0	6.0	20.0	0.3967460238079361	0.5371527777777777	0.6474039557450427	0.004791153136372915	0.9055256435423369	2.5790691357091258
seed2	moderately_unequal	radial_node	2.0	sqrt_rooms	mantel	300	199	0.34	0.2887202040964927	0.395325546695362	0.105	0.5199305968689999	0.061214038035960865	72.0	6.0	20.0	0.3967460238079361	0.5371527777777777	0.6474039557450427	0.004791153136372915	0.9055256435423369	2.5790691357091258
seed2	moderately_unequal	radial_node	2.0	sqrt_rooms	nested_max	300	199	0.3933333333333333	0.3397391051458938	0.44962472871534254	0.085	0.5199305968689999	0.061214038035960865	72.0	6.0	20.0	0.3967460238079361	0.5371527777777777	0.6474039557450427	0.004791153136372915	0.9055256435423369	2.5790691357091258
seed2	moderately_unequal	radial_node	2.0	sqrt_rooms	standardized_max	300	199	0.37	0.317331727809741	0.42595544470864083	0.09	0.5199305968689999	0.061214038035960865	72.0	6.0	20.0	0.3967460238079361	0.5371527777777777	0.6474039557450427	0.004791153136372915	0.9055256435423369	2.5790691357091258
seed2	moderately_unequal	radial_node	2.0	sqrt_rooms	cv_retrained	300	199	0.39	0.3365300216309911	0.446251432038409	0.08	0.5199305968689999	0.061214038035960865	72.0	6.0	20.0	0.3967460238079361	0.5371527777777777	0.6474039557450427	0.004791153136372915	0.9055256435423369	2.5790691357091258
seed2	moderately_unequal	radial_node	2.0	sqrt_rooms	cv_standardized	300	199	0.44	0.38493919498482354	0.49657796156212186	0.07	0.455393996289618	0.1913033203703432	72.0	6.0	20.0	0.3967460238079361	0.5371527777777777	0.6474039557450427	0.004791153136372915	0.9055256435423369	2.5790691357091258
seed2	moderately_unequal	radial_node	2.0	room_equal	profile	300	199	0.39	0.3365300216309911	0.446251432038409	0.085	0.5217198808312893	0.05760835258456144	72.0	6.0	20.0	0.3967460238079361	0.5371527777777777	0.6474039557450427	0.004791153136372915	0.9055256435423369	2.5790691357091258
seed2	moderately_unequal	radial_node	2.0	room_equal	mantel	300	199	0.34	0.2887202040964927	0.395325546695362	0.105	0.5217198808312893	0.05760835258456144	72.0	6.0	20.0	0.3967460238079361	0.5371527777777777	0.6474039557450427	0.004791153136372915	0.9055256435423369	2.5790691357091258
seed2	moderately_unequal	radial_node	2.0	room_equal	nested_max	300	199	0.3933333333333333	0.3397391051458938	0.44962472871534254	0.085	0.5217198808312893	0.05760835258456144	72.0	6.0	20.0	0.3967460238079361	0.5371527777777777	0.6474039557450427	0.004791153136372915	0.9055256435423369	2.5790691357091258
seed2	moderately_unequal	radial_node	2.0	room_equal	standardized_max	300	199	0.37	0.317331727809741	0.42595544470864083	0.09	0.5217198808312893	0.05760835258456144	72.0	6.0	20.0	0.3967460238079361	0.5371527777777777	0.6474039557450427	0.004791153136372915	0.9055256435423369	2.5790691357091258
seed2	moderately_unequal	radial_node	2.0	room_equal	cv_retrained	300	199	0.45	0.394689901646408	0.5065743954760465	0.07	0.5217198808312893	0.05760835258456144	72.0	6.0	20.0	0.3967460238079361	0.5371527777777777	0.6474039557450427	0.004791153136372915	0.9055256435423369	2.5790691357091258
seed2	moderately_unequal	radial_node	2.0	room_equal	cv_standardized	300	199	0.44666666666666666	0.39143715496049114	0.503244761970127	0.0625	0.4546036500779406	0.18971579347292436	72.0	6.0	20.0	0.3967460238079361	0.5371527777777777	0.6474039557450427	0.004791153136372915	0.9055256435423369	2.5790691357091258
seed2	moderately_unequal	radial_node	4.0	building_equal	profile	300	199	0.39	0.3365300216309911	0.446251432038409	0.085	0.5345288884188955	0.12557110192696125	72.0	6.0	20.0	0.3967460238079361	0.5371527777777777	0.6474039557450427	0.004791153136372915	0.9055256435423369	2.5790691357091258
seed2	moderately_unequal	radial_node	4.0	building_equal	mantel	300	199	0.34	0.2887202040964927	0.395325546695362	0.105	0.5345288884188955	0.12557110192696125	72.0	6.0	20.0	0.3967460238079361	0.5371527777777777	0.6474039557450427	0.004791153136372915	0.9055256435423369	2.5790691357091258
seed2	moderately_unequal	radial_node	4.0	building_equal	nested_max	300	199	0.3933333333333333	0.3397391051458938	0.44962472871534254	0.085	0.5345288884188955	0.12557110192696125	72.0	6.0	20.0	0.3967460238079361	0.5371527777777777	0.6474039557450427	0.004791153136372915	0.9055256435423369	2.5790691357091258
seed2	moderately_unequal	radial_node	4.0	building_equal	standardized_max	300	199	0.37	0.317331727809741	0.42595544470864083	0.09	0.5345288884188955	0.12557110192696125	72.0	6.0	20.0	0.3967460238079361	0.5371527777777777	0.6474039557450427	0.004791153136372915	0.9055256435423369	2.5790691357091258
seed2	moderately_unequal	radial_node	4.0	building_equal	cv_retrained	300	199	0.26666666666666666	0.21980599244000376	0.31942739413145094	0.12	0.5345288884188955	0.12557110192696125	72.0	6.0	20.0	0.3967460238079361	0.5371527777777777	0.6474039557450427	0.004791153136372915	0.9055256435423369	2.5790691357091258
seed2	moderately_unequal	radial_node	4.0	building_equal	cv_standardized	300	199	0.36666666666666664	0.3141415065082282	0.4225632858183173	0.0975	0.4427349228823944	0.2865558999709402	72.0	6.0	20.0	0.3967460238079361	0.5371527777777777	0.6474039557450427	0.004791153136372915	0.9055256435423369	2.5790691357091258
seed2	moderately_unequal	radial_node	4.0	sqrt_rooms	profile	300	199	0.39	0.3365300216309911	0.446251432038409	0.085	0.5381759758805118	0.11654235043676238	72.0	6.0	20.0	0.3967460238079361	0.5371527777777777	0.6474039557450427	0.004791153136372915	0.9055256435423369	2.5790691357091258
seed2	moderately_unequal	radial_node	4.0	sqrt_rooms	mantel	300	199	0.34	0.2887202040964927	0.395325546695362	0.105	0.5381759758805118	0.11654235043676238	72.0	6.0	20.0	0.3967460238079361	0.5371527777777777	0.6474039557450427	0.004791153136372915	0.9055256435423369	2.5790691357091258
seed2	moderately_unequal	radial_node	4.0	sqrt_rooms	nested_max	300	199	0.3933333333333333	0.3397391051458938	0.44962472871534254	0.085	0.5381759758805118	0.11654235043676238	72.0	6.0	20.0	0.3967460238079361	0.5371527777777777	0.6474039557450427	0.004791153136372915	0.9055256435423369	2.5790691357091258
seed2	moderately_unequal	radial_node	4.0	sqrt_rooms	standardized_max	300	199	0.37	0.317331727809741	0.42595544470864083	0.09	0.5381759758805118	0.11654235043676238	72.0	6.0	20.0	0.3967460238079361	0.5371527777777777	0.6474039557450427	0.004791153136372915	0.9055256435423369	2.5790691357091258
seed2	moderately_unequal	radial_node	4.0	sqrt_rooms	cv_retrained	300	199	0.3466666666666667	0.2950585411049252	0.40215197007060216	0.09	0.5381759758805118	0.11654235043676238	72.0	6.0	20.0	0.3967460238079361	0.5371527777777777	0.6474039557450427	0.004791153136372915	0.9055256435423369	2.5790691357091258
seed2	moderately_unequal	radial_node	4.0	sqrt_rooms	cv_standardized	300	199	0.37333333333333335	0.32052468559554903	0.42934486711466924	0.075	0.4388808118291202	0.28166913455238374	72.0	6.0	20.0	0.3967460238079361	0.5371527777777777	0.6474039557450427	0.004791153136372915	0.9055256435423369	2.5790691357091258
seed2	moderately_unequal	radial_node	4.0	room_equal	profile	300	199	0.39	0.3365300216309911	0.446251432038409	0.085	0.541683925212328	0.11005775398179822	72.0	6.0	20.0	0.3967460238079361	0.5371527777777777	0.6474039557450427	0.004791153136372915	0.9055256435423369	2.5790691357091258
seed2	moderately_unequal	radial_node	4.0	room_equal	mantel	300	199	0.34	0.2887202040964927	0.395325546695362	0.105	0.541683925212328	0.11005775398179822	72.0	6.0	20.0	0.3967460238079361	0.5371527777777777	0.6474039557450427	0.004791153136372915	0.9055256435423369	2.5790691357091258
seed2	moderately_unequal	radial_node	4.0	room_equal	nested_max	300	199	0.3933333333333333	0.3397391051458938	0.44962472871534254	0.085	0.541683925212328	0.11005775398179822	72.0	6.0	20.0	0.3967460238079361	0.5371527777777777	0.6474039557450427	0.004791153136372915	0.9055256435423369	2.5790691357091258
seed2	moderately_unequal	radial_node	4.0	room_equal	standardized_max	300	199	0.37	0.317331727809741	0.42595544470864083	0.09	0.541683925212328	0.11005775398179822	72.0	6.0	20.0	0.3967460238079361	0.5371527777777777	0.6474039557450427	0.004791153136372915	0.9055256435423369	2.5790691357091258
seed2	moderately_unequal	radial_node	4.0	room_equal	cv_retrained	300	199	0.4066666666666667	0.3526017598634212	0.46309159476516065	0.075	0.541683925212328	0.11005775398179822	72.0	6.0	20.0	0.3967460238079361	0.5371527777777777	0.6474039557450427	0.004791153136372915	0.9055256435423369	2.5790691357091258
seed2	moderately_unequal	radial_node	4.0	room_equal	cv_standardized	300	199	0.42	0.3655060253806384	0.4765168500152888	0.0775	0.43887896862810805	0.27694421699401933	72.0	6.0	20.0	0.3967460238079361	0.5371527777777777	0.6474039557450427	0.004791153136372915	0.9055256435423369	2.5790691357091258
seed2	moderately_unequal	radial_node	8.0	building_equal	profile	300	199	0.39	0.3365300216309911	0.446251432038409	0.085	0.5599409338391819	0.21232241926080592	72.0	6.0	20.0	0.3967460238079361	0.5371527777777777	0.6474039557450427	0.004791153136372915	0.9055256435423369	2.5790691357091258
seed2	moderately_unequal	radial_node	8.0	building_equal	mantel	300	199	0.34	0.2887202040964927	0.395325546695362	0.105	0.5599409338391819	0.21232241926080592	72.0	6.0	20.0	0.3967460238079361	0.5371527777777777	0.6474039557450427	0.004791153136372915	0.9055256435423369	2.5790691357091258
seed2	moderately_unequal	radial_node	8.0	building_equal	nested_max	300	199	0.3933333333333333	0.3397391051458938	0.44962472871534254	0.085	0.5599409338391819	0.21232241926080592	72.0	6.0	20.0	0.3967460238079361	0.5371527777777777	0.6474039557450427	0.004791153136372915	0.9055256435423369	2.5790691357091258
seed2	moderately_unequal	radial_node	8.0	building_equal	standardized_max	300	199	0.37	0.317331727809741	0.42595544470864083	0.09	0.5599409338391819	0.21232241926080592	72.0	6.0	20.0	0.3967460238079361	0.5371527777777777	0.6474039557450427	0.004791153136372915	0.9055256435423369	2.5790691357091258
seed2	moderately_unequal	radial_node	8.0	building_equal	cv_retrained	300	199	0.23	0.18597181807303015	0.28085538638822466	0.14250000000000002	0.5599409338391819	0.21232241926080592	72.0	6.0	20.0	0.3967460238079361	0.5371527777777777	0.6474039557450427	0.004791153136372915	0.9055256435423369	2.5790691357091258
seed2	moderately_unequal	radial_node	8.0	building_equal	cv_standardized	300	199	0.36333333333333334	0.3109540370105783	0.4191683751241309	0.115	0.435916370550212	0.35347915406454755	72.0	6.0	20.0	0.3967460238079361	0.5371527777777777	0.6474039557450427	0.004791153136372915	0.9055256435423369	2.5790691357091258
seed2	moderately_unequal	radial_node	8.0	sqrt_rooms	profile	300	199	0.39	0.3365300216309911	0.446251432038409	0.085	0.566475826979901	0.2004805979417093	72.0	6.0	20.0	0.3967460238079361	0.5371527777777777	0.6474039557450427	0.004791153136372915	0.9055256435423369	2.5790691357091258
seed2	moderately_unequal	radial_node	8.0	sqrt_rooms	mantel	300	199	0.34	0.2887202040964927	0.395325546695362	0.105	0.566475826979901	0.2004805979417093	72.0	6.0	20.0	0.3967460238079361	0.5371527777777777	0.6474039557450427	0.004791153136372915	0.9055256435423369	2.5790691357091258
seed2	moderately_unequal	radial_node	8.0	sqrt_rooms	nested_max	300	199	0.3933333333333333	0.3397391051458938	0.44962472871534254	0.085	0.566475826979901	0.2004805979417093	72.0	6.0	20.0	0.3967460238079361	0.5371527777777777	0.6474039557450427	0.004791153136372915	0.9055256435423369	2.5790691357091258
seed2	moderately_unequal	radial_node	8.0	sqrt_rooms	standardized_max	300	199	0.37	0.317331727809741	0.42595544470864083	0.09	0.566475826979901	0.2004805979417093	72.0	6.0	20.0	0.3967460238079361	0.5371527777777777	0.6474039557450427	0.004791153136372915	0.9055256435423369	2.5790691357091258
seed2	moderately_unequal	radial_node	8.0	sqrt_rooms	cv_retrained	300	199	0.31333333333333335	0.2634843975598553	0.36790231169730847	0.105	0.566475826979901	0.2004805979417093	72.0	6.0	20.0	0.3967460238079361	0.5371527777777777	0.6474039557450427	0.004791153136372915	0.9055256435423369	2.5790691357091258
seed2	moderately_unequal	radial_node	8.0	sqrt_rooms	cv_standardized	300	199	0.3566666666666667	0.30458741740255907	0.41237023434847747	0.08	0.4309871768494202	0.34818296156210143	72.0	6.0	20.0	0.3967460238079361	0.5371527777777777	0.6474039557450427	0.004791153136372915	0.9055256435423369	2.5790691357091258
seed2	moderately_unequal	radial_node	8.0	room_equal	profile	300	199	0.39	0.3365300216309911	0.446251432038409	0.085	0.5729777801904009	0.19096284535470004	72.0	6.0	20.0	0.3967460238079361	0.5371527777777777	0.6474039557450427	0.004791153136372915	0.9055256435423369	2.5790691357091258
seed2	moderately_unequal	radial_node	8.0	room_equal	mantel	300	199	0.34	0.2887202040964927	0.395325546695362	0.105	0.5729777801904009	0.19096284535470004	72.0	6.0	20.0	0.3967460238079361	0.5371527777777777	0.6474039557450427	0.004791153136372915	0.9055256435423369	2.5790691357091258
seed2	moderately_unequal	radial_node	8.0	room_equal	nested_max	300	199	0.3933333333333333	0.3397391051458938	0.44962472871534254	0.085	0.5729777801904009	0.19096284535470004	72.0	6.0	20.0	0.3967460238079361	0.5371527777777777	0.6474039557450427	0.004791153136372915	0.9055256435423369	2.5790691357091258
seed2	moderately_unequal	radial_node	8.0	room_equal	standardized_max	300	199	0.37	0.317331727809741	0.42595544470864083	0.09	0.5729777801904009	0.19096284535470004	72.0	6.0	20.0	0.3967460238079361	0.5371527777777777	0.6474039557450427	0.004791153136372915	0.9055256435423369	2.5790691357091258
seed2	moderately_unequal	radial_node	8.0	room_equal	cv_retrained	300	199	0.3466666666666667	0.2950585411049252	0.40215197007060216	0.085	0.5729777801904009	0.19096284535470004	72.0	6.0	20.0	0.3967460238079361	0.5371527777777777	0.6474039557450427	0.004791153136372915	0.9055256435423369	2.5790691357091258
seed2	moderately_unequal	radial_node	8.0	room_equal	cv_standardized	300	199	0.38333333333333336	0.330119832453064	0.43949686083266337	0.085	0.43250688811728905	0.3410187915435278	72.0	6.0	20.0	0.3967460238079361	0.5371527777777777	0.6474039557450427	0.004791153136372915	0.9055256435423369	2.5790691357091258
seed2	moderately_unequal	radial_node	16.0	building_equal	profile	300	199	0.39	0.3365300216309911	0.446251432038409	0.085	0.5861540092503319	0.2983957416546598	72.0	6.0	20.0	0.3967460238079361	0.5371527777777777	0.6474039557450427	0.004791153136372915	0.9055256435423369	2.5790691357091258
seed2	moderately_unequal	radial_node	16.0	building_equal	mantel	300	199	0.34	0.2887202040964927	0.395325546695362	0.105	0.5861540092503319	0.2983957416546598	72.0	6.0	20.0	0.3967460238079361	0.5371527777777777	0.6474039557450427	0.004791153136372915	0.9055256435423369	2.5790691357091258
seed2	moderately_unequal	radial_node	16.0	building_equal	nested_max	300	199	0.3933333333333333	0.3397391051458938	0.44962472871534254	0.085	0.5861540092503319	0.2983957416546598	72.0	6.0	20.0	0.3967460238079361	0.5371527777777777	0.6474039557450427	0.004791153136372915	0.9055256435423369	2.5790691357091258
seed2	moderately_unequal	radial_node	16.0	building_equal	standardized_max	300	199	0.37	0.317331727809741	0.42595544470864083	0.09	0.5861540092503319	0.2983957416546598	72.0	6.0	20.0	0.3967460238079361	0.5371527777777777	0.6474039557450427	0.004791153136372915	0.9055256435423369	2.5790691357091258
seed2	moderately_unequal	radial_node	16.0	building_equal	cv_retrained	300	199	0.21	0.1677218007333024	0.25961112257693425	0.17	0.5861540092503319	0.2983957416546598	72.0	6.0	20.0	0.3967460238079361	0.5371527777777777	0.6474039557450427	0.004791153136372915	0.9055256435423369	2.5790691357091258
seed2	moderately_unequal	radial_node	16.0	building_equal	cv_standardized	300	199	0.37333333333333335	0.32052468559554903	0.42934486711466924	0.10250000000000001	0.4329161318029833	0.38686706953781574	72.0	6.0	20.0	0.3967460238079361	0.5371527777777777	0.6474039557450427	0.004791153136372915	0.9055256435423369	2.5790691357091258
seed2	moderately_unequal	radial_node	16.0	sqrt_rooms	profile	300	199	0.39	0.3365300216309911	0.446251432038409	0.085	0.5962471647153255	0.2884252128926741	72.0	6.0	20.0	0.3967460238079361	0.5371527777777777	0.6474039557450427	0.004791153136372915	0.9055256435423369	2.5790691357091258
seed2	moderately_unequal	radial_node	16.0	sqrt_rooms	mantel	300	199	0.34	0.2887202040964927	0.395325546695362	0.105	0.5962471647153255	0.2884252128926741	72.0	6.0	20.0	0.3967460238079361	0.5371527777777777	0.6474039557450427	0.004791153136372915	0.9055256435423369	2.5790691357091258
seed2	moderately_unequal	radial_node	16.0	sqrt_rooms	nested_max	300	199	0.3933333333333333	0.3397391051458938	0.44962472871534254	0.085	0.5962471647153255	0.2884252128926741	72.0	6.0	20.0	0.3967460238079361	0.5371527777777777	0.6474039557450427	0.004791153136372915	0.9055256435423369	2.5790691357091258
seed2	moderately_unequal	radial_node	16.0	sqrt_rooms	standardized_max	300	199	0.37	0.317331727809741	0.42595544470864083	0.09	0.5962471647153255	0.2884252128926741	72.0	6.0	20.0	0.3967460238079361	0.5371527777777777	0.6474039557450427	0.004791153136372915	0.9055256435423369	2.5790691357091258
seed2	moderately_unequal	radial_node	16.0	sqrt_rooms	cv_retrained	300	199	0.28	0.23221902212795326	0.33334388521084696	0.1375	0.5962471647153255	0.2884252128926741	72.0	6.0	20.0	0.3967460238079361	0.5371527777777777	0.6474039557450427	0.004791153136372915	0.9055256435423369	2.5790691357091258
seed2	moderately_unequal	radial_node	16.0	sqrt_rooms	cv_standardized	300	199	0.35	0.29823200252235404	0.4055608888450096	0.08	0.4286678879243778	0.38223152044574693	72.0	6.0	20.0	0.3967460238079361	0.5371527777777777	0.6474039557450427	0.004791153136372915	0.9055256435423369	2.5790691357091258
seed2	moderately_unequal	radial_node	16.0	room_equal	profile	300	199	0.39	0.3365300216309911	0.446251432038409	0.085	0.6065098248148828	0.2784059522310826	72.0	6.0	20.0	0.3967460238079361	0.5371527777777777	0.6474039557450427	0.004791153136372915	0.9055256435423369	2.5790691357091258
seed2	moderately_unequal	radial_node	16.0	room_equal	mantel	300	199	0.34	0.2887202040964927	0.395325546695362	0.105	0.6065098248148828	0.2784059522310826	72.0	6.0	20.0	0.3967460238079361	0.5371527777777777	0.6474039557450427	0.004791153136372915	0.9055256435423369	2.5790691357091258
seed2	moderately_unequal	radial_node	16.0	room_equal	nested_max	300	199	0.3933333333333333	0.3397391051458938	0.44962472871534254	0.085	0.6065098248148828	0.2784059522310826	72.0	6.0	20.0	0.3967460238079361	0.5371527777777777	0.6474039557450427	0.004791153136372915	0.9055256435423369	2.5790691357091258
seed2	moderately_unequal	radial_node	16.0	room_equal	standardized_max	300	199	0.37	0.317331727809741	0.42595544470864083	0.09	0.6065098248148828	0.2784059522310826	72.0	6.0	20.0	0.3967460238079361	0.5371527777777777	0.6474039557450427	0.004791153136372915	0.9055256435423369	2.5790691357091258
seed2	moderately_unequal	radial_node	16.0	room_equal	cv_retrained	300	199	0.3233333333333333	0.2729253960837475	0.37820845374892526	0.105	0.6065098248148828	0.2784059522310826	72.0	6.0	20.0	0.3967460238079361	0.5371527777777777	0.6474039557450427	0.004791153136372915	0.9055256435423369	2.5790691357091258
seed2	moderately_unequal	radial_node	16.0	room_equal	cv_standardized	300	199	0.37333333333333335	0.32052468559554903	0.42934486711466924	0.09	0.43219803688216063	0.3746333686453668	72.0	6.0	20.0	0.3967460238079361	0.5371527777777777	0.6474039557450427	0.004791153136372915	0.9055256435423369	2.5790691357091258
seed2	moderately_unequal	dyadic	0.0	building_equal	profile	300	199	0.12666666666666668	0.09369224846506602	0.16908117004926165	0.2775	0.4999999999999999	5.551115123125783e-17	72.0	6.0	20.0	0.3967460238079361	0.5414814814814815	-0.009939320047586598	0.6606893617624311	0.9012121751733705	2.5790691357091258
seed2	moderately_unequal	dyadic	0.0	building_equal	mantel	300	199	0.27	0.22290402938898543	0.32291173737430573	0.17	0.4999999999999999	5.551115123125783e-17	72.0	6.0	20.0	0.3967460238079361	0.5414814814814815	-0.009939320047586598	0.6606893617624311	0.9012121751733705	2.5790691357091258
seed2	moderately_unequal	dyadic	0.0	building_equal	nested_max	300	199	0.14666666666666667	0.11110518744033696	0.19116251222500888	0.235	0.4999999999999999	5.551115123125783e-17	72.0	6.0	20.0	0.3967460238079361	0.5414814814814815	-0.009939320047586598	0.6606893617624311	0.9012121751733705	2.5790691357091258
seed2	moderately_unequal	dyadic	0.0	building_equal	standardized_max	300	199	0.24333333333333335	0.19822154125071836	0.2949351839778819	0.195	0.4999999999999999	5.551115123125783e-17	72.0	6.0	20.0	0.3967460238079361	0.5414814814814815	-0.009939320047586598	0.6606893617624311	0.9012121751733705	2.5790691357091258
seed2	moderately_unequal	dyadic	0.0	building_equal	cv_retrained	300	199	0.1	0.07094791459501532	0.1391664623846215	0.2525	0.4999999999999999	5.551115123125783e-17	72.0	6.0	20.0	0.3967460238079361	0.5414814814814815	-0.009939320047586598	0.6606893617624311	0.9012121751733705	2.5790691357091258
seed2	moderately_unequal	dyadic	0.0	building_equal	cv_standardized	300	199	0.11333333333333333	0.082244501875291	0.15419939587169124	0.265	0.4999999999999999	5.551115123125783e-17	72.0	6.0	20.0	0.3967460238079361	0.5414814814814815	-0.009939320047586598	0.6606893617624311	0.9012121751733705	2.5790691357091258
seed2	moderately_unequal	dyadic	0.0	sqrt_rooms	profile	300	199	0.12666666666666668	0.09369224846506602	0.16908117004926165	0.2775	0.5	0.0	72.0	6.0	20.0	0.3967460238079361	0.5414814814814815	-0.009939320047586598	0.6606893617624311	0.9012121751733705	2.5790691357091258
seed2	moderately_unequal	dyadic	0.0	sqrt_rooms	mantel	300	199	0.27	0.22290402938898543	0.32291173737430573	0.17	0.5	0.0	72.0	6.0	20.0	0.3967460238079361	0.5414814814814815	-0.009939320047586598	0.6606893617624311	0.9012121751733705	2.5790691357091258
seed2	moderately_unequal	dyadic	0.0	sqrt_rooms	nested_max	300	199	0.14666666666666667	0.11110518744033696	0.19116251222500888	0.235	0.5	0.0	72.0	6.0	20.0	0.3967460238079361	0.5414814814814815	-0.009939320047586598	0.6606893617624311	0.9012121751733705	2.5790691357091258
seed2	moderately_unequal	dyadic	0.0	sqrt_rooms	standardized_max	300	199	0.24333333333333335	0.19822154125071836	0.2949351839778819	0.195	0.5	0.0	72.0	6.0	20.0	0.3967460238079361	0.5414814814814815	-0.009939320047586598	0.6606893617624311	0.9012121751733705	2.5790691357091258
seed2	moderately_unequal	dyadic	0.0	sqrt_rooms	cv_retrained	300	199	0.11666666666666667	0.08509313461466292	0.15793314332415567	0.2525	0.5	0.0	72.0	6.0	20.0	0.3967460238079361	0.5414814814814815	-0.009939320047586598	0.6606893617624311	0.9012121751733705	2.5790691357091258
seed2	moderately_unequal	dyadic	0.0	sqrt_rooms	cv_standardized	300	199	0.13666666666666666	0.10236514609208625	0.1801554129977505	0.255	0.5	0.0	72.0	6.0	20.0	0.3967460238079361	0.5414814814814815	-0.009939320047586598	0.6606893617624311	0.9012121751733705	2.5790691357091258
seed2	moderately_unequal	dyadic	0.0	room_equal	profile	300	199	0.12666666666666668	0.09369224846506602	0.16908117004926165	0.2775	0.5	0.0	72.0	6.0	20.0	0.3967460238079361	0.5414814814814815	-0.009939320047586598	0.6606893617624311	0.9012121751733705	2.5790691357091258
seed2	moderately_unequal	dyadic	0.0	room_equal	mantel	300	199	0.27	0.22290402938898543	0.32291173737430573	0.17	0.5	0.0	72.0	6.0	20.0	0.3967460238079361	0.5414814814814815	-0.009939320047586598	0.6606893617624311	0.9012121751733705	2.5790691357091258
seed2	moderately_unequal	dyadic	0.0	room_equal	nested_max	300	199	0.14666666666666667	0.11110518744033696	0.19116251222500888	0.235	0.5	0.0	72.0	6.0	20.0	0.3967460238079361	0.5414814814814815	-0.009939320047586598	0.6606893617624311	0.9012121751733705	2.5790691357091258
seed2	moderately_unequal	dyadic	0.0	room_equal	standardized_max	300	199	0.24333333333333335	0.19822154125071836	0.2949351839778819	0.195	0.5	0.0	72.0	6.0	20.0	0.3967460238079361	0.5414814814814815	-0.009939320047586598	0.6606893617624311	0.9012121751733705	2.5790691357091258
seed2	moderately_unequal	dyadic	0.0	room_equal	cv_retrained	300	199	0.13	0.09657536941275233	0.17278042929341172	0.25	0.5	0.0	72.0	6.0	20.0	0.3967460238079361	0.5414814814814815	-0.009939320047586598	0.6606893617624311	0.9012121751733705	2.5790691357091258
seed2	moderately_unequal	dyadic	0.0	room_equal	cv_standardized	300	199	0.14666666666666667	0.11110518744033696	0.19116251222500888	0.2625	0.5	0.0	72.0	6.0	20.0	0.3967460238079361	0.5414814814814815	-0.009939320047586598	0.6606893617624311	0.9012121751733705	2.5790691357091258
seed2	moderately_unequal	dyadic	0.1	building_equal	profile	300	199	0.12666666666666668	0.09369224846506602	0.16908117004926165	0.2775	0.501284513853409	0.0032501881527632714	72.0	6.0	20.0	0.3967460238079361	0.5414814814814815	-0.009939320047586598	0.6606893617624311	0.9012121751733705	2.5790691357091258
seed2	moderately_unequal	dyadic	0.1	building_equal	mantel	300	199	0.27	0.22290402938898543	0.32291173737430573	0.17	0.501284513853409	0.0032501881527632714	72.0	6.0	20.0	0.3967460238079361	0.5414814814814815	-0.009939320047586598	0.6606893617624311	0.9012121751733705	2.5790691357091258
seed2	moderately_unequal	dyadic	0.1	building_equal	nested_max	300	199	0.14666666666666667	0.11110518744033696	0.19116251222500888	0.235	0.501284513853409	0.0032501881527632714	72.0	6.0	20.0	0.3967460238079361	0.5414814814814815	-0.009939320047586598	0.6606893617624311	0.9012121751733705	2.5790691357091258
seed2	moderately_unequal	dyadic	0.1	building_equal	standardized_max	300	199	0.24333333333333335	0.19822154125071836	0.2949351839778819	0.195	0.501284513853409	0.0032501881527632714	72.0	6.0	20.0	0.3967460238079361	0.5414814814814815	-0.009939320047586598	0.6606893617624311	0.9012121751733705	2.5790691357091258
seed2	moderately_unequal	dyadic	0.1	building_equal	cv_retrained	300	199	0.10333333333333333	0.07375658473854114	0.142940172432932	0.2525	0.501284513853409	0.0032501881527632714	72.0	6.0	20.0	0.3967460238079361	0.5414814814814815	-0.009939320047586598	0.6606893617624311	0.9012121751733705	2.5790691357091258
seed2	moderately_unequal	dyadic	0.1	building_equal	cv_standardized	300	199	0.11666666666666667	0.08509313461466292	0.15793314332415567	0.265	0.5018882396409681	0.011405138643414546	72.0	6.0	20.0	0.3967460238079361	0.5414814814814815	-0.009939320047586598	0.6606893617624311	0.9012121751733705	2.5790691357091258
seed2	moderately_unequal	dyadic	0.1	sqrt_rooms	profile	300	199	0.12666666666666668	0.09369224846506602	0.16908117004926165	0.2775	0.5012132484539733	0.0030075263137456267	72.0	6.0	20.0	0.3967460238079361	0.5414814814814815	-0.009939320047586598	0.6606893617624311	0.9012121751733705	2.5790691357091258
seed2	moderately_unequal	dyadic	0.1	sqrt_rooms	mantel	300	199	0.27	0.22290402938898543	0.32291173737430573	0.17	0.5012132484539733	0.0030075263137456267	72.0	6.0	20.0	0.3967460238079361	0.5414814814814815	-0.009939320047586598	0.6606893617624311	0.9012121751733705	2.5790691357091258
seed2	moderately_unequal	dyadic	0.1	sqrt_rooms	nested_max	300	199	0.14666666666666667	0.11110518744033696	0.19116251222500888	0.235	0.5012132484539733	0.0030075263137456267	72.0	6.0	20.0	0.3967460238079361	0.5414814814814815	-0.009939320047586598	0.6606893617624311	0.9012121751733705	2.5790691357091258
seed2	moderately_unequal	dyadic	0.1	sqrt_rooms	standardized_max	300	199	0.24333333333333335	0.19822154125071836	0.2949351839778819	0.195	0.5012132484539733	0.0030075263137456267	72.0	6.0	20.0	0.3967460238079361	0.5414814814814815	-0.009939320047586598	0.6606893617624311	0.9012121751733705	2.5790691357091258
seed2	moderately_unequal	dyadic	0.1	sqrt_rooms	cv_retrained	300	199	0.11666666666666667	0.08509313461466292	0.15793314332415567	0.2525	0.5012132484539733	0.0030075263137456267	72.0	6.0	20.0	0.3967460238079361	0.5414814814814815	-0.009939320047586598	0.6606893617624311	0.9012121751733705	2.5790691357091258
seed2	moderately_unequal	dyadic	0.1	sqrt_rooms	cv_standardized	300	199	0.14	0.10527132693072412	0.18383161235094903	0.25	0.5017547220872737	0.011322907273753215	72.0	6.0	20.0	0.3967460238079361	0.5414814814814815	-0.009939320047586598	0.6606893617624311	0.9012121751733705	2.5790691357091258
seed2	moderately_unequal	dyadic	0.1	room_equal	profile	300	199	0.12666666666666668	0.09369224846506602	0.16908117004926165	0.2775	0.501149594233536	0.0028483194055146516	72.0	6.0	20.0	0.3967460238079361	0.5414814814814815	-0.009939320047586598	0.6606893617624311	0.9012121751733705	2.5790691357091258
seed2	moderately_unequal	dyadic	0.1	room_equal	mantel	300	199	0.27	0.22290402938898543	0.32291173737430573	0.17	0.501149594233536	0.0028483194055146516	72.0	6.0	20.0	0.3967460238079361	0.5414814814814815	-0.009939320047586598	0.6606893617624311	0.9012121751733705	2.5790691357091258
seed2	moderately_unequal	dyadic	0.1	room_equal	nested_max	300	199	0.14666666666666667	0.11110518744033696	0.19116251222500888	0.235	0.501149594233536	0.0028483194055146516	72.0	6.0	20.0	0.3967460238079361	0.5414814814814815	-0.009939320047586598	0.6606893617624311	0.9012121751733705	2.5790691357091258
seed2	moderately_unequal	dyadic	0.1	room_equal	standardized_max	300	199	0.24333333333333335	0.19822154125071836	0.2949351839778819	0.195	0.501149594233536	0.0028483194055146516	72.0	6.0	20.0	0.3967460238079361	0.5414814814814815	-0.009939320047586598	0.6606893617624311	0.9012121751733705	2.5790691357091258
seed2	moderately_unequal	dyadic	0.1	room_equal	cv_retrained	300	199	0.13	0.09657536941275233	0.17278042929341172	0.25	0.501149594233536	0.0028483194055146516	72.0	6.0	20.0	0.3967460238079361	0.5414814814814815	-0.009939320047586598	0.6606893617624311	0.9012121751733705	2.5790691357091258
seed2	moderately_unequal	dyadic	0.1	room_equal	cv_standardized	300	199	0.14666666666666667	0.11110518744033696	0.19116251222500888	0.26	0.5016330942518609	0.011489030371753141	72.0	6.0	20.0	0.3967460238079361	0.5414814814814815	-0.009939320047586598	0.6606893617624311	0.9012121751733705	2.5790691357091258
seed2	moderately_unequal	dyadic	0.25	building_equal	profile	300	199	0.12666666666666668	0.09369224846506602	0.16908117004926165	0.2775	0.5032106606274332	0.008123188260792655	72.0	6.0	20.0	0.3967460238079361	0.5414814814814815	-0.009939320047586598	0.6606893617624311	0.9012121751733705	2.5790691357091258
seed2	moderately_unequal	dyadic	0.25	building_equal	mantel	300	199	0.27	0.22290402938898543	0.32291173737430573	0.17	0.5032106606274332	0.008123188260792655	72.0	6.0	20.0	0.3967460238079361	0.5414814814814815	-0.009939320047586598	0.6606893617624311	0.9012121751733705	2.5790691357091258
seed2	moderately_unequal	dyadic	0.25	building_equal	nested_max	300	199	0.14666666666666667	0.11110518744033696	0.19116251222500888	0.235	0.5032106606274332	0.008123188260792655	72.0	6.0	20.0	0.3967460238079361	0.5414814814814815	-0.009939320047586598	0.6606893617624311	0.9012121751733705	2.5790691357091258
seed2	moderately_unequal	dyadic	0.25	building_equal	standardized_max	300	199	0.24333333333333335	0.19822154125071836	0.2949351839778819	0.195	0.5032106606274332	0.008123188260792655	72.0	6.0	20.0	0.3967460238079361	0.5414814814814815	-0.009939320047586598	0.6606893617624311	0.9012121751733705	2.5790691357091258
seed2	moderately_unequal	dyadic	0.25	building_equal	cv_retrained	300	199	0.1	0.07094791459501532	0.1391664623846215	0.2525	0.5032106606274332	0.008123188260792655	72.0	6.0	20.0	0.3967460238079361	0.5414814814814815	-0.009939320047586598	0.6606893617624311	0.9012121751733705	2.5790691357091258
seed2	moderately_unequal	dyadic	0.25	building_equal	cv_standardized	300	199	0.11	0.07940528531126051	0.15045623224388538	0.265	0.5047194637172286	0.028410524474501625	72.0	6.0	20.0	0.3967460238079361	0.5414814814814815	-0.009939320047586598	0.6606893617624311	0.9012121751733705	2.5790691357091258
seed2	moderately_unequal	dyadic	0.25	sqrt_rooms	profile	300	199	0.12666666666666668	0.09369224846506602	0.16908117004926165	0.2775	0.5030325781584767	0.007516984543382248	72.0	6.0	20.0	0.3967460238079361	0.5414814814814815	-0.009939320047586598	0.6606893617624311	0.9012121751733705	2.5790691357091258
seed2	moderately_unequal	dyadic	0.25	sqrt_rooms	mantel	300	199	0.27	0.22290402938898543	0.32291173737430573	0.17	0.5030325781584767	0.007516984543382248	72.0	6.0	20.0	0.3967460238079361	0.5414814814814815	-0.009939320047586598	0.6606893617624311	0.9012121751733705	2.5790691357091258
seed2	moderately_unequal	dyadic	0.25	sqrt_rooms	nested_max	300	199	0.14666666666666667	0.11110518744033696	0.19116251222500888	0.235	0.5030325781584767	0.007516984543382248	72.0	6.0	20.0	0.3967460238079361	0.5414814814814815	-0.009939320047586598	0.6606893617624311	0.9012121751733705	2.5790691357091258
seed2	moderately_unequal	dyadic	0.25	sqrt_rooms	standardized_max	300	199	0.24333333333333335	0.19822154125071836	0.2949351839778819	0.195	0.5030325781584767	0.007516984543382248	72.0	6.0	20.0	0.3967460238079361	0.5414814814814815	-0.009939320047586598	0.6606893617624311	0.9012121751733705	2.5790691357091258
seed2	moderately_unequal	dyadic	0.25	sqrt_rooms	cv_retrained	300	199	0.12	0.0879508443036389	0.16165781382701605	0.255	0.5030325781584767	0.007516984543382248	72.0	6.0	20.0	0.3967460238079361	0.5414814814814815	-0.009939320047586598	0.6606893617624311	0.9012121751733705	2.5790691357091258
seed2	moderately_unequal	dyadic	0.25	sqrt_rooms	cv_standardized	300	199	0.13333333333333333	0.09946641683411198	0.1764717620638884	0.255	0.5043866902234844	0.028202361733987963	72.0	6.0	20.0	0.3967460238079361	0.5414814814814815	-0.009939320047586598	0.6606893617624311	0.9012121751733705	2.5790691357091258
seed2	moderately_unequal	dyadic	0.25	room_equal	profile	300	199	0.12666666666666668	0.09369224846506602	0.16908117004926165	0.2775	0.5028735045640171	0.007119175465965868	72.0	6.0	20.0	0.3967460238079361	0.5414814814814815	-0.009939320047586598	0.6606893617624311	0.9012121751733705	2.5790691357091258
seed2	moderately_unequal	dyadic	0.25	room_equal	mantel	300	199	0.27	0.22290402938898543	0.32291173737430573	0.17	0.5028735045640171	0.007119175465965868	72.0	6.0	20.0	0.3967460238079361	0.5414814814814815	-0.009939320047586598	0.6606893617624311	0.9012121751733705	2.5790691357091258
seed2	moderately_unequal	dyadic	0.25	room_equal	nested_max	300	199	0.14666666666666667	0.11110518744033696	0.19116251222500888	0.235	0.5028735045640171	0.007119175465965868	72.0	6.0	20.0	0.3967460238079361	0.5414814814814815	-0.009939320047586598	0.6606893617624311	0.9012121751733705	2.5790691357091258
seed2	moderately_unequal	dyadic	0.25	room_equal	standardized_max	300	199	0.24333333333333335	0.19822154125071836	0.2949351839778819	0.195	0.5028735045640171	0.007119175465965868	72.0	6.0	20.0	0.3967460238079361	0.5414814814814815	-0.009939320047586598	0.6606893617624311	0.9012121751733705	2.5790691357091258
seed2	moderately_unequal	dyadic	0.25	room_equal	cv_retrained	300	199	0.13333333333333333	0.09946641683411198	0.1764717620638884	0.25	0.5028735045640171	0.007119175465965868	72.0	6.0	20.0	0.3967460238079361	0.5414814814814815	-0.009939320047586598	0.6606893617624311	0.9012121751733705	2.5790691357091258
seed2	moderately_unequal	dyadic	0.25	room_equal	cv_standardized	300	199	0.15	0.11403246871185316	0.194817611145329	0.2775	0.50408475888255	0.028606276964596177	72.0	6.0	20.0	0.3967460238079361	0.5414814814814815	-0.009939320047586598	0.6606893617624311	0.9012121751733705	2.5790691357091258
seed2	moderately_unequal	dyadic	0.5	building_equal	profile	300	199	0.12666666666666668	0.09369224846506602	0.16908117004926165	0.2775	0.5064168706499534	0.01623011983898579	72.0	6.0	20.0	0.3967460238079361	0.5414814814814815	-0.009939320047586598	0.6606893617624311	0.9012121751733705	2.5790691357091258
seed2	moderately_unequal	dyadic	0.5	building_equal	mantel	300	199	0.27	0.22290402938898543	0.32291173737430573	0.17	0.5064168706499534	0.01623011983898579	72.0	6.0	20.0	0.3967460238079361	0.5414814814814815	-0.009939320047586598	0.6606893617624311	0.9012121751733705	2.5790691357091258
seed2	moderately_unequal	dyadic	0.5	building_equal	nested_max	300	199	0.14666666666666667	0.11110518744033696	0.19116251222500888	0.235	0.5064168706499534	0.01623011983898579	72.0	6.0	20.0	0.3967460238079361	0.5414814814814815	-0.009939320047586598	0.6606893617624311	0.9012121751733705	2.5790691357091258
seed2	moderately_unequal	dyadic	0.5	building_equal	standardized_max	300	199	0.24333333333333335	0.19822154125071836	0.2949351839778819	0.195	0.5064168706499534	0.01623011983898579	72.0	6.0	20.0	0.3967460238079361	0.5414814814814815	-0.009939320047586598	0.6606893617624311	0.9012121751733705	2.5790691357091258
seed2	moderately_unequal	dyadic	0.5	building_equal	cv_retrained	300	199	0.1	0.07094791459501532	0.1391664623846215	0.25	0.5064168706499534	0.01623011983898579	72.0	6.0	20.0	0.3967460238079361	0.5414814814814815	-0.009939320047586598	0.6606893617624311	0.9012121751733705	2.5790691357091258
seed2	moderately_unequal	dyadic	0.5	building_equal	cv_standardized	300	199	0.11	0.07940528531126051	0.15045623224388538	0.27	0.5094283833123446	0.05611737507288112	72.0	6.0	20.0	0.3967460238079361	0.5414814814814815	-0.009939320047586598	0.6606893617624311	0.9012121751733705	2.5790691357091258
seed2	moderately_unequal	dyadic	0.5	sqrt_rooms	profile	300	199	0.12666666666666668	0.09369224846506602	0.16908117004926165	0.2775	0.5060612833868605	0.015020919926336456	72.0	6.0	20.0	0.3967460238079361	0.5414814814814815	-0.009939320047586598	0.6606893617624311	0.9012121751733705	2.5790691357091258
seed2	moderately_unequal	dyadic	0.5	sqrt_rooms	mantel	300	199	0.27	0.22290402938898543	0.32291173737430573	0.17	0.5060612833868605	0.015020919926336456	72.0	6.0	20.0	0.3967460238079361	0.5414814814814815	-0.009939320047586598	0.6606893617624311	0.9012121751733705	2.5790691357091258
seed2	moderately_unequal	dyadic	0.5	sqrt_rooms	nested_max	300	199	0.14666666666666667	0.11110518744033696	0.19116251222500888	0.235	0.5060612833868605	0.015020919926336456	72.0	6.0	20.0	0.3967460238079361	0.5414814814814815	-0.009939320047586598	0.6606893617624311	0.9012121751733705	2.5790691357091258
seed2	moderately_unequal	dyadic	0.5	sqrt_rooms	standardized_max	300	199	0.24333333333333335	0.19822154125071836	0.2949351839778819	0.195	0.5060612833868605	0.015020919926336456	72.0	6.0	20.0	0.3967460238079361	0.5414814814814815	-0.009939320047586598	0.6606893617624311	0.9012121751733705	2.5790691357091258
seed2	moderately_unequal	dyadic	0.5	sqrt_rooms	cv_retrained	300	199	0.11666666666666667	0.08509313461466292	0.15793314332415567	0.2525	0.5060612833868605	0.015020919926336456	72.0	6.0	20.0	0.3967460238079361	0.5414814814814815	-0.009939320047586598	0.6606893617624311	0.9012121751733705	2.5790691357091258
seed2	moderately_unequal	dyadic	0.5	sqrt_rooms	cv_standardized	300	199	0.13333333333333333	0.09946641683411198	0.1764717620638884	0.26	0.5087694407267462	0.05568625186142422	72.0	6.0	20.0	0.3967460238079361	0.5414814814814815	-0.009939320047586598	0.6606893617624311	0.9012121751733705	2.5790691357091258
seed2	moderately_unequal	dyadic	0.5	room_equal	profile	300	199	0.12666666666666668	0.09369224846506602	0.16908117004926165	0.2775	0.50574357767449	0.014226784067933011	72.0	6.0	20.0	0.3967460238079361	0.5414814814814815	-0.009939320047586598	0.6606893617624311	0.9012121751733705	2.5790691357091258
seed2	moderately_unequal	dyadic	0.5	room_equal	mantel	300	199	0.27	0.22290402938898543	0.32291173737430573	0.17	0.50574357767449	0.014226784067933011	72.0	6.0	20.0	0.3967460238079361	0.5414814814814815	-0.009939320047586598	0.6606893617624311	0.9012121751733705	2.5790691357091258
seed2	moderately_unequal	dyadic	0.5	room_equal	nested_max	300	199	0.14666666666666667	0.11110518744033696	0.19116251222500888	0.235	0.50574357767449	0.014226784067933011	72.0	6.0	20.0	0.3967460238079361	0.5414814814814815	-0.009939320047586598	0.6606893617624311	0.9012121751733705	2.5790691357091258
seed2	moderately_unequal	dyadic	0.5	room_equal	standardized_max	300	199	0.24333333333333335	0.19822154125071836	0.2949351839778819	0.195	0.50574357767449	0.014226784067933011	72.0	6.0	20.0	0.3967460238079361	0.5414814814814815	-0.009939320047586598	0.6606893617624311	0.9012121751733705	2.5790691357091258
seed2	moderately_unequal	dyadic	0.5	room_equal	cv_retrained	300	199	0.13666666666666666	0.10236514609208625	0.1801554129977505	0.255	0.50574357767449	0.014226784067933011	72.0	6.0	20.0	0.3967460238079361	0.5414814814814815	-0.009939320047586598	0.6606893617624311	0.9012121751733705	2.5790691357091258
seed2	moderately_unequal	dyadic	0.5	room_equal	cv_standardized	300	199	0.14333333333333334	0.1081847423238497	0.18750057714965976	0.265	0.5081794211637287	0.05642033947548036	72.0	6.0	20.0	0.3967460238079361	0.5414814814814815	-0.009939320047586598	0.6606893617624311	0.9012121751733705	2.5790691357091258
seed2	moderately_unequal	dyadic	1.0	building_equal	profile	300	199	0.12666666666666668	0.09369224846506602	0.16908117004926165	0.2775	0.5127983408931468	0.0323315455735569	72.0	6.0	20.0	0.3967460238079361	0.5414814814814815	-0.009939320047586598	0.6606893617624311	0.9012121751733705	2.5790691357091258
seed2	moderately_unequal	dyadic	1.0	building_equal	mantel	300	199	0.27	0.22290402938898543	0.32291173737430573	0.17	0.5127983408931468	0.0323315455735569	72.0	6.0	20.0	0.3967460238079361	0.5414814814814815	-0.009939320047586598	0.6606893617624311	0.9012121751733705	2.5790691357091258
seed2	moderately_unequal	dyadic	1.0	building_equal	nested_max	300	199	0.14666666666666667	0.11110518744033696	0.19116251222500888	0.235	0.5127983408931468	0.0323315455735569	72.0	6.0	20.0	0.3967460238079361	0.5414814814814815	-0.009939320047586598	0.6606893617624311	0.9012121751733705	2.5790691357091258
seed2	moderately_unequal	dyadic	1.0	building_equal	standardized_max	300	199	0.24333333333333335	0.19822154125071836	0.2949351839778819	0.195	0.5127983408931468	0.0323315455735569	72.0	6.0	20.0	0.3967460238079361	0.5414814814814815	-0.009939320047586598	0.6606893617624311	0.9012121751733705	2.5790691357091258
seed2	moderately_unequal	dyadic	1.0	building_equal	cv_retrained	300	199	0.1	0.07094791459501532	0.1391664623846215	0.25	0.5127983408931468	0.0323315455735569	72.0	6.0	20.0	0.3967460238079361	0.5414814814814815	-0.009939320047586598	0.6606893617624311	0.9012121751733705	2.5790691357091258
seed2	moderately_unequal	dyadic	1.0	building_equal	cv_standardized	300	199	0.11	0.07940528531126051	0.15045623224388538	0.27	0.5187171545982111	0.1072957160375982	72.0	6.0	20.0	0.3967460238079361	0.5414814814814815	-0.009939320047586598	0.6606893617624311	0.9012121751733705	2.5790691357091258
seed2	moderately_unequal	dyadic	1.0	sqrt_rooms	profile	300	199	0.12666666666666668	0.09369224846506602	0.16908117004926165	0.2775	0.5120917532874827	0.029938406262675264	72.0	6.0	20.0	0.3967460238079361	0.5414814814814815	-0.009939320047586598	0.6606893617624311	0.9012121751733705	2.5790691357091258
seed2	moderately_unequal	dyadic	1.0	sqrt_rooms	mantel	300	199	0.27	0.22290402938898543	0.32291173737430573	0.17	0.5120917532874827	0.029938406262675264	72.0	6.0	20.0	0.3967460238079361	0.5414814814814815	-0.009939320047586598	0.6606893617624311	0.9012121751733705	2.5790691357091258
seed2	moderately_unequal	dyadic	1.0	sqrt_rooms	nested_max	300	199	0.14666666666666667	0.11110518744033696	0.19116251222500888	0.235	0.5120917532874827	0.029938406262675264	72.0	6.0	20.0	0.3967460238079361	0.5414814814814815	-0.009939320047586598	0.6606893617624311	0.9012121751733705	2.5790691357091258
seed2	moderately_unequal	dyadic	1.0	sqrt_rooms	standardized_max	300	199	0.24333333333333335	0.19822154125071836	0.2949351839778819	0.195	0.5120917532874827	0.029938406262675264	72.0	6.0	20.0	0.3967460238079361	0.5414814814814815	-0.009939320047586598	0.6606893617624311	0.9012121751733705	2.5790691357091258
seed2	moderately_unequal	dyadic	1.0	sqrt_rooms	cv_retrained	300	199	0.11666666666666667	0.08509313461466292	0.15793314332415567	0.255	0.5120917532874827	0.029938406262675264	72.0	6.0	20.0	0.3967460238079361	0.5414814814814815	-0.009939320047586598	0.6606893617624311	0.9012121751733705	2.5790691357091258
seed2	moderately_unequal	dyadic	1.0	sqrt_rooms	cv_standardized	300	199	0.12333333333333334	0.09081731429366795	0.1653737240288234	0.275	0.517438448730081	0.10638314123885709	72.0	6.0	20.0	0.3967460238079361	0.5414814814814815	-0.009939320047586598	0.6606893617624311	0.9012121751733705	2.5790691357091258
seed2	moderately_unequal	dyadic	1.0	room_equal	profile	300	199	0.12666666666666668	0.09369224846506602	0.16908117004926165	0.2775	0.5114598406686717	0.028361845260166683	72.0	6.0	20.0	0.3967460238079361	0.5414814814814815	-0.009939320047586598	0.6606893617624311	0.9012121751733705	2.5790691357091258
seed2	moderately_unequal	dyadic	1.0	room_equal	mantel	300	199	0.27	0.22290402938898543	0.32291173737430573	0.17	0.5114598406686717	0.028361845260166683	72.0	6.0	20.0	0.3967460238079361	0.5414814814814815	-0.009939320047586598	0.6606893617624311	0.9012121751733705	2.5790691357091258
seed2	moderately_unequal	dyadic	1.0	room_equal	nested_max	300	199	0.14666666666666667	0.11110518744033696	0.19116251222500888	0.235	0.5114598406686717	0.028361845260166683	72.0	6.0	20.0	0.3967460238079361	0.5414814814814815	-0.009939320047586598	0.6606893617624311	0.9012121751733705	2.5790691357091258
seed2	moderately_unequal	dyadic	1.0	room_equal	standardized_max	300	199	0.24333333333333335	0.19822154125071836	0.2949351839778819	0.195	0.5114598406686717	0.028361845260166683	72.0	6.0	20.0	0.3967460238079361	0.5414814814814815	-0.009939320047586598	0.6606893617624311	0.9012121751733705	2.5790691357091258
seed2	moderately_unequal	dyadic	1.0	room_equal	cv_retrained	300	199	0.13333333333333333	0.09946641683411198	0.1764717620638884	0.2575	0.5114598406686717	0.028361845260166683	72.0	6.0	20.0	0.3967460238079361	0.5414814814814815	-0.009939320047586598	0.6606893617624311	0.9012121751733705	2.5790691357091258
seed2	moderately_unequal	dyadic	1.0	room_equal	cv_standardized	300	199	0.14666666666666667	0.11110518744033696	0.19116251222500888	0.275	0.5163389316474132	0.10741913569329742	72.0	6.0	20.0	0.3967460238079361	0.5414814814814815	-0.009939320047586598	0.6606893617624311	0.9012121751733705	2.5790691357091258
seed2	moderately_unequal	dyadic	2.0	building_equal	profile	300	199	0.12666666666666668	0.09369224846506602	0.16908117004926165	0.2775	0.5253198628317155	0.06367451259914221	72.0	6.0	20.0	0.3967460238079361	0.5414814814814815	-0.009939320047586598	0.6606893617624311	0.9012121751733705	2.5790691357091258
seed2	moderately_unequal	dyadic	2.0	building_equal	mantel	300	199	0.27	0.22290402938898543	0.32291173737430573	0.17	0.5253198628317155	0.06367451259914221	72.0	6.0	20.0	0.3967460238079361	0.5414814814814815	-0.009939320047586598	0.6606893617624311	0.9012121751733705	2.5790691357091258
seed2	moderately_unequal	dyadic	2.0	building_equal	nested_max	300	199	0.14666666666666667	0.11110518744033696	0.19116251222500888	0.235	0.5253198628317155	0.06367451259914221	72.0	6.0	20.0	0.3967460238079361	0.5414814814814815	-0.009939320047586598	0.6606893617624311	0.9012121751733705	2.5790691357091258
seed2	moderately_unequal	dyadic	2.0	building_equal	standardized_max	300	199	0.24333333333333335	0.19822154125071836	0.2949351839778819	0.195	0.5253198628317155	0.06367451259914221	72.0	6.0	20.0	0.3967460238079361	0.5414814814814815	-0.009939320047586598	0.6606893617624311	0.9012121751733705	2.5790691357091258
seed2	moderately_unequal	dyadic	2.0	building_equal	cv_retrained	300	199	0.12666666666666668	0.09369224846506602	0.16908117004926165	0.2575	0.5253198628317155	0.06367451259914221	72.0	6.0	20.0	0.3967460238079361	0.5414814814814815	-0.009939320047586598	0.6606893617624311	0.9012121751733705	2.5790691357091258
seed2	moderately_unequal	dyadic	2.0	building_equal	cv_standardized	300	199	0.10666666666666667	0.07657584904594214	0.14670328831736743	0.285	0.5356841419942365	0.18747002306612967	72.0	6.0	20.0	0.3967460238079361	0.5414814814814815	-0.009939320047586598	0.6606893617624311	0.9012121751733705	2.5790691357091258
seed2	moderately_unequal	dyadic	2.0	sqrt_rooms	profile	300	199	0.12666666666666668	0.09369224846506602	0.16908117004926165	0.2775	0.5239423014974235	0.05907847979021129	72.0	6.0	20.0	0.3967460238079361	0.5414814814814815	-0.009939320047586598	0.6606893617624311	0.9012121751733705	2.5790691357091258
seed2	moderately_unequal	dyadic	2.0	sqrt_rooms	mantel	300	199	0.27	0.22290402938898543	0.32291173737430573	0.17	0.5239423014974235	0.05907847979021129	72.0	6.0	20.0	0.3967460238079361	0.5414814814814815	-0.009939320047586598	0.6606893617624311	0.9012121751733705	2.5790691357091258
seed2	moderately_unequal	dyadic	2.0	sqrt_rooms	nested_max	300	199	0.14666666666666667	0.11110518744033696	0.19116251222500888	0.235	0.5239423014974235	0.05907847979021129	72.0	6.0	20.0	0.3967460238079361	0.5414814814814815	-0.009939320047586598	0.6606893617624311	0.9012121751733705	2.5790691357091258
seed2	moderately_unequal	dyadic	2.0	sqrt_rooms	standardized_max	300	199	0.24333333333333335	0.19822154125071836	0.2949351839778819	0.195	0.5239423014974235	0.05907847979021129	72.0	6.0	20.0	0.3967460238079361	0.5414814814814815	-0.009939320047586598	0.6606893617624311	0.9012121751733705	2.5790691357091258
seed2	moderately_unequal	dyadic	2.0	sqrt_rooms	cv_retrained	300	199	0.11666666666666667	0.08509313461466292	0.15793314332415567	0.26	0.5239423014974235	0.05907847979021129	72.0	6.0	20.0	0.3967460238079361	0.5414814814814815	-0.009939320047586598	0.6606893617624311	0.9012121751733705	2.5790691357091258
seed2	moderately_unequal	dyadic	2.0	sqrt_rooms	cv_standardized	300	199	0.10333333333333333	0.07375658473854114	0.142940172432932	0.28500000000000003	0.5333086826878648	0.18573845755126034	72.0	6.0	20.0	0.3967460238079361	0.5414814814814815	-0.009939320047586598	0.6606893617624311	0.9012121751733705	2.5790691357091258
seed2	moderately_unequal	dyadic	2.0	room_equal	profile	300	199	0.12666666666666668	0.09369224846506602	0.16908117004926165	0.2775	0.5227054646790347	0.05601459075368135	72.0	6.0	20.0	0.3967460238079361	0.5414814814814815	-0.009939320047586598	0.6606893617624311	0.9012121751733705	2.5790691357091258
seed2	moderately_unequal	dyadic	2.0	room_equal	mantel	300	199	0.27	0.22290402938898543	0.32291173737430573	0.17	0.5227054646790347	0.05601459075368135	72.0	6.0	20.0	0.3967460238079361	0.5414814814814815	-0.009939320047586598	0.6606893617624311	0.9012121751733705	2.5790691357091258
seed2	moderately_unequal	dyadic	2.0	room_equal	nested_max	300	199	0.14666666666666667	0.11110518744033696	0.19116251222500888	0.235	0.5227054646790347	0.05601459075368135	72.0	6.0	20.0	0.3967460238079361	0.5414814814814815	-0.009939320047586598	0.6606893617624311	0.9012121751733705	2.5790691357091258
seed2	moderately_unequal	dyadic	2.0	room_equal	standardized_max	300	199	0.24333333333333335	0.19822154125071836	0.2949351839778819	0.195	0.5227054646790347	0.05601459075368135	72.0	6.0	20.0	0.3967460238079361	0.5414814814814815	-0.009939320047586598	0.6606893617624311	0.9012121751733705	2.5790691357091258
seed2	moderately_unequal	dyadic	2.0	room_equal	cv_retrained	300	199	0.12333333333333334	0.09081731429366795	0.1653737240288234	0.265	0.5227054646790347	0.05601459075368135	72.0	6.0	20.0	0.3967460238079361	0.5414814814814815	-0.009939320047586598	0.6606893617624311	0.9012121751733705	2.5790691357091258
seed2	moderately_unequal	dyadic	2.0	room_equal	cv_standardized	300	199	0.11666666666666667	0.08509313461466292	0.15793314332415567	0.2925	0.5314128134410839	0.18616571622467354	72.0	6.0	20.0	0.3967460238079361	0.5414814814814815	-0.009939320047586598	0.6606893617624311	0.9012121751733705	2.5790691357091258
seed2	moderately_unequal	dyadic	4.0	building_equal	profile	300	199	0.12666666666666668	0.09369224846506602	0.16908117004926165	0.2775	0.5486101108731098	0.12050189458809589	72.0	6.0	20.0	0.3967460238079361	0.5414814814814815	-0.009939320047586598	0.6606893617624311	0.9012121751733705	2.5790691357091258
seed2	moderately_unequal	dyadic	4.0	building_equal	mantel	300	199	0.27	0.22290402938898543	0.32291173737430573	0.17	0.5486101108731098	0.12050189458809589	72.0	6.0	20.0	0.3967460238079361	0.5414814814814815	-0.009939320047586598	0.6606893617624311	0.9012121751733705	2.5790691357091258
seed2	moderately_unequal	dyadic	4.0	building_equal	nested_max	300	199	0.14666666666666667	0.11110518744033696	0.19116251222500888	0.235	0.5486101108731098	0.12050189458809589	72.0	6.0	20.0	0.3967460238079361	0.5414814814814815	-0.009939320047586598	0.6606893617624311	0.9012121751733705	2.5790691357091258
seed2	moderately_unequal	dyadic	4.0	building_equal	standardized_max	300	199	0.24333333333333335	0.19822154125071836	0.2949351839778819	0.195	0.5486101108731098	0.12050189458809589	72.0	6.0	20.0	0.3967460238079361	0.5414814814814815	-0.009939320047586598	0.6606893617624311	0.9012121751733705	2.5790691357091258
seed2	moderately_unequal	dyadic	4.0	building_equal	cv_retrained	300	199	0.12	0.0879508443036389	0.16165781382701605	0.26	0.5486101108731098	0.12050189458809589	72.0	6.0	20.0	0.3967460238079361	0.5414814814814815	-0.009939320047586598	0.6606893617624311	0.9012121751733705	2.5790691357091258
seed2	moderately_unequal	dyadic	4.0	building_equal	cv_standardized	300	199	0.09333333333333334	0.06536421957889091	0.1315853970170732	0.2975	0.5589746678283578	0.27783757933479153	72.0	6.0	20.0	0.3967460238079361	0.5414814814814815	-0.009939320047586598	0.6606893617624311	0.9012121751733705	2.5790691357091258
seed2	moderately_unequal	dyadic	4.0	sqrt_rooms	profile	300	199	0.12666666666666668	0.09369224846506602	0.16908117004926165	0.2775	0.5461085248600835	0.11254252325615575	72.0	6.0	20.0	0.3967460238079361	0.5414814814814815	-0.009939320047586598	0.6606893617624311	0.9012121751733705	2.5790691357091258
seed2	moderately_unequal	dyadic	4.0	sqrt_rooms	mantel	300	199	0.27	0.22290402938898543	0.32291173737430573	0.17	0.5461085248600835	0.11254252325615575	72.0	6.0	20.0	0.3967460238079361	0.5414814814814815	-0.009939320047586598	0.6606893617624311	0.9012121751733705	2.5790691357091258
seed2	moderately_unequal	dyadic	4.0	sqrt_rooms	nested_max	300	199	0.14666666666666667	0.11110518744033696	0.19116251222500888	0.235	0.5461085248600835	0.11254252325615575	72.0	6.0	20.0	0.3967460238079361	0.5414814814814815	-0.009939320047586598	0.6606893617624311	0.9012121751733705	2.5790691357091258
seed2	moderately_unequal	dyadic	4.0	sqrt_rooms	standardized_max	300	199	0.24333333333333335	0.19822154125071836	0.2949351839778819	0.195	0.5461085248600835	0.11254252325615575	72.0	6.0	20.0	0.3967460238079361	0.5414814814814815	-0.009939320047586598	0.6606893617624311	0.9012121751733705	2.5790691357091258
seed2	moderately_unequal	dyadic	4.0	sqrt_rooms	cv_retrained	300	199	0.12666666666666668	0.09369224846506602	0.16908117004926165	0.2675	0.5461085248600835	0.11254252325615575	72.0	6.0	20.0	0.3967460238079361	0.5414814814814815	-0.009939320047586598	0.6606893617624311	0.9012121751733705	2.5790691357091258
seed2	moderately_unequal	dyadic	4.0	sqrt_rooms	cv_standardized	300	199	0.10333333333333333	0.07375658473854114	0.142940172432932	0.3	0.5550578771191427	0.27514679555927196	72.0	6.0	20.0	0.3967460238079361	0.5414814814814815	-0.009939320047586598	0.6606893617624311	0.9012121751733705	2.5790691357091258
seed2	moderately_unequal	dyadic	4.0	room_equal	profile	300	199	0.12666666666666668	0.09369224846506602	0.16908117004926165	0.2775	0.5438241114774052	0.107014054086265	72.0	6.0	20.0	0.3967460238079361	0.5414814814814815	-0.009939320047586598	0.6606893617624311	0.9012121751733705	2.5790691357091258
seed2	moderately_unequal	dyadic	4.0	room_equal	mantel	300	199	0.27	0.22290402938898543	0.32291173737430573	0.17	0.5438241114774052	0.107014054086265	72.0	6.0	20.0	0.3967460238079361	0.5414814814814815	-0.009939320047586598	0.6606893617624311	0.9012121751733705	2.5790691357091258
seed2	moderately_unequal	dyadic	4.0	room_equal	nested_max	300	199	0.14666666666666667	0.11110518744033696	0.19116251222500888	0.235	0.5438241114774052	0.107014054086265	72.0	6.0	20.0	0.3967460238079361	0.5414814814814815	-0.009939320047586598	0.6606893617624311	0.9012121751733705	2.5790691357091258
seed2	moderately_unequal	dyadic	4.0	room_equal	standardized_max	300	199	0.24333333333333335	0.19822154125071836	0.2949351839778819	0.195	0.5438241114774052	0.107014054086265	72.0	6.0	20.0	0.3967460238079361	0.5414814814814815	-0.009939320047586598	0.6606893617624311	0.9012121751733705	2.5790691357091258
seed2	moderately_unequal	dyadic	4.0	room_equal	cv_retrained	300	199	0.13	0.09657536941275233	0.17278042929341172	0.2725	0.5438241114774052	0.107014054086265	72.0	6.0	20.0	0.3967460238079361	0.5414814814814815	-0.009939320047586598	0.6606893617624311	0.9012121751733705	2.5790691357091258
seed2	moderately_unequal	dyadic	4.0	room_equal	cv_standardized	300	199	0.11	0.07940528531126051	0.15045623224388538	0.31	0.55213325557973	0.2726853629014756	72.0	6.0	20.0	0.3967460238079361	0.5414814814814815	-0.009939320047586598	0.6606893617624311	0.9012121751733705	2.5790691357091258
seed2	moderately_unequal	dyadic	8.0	building_equal	profile	300	199	0.12666666666666668	0.09369224846506602	0.16908117004926165	0.2775	0.5850969847705717	0.20484924028189685	72.0	6.0	20.0	0.3967460238079361	0.5414814814814815	-0.009939320047586598	0.6606893617624311	0.9012121751733705	2.5790691357091258
seed2	moderately_unequal	dyadic	8.0	building_equal	mantel	300	199	0.27	0.22290402938898543	0.32291173737430573	0.17	0.5850969847705717	0.20484924028189685	72.0	6.0	20.0	0.3967460238079361	0.5414814814814815	-0.009939320047586598	0.6606893617624311	0.9012121751733705	2.5790691357091258
seed2	moderately_unequal	dyadic	8.0	building_equal	nested_max	300	199	0.14666666666666667	0.11110518744033696	0.19116251222500888	0.235	0.5850969847705717	0.20484924028189685	72.0	6.0	20.0	0.3967460238079361	0.5414814814814815	-0.009939320047586598	0.6606893617624311	0.9012121751733705	2.5790691357091258
seed2	moderately_unequal	dyadic	8.0	building_equal	standardized_max	300	199	0.24333333333333335	0.19822154125071836	0.2949351839778819	0.195	0.5850969847705717	0.20484924028189685	72.0	6.0	20.0	0.3967460238079361	0.5414814814814815	-0.009939320047586598	0.6606893617624311	0.9012121751733705	2.5790691357091258
seed2	moderately_unequal	dyadic	8.0	building_equal	cv_retrained	300	199	0.13	0.09657536941275233	0.17278042929341172	0.285	0.5850969847705717	0.20484924028189685	72.0	6.0	20.0	0.3967460238079361	0.5414814814814815	-0.009939320047586598	0.6606893617624311	0.9012121751733705	2.5790691357091258
seed2	moderately_unequal	dyadic	8.0	building_equal	cv_standardized	300	199	0.09333333333333334	0.06536421957889091	0.1315853970170732	0.3025	0.5778048930658212	0.34410491109505414	72.0	6.0	20.0	0.3967460238079361	0.5414814814814815	-0.009939320047586598	0.6606893617624311	0.9012121751733705	2.5790691357091258
seed2	moderately_unequal	dyadic	8.0	sqrt_rooms	profile	300	199	0.12666666666666668	0.09369224846506602	0.16908117004926165	0.2775	0.5814600666371635	0.19440235320753227	72.0	6.0	20.0	0.3967460238079361	0.5414814814814815	-0.009939320047586598	0.6606893617624311	0.9012121751733705	2.5790691357091258
seed2	moderately_unequal	dyadic	8.0	sqrt_rooms	mantel	300	199	0.27	0.22290402938898543	0.32291173737430573	0.17	0.5814600666371635	0.19440235320753227	72.0	6.0	20.0	0.3967460238079361	0.5414814814814815	-0.009939320047586598	0.6606893617624311	0.9012121751733705	2.5790691357091258
seed2	moderately_unequal	dyadic	8.0	sqrt_rooms	nested_max	300	199	0.14666666666666667	0.11110518744033696	0.19116251222500888	0.235	0.5814600666371635	0.19440235320753227	72.0	6.0	20.0	0.3967460238079361	0.5414814814814815	-0.009939320047586598	0.6606893617624311	0.9012121751733705	2.5790691357091258
seed2	moderately_unequal	dyadic	8.0	sqrt_rooms	standardized_max	300	199	0.24333333333333335	0.19822154125071836	0.2949351839778819	0.195	0.5814600666371635	0.19440235320753227	72.0	6.0	20.0	0.3967460238079361	0.5414814814814815	-0.009939320047586598	0.6606893617624311	0.9012121751733705	2.5790691357091258
seed2	moderately_unequal	dyadic	8.0	sqrt_rooms	cv_retrained	300	199	0.12	0.0879508443036389	0.16165781382701605	0.2825	0.5814600666371635	0.19440235320753227	72.0	6.0	20.0	0.3967460238079361	0.5414814814814815	-0.009939320047586598	0.6606893617624311	0.9012121751733705	2.5790691357091258
seed2	moderately_unequal	dyadic	8.0	sqrt_rooms	cv_standardized	300	199	0.09333333333333334	0.06536421957889091	0.1315853970170732	0.3075	0.5724795983497573	0.34039179673215636	72.0	6.0	20.0	0.3967460238079361	0.5414814814814815	-0.009939320047586598	0.6606893617624311	0.9012121751733705	2.5790691357091258
seed2	moderately_unequal	dyadic	8.0	room_equal	profile	300	199	0.12666666666666668	0.09369224846506602	0.16908117004926165	0.2775	0.5779044189820101	0.18623500104673102	72.0	6.0	20.0	0.3967460238079361	0.5414814814814815	-0.009939320047586598	0.6606893617624311	0.9012121751733705	2.5790691357091258
seed2	moderately_unequal	dyadic	8.0	room_equal	mantel	300	199	0.27	0.22290402938898543	0.32291173737430573	0.17	0.5779044189820101	0.18623500104673102	72.0	6.0	20.0	0.3967460238079361	0.5414814814814815	-0.009939320047586598	0.6606893617624311	0.9012121751733705	2.5790691357091258
seed2	moderately_unequal	dyadic	8.0	room_equal	nested_max	300	199	0.14666666666666667	0.11110518744033696	0.19116251222500888	0.235	0.5779044189820101	0.18623500104673102	72.0	6.0	20.0	0.3967460238079361	0.5414814814814815	-0.009939320047586598	0.6606893617624311	0.9012121751733705	2.5790691357091258
seed2	moderately_unequal	dyadic	8.0	room_equal	standardized_max	300	199	0.24333333333333335	0.19822154125071836	0.2949351839778819	0.195	0.5779044189820101	0.18623500104673102	72.0	6.0	20.0	0.3967460238079361	0.5414814814814815	-0.009939320047586598	0.6606893617624311	0.9012121751733705	2.5790691357091258
seed2	moderately_unequal	dyadic	8.0	room_equal	cv_retrained	300	199	0.12666666666666668	0.09369224846506602	0.16908117004926165	0.2875	0.5779044189820101	0.18623500104673102	72.0	6.0	20.0	0.3967460238079361	0.5414814814814815	-0.009939320047586598	0.6606893617624311	0.9012121751733705	2.5790691357091258
seed2	moderately_unequal	dyadic	8.0	room_equal	cv_standardized	300	199	0.1	0.07094791459501532	0.1391664623846215	0.3325	0.5684696852374184	0.3339875237016109	72.0	6.0	20.0	0.3967460238079361	0.5414814814814815	-0.009939320047586598	0.6606893617624311	0.9012121751733705	2.5790691357091258
seed2	moderately_unequal	dyadic	16.0	building_equal	profile	300	199	0.12666666666666668	0.09369224846506602	0.16908117004926165	0.2775	0.6235898637858565	0.2900925622897198	72.0	6.0	20.0	0.3967460238079361	0.5414814814814815	-0.009939320047586598	0.6606893617624311	0.9012121751733705	2.5790691357091258
seed2	moderately_unequal	dyadic	16.0	building_equal	mantel	300	199	0.27	0.22290402938898543	0.32291173737430573	0.17	0.6235898637858565	0.2900925622897198	72.0	6.0	20.0	0.3967460238079361	0.5414814814814815	-0.009939320047586598	0.6606893617624311	0.9012121751733705	2.5790691357091258
seed2	moderately_unequal	dyadic	16.0	building_equal	nested_max	300	199	0.14666666666666667	0.11110518744033696	0.19116251222500888	0.235	0.6235898637858565	0.2900925622897198	72.0	6.0	20.0	0.3967460238079361	0.5414814814814815	-0.009939320047586598	0.6606893617624311	0.9012121751733705	2.5790691357091258
seed2	moderately_unequal	dyadic	16.0	building_equal	standardized_max	300	199	0.24333333333333335	0.19822154125071836	0.2949351839778819	0.195	0.6235898637858565	0.2900925622897198	72.0	6.0	20.0	0.3967460238079361	0.5414814814814815	-0.009939320047586598	0.6606893617624311	0.9012121751733705	2.5790691357091258
seed2	moderately_unequal	dyadic	16.0	building_equal	cv_retrained	300	199	0.14	0.10527132693072412	0.18383161235094903	0.3075	0.6235898637858565	0.2900925622897198	72.0	6.0	20.0	0.3967460238079361	0.5414814814814815	-0.009939320047586598	0.6606893617624311	0.9012121751733705	2.5790691357091258
seed2	moderately_unequal	dyadic	16.0	building_equal	cv_standardized	300	199	0.08666666666666667	0.05982889751804311	0.12395595869424827	0.3075	0.5863852946531083	0.3776150668196003	72.0	6.0	20.0	0.3967460238079361	0.5414814814814815	-0.009939320047586598	0.6606893617624311	0.9012121751733705	2.5790691357091258
seed2	moderately_unequal	dyadic	16.0	sqrt_rooms	profile	300	199	0.12666666666666668	0.09369224846506602	0.16908117004926165	0.2775	0.620427556961734	0.2818947186483502	72.0	6.0	20.0	0.3967460238079361	0.5414814814814815	-0.009939320047586598	0.6606893617624311	0.9012121751733705	2.5790691357091258
seed2	moderately_unequal	dyadic	16.0	sqrt_rooms	mantel	300	199	0.27	0.22290402938898543	0.32291173737430573	0.17	0.620427556961734	0.2818947186483502	72.0	6.0	20.0	0.3967460238079361	0.5414814814814815	-0.009939320047586598	0.6606893617624311	0.9012121751733705	2.5790691357091258
seed2	moderately_unequal	dyadic	16.0	sqrt_rooms	nested_max	300	199	0.14666666666666667	0.11110518744033696	0.19116251222500888	0.235	0.620427556961734	0.2818947186483502	72.0	6.0	20.0	0.3967460238079361	0.5414814814814815	-0.009939320047586598	0.6606893617624311	0.9012121751733705	2.5790691357091258
seed2	moderately_unequal	dyadic	16.0	sqrt_rooms	standardized_max	300	199	0.24333333333333335	0.19822154125071836	0.2949351839778819	0.195	0.620427556961734	0.2818947186483502	72.0	6.0	20.0	0.3967460238079361	0.5414814814814815	-0.009939320047586598	0.6606893617624311	0.9012121751733705	2.5790691357091258
seed2	moderately_unequal	dyadic	16.0	sqrt_rooms	cv_retrained	300	199	0.12	0.0879508443036389	0.16165781382701605	0.2925	0.620427556961734	0.2818947186483502	72.0	6.0	20.0	0.3967460238079361	0.5414814814814815	-0.009939320047586598	0.6606893617624311	0.9012121751733705	2.5790691357091258
seed2	moderately_unequal	dyadic	16.0	sqrt_rooms	cv_standardized	300	199	0.10333333333333333	0.07375658473854114	0.142940172432932	0.315	0.5803084523778312	0.37314270998133675	72.0	6.0	20.0	0.3967460238079361	0.5414814814814815	-0.009939320047586598	0.6606893617624311	0.9012121751733705	2.5790691357091258
seed2	moderately_unequal	dyadic	16.0	room_equal	profile	300	199	0.12666666666666668	0.09369224846506602	0.16908117004926165	0.2775	0.6164947860462371	0.2734413034798161	72.0	6.0	20.0	0.3967460238079361	0.5414814814814815	-0.009939320047586598	0.6606893617624311	0.9012121751733705	2.5790691357091258
seed2	moderately_unequal	dyadic	16.0	room_equal	mantel	300	199	0.27	0.22290402938898543	0.32291173737430573	0.17	0.6164947860462371	0.2734413034798161	72.0	6.0	20.0	0.3967460238079361	0.5414814814814815	-0.009939320047586598	0.6606893617624311	0.9012121751733705	2.5790691357091258
seed2	moderately_unequal	dyadic	16.0	room_equal	nested_max	300	199	0.14666666666666667	0.11110518744033696	0.19116251222500888	0.235	0.6164947860462371	0.2734413034798161	72.0	6.0	20.0	0.3967460238079361	0.5414814814814815	-0.009939320047586598	0.6606893617624311	0.9012121751733705	2.5790691357091258
seed2	moderately_unequal	dyadic	16.0	room_equal	standardized_max	300	199	0.24333333333333335	0.19822154125071836	0.2949351839778819	0.195	0.6164947860462371	0.2734413034798161	72.0	6.0	20.0	0.3967460238079361	0.5414814814814815	-0.009939320047586598	0.6606893617624311	0.9012121751733705	2.5790691357091258
seed2	moderately_unequal	dyadic	16.0	room_equal	cv_retrained	300	199	0.12333333333333334	0.09081731429366795	0.1653737240288234	0.3	0.6164947860462371	0.2734413034798161	72.0	6.0	20.0	0.3967460238079361	0.5414814814814815	-0.009939320047586598	0.6606893617624311	0.9012121751733705	2.5790691357091258
seed2	moderately_unequal	dyadic	16.0	room_equal	cv_standardized	300	199	0.10666666666666667	0.07657584904594214	0.14670328831736743	0.36	0.574427630329506	0.3652660835593471	72.0	6.0	20.0	0.3967460238079361	0.5414814814814815	-0.009939320047586598	0.6606893617624311	0.9012121751733705	2.5790691357091258
seed2	moderately_unequal	mixed_covariate	0.0	building_equal	profile	300	199	0.3433333333333333	0.29188793516981404	0.398740195813877	0.095	0.4999999999999999	5.551115123125783e-17	72.0	6.0	20.0	0.3967460238079361	0.5428472222222221	0.43697595003355766	0.4287407093965905	0.890401715128815	2.5790691357091258
seed2	moderately_unequal	mixed_covariate	0.0	building_equal	mantel	300	199	0.4066666666666667	0.3526017598634212	0.46309159476516065	0.08	0.4999999999999999	5.551115123125783e-17	72.0	6.0	20.0	0.3967460238079361	0.5428472222222221	0.43697595003355766	0.4287407093965905	0.890401715128815	2.5790691357091258
seed2	moderately_unequal	mixed_covariate	0.0	building_equal	nested_max	300	199	0.3433333333333333	0.29188793516981404	0.398740195813877	0.0925	0.4999999999999999	5.551115123125783e-17	72.0	6.0	20.0	0.3967460238079361	0.5428472222222221	0.43697595003355766	0.4287407093965905	0.890401715128815	2.5790691357091258
seed2	moderately_unequal	mixed_covariate	0.0	building_equal	standardized_max	300	199	0.37666666666666665	0.3237203650702255	0.4327315678318291	0.085	0.4999999999999999	5.551115123125783e-17	72.0	6.0	20.0	0.3967460238079361	0.5428472222222221	0.43697595003355766	0.4287407093965905	0.890401715128815	2.5790691357091258
seed2	moderately_unequal	mixed_covariate	0.0	building_equal	cv_retrained	300	199	0.2866666666666667	0.23844603884969776	0.3402816288727752	0.1125	0.4999999999999999	5.551115123125783e-17	72.0	6.0	20.0	0.3967460238079361	0.5428472222222221	0.43697595003355766	0.4287407093965905	0.890401715128815	2.5790691357091258
seed2	moderately_unequal	mixed_covariate	0.0	building_equal	cv_standardized	300	199	0.37	0.317331727809741	0.42595544470864083	0.0875	0.4999999999999999	5.551115123125783e-17	72.0	6.0	20.0	0.3967460238079361	0.5428472222222221	0.43697595003355766	0.4287407093965905	0.890401715128815	2.5790691357091258
seed2	moderately_unequal	mixed_covariate	0.0	sqrt_rooms	profile	300	199	0.3433333333333333	0.29188793516981404	0.398740195813877	0.095	0.5	0.0	72.0	6.0	20.0	0.3967460238079361	0.5428472222222221	0.43697595003355766	0.4287407093965905	0.890401715128815	2.5790691357091258
seed2	moderately_unequal	mixed_covariate	0.0	sqrt_rooms	mantel	300	199	0.4066666666666667	0.3526017598634212	0.46309159476516065	0.08	0.5	0.0	72.0	6.0	20.0	0.3967460238079361	0.5428472222222221	0.43697595003355766	0.4287407093965905	0.890401715128815	2.5790691357091258
seed2	moderately_unequal	mixed_covariate	0.0	sqrt_rooms	nested_max	300	199	0.3433333333333333	0.29188793516981404	0.398740195813877	0.0925	0.5	0.0	72.0	6.0	20.0	0.3967460238079361	0.5428472222222221	0.43697595003355766	0.4287407093965905	0.890401715128815	2.5790691357091258
seed2	moderately_unequal	mixed_covariate	0.0	sqrt_rooms	standardized_max	300	199	0.37666666666666665	0.3237203650702255	0.4327315678318291	0.085	0.5	0.0	72.0	6.0	20.0	0.3967460238079361	0.5428472222222221	0.43697595003355766	0.4287407093965905	0.890401715128815	2.5790691357091258
seed2	moderately_unequal	mixed_covariate	0.0	sqrt_rooms	cv_retrained	300	199	0.35	0.29823200252235404	0.4055608888450096	0.09	0.5	0.0	72.0	6.0	20.0	0.3967460238079361	0.5428472222222221	0.43697595003355766	0.4287407093965905	0.890401715128815	2.5790691357091258
seed2	moderately_unequal	mixed_covariate	0.0	sqrt_rooms	cv_standardized	300	199	0.41	0.35582394979935006	0.4664517850210681	0.08	0.5	0.0	72.0	6.0	20.0	0.3967460238079361	0.5428472222222221	0.43697595003355766	0.4287407093965905	0.890401715128815	2.5790691357091258
seed2	moderately_unequal	mixed_covariate	0.0	room_equal	profile	300	199	0.3433333333333333	0.29188793516981404	0.398740195813877	0.095	0.5	0.0	72.0	6.0	20.0	0.3967460238079361	0.5428472222222221	0.43697595003355766	0.4287407093965905	0.890401715128815	2.5790691357091258
seed2	moderately_unequal	mixed_covariate	0.0	room_equal	mantel	300	199	0.4066666666666667	0.3526017598634212	0.46309159476516065	0.08	0.5	0.0	72.0	6.0	20.0	0.3967460238079361	0.5428472222222221	0.43697595003355766	0.4287407093965905	0.890401715128815	2.5790691357091258
seed2	moderately_unequal	mixed_covariate	0.0	room_equal	nested_max	300	199	0.3433333333333333	0.29188793516981404	0.398740195813877	0.0925	0.5	0.0	72.0	6.0	20.0	0.3967460238079361	0.5428472222222221	0.43697595003355766	0.4287407093965905	0.890401715128815	2.5790691357091258
seed2	moderately_unequal	mixed_covariate	0.0	room_equal	standardized_max	300	199	0.37666666666666665	0.3237203650702255	0.4327315678318291	0.085	0.5	0.0	72.0	6.0	20.0	0.3967460238079361	0.5428472222222221	0.43697595003355766	0.4287407093965905	0.890401715128815	2.5790691357091258
seed2	moderately_unequal	mixed_covariate	0.0	room_equal	cv_retrained	300	199	0.4	0.3461651905860969	0.4563634036588123	0.075	0.5	0.0	72.0	6.0	20.0	0.3967460238079361	0.5428472222222221	0.43697595003355766	0.4287407093965905	0.890401715128815	2.5790691357091258
seed2	moderately_unequal	mixed_covariate	0.0	room_equal	cv_standardized	300	199	0.4166666666666667	0.3622760916643604	0.4731644035397305	0.0825	0.5	0.0	72.0	6.0	20.0	0.3967460238079361	0.5428472222222221	0.43697595003355766	0.4287407093965905	0.890401715128815	2.5790691357091258
seed2	moderately_unequal	mixed_covariate	0.1	building_equal	profile	300	199	0.3433333333333333	0.29188793516981404	0.398740195813877	0.095	0.5013343832405085	0.0036535011639341774	72.0	6.0	20.0	0.3967460238079361	0.5428472222222221	0.43697595003355766	0.4287407093965905	0.890401715128815	2.5790691357091258
seed2	moderately_unequal	mixed_covariate	0.1	building_equal	mantel	300	199	0.4066666666666667	0.3526017598634212	0.46309159476516065	0.08	0.5013343832405085	0.0036535011639341774	72.0	6.0	20.0	0.3967460238079361	0.5428472222222221	0.43697595003355766	0.4287407093965905	0.890401715128815	2.5790691357091258
seed2	moderately_unequal	mixed_covariate	0.1	building_equal	nested_max	300	199	0.3433333333333333	0.29188793516981404	0.398740195813877	0.0925	0.5013343832405085	0.0036535011639341774	72.0	6.0	20.0	0.3967460238079361	0.5428472222222221	0.43697595003355766	0.4287407093965905	0.890401715128815	2.5790691357091258
seed2	moderately_unequal	mixed_covariate	0.1	building_equal	standardized_max	300	199	0.37666666666666665	0.3237203650702255	0.4327315678318291	0.085	0.5013343832405085	0.0036535011639341774	72.0	6.0	20.0	0.3967460238079361	0.5428472222222221	0.43697595003355766	0.4287407093965905	0.890401715128815	2.5790691357091258
seed2	moderately_unequal	mixed_covariate	0.1	building_equal	cv_retrained	300	199	0.28	0.23221902212795326	0.33334388521084696	0.11	0.5013343832405085	0.0036535011639341774	72.0	6.0	20.0	0.3967460238079361	0.5428472222222221	0.43697595003355766	0.4287407093965905	0.890401715128815	2.5790691357091258
seed2	moderately_unequal	mixed_covariate	0.1	building_equal	cv_standardized	300	199	0.37	0.317331727809741	0.42595544470864083	0.085	0.4996149850048715	0.012606772686367885	72.0	6.0	20.0	0.3967460238079361	0.5428472222222221	0.43697595003355766	0.4287407093965905	0.890401715128815	2.5790691357091258
seed2	moderately_unequal	mixed_covariate	0.1	sqrt_rooms	profile	300	199	0.3433333333333333	0.29188793516981404	0.398740195813877	0.095	0.5013695300589344	0.003341755533340766	72.0	6.0	20.0	0.3967460238079361	0.5428472222222221	0.43697595003355766	0.4287407093965905	0.890401715128815	2.5790691357091258
seed2	moderately_unequal	mixed_covariate	0.1	sqrt_rooms	mantel	300	199	0.4066666666666667	0.3526017598634212	0.46309159476516065	0.08	0.5013695300589344	0.003341755533340766	72.0	6.0	20.0	0.3967460238079361	0.5428472222222221	0.43697595003355766	0.4287407093965905	0.890401715128815	2.5790691357091258
seed2	moderately_unequal	mixed_covariate	0.1	sqrt_rooms	nested_max	300	199	0.3433333333333333	0.29188793516981404	0.398740195813877	0.0925	0.5013695300589344	0.003341755533340766	72.0	6.0	20.0	0.3967460238079361	0.5428472222222221	0.43697595003355766	0.4287407093965905	0.890401715128815	2.5790691357091258
seed2	moderately_unequal	mixed_covariate	0.1	sqrt_rooms	standardized_max	300	199	0.37666666666666665	0.3237203650702255	0.4327315678318291	0.085	0.5013695300589344	0.003341755533340766	72.0	6.0	20.0	0.3967460238079361	0.5428472222222221	0.43697595003355766	0.4287407093965905	0.890401715128815	2.5790691357091258
seed2	moderately_unequal	mixed_covariate	0.1	sqrt_rooms	cv_retrained	300	199	0.35	0.29823200252235404	0.4055608888450096	0.09	0.5013695300589344	0.003341755533340766	72.0	6.0	20.0	0.3967460238079361	0.5428472222222221	0.43697595003355766	0.4287407093965905	0.890401715128815	2.5790691357091258
seed2	moderately_unequal	mixed_covariate	0.1	sqrt_rooms	cv_standardized	300	199	0.4033333333333333	0.3493821700801514	0.459728804356594	0.0775	0.49952223515292926	0.012340313320500017	72.0	6.0	20.0	0.3967460238079361	0.5428472222222221	0.43697595003355766	0.4287407093965905	0.890401715128815	2.5790691357091258
seed2	moderately_unequal	mixed_covariate	0.1	room_equal	profile	300	199	0.3433333333333333	0.29188793516981404	0.398740195813877	0.095	0.501401741659593	0.0031174813769443105	72.0	6.0	20.0	0.3967460238079361	0.5428472222222221	0.43697595003355766	0.4287407093965905	0.890401715128815	2.5790691357091258
seed2	moderately_unequal	mixed_covariate	0.1	room_equal	mantel	300	199	0.4066666666666667	0.3526017598634212	0.46309159476516065	0.08	0.501401741659593	0.0031174813769443105	72.0	6.0	20.0	0.3967460238079361	0.5428472222222221	0.43697595003355766	0.4287407093965905	0.890401715128815	2.5790691357091258
seed2	moderately_unequal	mixed_covariate	0.1	room_equal	nested_max	300	199	0.3433333333333333	0.29188793516981404	0.398740195813877	0.0925	0.501401741659593	0.0031174813769443105	72.0	6.0	20.0	0.3967460238079361	0.5428472222222221	0.43697595003355766	0.4287407093965905	0.890401715128815	2.5790691357091258
seed2	moderately_unequal	mixed_covariate	0.1	room_equal	standardized_max	300	199	0.37666666666666665	0.3237203650702255	0.4327315678318291	0.085	0.501401741659593	0.0031174813769443105	72.0	6.0	20.0	0.3967460238079361	0.5428472222222221	0.43697595003355766	0.4287407093965905	0.890401715128815	2.5790691357091258
seed2	moderately_unequal	mixed_covariate	0.1	room_equal	cv_retrained	300	199	0.4	0.3461651905860969	0.4563634036588123	0.075	0.501401741659593	0.0031174813769443105	72.0	6.0	20.0	0.3967460238079361	0.5428472222222221	0.43697595003355766	0.4287407093965905	0.890401715128815	2.5790691357091258
seed2	moderately_unequal	mixed_covariate	0.1	room_equal	cv_standardized	300	199	0.41333333333333333	0.3590487301690917	0.46980938484316287	0.0825	0.499430797114253	0.012322155247544602	72.0	6.0	20.0	0.3967460238079361	0.5428472222222221	0.43697595003355766	0.4287407093965905	0.890401715128815	2.5790691357091258
seed2	moderately_unequal	mixed_covariate	0.25	building_equal	profile	300	199	0.3433333333333333	0.29188793516981404	0.398740195813877	0.095	0.5033353096926354	0.00913087183092351	72.0	6.0	20.0	0.3967460238079361	0.5428472222222221	0.43697595003355766	0.4287407093965905	0.890401715128815	2.5790691357091258
seed2	moderately_unequal	mixed_covariate	0.25	building_equal	mantel	300	199	0.4066666666666667	0.3526017598634212	0.46309159476516065	0.08	0.5033353096926354	0.00913087183092351	72.0	6.0	20.0	0.3967460238079361	0.5428472222222221	0.43697595003355766	0.4287407093965905	0.890401715128815	2.5790691357091258
seed2	moderately_unequal	mixed_covariate	0.25	building_equal	nested_max	300	199	0.3433333333333333	0.29188793516981404	0.398740195813877	0.0925	0.5033353096926354	0.00913087183092351	72.0	6.0	20.0	0.3967460238079361	0.5428472222222221	0.43697595003355766	0.4287407093965905	0.890401715128815	2.5790691357091258
seed2	moderately_unequal	mixed_covariate	0.25	building_equal	standardized_max	300	199	0.37666666666666665	0.3237203650702255	0.4327315678318291	0.085	0.5033353096926354	0.00913087183092351	72.0	6.0	20.0	0.3967460238079361	0.5428472222222221	0.43697595003355766	0.4287407093965905	0.890401715128815	2.5790691357091258
seed2	moderately_unequal	mixed_covariate	0.25	building_equal	cv_retrained	300	199	0.28	0.23221902212795326	0.33334388521084696	0.1075	0.5033353096926354	0.00913087183092351	72.0	6.0	20.0	0.3967460238079361	0.5428472222222221	0.43697595003355766	0.4287407093965905	0.890401715128815	2.5790691357091258
seed2	moderately_unequal	mixed_covariate	0.25	building_equal	cv_standardized	300	199	0.36666666666666664	0.3141415065082282	0.4225632858183173	0.085	0.49905705238844406	0.03138595073454736	72.0	6.0	20.0	0.3967460238079361	0.5428472222222221	0.43697595003355766	0.4287407093965905	0.890401715128815	2.5790691357091258
seed2	moderately_unequal	mixed_covariate	0.25	sqrt_rooms	profile	300	199	0.3433333333333333	0.29188793516981404	0.398740195813877	0.095	0.5034231855533995	0.008352135182687447	72.0	6.0	20.0	0.3967460238079361	0.5428472222222221	0.43697595003355766	0.4287407093965905	0.890401715128815	2.5790691357091258
seed2	moderately_unequal	mixed_covariate	0.25	sqrt_rooms	mantel	300	199	0.4066666666666667	0.3526017598634212	0.46309159476516065	0.08	0.5034231855533995	0.008352135182687447	72.0	6.0	20.0	0.3967460238079361	0.5428472222222221	0.43697595003355766	0.4287407093965905	0.890401715128815	2.5790691357091258
seed2	moderately_unequal	mixed_covariate	0.25	sqrt_rooms	nested_max	300	199	0.3433333333333333	0.29188793516981404	0.398740195813877	0.0925	0.5034231855533995	0.008352135182687447	72.0	6.0	20.0	0.3967460238079361	0.5428472222222221	0.43697595003355766	0.4287407093965905	0.890401715128815	2.5790691357091258
seed2	moderately_unequal	mixed_covariate	0.25	sqrt_rooms	standardized_max	300	199	0.37666666666666665	0.3237203650702255	0.4327315678318291	0.085	0.5034231855533995	0.008352135182687447	72.0	6.0	20.0	0.3967460238079361	0.5428472222222221	0.43697595003355766	0.4287407093965905	0.890401715128815	2.5790691357091258
seed2	moderately_unequal	mixed_covariate	0.25	sqrt_rooms	cv_retrained	300	199	0.35	0.29823200252235404	0.4055608888450096	0.09	0.5034231855533995	0.008352135182687447	72.0	6.0	20.0	0.3967460238079361	0.5428472222222221	0.43697595003355766	0.4287407093965905	0.890401715128815	2.5790691357091258
seed2	moderately_unequal	mixed_covariate	0.25	sqrt_rooms	cv_standardized	300	199	0.4066666666666667	0.3526017598634212	0.46309159476516065	0.0775	0.49882505293517626	0.030723658207178973	72.0	6.0	20.0	0.3967460238079361	0.5428472222222221	0.43697595003355766	0.4287407093965905	0.890401715128815	2.5790691357091258
seed2	moderately_unequal	mixed_covariate	0.25	room_equal	profile	300	199	0.3433333333333333	0.29188793516981404	0.398740195813877	0.095	0.503503735984098	0.0077917593679107085	72.0	6.0	20.0	0.3967460238079361	0.5428472222222221	0.43697595003355766	0.4287407093965905	0.890401715128815	2.5790691357091258
seed2	moderately_unequal	mixed_covariate	0.25	room_equal	mantel	300	199	0.4066666666666667	0.3526017598634212	0.46309159476516065	0.08	0.503503735984098	0.0077917593679107085	72.0	6.0	20.0	0.3967460238079361	0.5428472222222221	0.43697595003355766	0.4287407093965905	0.890401715128815	2.5790691357091258
seed2	moderately_unequal	mixed_covariate	0.25	room_equal	nested_max	300	199	0.3433333333333333	0.29188793516981404	0.398740195813877	0.0925	0.503503735984098	0.0077917593679107085	72.0	6.0	20.0	0.3967460238079361	0.5428472222222221	0.43697595003355766	0.4287407093965905	0.890401715128815	2.5790691357091258
seed2	moderately_unequal	mixed_covariate	0.25	room_equal	standardized_max	300	199	0.37666666666666665	0.3237203650702255	0.4327315678318291	0.085	0.503503735984098	0.0077917593679107085	72.0	6.0	20.0	0.3967460238079361	0.5428472222222221	0.43697595003355766	0.4287407093965905	0.890401715128815	2.5790691357091258
seed2	moderately_unequal	mixed_covariate	0.25	room_equal	cv_retrained	300	199	0.39666666666666667	0.34295083194304077	0.452995382110032	0.075	0.503503735984098	0.0077917593679107085	72.0	6.0	20.0	0.3967460238079361	0.5428472222222221	0.43697595003355766	0.4287407093965905	0.890401715128815	2.5790691357091258
seed2	moderately_unequal	mixed_covariate	0.25	room_equal	cv_standardized	300	199	0.41333333333333333	0.3590487301690917	0.46980938484316287	0.0825	0.49859944672990975	0.030669963337935594	72.0	6.0	20.0	0.3967460238079361	0.5428472222222221	0.43697595003355766	0.4287407093965905	0.890401715128815	2.5790691357091258
seed2	moderately_unequal	mixed_covariate	0.5	building_equal	profile	300	199	0.3433333333333333	0.29188793516981404	0.398740195813877	0.095	0.5066659933323591	0.018241223451555315	72.0	6.0	20.0	0.3967460238079361	0.5428472222222221	0.43697595003355766	0.4287407093965905	0.890401715128815	2.5790691357091258
seed2	moderately_unequal	mixed_covariate	0.5	building_equal	mantel	300	199	0.4066666666666667	0.3526017598634212	0.46309159476516065	0.08	0.5066659933323591	0.018241223451555315	72.0	6.0	20.0	0.3967460238079361	0.5428472222222221	0.43697595003355766	0.4287407093965905	0.890401715128815	2.5790691357091258
seed2	moderately_unequal	mixed_covariate	0.5	building_equal	nested_max	300	199	0.3433333333333333	0.29188793516981404	0.398740195813877	0.0925	0.5066659933323591	0.018241223451555315	72.0	6.0	20.0	0.3967460238079361	0.5428472222222221	0.43697595003355766	0.4287407093965905	0.890401715128815	2.5790691357091258
seed2	moderately_unequal	mixed_covariate	0.5	building_equal	standardized_max	300	199	0.37666666666666665	0.3237203650702255	0.4327315678318291	0.085	0.5066659933323591	0.018241223451555315	72.0	6.0	20.0	0.3967460238079361	0.5428472222222221	0.43697595003355766	0.4287407093965905	0.890401715128815	2.5790691357091258
seed2	moderately_unequal	mixed_covariate	0.5	building_equal	cv_retrained	300	199	0.27666666666666667	0.22911058318108624	0.32986994396587765	0.11	0.5066659933323591	0.018241223451555315	72.0	6.0	20.0	0.3967460238079361	0.5428472222222221	0.43697595003355766	0.4287407093965905	0.890401715128815	2.5790691357091258
seed2	moderately_unequal	mixed_covariate	0.5	building_equal	cv_standardized	300	199	0.36666666666666664	0.3141415065082282	0.4225632858183173	0.085	0.49824550272807583	0.06187690544729666	72.0	6.0	20.0	0.3967460238079361	0.5428472222222221	0.43697595003355766	0.4287407093965905	0.890401715128815	2.5790691357091258
seed2	moderately_unequal	mixed_covariate	0.5	sqrt_rooms	profile	300	199	0.3433333333333333	0.29188793516981404	0.398740195813877	0.095	0.5068418083847686	0.016688212961176632	72.0	6.0	20.0	0.3967460238079361	0.5428472222222221	0.43697595003355766	0.4287407093965905	0.890401715128815	2.5790691357091258
seed2	moderately_unequal	mixed_covariate	0.5	sqrt_rooms	mantel	300	199	0.4066666666666667	0.3526017598634212	0.46309159476516065	0.08	0.5068418083847686	0.016688212961176632	72.0	6.0	20.0	0.3967460238079361	0.5428472222222221	0.43697595003355766	0.4287407093965905	0.890401715128815	2.5790691357091258
seed2	moderately_unequal	mixed_covariate	0.5	sqrt_rooms	nested_max	300	199	0.3433333333333333	0.29188793516981404	0.398740195813877	0.0925	0.5068418083847686	0.016688212961176632	72.0	6.0	20.0	0.3967460238079361	0.5428472222222221	0.43697595003355766	0.4287407093965905	0.890401715128815	2.5790691357091258
seed2	moderately_unequal	mixed_covariate	0.5	sqrt_rooms	standardized_max	300	199	0.37666666666666665	0.3237203650702255	0.4327315678318291	0.085	0.5068418083847686	0.016688212961176632	72.0	6.0	20.0	0.3967460238079361	0.5428472222222221	0.43697595003355766	0.4287407093965905	0.890401715128815	2.5790691357091258
seed2	moderately_unequal	mixed_covariate	0.5	sqrt_rooms	cv_retrained	300	199	0.35333333333333333	0.30140830066923496	0.40896697088996514	0.0925	0.5068418083847686	0.016688212961176632	72.0	6.0	20.0	0.3967460238079361	0.5428472222222221	0.43697595003355766	0.4287407093965905	0.890401715128815	2.5790691357091258
seed2	moderately_unequal	mixed_covariate	0.5	sqrt_rooms	cv_standardized	300	199	0.41333333333333333	0.3590487301690917	0.46980938484316287	0.08	0.4977809894614804	0.060579471620055815	72.0	6.0	20.0	0.3967460238079361	0.5428472222222221	0.43697595003355766	0.4287407093965905	0.890401715128815	2.5790691357091258
seed2	moderately_unequal	mixed_covariate	0.5	room_equal	profile	300	199	0.3433333333333333	0.29188793516981404	0.398740195813877	0.095	0.5070030620242821	0.01556966487779635	72.0	6.0	20.0	0.3967460238079361	0.5428472222222221	0.43697595003355766	0.4287407093965905	0.890401715128815	2.5790691357091258
seed2	moderately_unequal	mixed_covariate	0.5	room_equal	mantel	300	199	0.4066666666666667	0.3526017598634212	0.46309159476516065	0.08	0.5070030620242821	0.01556966487779635	72.0	6.0	20.0	0.3967460238079361	0.5428472222222221	0.43697595003355766	0.4287407093965905	0.890401715128815	2.5790691357091258
seed2	moderately_unequal	mixed_covariate	0.5	room_equal	nested_max	300	199	0.3433333333333333	0.29188793516981404	0.398740195813877	0.0925	0.5070030620242821	0.01556966487779635	72.0	6.0	20.0	0.3967460238079361	0.5428472222222221	0.43697595003355766	0.4287407093965905	0.890401715128815	2.5790691357091258
seed2	moderately_unequal	mixed_covariate	0.5	room_equal	standardized_max	300	199	0.37666666666666665	0.3237203650702255	0.4327315678318291	0.085	0.5070030620242821	0.01556966487779635	72.0	6.0	20.0	0.3967460238079361	0.5428472222222221	0.43697595003355766	0.4287407093965905	0.890401715128815	2.5790691357091258
seed2	moderately_unequal	mixed_covariate	0.5	room_equal	cv_retrained	300	199	0.3933333333333333	0.3397391051458938	0.44962472871534254	0.075	0.5070030620242821	0.01556966487779635	72.0	6.0	20.0	0.3967460238079361	0.5428472222222221	0.43697595003355766	0.4287407093965905	0.890401715128815	2.5790691357091258
seed2	moderately_unequal	mixed_covariate	0.5	room_equal	cv_standardized	300	199	0.41	0.35582394979935006	0.4664517850210681	0.075	0.4973494820034944	0.06041973838113931	72.0	6.0	20.0	0.3967460238079361	0.5428472222222221	0.43697595003355766	0.4287407093965905	0.890401715128815	2.5790691357091258
seed2	moderately_unequal	mixed_covariate	1.0	building_equal	profile	300	199	0.3433333333333333	0.29188793516981404	0.398740195813877	0.095	0.5132951483500702	0.036320098182575186	72.0	6.0	20.0	0.3967460238079361	0.5428472222222221	0.43697595003355766	0.4287407093965905	0.890401715128815	2.5790691357091258
seed2	moderately_unequal	mixed_covariate	1.0	building_equal	mantel	300	199	0.4066666666666667	0.3526017598634212	0.46309159476516065	0.08	0.5132951483500702	0.036320098182575186	72.0	6.0	20.0	0.3967460238079361	0.5428472222222221	0.43697595003355766	0.4287407093965905	0.890401715128815	2.5790691357091258
seed2	moderately_unequal	mixed_covariate	1.0	building_equal	nested_max	300	199	0.3433333333333333	0.29188793516981404	0.398740195813877	0.0925	0.5132951483500702	0.036320098182575186	72.0	6.0	20.0	0.3967460238079361	0.5428472222222221	0.43697595003355766	0.4287407093965905	0.890401715128815	2.5790691357091258
seed2	moderately_unequal	mixed_covariate	1.0	building_equal	standardized_max	300	199	0.37666666666666665	0.3237203650702255	0.4327315678318291	0.085	0.5132951483500702	0.036320098182575186	72.0	6.0	20.0	0.3967460238079361	0.5428472222222221	0.43697595003355766	0.4287407093965905	0.890401715128815	2.5790691357091258
seed2	moderately_unequal	mixed_covariate	1.0	building_equal	cv_retrained	300	199	0.2866666666666667	0.23844603884969776	0.3402816288727752	0.1125	0.5132951483500702	0.036320098182575186	72.0	6.0	20.0	0.3967460238079361	0.5428472222222221	0.43697595003355766	0.4287407093965905	0.890401715128815	2.5790691357091258
seed2	moderately_unequal	mixed_covariate	1.0	building_equal	cv_standardized	300	199	0.36666666666666664	0.3141415065082282	0.4225632858183173	0.10250000000000001	0.4973331395388767	0.11760032207501418	72.0	6.0	20.0	0.3967460238079361	0.5428472222222221	0.43697595003355766	0.4287407093965905	0.890401715128815	2.5790691357091258
seed2	moderately_unequal	mixed_covariate	1.0	sqrt_rooms	profile	300	199	0.3433333333333333	0.29188793516981404	0.398740195813877	0.095	0.5136472958775103	0.033249202595547665	72.0	6.0	20.0	0.3967460238079361	0.5428472222222221	0.43697595003355766	0.4287407093965905	0.890401715128815	2.5790691357091258
seed2	moderately_unequal	mixed_covariate	1.0	sqrt_rooms	mantel	300	199	0.4066666666666667	0.3526017598634212	0.46309159476516065	0.08	0.5136472958775103	0.033249202595547665	72.0	6.0	20.0	0.3967460238079361	0.5428472222222221	0.43697595003355766	0.4287407093965905	0.890401715128815	2.5790691357091258
seed2	moderately_unequal	mixed_covariate	1.0	sqrt_rooms	nested_max	300	199	0.3433333333333333	0.29188793516981404	0.398740195813877	0.0925	0.5136472958775103	0.033249202595547665	72.0	6.0	20.0	0.3967460238079361	0.5428472222222221	0.43697595003355766	0.4287407093965905	0.890401715128815	2.5790691357091258
seed2	moderately_unequal	mixed_covariate	1.0	sqrt_rooms	standardized_max	300	199	0.37666666666666665	0.3237203650702255	0.4327315678318291	0.085	0.5136472958775103	0.033249202595547665	72.0	6.0	20.0	0.3967460238079361	0.5428472222222221	0.43697595003355766	0.4287407093965905	0.890401715128815	2.5790691357091258
seed2	moderately_unequal	mixed_covariate	1.0	sqrt_rooms	cv_retrained	300	199	0.35	0.29823200252235404	0.4055608888450096	0.095	0.5136472958775103	0.033249202595547665	72.0	6.0	20.0	0.3967460238079361	0.5428472222222221	0.43697595003355766	0.4287407093965905	0.890401715128815	2.5790691357091258
seed2	moderately_unequal	mixed_covariate	1.0	sqrt_rooms	cv_standardized	300	199	0.4066666666666667	0.3526017598634212	0.46309159476516065	0.0775	0.49641051549397086	0.11520132988474514	72.0	6.0	20.0	0.3967460238079361	0.5428472222222221	0.43697595003355766	0.4287407093965905	0.890401715128815	2.5790691357091258
seed2	moderately_unequal	mixed_covariate	1.0	room_equal	profile	300	199	0.3433333333333333	0.29188793516981404	0.398740195813877	0.095	0.5139710162962037	0.03102949782571182	72.0	6.0	20.0	0.3967460238079361	0.5428472222222221	0.43697595003355766	0.4287407093965905	0.890401715128815	2.5790691357091258
seed2	moderately_unequal	mixed_covariate	1.0	room_equal	mantel	300	199	0.4066666666666667	0.3526017598634212	0.46309159476516065	0.08	0.5139710162962037	0.03102949782571182	72.0	6.0	20.0	0.3967460238079361	0.5428472222222221	0.43697595003355766	0.4287407093965905	0.890401715128815	2.5790691357091258
seed2	moderately_unequal	mixed_covariate	1.0	room_equal	nested_max	300	199	0.3433333333333333	0.29188793516981404	0.398740195813877	0.0925	0.5139710162962037	0.03102949782571182	72.0	6.0	20.0	0.3967460238079361	0.5428472222222221	0.43697595003355766	0.4287407093965905	0.890401715128815	2.5790691357091258
seed2	moderately_unequal	mixed_covariate	1.0	room_equal	standardized_max	300	199	0.37666666666666665	0.3237203650702255	0.4327315678318291	0.085	0.5139710162962037	0.03102949782571182	72.0	6.0	20.0	0.3967460238079361	0.5428472222222221	0.43697595003355766	0.4287407093965905	0.890401715128815	2.5790691357091258
seed2	moderately_unequal	mixed_covariate	1.0	room_equal	cv_retrained	300	199	0.39666666666666667	0.34295083194304077	0.452995382110032	0.08	0.5139710162962037	0.03102949782571182	72.0	6.0	20.0	0.3967460238079361	0.5428472222222221	0.43697595003355766	0.4287407093965905	0.890401715128815	2.5790691357091258
seed2	moderately_unequal	mixed_covariate	1.0	room_equal	cv_standardized	300	199	0.4033333333333333	0.3493821700801514	0.459728804356594	0.07	0.49567011372986125	0.11460024090430267	72.0	6.0	20.0	0.3967460238079361	0.5428472222222221	0.43697595003355766	0.4287407093965905	0.890401715128815	2.5790691357091258
seed2	moderately_unequal	mixed_covariate	2.0	building_equal	profile	300	199	0.3433333333333333	0.29188793516981404	0.398740195813877	0.095	0.5263010395993011	0.07139605381257003	72.0	6.0	20.0	0.3967460238079361	0.5428472222222221	0.43697595003355766	0.4287407093965905	0.890401715128815	2.5790691357091258
seed2	moderately_unequal	mixed_covariate	2.0	building_equal	mantel	300	199	0.4066666666666667	0.3526017598634212	0.46309159476516065	0.08	0.5263010395993011	0.07139605381257003	72.0	6.0	20.0	0.3967460238079361	0.5428472222222221	0.43697595003355766	0.4287407093965905	0.890401715128815	2.5790691357091258
seed2	moderately_unequal	mixed_covariate	2.0	building_equal	nested_max	300	199	0.3433333333333333	0.29188793516981404	0.398740195813877	0.0925	0.5263010395993011	0.07139605381257003	72.0	6.0	20.0	0.3967460238079361	0.5428472222222221	0.43697595003355766	0.4287407093965905	0.890401715128815	2.5790691357091258
seed2	moderately_unequal	mixed_covariate	2.0	building_equal	standardized_max	300	199	0.37666666666666665	0.3237203650702255	0.4327315678318291	0.085	0.5263010395993011	0.07139605381257003	72.0	6.0	20.0	0.3967460238079361	0.5428472222222221	0.43697595003355766	0.4287407093965905	0.890401715128815	2.5790691357091258
seed2	moderately_unequal	mixed_covariate	2.0	building_equal	cv_retrained	300	199	0.2966666666666667	0.24781139053784687	0.35066341776013515	0.12	0.5263010395993011	0.07139605381257003	72.0	6.0	20.0	0.3967460238079361	0.5428472222222221	0.43697595003355766	0.4287407093965905	0.890401715128815	2.5790691357091258
seed2	moderately_unequal	mixed_covariate	2.0	building_equal	cv_standardized	300	199	0.32666666666666666	0.2760784389482685	0.3816377910762407	0.115	0.4981073959043442	0.20296381352480095	72.0	6.0	20.0	0.3967460238079361	0.5428472222222221	0.43697595003355766	0.4287407093965905	0.890401715128815	2.5790691357091258
seed2	moderately_unequal	mixed_covariate	2.0	sqrt_rooms	profile	300	199	0.3433333333333333	0.29188793516981404	0.398740195813877	0.095	0.5270097353570495	0.06551811395709438	72.0	6.0	20.0	0.3967460238079361	0.5428472222222221	0.43697595003355766	0.4287407093965905	0.890401715128815	2.5790691357091258
seed2	moderately_unequal	mixed_covariate	2.0	sqrt_rooms	mantel	300	199	0.4066666666666667	0.3526017598634212	0.46309159476516065	0.08	0.5270097353570495	0.06551811395709438	72.0	6.0	20.0	0.3967460238079361	0.5428472222222221	0.43697595003355766	0.4287407093965905	0.890401715128815	2.5790691357091258
seed2	moderately_unequal	mixed_covariate	2.0	sqrt_rooms	nested_max	300	199	0.3433333333333333	0.29188793516981404	0.398740195813877	0.0925	0.5270097353570495	0.06551811395709438	72.0	6.0	20.0	0.3967460238079361	0.5428472222222221	0.43697595003355766	0.4287407093965905	0.890401715128815	2.5790691357091258
seed2	moderately_unequal	mixed_covariate	2.0	sqrt_rooms	standardized_max	300	199	0.37666666666666665	0.3237203650702255	0.4327315678318291	0.085	0.5270097353570495	0.06551811395709438	72.0	6.0	20.0	0.3967460238079361	0.5428472222222221	0.43697595003355766	0.4287407093965905	0.890401715128815	2.5790691357091258
seed2	moderately_unequal	mixed_covariate	2.0	sqrt_rooms	cv_retrained	300	199	0.35	0.29823200252235404	0.4055608888450096	0.095	0.5270097353570495	0.06551811395709438	72.0	6.0	20.0	0.3967460238079361	0.5428472222222221	0.43697595003355766	0.4287407093965905	0.890401715128815	2.5790691357091258
seed2	moderately_unequal	mixed_covariate	2.0	sqrt_rooms	cv_standardized	300	199	0.38	0.3269187519503734	0.4361155611435176	0.0875	0.4964695616385659	0.19912811163399502	72.0	6.0	20.0	0.3967460238079361	0.5428472222222221	0.43697595003355766	0.4287407093965905	0.890401715128815	2.5790691357091258
seed2	moderately_unequal	mixed_covariate	2.0	room_equal	profile	300	199	0.3433333333333333	0.29188793516981404	0.398740195813877	0.095	0.5276665776018282	0.06121072903526527	72.0	6.0	20.0	0.3967460238079361	0.5428472222222221	0.43697595003355766	0.4287407093965905	0.890401715128815	2.5790691357091258
seed2	moderately_unequal	mixed_covariate	2.0	room_equal	mantel	300	199	0.4066666666666667	0.3526017598634212	0.46309159476516065	0.08	0.5276665776018282	0.06121072903526527	72.0	6.0	20.0	0.3967460238079361	0.5428472222222221	0.43697595003355766	0.4287407093965905	0.890401715128815	2.5790691357091258
seed2	moderately_unequal	mixed_covariate	2.0	room_equal	nested_max	300	199	0.3433333333333333	0.29188793516981404	0.398740195813877	0.0925	0.5276665776018282	0.06121072903526527	72.0	6.0	20.0	0.3967460238079361	0.5428472222222221	0.43697595003355766	0.4287407093965905	0.890401715128815	2.5790691357091258
seed2	moderately_unequal	mixed_covariate	2.0	room_equal	standardized_max	300	199	0.37666666666666665	0.3237203650702255	0.4327315678318291	0.085	0.5276665776018282	0.06121072903526527	72.0	6.0	20.0	0.3967460238079361	0.5428472222222221	0.43697595003355766	0.4287407093965905	0.890401715128815	2.5790691357091258
seed2	moderately_unequal	mixed_covariate	2.0	room_equal	cv_retrained	300	199	0.39	0.3365300216309911	0.446251432038409	0.085	0.5276665776018282	0.06121072903526527	72.0	6.0	20.0	0.3967460238079361	0.5428472222222221	0.43697595003355766	0.4287407093965905	0.890401715128815	2.5790691357091258
seed2	moderately_unequal	mixed_covariate	2.0	room_equal	cv_standardized	300	199	0.3933333333333333	0.3397391051458938	0.44962472871534254	0.0875	0.49552673076476744	0.19709238237556786	72.0	6.0	20.0	0.3967460238079361	0.5428472222222221	0.43697595003355766	0.4287407093965905	0.890401715128815	2.5790691357091258
seed2	moderately_unequal	mixed_covariate	4.0	building_equal	profile	300	199	0.3433333333333333	0.29188793516981404	0.398740195813877	0.095	0.550457315766162	0.1342532973432446	72.0	6.0	20.0	0.3967460238079361	0.5428472222222221	0.43697595003355766	0.4287407093965905	0.890401715128815	2.5790691357091258
seed2	moderately_unequal	mixed_covariate	4.0	building_equal	mantel	300	199	0.4066666666666667	0.3526017598634212	0.46309159476516065	0.08	0.550457315766162	0.1342532973432446	72.0	6.0	20.0	0.3967460238079361	0.5428472222222221	0.43697595003355766	0.4287407093965905	0.890401715128815	2.5790691357091258
seed2	moderately_unequal	mixed_covariate	4.0	building_equal	nested_max	300	199	0.3433333333333333	0.29188793516981404	0.398740195813877	0.0925	0.550457315766162	0.1342532973432446	72.0	6.0	20.0	0.3967460238079361	0.5428472222222221	0.43697595003355766	0.4287407093965905	0.890401715128815	2.5790691357091258
seed2	moderately_unequal	mixed_covariate	4.0	building_equal	standardized_max	300	199	0.37666666666666665	0.3237203650702255	0.4327315678318291	0.085	0.550457315766162	0.1342532973432446	72.0	6.0	20.0	0.3967460238079361	0.5428472222222221	0.43697595003355766	0.4287407093965905	0.890401715128815	2.5790691357091258
seed2	moderately_unequal	mixed_covariate	4.0	building_equal	cv_retrained	300	199	0.28	0.23221902212795326	0.33334388521084696	0.125	0.550457315766162	0.1342532973432446	72.0	6.0	20.0	0.3967460238079361	0.5428472222222221	0.43697595003355766	0.4287407093965905	0.890401715128815	2.5790691357091258
seed2	moderately_unequal	mixed_covariate	4.0	building_equal	cv_standardized	300	199	0.30333333333333334	0.2540711301237818	0.3575684385578729	0.12	0.5018253335449939	0.2969162089206288	72.0	6.0	20.0	0.3967460238079361	0.5428472222222221	0.43697595003355766	0.4287407093965905	0.890401715128815	2.5790691357091258
seed2	moderately_unequal	mixed_covariate	4.0	sqrt_rooms	profile	300	199	0.3433333333333333	0.29188793516981404	0.398740195813877	0.095	0.5519116092309884	0.1241855730238552	72.0	6.0	20.0	0.3967460238079361	0.5428472222222221	0.43697595003355766	0.4287407093965905	0.890401715128815	2.5790691357091258
seed2	moderately_unequal	mixed_covariate	4.0	sqrt_rooms	mantel	300	199	0.4066666666666667	0.3526017598634212	0.46309159476516065	0.08	0.5519116092309884	0.1241855730238552	72.0	6.0	20.0	0.3967460238079361	0.5428472222222221	0.43697595003355766	0.4287407093965905	0.890401715128815	2.5790691357091258
seed2	moderately_unequal	mixed_covariate	4.0	sqrt_rooms	nested_max	300	199	0.3433333333333333	0.29188793516981404	0.398740195813877	0.0925	0.5519116092309884	0.1241855730238552	72.0	6.0	20.0	0.3967460238079361	0.5428472222222221	0.43697595003355766	0.4287407093965905	0.890401715128815	2.5790691357091258
seed2	moderately_unequal	mixed_covariate	4.0	sqrt_rooms	standardized_max	300	199	0.37666666666666665	0.3237203650702255	0.4327315678318291	0.085	0.5519116092309884	0.1241855730238552	72.0	6.0	20.0	0.3967460238079361	0.5428472222222221	0.43697595003355766	0.4287407093965905	0.890401715128815	2.5790691357091258
seed2	moderately_unequal	mixed_covariate	4.0	sqrt_rooms	cv_retrained	300	199	0.34	0.2887202040964927	0.395325546695362	0.1	0.5519116092309884	0.1241855730238552	72.0	6.0	20.0	0.3967460238079361	0.5428472222222221	0.43697595003355766	0.4287407093965905	0.890401715128815	2.5790691357091258
seed2	moderately_unequal	mixed_covariate	4.0	sqrt_rooms	cv_standardized	300	199	0.33666666666666667	0.2855553679085868	0.39190800269143145	0.105	0.4999601722056089	0.29195041395745136	72.0	6.0	20.0	0.3967460238079361	0.5428472222222221	0.43697595003355766	0.4287407093965905	0.890401715128815	2.5790691357091258
seed2	moderately_unequal	mixed_covariate	4.0	room_equal	profile	300	199	0.3433333333333333	0.29188793516981404	0.398740195813877	0.095	0.5532902932364195	0.11644627335248517	72.0	6.0	20.0	0.3967460238079361	0.5428472222222221	0.43697595003355766	0.4287407093965905	0.890401715128815	2.5790691357091258
seed2	moderately_unequal	mixed_covariate	4.0	room_equal	mantel	300	199	0.4066666666666667	0.3526017598634212	0.46309159476516065	0.08	0.5532902932364195	0.11644627335248517	72.0	6.0	20.0	0.3967460238079361	0.5428472222222221	0.43697595003355766	0.4287407093965905	0.890401715128815	2.5790691357091258
seed2	moderately_unequal	mixed_covariate	4.0	room_equal	nested_max	300	199	0.3433333333333333	0.29188793516981404	0.398740195813877	0.0925	0.5532902932364195	0.11644627335248517	72.0	6.0	20.0	0.3967460238079361	0.5428472222222221	0.43697595003355766	0.4287407093965905	0.890401715128815	2.5790691357091258
seed2	moderately_unequal	mixed_covariate	4.0	room_equal	standardized_max	300	199	0.37666666666666665	0.3237203650702255	0.4327315678318291	0.085	0.5532902932364195	0.11644627335248517	72.0	6.0	20.0	0.3967460238079361	0.5428472222222221	0.43697595003355766	0.4287407093965905	0.890401715128815	2.5790691357091258
seed2	moderately_unequal	mixed_covariate	4.0	room_equal	cv_retrained	300	199	0.37333333333333335	0.32052468559554903	0.42934486711466924	0.085	0.5532902932364195	0.11644627335248517	72.0	6.0	20.0	0.3967460238079361	0.5428472222222221	0.43697595003355766	0.4287407093965905	0.890401715128815	2.5790691357091258
seed2	moderately_unequal	mixed_covariate	4.0	room_equal	cv_standardized	300	199	0.35	0.29823200252235404	0.4055608888450096	0.1	0.49940082072777464	0.2874061200238981	72.0	6.0	20.0	0.3967460238079361	0.5428472222222221	0.43697595003355766	0.4287407093965905	0.890401715128815	2.5790691357091258
seed2	moderately_unequal	mixed_covariate	8.0	building_equal	profile	300	199	0.3433333333333333	0.29188793516981404	0.398740195813877	0.095	0.5879406838124838	0.22471929519335593	72.0	6.0	20.0	0.3967460238079361	0.5428472222222221	0.43697595003355766	0.4287407093965905	0.890401715128815	2.5790691357091258
seed2	moderately_unequal	mixed_covariate	8.0	building_equal	mantel	300	199	0.4066666666666667	0.3526017598634212	0.46309159476516065	0.08	0.5879406838124838	0.22471929519335593	72.0	6.0	20.0	0.3967460238079361	0.5428472222222221	0.43697595003355766	0.4287407093965905	0.890401715128815	2.5790691357091258
seed2	moderately_unequal	mixed_covariate	8.0	building_equal	nested_max	300	199	0.3433333333333333	0.29188793516981404	0.398740195813877	0.0925	0.5879406838124838	0.22471929519335593	72.0	6.0	20.0	0.3967460238079361	0.5428472222222221	0.43697595003355766	0.4287407093965905	0.890401715128815	2.5790691357091258
seed2	moderately_unequal	mixed_covariate	8.0	building_equal	standardized_max	300	199	0.37666666666666665	0.3237203650702255	0.4327315678318291	0.085	0.5879406838124838	0.22471929519335593	72.0	6.0	20.0	0.3967460238079361	0.5428472222222221	0.43697595003355766	0.4287407093965905	0.890401715128815	2.5790691357091258
seed2	moderately_unequal	mixed_covariate	8.0	building_equal	cv_retrained	300	199	0.27666666666666667	0.22911058318108624	0.32986994396587765	0.135	0.5879406838124838	0.22471929519335593	72.0	6.0	20.0	0.3967460238079361	0.5428472222222221	0.43697595003355766	0.4287407093965905	0.890401715128815	2.5790691357091258
seed2	moderately_unequal	mixed_covariate	8.0	building_equal	cv_standardized	300	199	0.26666666666666666	0.21980599244000376	0.31942739413145094	0.1275	0.504459717445921	0.36451101577794287	72.0	6.0	20.0	0.3967460238079361	0.5428472222222221	0.43697595003355766	0.4287407093965905	0.890401715128815	2.5790691357091258
seed2	moderately_unequal	mixed_covariate	8.0	sqrt_rooms	profile	300	199	0.3433333333333333	0.29188793516981404	0.398740195813877	0.095	0.5910116922713768	0.21170309501177056	72.0	6.0	20.0	0.3967460238079361	0.5428472222222221	0.43697595003355766	0.4287407093965905	0.890401715128815	2.5790691357091258
seed2	moderately_unequal	mixed_covariate	8.0	sqrt_rooms	mantel	300	199	0.4066666666666667	0.3526017598634212	0.46309159476516065	0.08	0.5910116922713768	0.21170309501177056	72.0	6.0	20.0	0.3967460238079361	0.5428472222222221	0.43697595003355766	0.4287407093965905	0.890401715128815	2.5790691357091258
seed2	moderately_unequal	mixed_covariate	8.0	sqrt_rooms	nested_max	300	199	0.3433333333333333	0.29188793516981404	0.398740195813877	0.0925	0.5910116922713768	0.21170309501177056	72.0	6.0	20.0	0.3967460238079361	0.5428472222222221	0.43697595003355766	0.4287407093965905	0.890401715128815	2.5790691357091258
seed2	moderately_unequal	mixed_covariate	8.0	sqrt_rooms	standardized_max	300	199	0.37666666666666665	0.3237203650702255	0.4327315678318291	0.085	0.5910116922713768	0.21170309501177056	72.0	6.0	20.0	0.3967460238079361	0.5428472222222221	0.43697595003355766	0.4287407093965905	0.890401715128815	2.5790691357091258
seed2	moderately_unequal	mixed_covariate	8.0	sqrt_rooms	cv_retrained	300	199	0.2966666666666667	0.24781139053784687	0.35066341776013515	0.115	0.5910116922713768	0.21170309501177056	72.0	6.0	20.0	0.3967460238079361	0.5428472222222221	0.43697595003355766	0.4287407093965905	0.890401715128815	2.5790691357091258
seed2	moderately_unequal	mixed_covariate	8.0	sqrt_rooms	cv_standardized	300	199	0.30333333333333334	0.2540711301237818	0.3575684385578729	0.115	0.5029175233179347	0.36024433642004605	72.0	6.0	20.0	0.3967460238079361	0.5428472222222221	0.43697595003355766	0.4287407093965905	0.890401715128815	2.5790691357091258
seed2	moderately_unequal	mixed_covariate	8.0	room_equal	profile	300	199	0.3433333333333333	0.29188793516981404	0.398740195813877	0.095	0.5940395081646966	0.20025905129148458	72.0	6.0	20.0	0.3967460238079361	0.5428472222222221	0.43697595003355766	0.4287407093965905	0.890401715128815	2.5790691357091258
seed2	moderately_unequal	mixed_covariate	8.0	room_equal	mantel	300	199	0.4066666666666667	0.3526017598634212	0.46309159476516065	0.08	0.5940395081646966	0.20025905129148458	72.0	6.0	20.0	0.3967460238079361	0.5428472222222221	0.43697595003355766	0.4287407093965905	0.890401715128815	2.5790691357091258
seed2	moderately_unequal	mixed_covariate	8.0	room_equal	nested_max	300	199	0.3433333333333333	0.29188793516981404	0.398740195813877	0.0925	0.5940395081646966	0.20025905129148458	72.0	6.0	20.0	0.3967460238079361	0.5428472222222221	0.43697595003355766	0.4287407093965905	0.890401715128815	2.5790691357091258
seed2	moderately_unequal	mixed_covariate	8.0	room_equal	standardized_max	300	199	0.37666666666666665	0.3237203650702255	0.4327315678318291	0.085	0.5940395081646966	0.20025905129148458	72.0	6.0	20.0	0.3967460238079361	0.5428472222222221	0.43697595003355766	0.4287407093965905	0.890401715128815	2.5790691357091258
seed2	moderately_unequal	mixed_covariate	8.0	room_equal	cv_retrained	300	199	0.3233333333333333	0.2729253960837475	0.37820845374892526	0.1	0.5940395081646966	0.20025905129148458	72.0	6.0	20.0	0.3967460238079361	0.5428472222222221	0.43697595003355766	0.4287407093965905	0.890401715128815	2.5790691357091258
seed2	moderately_unequal	mixed_covariate	8.0	room_equal	cv_standardized	300	199	0.33	0.2792344636154957	0.3850641466008499	0.11	0.5028323334899413	0.3537591051570478	72.0	6.0	20.0	0.3967460238079361	0.5428472222222221	0.43697595003355766	0.4287407093965905	0.890401715128815	2.5790691357091258
seed2	moderately_unequal	mixed_covariate	16.0	building_equal	profile	300	199	0.3433333333333333	0.29188793516981404	0.398740195813877	0.095	0.6265515064104	0.3120246705770219	72.0	6.0	20.0	0.3967460238079361	0.5428472222222221	0.43697595003355766	0.4287407093965905	0.890401715128815	2.5790691357091258
seed2	moderately_unequal	mixed_covariate	16.0	building_equal	mantel	300	199	0.4066666666666667	0.3526017598634212	0.46309159476516065	0.08	0.6265515064104	0.3120246705770219	72.0	6.0	20.0	0.3967460238079361	0.5428472222222221	0.43697595003355766	0.4287407093965905	0.890401715128815	2.5790691357091258
seed2	moderately_unequal	mixed_covariate	16.0	building_equal	nested_max	300	199	0.3433333333333333	0.29188793516981404	0.398740195813877	0.0925	0.6265515064104	0.3120246705770219	72.0	6.0	20.0	0.3967460238079361	0.5428472222222221	0.43697595003355766	0.4287407093965905	0.890401715128815	2.5790691357091258
seed2	moderately_unequal	mixed_covariate	16.0	building_equal	standardized_max	300	199	0.37666666666666665	0.3237203650702255	0.4327315678318291	0.085	0.6265515064104	0.3120246705770219	72.0	6.0	20.0	0.3967460238079361	0.5428472222222221	0.43697595003355766	0.4287407093965905	0.890401715128815	2.5790691357091258
seed2	moderately_unequal	mixed_covariate	16.0	building_equal	cv_retrained	300	199	0.2633333333333333	0.21671150294236005	0.3159395034372583	0.1625	0.6265515064104	0.3120246705770219	72.0	6.0	20.0	0.3967460238079361	0.5428472222222221	0.43697595003355766	0.4287407093965905	0.890401715128815	2.5790691357091258
seed2	moderately_unequal	mixed_covariate	16.0	building_equal	cv_standardized	300	199	0.26	0.21362060325993487	0.3124480229278472	0.145	0.5048279831426499	0.39805482971398054	72.0	6.0	20.0	0.3967460238079361	0.5428472222222221	0.43697595003355766	0.4287407093965905	0.890401715128815	2.5790691357091258
seed2	moderately_unequal	mixed_covariate	16.0	sqrt_rooms	profile	300	199	0.3433333333333333	0.29188793516981404	0.398740195813877	0.095	0.6321988959389399	0.3012205353393034	72.0	6.0	20.0	0.3967460238079361	0.5428472222222221	0.43697595003355766	0.4287407093965905	0.890401715128815	2.5790691357091258
seed2	moderately_unequal	mixed_covariate	16.0	sqrt_rooms	mantel	300	199	0.4066666666666667	0.3526017598634212	0.46309159476516065	0.08	0.6321988959389399	0.3012205353393034	72.0	6.0	20.0	0.3967460238079361	0.5428472222222221	0.43697595003355766	0.4287407093965905	0.890401715128815	2.5790691357091258
seed2	moderately_unequal	mixed_covariate	16.0	sqrt_rooms	nested_max	300	199	0.3433333333333333	0.29188793516981404	0.398740195813877	0.0925	0.6321988959389399	0.3012205353393034	72.0	6.0	20.0	0.3967460238079361	0.5428472222222221	0.43697595003355766	0.4287407093965905	0.890401715128815	2.5790691357091258
seed2	moderately_unequal	mixed_covariate	16.0	sqrt_rooms	standardized_max	300	199	0.37666666666666665	0.3237203650702255	0.4327315678318291	0.085	0.6321988959389399	0.3012205353393034	72.0	6.0	20.0	0.3967460238079361	0.5428472222222221	0.43697595003355766	0.4287407093965905	0.890401715128815	2.5790691357091258
seed2	moderately_unequal	mixed_covariate	16.0	sqrt_rooms	cv_retrained	300	199	0.28	0.23221902212795326	0.33334388521084696	0.135	0.6321988959389399	0.3012205353393034	72.0	6.0	20.0	0.3967460238079361	0.5428472222222221	0.43697595003355766	0.4287407093965905	0.890401715128815	2.5790691357091258
seed2	moderately_unequal	mixed_covariate	16.0	sqrt_rooms	cv_standardized	300	199	0.31666666666666665	0.26662835068573615	0.37134073876326396	0.125	0.502932484326047	0.3953960061196601	72.0	6.0	20.0	0.3967460238079361	0.5428472222222221	0.43697595003355766	0.4287407093965905	0.890401715128815	2.5790691357091258
seed2	moderately_unequal	mixed_covariate	16.0	room_equal	profile	300	199	0.3433333333333333	0.29188793516981404	0.398740195813877	0.095	0.6381216465920497	0.28834430017185564	72.0	6.0	20.0	0.3967460238079361	0.5428472222222221	0.43697595003355766	0.4287407093965905	0.890401715128815	2.5790691357091258
seed2	moderately_unequal	mixed_covariate	16.0	room_equal	mantel	300	199	0.4066666666666667	0.3526017598634212	0.46309159476516065	0.08	0.6381216465920497	0.28834430017185564	72.0	6.0	20.0	0.3967460238079361	0.5428472222222221	0.43697595003355766	0.4287407093965905	0.890401715128815	2.5790691357091258
seed2	moderately_unequal	mixed_covariate	16.0	room_equal	nested_max	300	199	0.3433333333333333	0.29188793516981404	0.398740195813877	0.0925	0.6381216465920497	0.28834430017185564	72.0	6.0	20.0	0.3967460238079361	0.5428472222222221	0.43697595003355766	0.4287407093965905	0.890401715128815	2.5790691357091258
seed2	moderately_unequal	mixed_covariate	16.0	room_equal	standardized_max	300	199	0.37666666666666665	0.3237203650702255	0.4327315678318291	0.085	0.6381216465920497	0.28834430017185564	72.0	6.0	20.0	0.3967460238079361	0.5428472222222221	0.43697595003355766	0.4287407093965905	0.890401715128815	2.5790691357091258
seed2	moderately_unequal	mixed_covariate	16.0	room_equal	cv_retrained	300	199	0.29333333333333333	0.24468634082804494	0.34720608727810065	0.1175	0.6381216465920497	0.28834430017185564	72.0	6.0	20.0	0.3967460238079361	0.5428472222222221	0.43697595003355766	0.4287407093965905	0.890401715128815	2.5790691357091258
seed2	moderately_unequal	mixed_covariate	16.0	room_equal	cv_standardized	300	199	0.3333333333333333	0.2823934472922627	0.38848754311591926	0.115	0.5021273838835704	0.3880411675160502	72.0	6.0	20.0	0.3967460238079361	0.5428472222222221	0.43697595003355766	0.4287407093965905	0.890401715128815	2.5790691357091258
seed2	severely_unequal	conditional_null	0.0	building_equal	profile	300	199	0.03	0.01586185380943231	0.05602253914164096	0.53	0.4999999999999999	5.551115123125783e-17	72.0	5.0	32.0	0.8093779046851923	0.5657638888888887	0.006857508498953732	0.009320113711995415	0.8921143208712732	2.499838456359289
seed2	severely_unequal	conditional_null	0.0	building_equal	mantel	300	199	0.016666666666666666	0.00713947735063333	0.0384153948330945	0.49	0.4999999999999999	5.551115123125783e-17	72.0	5.0	32.0	0.8093779046851923	0.5657638888888887	0.006857508498953732	0.009320113711995415	0.8921143208712732	2.499838456359289
seed2	severely_unequal	conditional_null	0.0	building_equal	nested_max	300	199	0.03	0.01586185380943231	0.05602253914164096	0.5175000000000001	0.4999999999999999	5.551115123125783e-17	72.0	5.0	32.0	0.8093779046851923	0.5657638888888887	0.006857508498953732	0.009320113711995415	0.8921143208712732	2.499838456359289
seed2	severely_unequal	conditional_null	0.0	building_equal	standardized_max	300	199	0.03	0.01586185380943231	0.05602253914164096	0.5075000000000001	0.4999999999999999	5.551115123125783e-17	72.0	5.0	32.0	0.8093779046851923	0.5657638888888887	0.006857508498953732	0.009320113711995415	0.8921143208712732	2.499838456359289
seed2	severely_unequal	conditional_null	0.0	building_equal	cv_retrained	300	199	0.03	0.01586185380943231	0.05602253914164096	0.53	0.4999999999999999	5.551115123125783e-17	72.0	5.0	32.0	0.8093779046851923	0.5657638888888887	0.006857508498953732	0.009320113711995415	0.8921143208712732	2.499838456359289
seed2	severely_unequal	conditional_null	0.0	building_equal	cv_standardized	300	199	0.03	0.01586185380943231	0.05602253914164096	0.515	0.4999999999999999	5.551115123125783e-17	72.0	5.0	32.0	0.8093779046851923	0.5657638888888887	0.006857508498953732	0.009320113711995415	0.8921143208712732	2.499838456359289
seed2	severely_unequal	conditional_null	0.0	sqrt_rooms	profile	300	199	0.03	0.01586185380943231	0.05602253914164096	0.53	0.5	0.0	72.0	5.0	32.0	0.8093779046851923	0.5657638888888887	0.006857508498953732	0.009320113711995415	0.8921143208712732	2.499838456359289
seed2	severely_unequal	conditional_null	0.0	sqrt_rooms	mantel	300	199	0.016666666666666666	0.00713947735063333	0.0384153948330945	0.49	0.5	0.0	72.0	5.0	32.0	0.8093779046851923	0.5657638888888887	0.006857508498953732	0.009320113711995415	0.8921143208712732	2.499838456359289
seed2	severely_unequal	conditional_null	0.0	sqrt_rooms	nested_max	300	199	0.03	0.01586185380943231	0.05602253914164096	0.5175000000000001	0.5	0.0	72.0	5.0	32.0	0.8093779046851923	0.5657638888888887	0.006857508498953732	0.009320113711995415	0.8921143208712732	2.499838456359289
seed2	severely_unequal	conditional_null	0.0	sqrt_rooms	standardized_max	300	199	0.03	0.01586185380943231	0.05602253914164096	0.5075000000000001	0.5	0.0	72.0	5.0	32.0	0.8093779046851923	0.5657638888888887	0.006857508498953732	0.009320113711995415	0.8921143208712732	2.499838456359289
seed2	severely_unequal	conditional_null	0.0	sqrt_rooms	cv_retrained	300	199	0.04666666666666667	0.027998933682334012	0.07679736022792105	0.5225	0.5	0.0	72.0	5.0	32.0	0.8093779046851923	0.5657638888888887	0.006857508498953732	0.009320113711995415	0.8921143208712732	2.499838456359289
seed2	severely_unequal	conditional_null	0.0	sqrt_rooms	cv_standardized	300	199	0.03666666666666667	0.02059530516285303	0.06445384817189295	0.5225	0.5	0.0	72.0	5.0	32.0	0.8093779046851923	0.5657638888888887	0.006857508498953732	0.009320113711995415	0.8921143208712732	2.499838456359289
seed2	severely_unequal	conditional_null	0.0	room_equal	profile	300	199	0.03	0.01586185380943231	0.05602253914164096	0.53	0.5	0.0	72.0	5.0	32.0	0.8093779046851923	0.5657638888888887	0.006857508498953732	0.009320113711995415	0.8921143208712732	2.499838456359289
seed2	severely_unequal	conditional_null	0.0	room_equal	mantel	300	199	0.016666666666666666	0.00713947735063333	0.0384153948330945	0.49	0.5	0.0	72.0	5.0	32.0	0.8093779046851923	0.5657638888888887	0.006857508498953732	0.009320113711995415	0.8921143208712732	2.499838456359289
seed2	severely_unequal	conditional_null	0.0	room_equal	nested_max	300	199	0.03	0.01586185380943231	0.05602253914164096	0.5175000000000001	0.5	0.0	72.0	5.0	32.0	0.8093779046851923	0.5657638888888887	0.006857508498953732	0.009320113711995415	0.8921143208712732	2.499838456359289
seed2	severely_unequal	conditional_null	0.0	room_equal	standardized_max	300	199	0.03	0.01586185380943231	0.05602253914164096	0.5075000000000001	0.5	0.0	72.0	5.0	32.0	0.8093779046851923	0.5657638888888887	0.006857508498953732	0.009320113711995415	0.8921143208712732	2.499838456359289
seed2	severely_unequal	conditional_null	0.0	room_equal	cv_retrained	300	199	0.03	0.01586185380943231	0.05602253914164096	0.52	0.5	0.0	72.0	5.0	32.0	0.8093779046851923	0.5657638888888887	0.006857508498953732	0.009320113711995415	0.8921143208712732	2.499838456359289
seed2	severely_unequal	conditional_null	0.0	room_equal	cv_standardized	300	199	0.03666666666666667	0.02059530516285303	0.06445384817189295	0.525	0.5	0.0	72.0	5.0	32.0	0.8093779046851923	0.5657638888888887	0.006857508498953732	0.009320113711995415	0.8921143208712732	2.499838456359289
seed2	severely_unequal	conditional_null	0.1	building_equal	profile	300	199	0.03	0.01586185380943231	0.05602253914164096	0.53	0.5000605211877238	0.0043882937226376205	72.0	5.0	32.0	0.8093779046851923	0.5657638888888887	0.006857508498953732	0.009320113711995415	0.8921143208712732	2.499838456359289
seed2	severely_unequal	conditional_null	0.1	building_equal	mantel	300	199	0.016666666666666666	0.00713947735063333	0.0384153948330945	0.49	0.5000605211877238	0.0043882937226376205	72.0	5.0	32.0	0.8093779046851923	0.5657638888888887	0.006857508498953732	0.009320113711995415	0.8921143208712732	2.499838456359289
seed2	severely_unequal	conditional_null	0.1	building_equal	nested_max	300	199	0.03	0.01586185380943231	0.05602253914164096	0.5175000000000001	0.5000605211877238	0.0043882937226376205	72.0	5.0	32.0	0.8093779046851923	0.5657638888888887	0.006857508498953732	0.009320113711995415	0.8921143208712732	2.499838456359289
seed2	severely_unequal	conditional_null	0.1	building_equal	standardized_max	300	199	0.03	0.01586185380943231	0.05602253914164096	0.5075000000000001	0.5000605211877238	0.0043882937226376205	72.0	5.0	32.0	0.8093779046851923	0.5657638888888887	0.006857508498953732	0.009320113711995415	0.8921143208712732	2.499838456359289
seed2	severely_unequal	conditional_null	0.1	building_equal	cv_retrained	300	199	0.03333333333333333	0.01820494733885481	0.06026182580405482	0.53	0.5000605211877238	0.0043882937226376205	72.0	5.0	32.0	0.8093779046851923	0.5657638888888887	0.006857508498953732	0.009320113711995415	0.8921143208712732	2.499838456359289
seed2	severely_unequal	conditional_null	0.1	building_equal	cv_standardized	300	199	0.03333333333333333	0.01820494733885481	0.06026182580405482	0.515	0.5005469795050157	0.011628560342917468	72.0	5.0	32.0	0.8093779046851923	0.5657638888888887	0.006857508498953732	0.009320113711995415	0.8921143208712732	2.499838456359289
seed2	severely_unequal	conditional_null	0.1	sqrt_rooms	profile	300	199	0.03	0.01586185380943231	0.05602253914164096	0.53	0.5000476782593073	0.0036592040382954173	72.0	5.0	32.0	0.8093779046851923	0.5657638888888887	0.006857508498953732	0.009320113711995415	0.8921143208712732	2.499838456359289
seed2	severely_unequal	conditional_null	0.1	sqrt_rooms	mantel	300	199	0.016666666666666666	0.00713947735063333	0.0384153948330945	0.49	0.5000476782593073	0.0036592040382954173	72.0	5.0	32.0	0.8093779046851923	0.5657638888888887	0.006857508498953732	0.009320113711995415	0.8921143208712732	2.499838456359289
seed2	severely_unequal	conditional_null	0.1	sqrt_rooms	nested_max	300	199	0.03	0.01586185380943231	0.05602253914164096	0.5175000000000001	0.5000476782593073	0.0036592040382954173	72.0	5.0	32.0	0.8093779046851923	0.5657638888888887	0.006857508498953732	0.009320113711995415	0.8921143208712732	2.499838456359289
seed2	severely_unequal	conditional_null	0.1	sqrt_rooms	standardized_max	300	199	0.03	0.01586185380943231	0.05602253914164096	0.5075000000000001	0.5000476782593073	0.0036592040382954173	72.0	5.0	32.0	0.8093779046851923	0.5657638888888887	0.006857508498953732	0.009320113711995415	0.8921143208712732	2.499838456359289
seed2	severely_unequal	conditional_null	0.1	sqrt_rooms	cv_retrained	300	199	0.04666666666666667	0.027998933682334012	0.07679736022792105	0.5225	0.5000476782593073	0.0036592040382954173	72.0	5.0	32.0	0.8093779046851923	0.5657638888888887	0.006857508498953732	0.009320113711995415	0.8921143208712732	2.499838456359289
seed2	severely_unequal	conditional_null	0.1	sqrt_rooms	cv_standardized	300	199	0.03666666666666667	0.02059530516285303	0.06445384817189295	0.525	0.5005632514599533	0.010665989706724457	72.0	5.0	32.0	0.8093779046851923	0.5657638888888887	0.006857508498953732	0.009320113711995415	0.8921143208712732	2.499838456359289
seed2	severely_unequal	conditional_null	0.1	room_equal	profile	300	199	0.03	0.01586185380943231	0.05602253914164096	0.53	0.5000220856453116	0.0031345899192744024	72.0	5.0	32.0	0.8093779046851923	0.5657638888888887	0.006857508498953732	0.009320113711995415	0.8921143208712732	2.499838456359289
seed2	severely_unequal	conditional_null	0.1	room_equal	mantel	300	199	0.016666666666666666	0.00713947735063333	0.0384153948330945	0.49	0.5000220856453116	0.0031345899192744024	72.0	5.0	32.0	0.8093779046851923	0.5657638888888887	0.006857508498953732	0.009320113711995415	0.8921143208712732	2.499838456359289
seed2	severely_unequal	conditional_null	0.1	room_equal	nested_max	300	199	0.03	0.01586185380943231	0.05602253914164096	0.5175000000000001	0.5000220856453116	0.0031345899192744024	72.0	5.0	32.0	0.8093779046851923	0.5657638888888887	0.006857508498953732	0.009320113711995415	0.8921143208712732	2.499838456359289
seed2	severely_unequal	conditional_null	0.1	room_equal	standardized_max	300	199	0.03	0.01586185380943231	0.05602253914164096	0.5075000000000001	0.5000220856453116	0.0031345899192744024	72.0	5.0	32.0	0.8093779046851923	0.5657638888888887	0.006857508498953732	0.009320113711995415	0.8921143208712732	2.499838456359289
seed2	severely_unequal	conditional_null	0.1	room_equal	cv_retrained	300	199	0.03	0.01586185380943231	0.05602253914164096	0.52	0.5000220856453116	0.0031345899192744024	72.0	5.0	32.0	0.8093779046851923	0.5657638888888887	0.006857508498953732	0.009320113711995415	0.8921143208712732	2.499838456359289
seed2	severely_unequal	conditional_null	0.1	room_equal	cv_standardized	300	199	0.03666666666666667	0.02059530516285303	0.06445384817189295	0.53	0.5005264046889845	0.010384488976245564	72.0	5.0	32.0	0.8093779046851923	0.5657638888888887	0.006857508498953732	0.009320113711995415	0.8921143208712732	2.499838456359289
seed2	severely_unequal	conditional_null	0.25	building_equal	profile	300	199	0.03	0.01586185380943231	0.05602253914164096	0.53	0.5001521305067627	0.010965206816312958	72.0	5.0	32.0	0.8093779046851923	0.5657638888888887	0.006857508498953732	0.009320113711995415	0.8921143208712732	2.499838456359289
seed2	severely_unequal	conditional_null	0.25	building_equal	mantel	300	199	0.016666666666666666	0.00713947735063333	0.0384153948330945	0.49	0.5001521305067627	0.010965206816312958	72.0	5.0	32.0	0.8093779046851923	0.5657638888888887	0.006857508498953732	0.009320113711995415	0.8921143208712732	2.499838456359289
seed2	severely_unequal	conditional_null	0.25	building_equal	nested_max	300	199	0.03	0.01586185380943231	0.05602253914164096	0.5175000000000001	0.5001521305067627	0.010965206816312958	72.0	5.0	32.0	0.8093779046851923	0.5657638888888887	0.006857508498953732	0.009320113711995415	0.8921143208712732	2.499838456359289
seed2	severely_unequal	conditional_null	0.25	building_equal	standardized_max	300	199	0.03	0.01586185380943231	0.05602253914164096	0.5075000000000001	0.5001521305067627	0.010965206816312958	72.0	5.0	32.0	0.8093779046851923	0.5657638888888887	0.006857508498953732	0.009320113711995415	0.8921143208712732	2.499838456359289
seed2	severely_unequal	conditional_null	0.25	building_equal	cv_retrained	300	199	0.03333333333333333	0.01820494733885481	0.06026182580405482	0.53	0.5001521305067627	0.010965206816312958	72.0	5.0	32.0	0.8093779046851923	0.5657638888888887	0.006857508498953732	0.009320113711995415	0.8921143208712732	2.499838456359289
seed2	severely_unequal	conditional_null	0.25	building_equal	cv_standardized	300	199	0.03666666666666667	0.02059530516285303	0.06445384817189295	0.52	0.5013784262022917	0.02896969892276585	72.0	5.0	32.0	0.8093779046851923	0.5657638888888887	0.006857508498953732	0.009320113711995415	0.8921143208712732	2.499838456359289
seed2	severely_unequal	conditional_null	0.25	sqrt_rooms	profile	300	199	0.03	0.01586185380943231	0.05602253914164096	0.53	0.5001195577563323	0.009144856381897926	72.0	5.0	32.0	0.8093779046851923	0.5657638888888887	0.006857508498953732	0.009320113711995415	0.8921143208712732	2.499838456359289
seed2	severely_unequal	conditional_null	0.25	sqrt_rooms	mantel	300	199	0.016666666666666666	0.00713947735063333	0.0384153948330945	0.49	0.5001195577563323	0.009144856381897926	72.0	5.0	32.0	0.8093779046851923	0.5657638888888887	0.006857508498953732	0.009320113711995415	0.8921143208712732	2.499838456359289
seed2	severely_unequal	conditional_null	0.25	sqrt_rooms	nested_max	300	199	0.03	0.01586185380943231	0.05602253914164096	0.5175000000000001	0.5001195577563323	0.009144856381897926	72.0	5.0	32.0	0.8093779046851923	0.5657638888888887	0.006857508498953732	0.009320113711995415	0.8921143208712732	2.499838456359289
seed2	severely_unequal	conditional_null	0.25	sqrt_rooms	standardized_max	300	199	0.03	0.01586185380943231	0.05602253914164096	0.5075000000000001	0.5001195577563323	0.009144856381897926	72.0	5.0	32.0	0.8093779046851923	0.5657638888888887	0.006857508498953732	0.009320113711995415	0.8921143208712732	2.499838456359289
seed2	severely_unequal	conditional_null	0.25	sqrt_rooms	cv_retrained	300	199	0.043333333333333335	0.025496448084407246	0.07271746563401146	0.5225	0.5001195577563323	0.009144856381897926	72.0	5.0	32.0	0.8093779046851923	0.5657638888888887	0.006857508498953732	0.009320113711995415	0.8921143208712732	2.499838456359289
seed2	severely_unequal	conditional_null	0.25	sqrt_rooms	cv_standardized	300	199	0.03333333333333333	0.01820494733885481	0.06026182580405482	0.5275000000000001	0.5014139033926586	0.02658120051444227	72.0	5.0	32.0	0.8093779046851923	0.5657638888888887	0.006857508498953732	0.009320113711995415	0.8921143208712732	2.499838456359289
seed2	severely_unequal	conditional_null	0.25	room_equal	profile	300	199	0.03	0.01586185380943231	0.05602253914164096	0.53	0.500055415554955	0.007834311859123916	72.0	5.0	32.0	0.8093779046851923	0.5657638888888887	0.006857508498953732	0.009320113711995415	0.8921143208712732	2.499838456359289
seed2	severely_unequal	conditional_null	0.25	room_equal	mantel	300	199	0.016666666666666666	0.00713947735063333	0.0384153948330945	0.49	0.500055415554955	0.007834311859123916	72.0	5.0	32.0	0.8093779046851923	0.5657638888888887	0.006857508498953732	0.009320113711995415	0.8921143208712732	2.499838456359289
seed2	severely_unequal	conditional_null	0.25	room_equal	nested_max	300	199	0.03	0.01586185380943231	0.05602253914164096	0.5175000000000001	0.500055415554955	0.007834311859123916	72.0	5.0	32.0	0.8093779046851923	0.5657638888888887	0.006857508498953732	0.009320113711995415	0.8921143208712732	2.499838456359289
seed2	severely_unequal	conditional_null	0.25	room_equal	standardized_max	300	199	0.03	0.01586185380943231	0.05602253914164096	0.5075000000000001	0.500055415554955	0.007834311859123916	72.0	5.0	32.0	0.8093779046851923	0.5657638888888887	0.006857508498953732	0.009320113711995415	0.8921143208712732	2.499838456359289
seed2	severely_unequal	conditional_null	0.25	room_equal	cv_retrained	300	199	0.03	0.01586185380943231	0.05602253914164096	0.52	0.500055415554955	0.007834311859123916	72.0	5.0	32.0	0.8093779046851923	0.5657638888888887	0.006857508498953732	0.009320113711995415	0.8921143208712732	2.499838456359289
seed2	severely_unequal	conditional_null	0.25	room_equal	cv_standardized	300	199	0.03	0.01586185380943231	0.05602253914164096	0.53	0.5013252691521926	0.0258619591782625	72.0	5.0	32.0	0.8093779046851923	0.5657638888888887	0.006857508498953732	0.009320113711995415	0.8921143208712732	2.499838456359289
seed2	severely_unequal	conditional_null	0.5	building_equal	profile	300	199	0.03	0.01586185380943231	0.05602253914164096	0.53	0.5003101169049783	0.021891177215528777	72.0	5.0	32.0	0.8093779046851923	0.5657638888888887	0.006857508498953732	0.009320113711995415	0.8921143208712732	2.499838456359289
seed2	severely_unequal	conditional_null	0.5	building_equal	mantel	300	199	0.016666666666666666	0.00713947735063333	0.0384153948330945	0.49	0.5003101169049783	0.021891177215528777	72.0	5.0	32.0	0.8093779046851923	0.5657638888888887	0.006857508498953732	0.009320113711995415	0.8921143208712732	2.499838456359289
seed2	severely_unequal	conditional_null	0.5	building_equal	nested_max	300	199	0.03	0.01586185380943231	0.05602253914164096	0.5175000000000001	0.5003101169049783	0.021891177215528777	72.0	5.0	32.0	0.8093779046851923	0.5657638888888887	0.006857508498953732	0.009320113711995415	0.8921143208712732	2.499838456359289
seed2	severely_unequal	conditional_null	0.5	building_equal	standardized_max	300	199	0.03	0.01586185380943231	0.05602253914164096	0.5075000000000001	0.5003101169049783	0.021891177215528777	72.0	5.0	32.0	0.8093779046851923	0.5657638888888887	0.006857508498953732	0.009320113711995415	0.8921143208712732	2.499838456359289
seed2	severely_unequal	conditional_null	0.5	building_equal	cv_retrained	300	199	0.03333333333333333	0.01820494733885481	0.06026182580405482	0.5325	0.5003101169049783	0.021891177215528777	72.0	5.0	32.0	0.8093779046851923	0.5657638888888887	0.006857508498953732	0.009320113711995415	0.8921143208712732	2.499838456359289
seed2	severely_unequal	conditional_null	0.5	building_equal	cv_standardized	300	199	0.04	0.023027321487942308	0.06860421203864003	0.525	0.5028303789896952	0.05723822515331683	72.0	5.0	32.0	0.8093779046851923	0.5657638888888887	0.006857508498953732	0.009320113711995415	0.8921143208712732	2.499838456359289
seed2	severely_unequal	conditional_null	0.5	sqrt_rooms	profile	300	199	0.03	0.01586185380943231	0.05602253914164096	0.53	0.5002416837925717	0.018267279043397328	72.0	5.0	32.0	0.8093779046851923	0.5657638888888887	0.006857508498953732	0.009320113711995415	0.8921143208712732	2.499838456359289
seed2	severely_unequal	conditional_null	0.5	sqrt_rooms	mantel	300	199	0.016666666666666666	0.00713947735063333	0.0384153948330945	0.49	0.5002416837925717	0.018267279043397328	72.0	5.0	32.0	0.8093779046851923	0.5657638888888887	0.006857508498953732	0.009320113711995415	0.8921143208712732	2.499838456359289
seed2	severely_unequal	conditional_null	0.5	sqrt_rooms	nested_max	300	199	0.03	0.01586185380943231	0.05602253914164096	0.5175000000000001	0.5002416837925717	0.018267279043397328	72.0	5.0	32.0	0.8093779046851923	0.5657638888888887	0.006857508498953732	0.009320113711995415	0.8921143208712732	2.499838456359289
seed2	severely_unequal	conditional_null	0.5	sqrt_rooms	standardized_max	300	199	0.03	0.01586185380943231	0.05602253914164096	0.5075000000000001	0.5002416837925717	0.018267279043397328	72.0	5.0	32.0	0.8093779046851923	0.5657638888888887	0.006857508498953732	0.009320113711995415	0.8921143208712732	2.499838456359289
seed2	severely_unequal	conditional_null	0.5	sqrt_rooms	cv_retrained	300	199	0.043333333333333335	0.025496448084407246	0.07271746563401146	0.5325	0.5002416837925717	0.018267279043397328	72.0	5.0	32.0	0.8093779046851923	0.5657638888888887	0.006857508498953732	0.009320113711995415	0.8921143208712732	2.499838456359289
seed2	severely_unequal	conditional_null	0.5	sqrt_rooms	cv_standardized	300	199	0.03333333333333333	0.01820494733885481	0.06026182580405482	0.535	0.5028663758423486	0.05258159147610322	72.0	5.0	32.0	0.8093779046851923	0.5657638888888887	0.006857508498953732	0.009320113711995415	0.8921143208712732	2.499838456359289
seed2	severely_unequal	conditional_null	0.5	room_equal	profile	300	199	0.03	0.01586185380943231	0.05602253914164096	0.53	0.5001122617396703	0.01565322073898102	72.0	5.0	32.0	0.8093779046851923	0.5657638888888887	0.006857508498953732	0.009320113711995415	0.8921143208712732	2.499838456359289
seed2	severely_unequal	conditional_null	0.5	room_equal	mantel	300	199	0.016666666666666666	0.00713947735063333	0.0384153948330945	0.49	0.5001122617396703	0.01565322073898102	72.0	5.0	32.0	0.8093779046851923	0.5657638888888887	0.006857508498953732	0.009320113711995415	0.8921143208712732	2.499838456359289
seed2	severely_unequal	conditional_null	0.5	room_equal	nested_max	300	199	0.03	0.01586185380943231	0.05602253914164096	0.5175000000000001	0.5001122617396703	0.01565322073898102	72.0	5.0	32.0	0.8093779046851923	0.5657638888888887	0.006857508498953732	0.009320113711995415	0.8921143208712732	2.499838456359289
seed2	severely_unequal	conditional_null	0.5	room_equal	standardized_max	300	199	0.03	0.01586185380943231	0.05602253914164096	0.5075000000000001	0.5001122617396703	0.01565322073898102	72.0	5.0	32.0	0.8093779046851923	0.5657638888888887	0.006857508498953732	0.009320113711995415	0.8921143208712732	2.499838456359289
seed2	severely_unequal	conditional_null	0.5	room_equal	cv_retrained	300	199	0.03	0.01586185380943231	0.05602253914164096	0.52	0.5001122617396703	0.01565322073898102	72.0	5.0	32.0	0.8093779046851923	0.5657638888888887	0.006857508498953732	0.009320113711995415	0.8921143208712732	2.499838456359289
seed2	severely_unequal	conditional_null	0.5	room_equal	cv_standardized	300	199	0.03333333333333333	0.01820494733885481	0.06026182580405482	0.535	0.5027116709150067	0.05104183962748509	72.0	5.0	32.0	0.8093779046851923	0.5657638888888887	0.006857508498953732	0.009320113711995415	0.8921143208712732	2.499838456359289
seed2	severely_unequal	conditional_null	1.0	building_equal	profile	300	199	0.03	0.01586185380943231	0.05602253914164096	0.53	0.5006654240320892	0.043475848625553815	72.0	5.0	32.0	0.8093779046851923	0.5657638888888887	0.006857508498953732	0.009320113711995415	0.8921143208712732	2.499838456359289
seed2	severely_unequal	conditional_null	1.0	building_equal	mantel	300	199	0.016666666666666666	0.00713947735063333	0.0384153948330945	0.49	0.5006654240320892	0.043475848625553815	72.0	5.0	32.0	0.8093779046851923	0.5657638888888887	0.006857508498953732	0.009320113711995415	0.8921143208712732	2.499838456359289
seed2	severely_unequal	conditional_null	1.0	building_equal	nested_max	300	199	0.03	0.01586185380943231	0.05602253914164096	0.5175000000000001	0.5006654240320892	0.043475848625553815	72.0	5.0	32.0	0.8093779046851923	0.5657638888888887	0.006857508498953732	0.009320113711995415	0.8921143208712732	2.499838456359289
seed2	severely_unequal	conditional_null	1.0	building_equal	standardized_max	300	199	0.03	0.01586185380943231	0.05602253914164096	0.5075000000000001	0.5006654240320892	0.043475848625553815	72.0	5.0	32.0	0.8093779046851923	0.5657638888888887	0.006857508498953732	0.009320113711995415	0.8921143208712732	2.499838456359289
seed2	severely_unequal	conditional_null	1.0	building_equal	cv_retrained	300	199	0.03	0.01586185380943231	0.05602253914164096	0.5375000000000001	0.5006654240320892	0.043475848625553815	72.0	5.0	32.0	0.8093779046851923	0.5657638888888887	0.006857508498953732	0.009320113711995415	0.8921143208712732	2.499838456359289
seed2	severely_unequal	conditional_null	1.0	building_equal	cv_standardized	300	199	0.03666666666666667	0.02059530516285303	0.06445384817189295	0.51	0.5061250444554289	0.10952796681015776	72.0	5.0	32.0	0.8093779046851923	0.5657638888888887	0.006857508498953732	0.009320113711995415	0.8921143208712732	2.499838456359289
seed2	severely_unequal	conditional_null	1.0	sqrt_rooms	profile	300	199	0.03	0.01586185380943231	0.05602253914164096	0.53	0.500503360690759	0.03635791465341396	72.0	5.0	32.0	0.8093779046851923	0.5657638888888887	0.006857508498953732	0.009320113711995415	0.8921143208712732	2.499838456359289
seed2	severely_unequal	conditional_null	1.0	sqrt_rooms	mantel	300	199	0.016666666666666666	0.00713947735063333	0.0384153948330945	0.49	0.500503360690759	0.03635791465341396	72.0	5.0	32.0	0.8093779046851923	0.5657638888888887	0.006857508498953732	0.009320113711995415	0.8921143208712732	2.499838456359289
seed2	severely_unequal	conditional_null	1.0	sqrt_rooms	nested_max	300	199	0.03	0.01586185380943231	0.05602253914164096	0.5175000000000001	0.500503360690759	0.03635791465341396	72.0	5.0	32.0	0.8093779046851923	0.5657638888888887	0.006857508498953732	0.009320113711995415	0.8921143208712732	2.499838456359289
seed2	severely_unequal	conditional_null	1.0	sqrt_rooms	standardized_max	300	199	0.03	0.01586185380943231	0.05602253914164096	0.5075000000000001	0.500503360690759	0.03635791465341396	72.0	5.0	32.0	0.8093779046851923	0.5657638888888887	0.006857508498953732	0.009320113711995415	0.8921143208712732	2.499838456359289
seed2	severely_unequal	conditional_null	1.0	sqrt_rooms	cv_retrained	300	199	0.043333333333333335	0.025496448084407246	0.07271746563401146	0.53	0.500503360690759	0.03635791465341396	72.0	5.0	32.0	0.8093779046851923	0.5657638888888887	0.006857508498953732	0.009320113711995415	0.8921143208712732	2.499838456359289
seed2	severely_unequal	conditional_null	1.0	sqrt_rooms	cv_standardized	300	199	0.03333333333333333	0.01820494733885481	0.06026182580405482	0.5375000000000001	0.5059718676865246	0.10099014730037167	72.0	5.0	32.0	0.8093779046851923	0.5657638888888887	0.006857508498953732	0.009320113711995415	0.8921143208712732	2.499838456359289
seed2	severely_unequal	conditional_null	1.0	room_equal	profile	300	199	0.03	0.01586185380943231	0.05602253914164096	0.53	0.5002357166158486	0.03118464711545597	72.0	5.0	32.0	0.8093779046851923	0.5657638888888887	0.006857508498953732	0.009320113711995415	0.8921143208712732	2.499838456359289
seed2	severely_unequal	conditional_null	1.0	room_equal	mantel	300	199	0.016666666666666666	0.00713947735063333	0.0384153948330945	0.49	0.5002357166158486	0.03118464711545597	72.0	5.0	32.0	0.8093779046851923	0.5657638888888887	0.006857508498953732	0.009320113711995415	0.8921143208712732	2.499838456359289
seed2	severely_unequal	conditional_null	1.0	room_equal	nested_max	300	199	0.03	0.01586185380943231	0.05602253914164096	0.5175000000000001	0.5002357166158486	0.03118464711545597	72.0	5.0	32.0	0.8093779046851923	0.5657638888888887	0.006857508498953732	0.009320113711995415	0.8921143208712732	2.499838456359289
seed2	severely_unequal	conditional_null	1.0	room_equal	standardized_max	300	199	0.03	0.01586185380943231	0.05602253914164096	0.5075000000000001	0.5002357166158486	0.03118464711545597	72.0	5.0	32.0	0.8093779046851923	0.5657638888888887	0.006857508498953732	0.009320113711995415	0.8921143208712732	2.499838456359289
seed2	severely_unequal	conditional_null	1.0	room_equal	cv_retrained	300	199	0.03	0.01586185380943231	0.05602253914164096	0.5275000000000001	0.5002357166158486	0.03118464711545597	72.0	5.0	32.0	0.8093779046851923	0.5657638888888887	0.006857508498953732	0.009320113711995415	0.8921143208712732	2.499838456359289
seed2	severely_unequal	conditional_null	1.0	room_equal	cv_standardized	300	199	0.02666666666666667	0.01357306980864708	0.05172894295058982	0.535	0.5057891207320263	0.09731571162237089	72.0	5.0	32.0	0.8093779046851923	0.5657638888888887	0.006857508498953732	0.009320113711995415	0.8921143208712732	2.499838456359289
seed2	severely_unequal	conditional_null	2.0	building_equal	profile	300	199	0.03	0.01586185380943231	0.05602253914164096	0.53	0.5016463958481353	0.08470474173579509	72.0	5.0	32.0	0.8093779046851923	0.5657638888888887	0.006857508498953732	0.009320113711995415	0.8921143208712732	2.499838456359289
seed2	severely_unequal	conditional_null	2.0	building_equal	mantel	300	199	0.016666666666666666	0.00713947735063333	0.0384153948330945	0.49	0.5016463958481353	0.08470474173579509	72.0	5.0	32.0	0.8093779046851923	0.5657638888888887	0.006857508498953732	0.009320113711995415	0.8921143208712732	2.499838456359289
seed2	severely_unequal	conditional_null	2.0	building_equal	nested_max	300	199	0.03	0.01586185380943231	0.05602253914164096	0.5175000000000001	0.5016463958481353	0.08470474173579509	72.0	5.0	32.0	0.8093779046851923	0.5657638888888887	0.006857508498953732	0.009320113711995415	0.8921143208712732	2.499838456359289
seed2	severely_unequal	conditional_null	2.0	building_equal	standardized_max	300	199	0.03	0.01586185380943231	0.05602253914164096	0.5075000000000001	0.5016463958481353	0.08470474173579509	72.0	5.0	32.0	0.8093779046851923	0.5657638888888887	0.006857508498953732	0.009320113711995415	0.8921143208712732	2.499838456359289
seed2	severely_unequal	conditional_null	2.0	building_equal	cv_retrained	300	199	0.03	0.01586185380943231	0.05602253914164096	0.535	0.5016463958481353	0.08470474173579509	72.0	5.0	32.0	0.8093779046851923	0.5657638888888887	0.006857508498953732	0.009320113711995415	0.8921143208712732	2.499838456359289
seed2	severely_unequal	conditional_null	2.0	building_equal	cv_standardized	300	199	0.04666666666666667	0.027998933682334012	0.07679736022792105	0.525	0.5139002438021094	0.19183600474937232	72.0	5.0	32.0	0.8093779046851923	0.5657638888888887	0.006857508498953732	0.009320113711995415	0.8921143208712732	2.499838456359289
seed2	severely_unequal	conditional_null	2.0	sqrt_rooms	profile	300	199	0.03	0.01586185380943231	0.05602253914164096	0.53	0.5011507610711529	0.07138477506380392	72.0	5.0	32.0	0.8093779046851923	0.5657638888888887	0.006857508498953732	0.009320113711995415	0.8921143208712732	2.499838456359289
seed2	severely_unequal	conditional_null	2.0	sqrt_rooms	mantel	300	199	0.016666666666666666	0.00713947735063333	0.0384153948330945	0.49	0.5011507610711529	0.07138477506380392	72.0	5.0	32.0	0.8093779046851923	0.5657638888888887	0.006857508498953732	0.009320113711995415	0.8921143208712732	2.499838456359289
seed2	severely_unequal	conditional_null	2.0	sqrt_rooms	nested_max	300	199	0.03	0.01586185380943231	0.05602253914164096	0.5175000000000001	0.5011507610711529	0.07138477506380392	72.0	5.0	32.0	0.8093779046851923	0.5657638888888887	0.006857508498953732	0.009320113711995415	0.8921143208712732	2.499838456359289
seed2	severely_unequal	conditional_null	2.0	sqrt_rooms	standardized_max	300	199	0.03	0.01586185380943231	0.05602253914164096	0.5075000000000001	0.5011507610711529	0.07138477506380392	72.0	5.0	32.0	0.8093779046851923	0.5657638888888887	0.006857508498953732	0.009320113711995415	0.8921143208712732	2.499838456359289
seed2	severely_unequal	conditional_null	2.0	sqrt_rooms	cv_retrained	300	199	0.04	0.023027321487942308	0.06860421203864003	0.535	0.5011507610711529	0.07138477506380392	72.0	5.0	32.0	0.8093779046851923	0.5657638888888887	0.006857508498953732	0.009320113711995415	0.8921143208712732	2.499838456359289
seed2	severely_unequal	conditional_null	2.0	sqrt_rooms	cv_standardized	300	199	0.03666666666666667	0.02059530516285303	0.06445384817189295	0.5475000000000001	0.5126467275363563	0.17811543449873687	72.0	5.0	32.0	0.8093779046851923	0.5657638888888887	0.006857508498953732	0.009320113711995415	0.8921143208712732	2.499838456359289
seed2	severely_unequal	conditional_null	2.0	room_equal	profile	300	199	0.03	0.01586185380943231	0.05602253914164096	0.53	0.5005535679610618	0.06143760834805238	72.0	5.0	32.0	0.8093779046851923	0.5657638888888887	0.006857508498953732	0.009320113711995415	0.8921143208712732	2.499838456359289
seed2	severely_unequal	conditional_null	2.0	room_equal	mantel	300	199	0.016666666666666666	0.00713947735063333	0.0384153948330945	0.49	0.5005535679610618	0.06143760834805238	72.0	5.0	32.0	0.8093779046851923	0.5657638888888887	0.006857508498953732	0.009320113711995415	0.8921143208712732	2.499838456359289
seed2	severely_unequal	conditional_null	2.0	room_equal	nested_max	300	199	0.03	0.01586185380943231	0.05602253914164096	0.5175000000000001	0.5005535679610618	0.06143760834805238	72.0	5.0	32.0	0.8093779046851923	0.5657638888888887	0.006857508498953732	0.009320113711995415	0.8921143208712732	2.499838456359289
seed2	severely_unequal	conditional_null	2.0	room_equal	standardized_max	300	199	0.03	0.01586185380943231	0.05602253914164096	0.5075000000000001	0.5005535679610618	0.06143760834805238	72.0	5.0	32.0	0.8093779046851923	0.5657638888888887	0.006857508498953732	0.009320113711995415	0.8921143208712732	2.499838456359289
seed2	severely_unequal	conditional_null	2.0	room_equal	cv_retrained	300	199	0.03666666666666667	0.02059530516285303	0.06445384817189295	0.5275000000000001	0.5005535679610618	0.06143760834805238	72.0	5.0	32.0	0.8093779046851923	0.5657638888888887	0.006857508498953732	0.009320113711995415	0.8921143208712732	2.499838456359289
seed2	severely_unequal	conditional_null	2.0	room_equal	cv_standardized	300	199	0.03333333333333333	0.01820494733885481	0.06026182580405482	0.545	0.5125885287668168	0.16884980916611023	72.0	5.0	32.0	0.8093779046851923	0.5657638888888887	0.006857508498953732	0.009320113711995415	0.8921143208712732	2.499838456359289
seed2	severely_unequal	conditional_null	4.0	building_equal	profile	300	199	0.03	0.01586185380943231	0.05602253914164096	0.53	0.5048926348357903	0.155661841658548	72.0	5.0	32.0	0.8093779046851923	0.5657638888888887	0.006857508498953732	0.009320113711995415	0.8921143208712732	2.499838456359289
seed2	severely_unequal	conditional_null	4.0	building_equal	mantel	300	199	0.016666666666666666	0.00713947735063333	0.0384153948330945	0.49	0.5048926348357903	0.155661841658548	72.0	5.0	32.0	0.8093779046851923	0.5657638888888887	0.006857508498953732	0.009320113711995415	0.8921143208712732	2.499838456359289
seed2	severely_unequal	conditional_null	4.0	building_equal	nested_max	300	199	0.03	0.01586185380943231	0.05602253914164096	0.5175000000000001	0.5048926348357903	0.155661841658548	72.0	5.0	32.0	0.8093779046851923	0.5657638888888887	0.006857508498953732	0.009320113711995415	0.8921143208712732	2.499838456359289
seed2	severely_unequal	conditional_null	4.0	building_equal	standardized_max	300	199	0.03	0.01586185380943231	0.05602253914164096	0.5075000000000001	0.5048926348357903	0.155661841658548	72.0	5.0	32.0	0.8093779046851923	0.5657638888888887	0.006857508498953732	0.009320113711995415	0.8921143208712732	2.499838456359289
seed2	severely_unequal	conditional_null	4.0	building_equal	cv_retrained	300	199	0.03	0.01586185380943231	0.05602253914164096	0.5325	0.5048926348357903	0.155661841658548	72.0	5.0	32.0	0.8093779046851923	0.5657638888888887	0.006857508498953732	0.009320113711995415	0.8921143208712732	2.499838456359289
seed2	severely_unequal	conditional_null	4.0	building_equal	cv_standardized	300	199	0.043333333333333335	0.025496448084407246	0.07271746563401146	0.515	0.5275339740019266	0.2865853027201527	72.0	5.0	32.0	0.8093779046851923	0.5657638888888887	0.006857508498953732	0.009320113711995415	0.8921143208712732	2.499838456359289
seed2	severely_unequal	conditional_null	4.0	sqrt_rooms	profile	300	199	0.03	0.01586185380943231	0.05602253914164096	0.53	0.5031007578138703	0.134029086054607	72.0	5.0	32.0	0.8093779046851923	0.5657638888888887	0.006857508498953732	0.009320113711995415	0.8921143208712732	2.499838456359289
seed2	severely_unequal	conditional_null	4.0	sqrt_rooms	mantel	300	199	0.016666666666666666	0.00713947735063333	0.0384153948330945	0.49	0.5031007578138703	0.134029086054607	72.0	5.0	32.0	0.8093779046851923	0.5657638888888887	0.006857508498953732	0.009320113711995415	0.8921143208712732	2.499838456359289
seed2	severely_unequal	conditional_null	4.0	sqrt_rooms	nested_max	300	199	0.03	0.01586185380943231	0.05602253914164096	0.5175000000000001	0.5031007578138703	0.134029086054607	72.0	5.0	32.0	0.8093779046851923	0.5657638888888887	0.006857508498953732	0.009320113711995415	0.8921143208712732	2.499838456359289
seed2	severely_unequal	conditional_null	4.0	sqrt_rooms	standardized_max	300	199	0.03	0.01586185380943231	0.05602253914164096	0.5075000000000001	0.5031007578138703	0.134029086054607	72.0	5.0	32.0	0.8093779046851923	0.5657638888888887	0.006857508498953732	0.009320113711995415	0.8921143208712732	2.499838456359289
seed2	severely_unequal	conditional_null	4.0	sqrt_rooms	cv_retrained	300	199	0.03666666666666667	0.02059530516285303	0.06445384817189295	0.535	0.5031007578138703	0.134029086054607	72.0	5.0	32.0	0.8093779046851923	0.5657638888888887	0.006857508498953732	0.009320113711995415	0.8921143208712732	2.499838456359289
seed2	severely_unequal	conditional_null	4.0	sqrt_rooms	cv_standardized	300	199	0.03333333333333333	0.01820494733885481	0.06026182580405482	0.5575000000000001	0.5230428914494915	0.26779616400816	72.0	5.0	32.0	0.8093779046851923	0.5657638888888887	0.006857508498953732	0.009320113711995415	0.8921143208712732	2.499838456359289
seed2	severely_unequal	conditional_null	4.0	room_equal	profile	300	199	0.03	0.01586185380943231	0.05602253914164096	0.53	0.5015882324326582	0.11649517200650052	72.0	5.0	32.0	0.8093779046851923	0.5657638888888887	0.006857508498953732	0.009320113711995415	0.8921143208712732	2.499838456359289
seed2	severely_unequal	conditional_null	4.0	room_equal	mantel	300	199	0.016666666666666666	0.00713947735063333	0.0384153948330945	0.49	0.5015882324326582	0.11649517200650052	72.0	5.0	32.0	0.8093779046851923	0.5657638888888887	0.006857508498953732	0.009320113711995415	0.8921143208712732	2.499838456359289
seed2	severely_unequal	conditional_null	4.0	room_equal	nested_max	300	199	0.03	0.01586185380943231	0.05602253914164096	0.5175000000000001	0.5015882324326582	0.11649517200650052	72.0	5.0	32.0	0.8093779046851923	0.5657638888888887	0.006857508498953732	0.009320113711995415	0.8921143208712732	2.499838456359289
seed2	severely_unequal	conditional_null	4.0	room_equal	standardized_max	300	199	0.03	0.01586185380943231	0.05602253914164096	0.5075000000000001	0.5015882324326582	0.11649517200650052	72.0	5.0	32.0	0.8093779046851923	0.5657638888888887	0.006857508498953732	0.009320113711995415	0.8921143208712732	2.499838456359289
seed2	severely_unequal	conditional_null	4.0	room_equal	cv_retrained	300	199	0.04	0.023027321487942308	0.06860421203864003	0.54	0.5015882324326582	0.11649517200650052	72.0	5.0	32.0	0.8093779046851923	0.5657638888888887	0.006857508498953732	0.009320113711995415	0.8921143208712732	2.499838456359289
seed2	severely_unequal	conditional_null	4.0	room_equal	cv_standardized	300	199	0.023333333333333334	0.011347660299125234	0.04737197226827532	0.545	0.5226206800212693	0.2482331932467937	72.0	5.0	32.0	0.8093779046851923	0.5657638888888887	0.006857508498953732	0.009320113711995415	0.8921143208712732	2.499838456359289
seed2	severely_unequal	conditional_null	8.0	building_equal	profile	300	199	0.03	0.01586185380943231	0.05602253914164096	0.53	0.5133712846662055	0.251565268593169	72.0	5.0	32.0	0.8093779046851923	0.5657638888888887	0.006857508498953732	0.009320113711995415	0.8921143208712732	2.499838456359289
seed2	severely_unequal	conditional_null	8.0	building_equal	mantel	300	199	0.016666666666666666	0.00713947735063333	0.0384153948330945	0.49	0.5133712846662055	0.251565268593169	72.0	5.0	32.0	0.8093779046851923	0.5657638888888887	0.006857508498953732	0.009320113711995415	0.8921143208712732	2.499838456359289
seed2	severely_unequal	conditional_null	8.0	building_equal	nested_max	300	199	0.03	0.01586185380943231	0.05602253914164096	0.5175000000000001	0.5133712846662055	0.251565268593169	72.0	5.0	32.0	0.8093779046851923	0.5657638888888887	0.006857508498953732	0.009320113711995415	0.8921143208712732	2.499838456359289
seed2	severely_unequal	conditional_null	8.0	building_equal	standardized_max	300	199	0.03	0.01586185380943231	0.05602253914164096	0.5075000000000001	0.5133712846662055	0.251565268593169	72.0	5.0	32.0	0.8093779046851923	0.5657638888888887	0.006857508498953732	0.009320113711995415	0.8921143208712732	2.499838456359289
seed2	severely_unequal	conditional_null	8.0	building_equal	cv_retrained	300	199	0.04	0.023027321487942308	0.06860421203864003	0.525	0.5133712846662055	0.251565268593169	72.0	5.0	32.0	0.8093779046851923	0.5657638888888887	0.006857508498953732	0.009320113711995415	0.8921143208712732	2.499838456359289
seed2	severely_unequal	conditional_null	8.0	building_equal	cv_standardized	300	199	0.03333333333333333	0.01820494733885481	0.06026182580405482	0.5225	0.5405301946534941	0.3576883662130935	72.0	5.0	32.0	0.8093779046851923	0.5657638888888887	0.006857508498953732	0.009320113711995415	0.8921143208712732	2.499838456359289
seed2	severely_unequal	conditional_null	8.0	sqrt_rooms	profile	300	199	0.03	0.01586185380943231	0.05602253914164096	0.53	0.508396104107335	0.2256260594594338	72.0	5.0	32.0	0.8093779046851923	0.5657638888888887	0.006857508498953732	0.009320113711995415	0.8921143208712732	2.499838456359289
seed2	severely_unequal	conditional_null	8.0	sqrt_rooms	mantel	300	199	0.016666666666666666	0.00713947735063333	0.0384153948330945	0.49	0.508396104107335	0.2256260594594338	72.0	5.0	32.0	0.8093779046851923	0.5657638888888887	0.006857508498953732	0.009320113711995415	0.8921143208712732	2.499838456359289
seed2	severely_unequal	conditional_null	8.0	sqrt_rooms	nested_max	300	199	0.03	0.01586185380943231	0.05602253914164096	0.5175000000000001	0.508396104107335	0.2256260594594338	72.0	5.0	32.0	0.8093779046851923	0.5657638888888887	0.006857508498953732	0.009320113711995415	0.8921143208712732	2.499838456359289
seed2	severely_unequal	conditional_null	8.0	sqrt_rooms	standardized_max	300	199	0.03	0.01586185380943231	0.05602253914164096	0.5075000000000001	0.508396104107335	0.2256260594594338	72.0	5.0	32.0	0.8093779046851923	0.5657638888888887	0.006857508498953732	0.009320113711995415	0.8921143208712732	2.499838456359289
seed2	severely_unequal	conditional_null	8.0	sqrt_rooms	cv_retrained	300	199	0.03666666666666667	0.02059530516285303	0.06445384817189295	0.53	0.508396104107335	0.2256260594594338	72.0	5.0	32.0	0.8093779046851923	0.5657638888888887	0.006857508498953732	0.009320113711995415	0.8921143208712732	2.499838456359289
seed2	severely_unequal	conditional_null	8.0	sqrt_rooms	cv_standardized	300	199	0.03	0.01586185380943231	0.05602253914164096	0.5625	0.5306885404245465	0.3366033430670691	72.0	5.0	32.0	0.8093779046851923	0.5657638888888887	0.006857508498953732	0.009320113711995415	0.8921143208712732	2.499838456359289
seed2	severely_unequal	conditional_null	8.0	room_equal	profile	300	199	0.03	0.01586185380943231	0.05602253914164096	0.53	0.5046409556168254	0.1997927531873447	72.0	5.0	32.0	0.8093779046851923	0.5657638888888887	0.006857508498953732	0.009320113711995415	0.8921143208712732	2.499838456359289
seed2	severely_unequal	conditional_null	8.0	room_equal	mantel	300	199	0.016666666666666666	0.00713947735063333	0.0384153948330945	0.49	0.5046409556168254	0.1997927531873447	72.0	5.0	32.0	0.8093779046851923	0.5657638888888887	0.006857508498953732	0.009320113711995415	0.8921143208712732	2.499838456359289
seed2	severely_unequal	conditional_null	8.0	room_equal	nested_max	300	199	0.03	0.01586185380943231	0.05602253914164096	0.5175000000000001	0.5046409556168254	0.1997927531873447	72.0	5.0	32.0	0.8093779046851923	0.5657638888888887	0.006857508498953732	0.009320113711995415	0.8921143208712732	2.499838456359289
seed2	severely_unequal	conditional_null	8.0	room_equal	standardized_max	300	199	0.03	0.01586185380943231	0.05602253914164096	0.5075000000000001	0.5046409556168254	0.1997927531873447	72.0	5.0	32.0	0.8093779046851923	0.5657638888888887	0.006857508498953732	0.009320113711995415	0.8921143208712732	2.499838456359289
seed2	severely_unequal	conditional_null	8.0	room_equal	cv_retrained	300	199	0.03	0.01586185380943231	0.05602253914164096	0.555	0.5046409556168254	0.1997927531873447	72.0	5.0	32.0	0.8093779046851923	0.5657638888888887	0.006857508498953732	0.009320113711995415	0.8921143208712732	2.499838456359289
seed2	severely_unequal	conditional_null	8.0	room_equal	cv_standardized	300	199	0.02666666666666667	0.01357306980864708	0.05172894295058982	0.555	0.5282181473359334	0.3079169278773267	72.0	5.0	32.0	0.8093779046851923	0.5657638888888887	0.006857508498953732	0.009320113711995415	0.8921143208712732	2.499838456359289
seed2	severely_unequal	conditional_null	16.0	building_equal	profile	300	199	0.03	0.01586185380943231	0.05602253914164096	0.53	0.5251035480103545	0.3378756268264927	72.0	5.0	32.0	0.8093779046851923	0.5657638888888887	0.006857508498953732	0.009320113711995415	0.8921143208712732	2.499838456359289
seed2	severely_unequal	conditional_null	16.0	building_equal	mantel	300	199	0.016666666666666666	0.00713947735063333	0.0384153948330945	0.49	0.5251035480103545	0.3378756268264927	72.0	5.0	32.0	0.8093779046851923	0.5657638888888887	0.006857508498953732	0.009320113711995415	0.8921143208712732	2.499838456359289
seed2	severely_unequal	conditional_null	16.0	building_equal	nested_max	300	199	0.03	0.01586185380943231	0.05602253914164096	0.5175000000000001	0.5251035480103545	0.3378756268264927	72.0	5.0	32.0	0.8093779046851923	0.5657638888888887	0.006857508498953732	0.009320113711995415	0.8921143208712732	2.499838456359289
seed2	severely_unequal	conditional_null	16.0	building_equal	standardized_max	300	199	0.03	0.01586185380943231	0.05602253914164096	0.5075000000000001	0.5251035480103545	0.3378756268264927	72.0	5.0	32.0	0.8093779046851923	0.5657638888888887	0.006857508498953732	0.009320113711995415	0.8921143208712732	2.499838456359289
seed2	severely_unequal	conditional_null	16.0	building_equal	cv_retrained	300	199	0.04	0.023027321487942308	0.06860421203864003	0.53	0.5251035480103545	0.3378756268264927	72.0	5.0	32.0	0.8093779046851923	0.5657638888888887	0.006857508498953732	0.009320113711995415	0.8921143208712732	2.499838456359289
seed2	severely_unequal	conditional_null	16.0	building_equal	cv_standardized	300	199	0.04	0.023027321487942308	0.06860421203864003	0.52	0.5470409798211159	0.39198955921695766	72.0	5.0	32.0	0.8093779046851923	0.5657638888888887	0.006857508498953732	0.009320113711995415	0.8921143208712732	2.499838456359289
seed2	severely_unequal	conditional_null	16.0	sqrt_rooms	profile	300	199	0.03	0.01586185380943231	0.05602253914164096	0.53	0.5168943888731331	0.3188967199996469	72.0	5.0	32.0	0.8093779046851923	0.5657638888888887	0.006857508498953732	0.009320113711995415	0.8921143208712732	2.499838456359289
seed2	severely_unequal	conditional_null	16.0	sqrt_rooms	mantel	300	199	0.016666666666666666	0.00713947735063333	0.0384153948330945	0.49	0.5168943888731331	0.3188967199996469	72.0	5.0	32.0	0.8093779046851923	0.5657638888888887	0.006857508498953732	0.009320113711995415	0.8921143208712732	2.499838456359289
seed2	severely_unequal	conditional_null	16.0	sqrt_rooms	nested_max	300	199	0.03	0.01586185380943231	0.05602253914164096	0.5175000000000001	0.5168943888731331	0.3188967199996469	72.0	5.0	32.0	0.8093779046851923	0.5657638888888887	0.006857508498953732	0.009320113711995415	0.8921143208712732	2.499838456359289
seed2	severely_unequal	conditional_null	16.0	sqrt_rooms	standardized_max	300	199	0.03	0.01586185380943231	0.05602253914164096	0.5075000000000001	0.5168943888731331	0.3188967199996469	72.0	5.0	32.0	0.8093779046851923	0.5657638888888887	0.006857508498953732	0.009320113711995415	0.8921143208712732	2.499838456359289
seed2	severely_unequal	conditional_null	16.0	sqrt_rooms	cv_retrained	300	199	0.04	0.023027321487942308	0.06860421203864003	0.53	0.5168943888731331	0.3188967199996469	72.0	5.0	32.0	0.8093779046851923	0.5657638888888887	0.006857508498953732	0.009320113711995415	0.8921143208712732	2.499838456359289
seed2	severely_unequal	conditional_null	16.0	sqrt_rooms	cv_standardized	300	199	0.03333333333333333	0.01820494733885481	0.06026182580405482	0.57	0.5333317136392121	0.3711537435302621	72.0	5.0	32.0	0.8093779046851923	0.5657638888888887	0.006857508498953732	0.009320113711995415	0.8921143208712732	2.499838456359289
seed2	severely_unequal	conditional_null	16.0	room_equal	profile	300	199	0.03	0.01586185380943231	0.05602253914164096	0.53	0.5093935878103336	0.289085708079132	72.0	5.0	32.0	0.8093779046851923	0.5657638888888887	0.006857508498953732	0.009320113711995415	0.8921143208712732	2.499838456359289
seed2	severely_unequal	conditional_null	16.0	room_equal	mantel	300	199	0.016666666666666666	0.00713947735063333	0.0384153948330945	0.49	0.5093935878103336	0.289085708079132	72.0	5.0	32.0	0.8093779046851923	0.5657638888888887	0.006857508498953732	0.009320113711995415	0.8921143208712732	2.499838456359289
seed2	severely_unequal	conditional_null	16.0	room_equal	nested_max	300	199	0.03	0.01586185380943231	0.05602253914164096	0.5175000000000001	0.5093935878103336	0.289085708079132	72.0	5.0	32.0	0.8093779046851923	0.5657638888888887	0.006857508498953732	0.009320113711995415	0.8921143208712732	2.499838456359289
seed2	severely_unequal	conditional_null	16.0	room_equal	standardized_max	300	199	0.03	0.01586185380943231	0.05602253914164096	0.5075000000000001	0.5093935878103336	0.289085708079132	72.0	5.0	32.0	0.8093779046851923	0.5657638888888887	0.006857508498953732	0.009320113711995415	0.8921143208712732	2.499838456359289
seed2	severely_unequal	conditional_null	16.0	room_equal	cv_retrained	300	199	0.04	0.023027321487942308	0.06860421203864003	0.5625	0.5093935878103336	0.289085708079132	72.0	5.0	32.0	0.8093779046851923	0.5657638888888887	0.006857508498953732	0.009320113711995415	0.8921143208712732	2.499838456359289
seed2	severely_unequal	conditional_null	16.0	room_equal	cv_standardized	300	199	0.03333333333333333	0.01820494733885481	0.06026182580405482	0.57	0.5275462785141432	0.3415309060170007	72.0	5.0	32.0	0.8093779046851923	0.5657638888888887	0.006857508498953732	0.009320113711995415	0.8921143208712732	2.499838456359289
seed2	severely_unequal	radial_node_size_only	0.0	building_equal	profile	300	199	0.6833333333333333	0.628659261236736	0.7333716493142638	0.02	0.4999999999999999	5.551115123125783e-17	72.0	5.0	32.0	0.8093779046851923	0.5034953703703704	0.6366787246931356	0.0054708209400061115	0.0	1.0
seed2	severely_unequal	radial_node_size_only	0.0	building_equal	mantel	300	199	0.66	0.604674453304638	0.7112797959035073	0.02	0.4999999999999999	5.551115123125783e-17	72.0	5.0	32.0	0.8093779046851923	0.5034953703703704	0.6366787246931356	0.0054708209400061115	0.0	1.0
seed2	severely_unequal	radial_node_size_only	0.0	building_equal	nested_max	300	199	0.6833333333333333	0.628659261236736	0.7333716493142638	0.02	0.4999999999999999	5.551115123125783e-17	72.0	5.0	32.0	0.8093779046851923	0.5034953703703704	0.6366787246931356	0.0054708209400061115	0.0	1.0
seed2	severely_unequal	radial_node_size_only	0.0	building_equal	standardized_max	300	199	0.6866666666666666	0.6320976883026915	0.7365156024401446	0.02	0.4999999999999999	5.551115123125783e-17	72.0	5.0	32.0	0.8093779046851923	0.5034953703703704	0.6366787246931356	0.0054708209400061115	0.0	1.0
seed2	severely_unequal	radial_node_size_only	0.0	building_equal	cv_retrained	300	199	0.43333333333333335	0.3784513181454693	0.48990107801780347	0.07250000000000001	0.4999999999999999	5.551115123125783e-17	72.0	5.0	32.0	0.8093779046851923	0.5034953703703704	0.6366787246931356	0.0054708209400061115	0.0	1.0
seed2	severely_unequal	radial_node_size_only	0.0	building_equal	cv_standardized	300	199	0.5333333333333333	0.4768149075854061	0.5890088943329576	0.04	0.4999999999999999	5.551115123125783e-17	72.0	5.0	32.0	0.8093779046851923	0.5034953703703704	0.6366787246931356	0.0054708209400061115	0.0	1.0
seed2	severely_unequal	radial_node_size_only	0.0	sqrt_rooms	profile	300	199	0.6833333333333333	0.628659261236736	0.7333716493142638	0.02	0.5	0.0	72.0	5.0	32.0	0.8093779046851923	0.5034953703703704	0.6366787246931356	0.0054708209400061115	0.0	1.0
seed2	severely_unequal	radial_node_size_only	0.0	sqrt_rooms	mantel	300	199	0.66	0.604674453304638	0.7112797959035073	0.02	0.5	0.0	72.0	5.0	32.0	0.8093779046851923	0.5034953703703704	0.6366787246931356	0.0054708209400061115	0.0	1.0
seed2	severely_unequal	radial_node_size_only	0.0	sqrt_rooms	nested_max	300	199	0.6833333333333333	0.628659261236736	0.7333716493142638	0.02	0.5	0.0	72.0	5.0	32.0	0.8093779046851923	0.5034953703703704	0.6366787246931356	0.0054708209400061115	0.0	1.0
seed2	severely_unequal	radial_node_size_only	0.0	sqrt_rooms	standardized_max	300	199	0.6866666666666666	0.6320976883026915	0.7365156024401446	0.02	0.5	0.0	72.0	5.0	32.0	0.8093779046851923	0.5034953703703704	0.6366787246931356	0.0054708209400061115	0.0	1.0
seed2	severely_unequal	radial_node_size_only	0.0	sqrt_rooms	cv_retrained	300	199	0.55	0.4934256045239535	0.6053100983535921	0.035	0.5	0.0	72.0	5.0	32.0	0.8093779046851923	0.5034953703703704	0.6366787246931356	0.0054708209400061115	0.0	1.0
seed2	severely_unequal	radial_node_size_only	0.0	sqrt_rooms	cv_standardized	300	199	0.5933333333333334	0.5369084052348393	0.6473982401365789	0.03	0.5	0.0	72.0	5.0	32.0	0.8093779046851923	0.5034953703703704	0.6366787246931356	0.0054708209400061115	0.0	1.0
seed2	severely_unequal	radial_node_size_only	0.0	room_equal	profile	300	199	0.6833333333333333	0.628659261236736	0.7333716493142638	0.02	0.5	0.0	72.0	5.0	32.0	0.8093779046851923	0.5034953703703704	0.6366787246931356	0.0054708209400061115	0.0	1.0
seed2	severely_unequal	radial_node_size_only	0.0	room_equal	mantel	300	199	0.66	0.604674453304638	0.7112797959035073	0.02	0.5	0.0	72.0	5.0	32.0	0.8093779046851923	0.5034953703703704	0.6366787246931356	0.0054708209400061115	0.0	1.0
seed2	severely_unequal	radial_node_size_only	0.0	room_equal	nested_max	300	199	0.6833333333333333	0.628659261236736	0.7333716493142638	0.02	0.5	0.0	72.0	5.0	32.0	0.8093779046851923	0.5034953703703704	0.6366787246931356	0.0054708209400061115	0.0	1.0
seed2	severely_unequal	radial_node_size_only	0.0	room_equal	standardized_max	300	199	0.6866666666666666	0.6320976883026915	0.7365156024401446	0.02	0.5	0.0	72.0	5.0	32.0	0.8093779046851923	0.5034953703703704	0.6366787246931356	0.0054708209400061115	0.0	1.0
seed2	severely_unequal	radial_node_size_only	0.0	room_equal	cv_retrained	300	199	0.6066666666666667	0.5503752712846574	0.6602608948541061	0.025	0.5	0.0	72.0	5.0	32.0	0.8093779046851923	0.5034953703703704	0.6366787246931356	0.0054708209400061115	0.0	1.0
seed2	severely_unequal	radial_node_size_only	0.0	room_equal	cv_standardized	300	199	0.5733333333333334	0.5167859400590311	0.6280264241613689	0.035	0.5	0.0	72.0	5.0	32.0	0.8093779046851923	0.5034953703703704	0.6366787246931356	0.0054708209400061115	0.0	1.0
seed2	severely_unequal	radial_node_size_only	0.1	building_equal	profile	300	199	0.6833333333333333	0.628659261236736	0.7333716493142638	0.02	0.5030051020845948	0.003481226205944807	72.0	5.0	32.0	0.8093779046851923	0.5034953703703704	0.6366787246931356	0.0054708209400061115	0.0	1.0
seed2	severely_unequal	radial_node_size_only	0.1	building_equal	mantel	300	199	0.66	0.604674453304638	0.7112797959035073	0.02	0.5030051020845948	0.003481226205944807	72.0	5.0	32.0	0.8093779046851923	0.5034953703703704	0.6366787246931356	0.0054708209400061115	0.0	1.0
seed2	severely_unequal	radial_node_size_only	0.1	building_equal	nested_max	300	199	0.6833333333333333	0.628659261236736	0.7333716493142638	0.02	0.5030051020845948	0.003481226205944807	72.0	5.0	32.0	0.8093779046851923	0.5034953703703704	0.6366787246931356	0.0054708209400061115	0.0	1.0
seed2	severely_unequal	radial_node_size_only	0.1	building_equal	standardized_max	300	199	0.6866666666666666	0.6320976883026915	0.7365156024401446	0.02	0.5030051020845948	0.003481226205944807	72.0	5.0	32.0	0.8093779046851923	0.5034953703703704	0.6366787246931356	0.0054708209400061115	0.0	1.0
seed2	severely_unequal	radial_node_size_only	0.1	building_equal	cv_retrained	300	199	0.43	0.3752111767337645	0.48655883923767185	0.07	0.5030051020845948	0.003481226205944807	72.0	5.0	32.0	0.8093779046851923	0.5034953703703704	0.6366787246931356	0.0054708209400061115	0.0	1.0
seed2	severely_unequal	radial_node_size_only	0.1	building_equal	cv_standardized	300	199	0.54	0.4834517097991302	0.5955368525029061	0.035	0.5030776329699165	0.008592041065192166	72.0	5.0	32.0	0.8093779046851923	0.5034953703703704	0.6366787246931356	0.0054708209400061115	0.0	1.0
seed2	severely_unequal	radial_node_size_only	0.1	sqrt_rooms	profile	300	199	0.6833333333333333	0.628659261236736	0.7333716493142638	0.02	0.5030628896145373	0.0028993700315880578	72.0	5.0	32.0	0.8093779046851923	0.5034953703703704	0.6366787246931356	0.0054708209400061115	0.0	1.0
seed2	severely_unequal	radial_node_size_only	0.1	sqrt_rooms	mantel	300	199	0.66	0.604674453304638	0.7112797959035073	0.02	0.5030628896145373	0.0028993700315880578	72.0	5.0	32.0	0.8093779046851923	0.5034953703703704	0.6366787246931356	0.0054708209400061115	0.0	1.0
seed2	severely_unequal	radial_node_size_only	0.1	sqrt_rooms	nested_max	300	199	0.6833333333333333	0.628659261236736	0.7333716493142638	0.02	0.5030628896145373	0.0028993700315880578	72.0	5.0	32.0	0.8093779046851923	0.5034953703703704	0.6366787246931356	0.0054708209400061115	0.0	1.0
seed2	severely_unequal	radial_node_size_only	0.1	sqrt_rooms	standardized_max	300	199	0.6866666666666666	0.6320976883026915	0.7365156024401446	0.02	0.5030628896145373	0.0028993700315880578	72.0	5.0	32.0	0.8093779046851923	0.5034953703703704	0.6366787246931356	0.0054708209400061115	0.0	1.0
seed2	severely_unequal	radial_node_size_only	0.1	sqrt_rooms	cv_retrained	300	199	0.5533333333333333	0.496755238029873	0.6085628450395089	0.035	0.5030628896145373	0.0028993700315880578	72.0	5.0	32.0	0.8093779046851923	0.5034953703703704	0.6366787246931356	0.0054708209400061115	0.0	1.0
seed2	severely_unequal	radial_node_size_only	0.1	sqrt_rooms	cv_standardized	300	199	0.5933333333333334	0.5369084052348393	0.6473982401365789	0.03	0.5027907994318637	0.008011694676779101	72.0	5.0	32.0	0.8093779046851923	0.5034953703703704	0.6366787246931356	0.0054708209400061115	0.0	1.0
seed2	severely_unequal	radial_node_size_only	0.1	room_equal	profile	300	199	0.6833333333333333	0.628659261236736	0.7333716493142638	0.02	0.5031198899157605	0.0024810611100293846	72.0	5.0	32.0	0.8093779046851923	0.5034953703703704	0.6366787246931356	0.0054708209400061115	0.0	1.0
seed2	severely_unequal	radial_node_size_only	0.1	room_equal	mantel	300	199	0.66	0.604674453304638	0.7112797959035073	0.02	0.5031198899157605	0.0024810611100293846	72.0	5.0	32.0	0.8093779046851923	0.5034953703703704	0.6366787246931356	0.0054708209400061115	0.0	1.0
seed2	severely_unequal	radial_node_size_only	0.1	room_equal	nested_max	300	199	0.6833333333333333	0.628659261236736	0.7333716493142638	0.02	0.5031198899157605	0.0024810611100293846	72.0	5.0	32.0	0.8093779046851923	0.5034953703703704	0.6366787246931356	0.0054708209400061115	0.0	1.0
seed2	severely_unequal	radial_node_size_only	0.1	room_equal	standardized_max	300	199	0.6866666666666666	0.6320976883026915	0.7365156024401446	0.02	0.5031198899157605	0.0024810611100293846	72.0	5.0	32.0	0.8093779046851923	0.5034953703703704	0.6366787246931356	0.0054708209400061115	0.0	1.0
seed2	severely_unequal	radial_node_size_only	0.1	room_equal	cv_retrained	300	199	0.6033333333333334	0.5470046178899679	0.6570491680569592	0.025	0.5031198899157605	0.0024810611100293846	72.0	5.0	32.0	0.8093779046851923	0.5034953703703704	0.6366787246931356	0.0054708209400061115	0.0	1.0
seed2	severely_unequal	radial_node_size_only	0.1	room_equal	cv_standardized	300	199	0.5733333333333334	0.5167859400590311	0.6280264241613689	0.035	0.5026016293199699	0.0080595250337809	72.0	5.0	32.0	0.8093779046851923	0.5034953703703704	0.6366787246931356	0.0054708209400061115	0.0	1.0
seed2	severely_unequal	radial_node_size_only	0.25	building_equal	profile	300	199	0.6833333333333333	0.628659261236736	0.7333716493142638	0.02	0.5075101192735434	0.008699359368018068	72.0	5.0	32.0	0.8093779046851923	0.5034953703703704	0.6366787246931356	0.0054708209400061115	0.0	1.0
seed2	severely_unequal	radial_node_size_only	0.25	building_equal	mantel	300	199	0.66	0.604674453304638	0.7112797959035073	0.02	0.5075101192735434	0.008699359368018068	72.0	5.0	32.0	0.8093779046851923	0.5034953703703704	0.6366787246931356	0.0054708209400061115	0.0	1.0
seed2	severely_unequal	radial_node_size_only	0.25	building_equal	nested_max	300	199	0.6833333333333333	0.628659261236736	0.7333716493142638	0.02	0.5075101192735434	0.008699359368018068	72.0	5.0	32.0	0.8093779046851923	0.5034953703703704	0.6366787246931356	0.0054708209400061115	0.0	1.0
seed2	severely_unequal	radial_node_size_only	0.25	building_equal	standardized_max	300	199	0.6866666666666666	0.6320976883026915	0.7365156024401446	0.02	0.5075101192735434	0.008699359368018068	72.0	5.0	32.0	0.8093779046851923	0.5034953703703704	0.6366787246931356	0.0054708209400061115	0.0	1.0
seed2	severely_unequal	radial_node_size_only	0.25	building_equal	cv_retrained	300	199	0.42333333333333334	0.3687385228107271	0.47986673277703656	0.07250000000000001	0.5075101192735434	0.008699359368018068	72.0	5.0	32.0	0.8093779046851923	0.5034953703703704	0.6366787246931356	0.0054708209400061115	0.0	1.0
seed2	severely_unequal	radial_node_size_only	0.25	building_equal	cv_standardized	300	199	0.54	0.4834517097991302	0.5955368525029061	0.04	0.5076795088639376	0.021434626811821574	72.0	5.0	32.0	0.8093779046851923	0.5034953703703704	0.6366787246931356	0.0054708209400061115	0.0	1.0
seed2	severely_unequal	radial_node_size_only	0.25	sqrt_rooms	profile	300	199	0.6833333333333333	0.628659261236736	0.7333716493142638	0.02	0.5076552045389893	0.007245828225475403	72.0	5.0	32.0	0.8093779046851923	0.5034953703703704	0.6366787246931356	0.0054708209400061115	0.0	1.0
seed2	severely_unequal	radial_node_size_only	0.25	sqrt_rooms	mantel	300	199	0.66	0.604674453304638	0.7112797959035073	0.02	0.5076552045389893	0.007245828225475403	72.0	5.0	32.0	0.8093779046851923	0.5034953703703704	0.6366787246931356	0.0054708209400061115	0.0	1.0
seed2	severely_unequal	radial_node_size_only	0.25	sqrt_rooms	nested_max	300	199	0.6833333333333333	0.628659261236736	0.7333716493142638	0.02	0.5076552045389893	0.007245828225475403	72.0	5.0	32.0	0.8093779046851923	0.5034953703703704	0.6366787246931356	0.0054708209400061115	0.0	1.0
seed2	severely_unequal	radial_node_size_only	0.25	sqrt_rooms	standardized_max	300	199	0.6866666666666666	0.6320976883026915	0.7365156024401446	0.02	0.5076552045389893	0.007245828225475403	72.0	5.0	32.0	0.8093779046851923	0.5034953703703704	0.6366787246931356	0.0054708209400061115	0.0	1.0
seed2	severely_unequal	radial_node_size_only	0.25	sqrt_rooms	cv_retrained	300	199	0.5533333333333333	0.496755238029873	0.6085628450395089	0.035	0.5076552045389893	0.007245828225475403	72.0	5.0	32.0	0.8093779046851923	0.5034953703703704	0.6366787246931356	0.0054708209400061115	0.0	1.0
seed2	severely_unequal	radial_node_size_only	0.25	sqrt_rooms	cv_standardized	300	199	0.5966666666666667	0.540271195643406	0.6506178299198485	0.03	0.506965483861181	0.01999019526858215	72.0	5.0	32.0	0.8093779046851923	0.5034953703703704	0.6366787246931356	0.0054708209400061115	0.0	1.0
seed2	severely_unequal	radial_node_size_only	0.25	room_equal	profile	300	199	0.6833333333333333	0.628659261236736	0.7333716493142638	0.02	0.5077979904814647	0.00620058268412883	72.0	5.0	32.0	0.8093779046851923	0.5034953703703704	0.6366787246931356	0.0054708209400061115	0.0	1.0
seed2	severely_unequal	radial_node_size_only	0.25	room_equal	mantel	300	199	0.66	0.604674453304638	0.7112797959035073	0.02	0.5077979904814647	0.00620058268412883	72.0	5.0	32.0	0.8093779046851923	0.5034953703703704	0.6366787246931356	0.0054708209400061115	0.0	1.0
seed2	severely_unequal	radial_node_size_only	0.25	room_equal	nested_max	300	199	0.6833333333333333	0.628659261236736	0.7333716493142638	0.02	0.5077979904814647	0.00620058268412883	72.0	5.0	32.0	0.8093779046851923	0.5034953703703704	0.6366787246931356	0.0054708209400061115	0.0	1.0
seed2	severely_unequal	radial_node_size_only	0.25	room_equal	standardized_max	300	199	0.6866666666666666	0.6320976883026915	0.7365156024401446	0.02	0.5077979904814647	0.00620058268412883	72.0	5.0	32.0	0.8093779046851923	0.5034953703703704	0.6366787246931356	0.0054708209400061115	0.0	1.0
seed2	severely_unequal	radial_node_size_only	0.25	room_equal	cv_retrained	300	199	0.6033333333333334	0.5470046178899679	0.6570491680569592	0.025	0.5077979904814647	0.00620058268412883	72.0	5.0	32.0	0.8093779046851923	0.5034953703703704	0.6366787246931356	0.0054708209400061115	0.0	1.0
seed2	severely_unequal	radial_node_size_only	0.25	room_equal	cv_standardized	300	199	0.57	0.513441160762328	0.6247888232662354	0.037500000000000006	0.506494432679632	0.020102897780782922	72.0	5.0	32.0	0.8093779046851923	0.5034953703703704	0.6366787246931356	0.0054708209400061115	0.0	1.0
seed2	severely_unequal	radial_node_size_only	0.5	building_equal	profile	300	199	0.6833333333333333	0.628659261236736	0.7333716493142638	0.02	0.5150014640641296	0.017372344508901294	72.0	5.0	32.0	0.8093779046851923	0.5034953703703704	0.6366787246931356	0.0054708209400061115	0.0	1.0
seed2	severely_unequal	radial_node_size_only	0.5	building_equal	mantel	300	199	0.66	0.604674453304638	0.7112797959035073	0.02	0.5150014640641296	0.017372344508901294	72.0	5.0	32.0	0.8093779046851923	0.5034953703703704	0.6366787246931356	0.0054708209400061115	0.0	1.0
seed2	severely_unequal	radial_node_size_only	0.5	building_equal	nested_max	300	199	0.6833333333333333	0.628659261236736	0.7333716493142638	0.02	0.5150014640641296	0.017372344508901294	72.0	5.0	32.0	0.8093779046851923	0.5034953703703704	0.6366787246931356	0.0054708209400061115	0.0	1.0
seed2	severely_unequal	radial_node_size_only	0.5	building_equal	standardized_max	300	199	0.6866666666666666	0.6320976883026915	0.7365156024401446	0.02	0.5150014640641296	0.017372344508901294	72.0	5.0	32.0	0.8093779046851923	0.5034953703703704	0.6366787246931356	0.0054708209400061115	0.0	1.0
seed2	severely_unequal	radial_node_size_only	0.5	building_equal	cv_retrained	300	199	0.43	0.3752111767337645	0.48655883923767185	0.07	0.5150014640641296	0.017372344508901294	72.0	5.0	32.0	0.8093779046851923	0.5034953703703704	0.6366787246931356	0.0054708209400061115	0.0	1.0
seed2	severely_unequal	radial_node_size_only	0.5	building_equal	cv_standardized	300	199	0.53	0.4735002333859323	0.5857411883405951	0.04	0.5152566802424104	0.042550848088011316	72.0	5.0	32.0	0.8093779046851923	0.5034953703703704	0.6366787246931356	0.0054708209400061115	0.0	1.0
seed2	severely_unequal	radial_node_size_only	0.5	sqrt_rooms	profile	300	199	0.6833333333333333	0.628659261236736	0.7333716493142638	0.02	0.5152960154082096	0.014473162506105428	72.0	5.0	32.0	0.8093779046851923	0.5034953703703704	0.6366787246931356	0.0054708209400061115	0.0	1.0
seed2	severely_unequal	radial_node_size_only	0.5	sqrt_rooms	mantel	300	199	0.66	0.604674453304638	0.7112797959035073	0.02	0.5152960154082096	0.014473162506105428	72.0	5.0	32.0	0.8093779046851923	0.5034953703703704	0.6366787246931356	0.0054708209400061115	0.0	1.0
seed2	severely_unequal	radial_node_size_only	0.5	sqrt_rooms	nested_max	300	199	0.6833333333333333	0.628659261236736	0.7333716493142638	0.02	0.5152960154082096	0.014473162506105428	72.0	5.0	32.0	0.8093779046851923	0.5034953703703704	0.6366787246931356	0.0054708209400061115	0.0	1.0
seed2	severely_unequal	radial_node_size_only	0.5	sqrt_rooms	standardized_max	300	199	0.6866666666666666	0.6320976883026915	0.7365156024401446	0.02	0.5152960154082096	0.014473162506105428	72.0	5.0	32.0	0.8093779046851923	0.5034953703703704	0.6366787246931356	0.0054708209400061115	0.0	1.0
seed2	severely_unequal	radial_node_size_only	0.5	sqrt_rooms	cv_retrained	300	199	0.5533333333333333	0.496755238029873	0.6085628450395089	0.035	0.5152960154082096	0.014473162506105428	72.0	5.0	32.0	0.8093779046851923	0.5034953703703704	0.6366787246931356	0.0054708209400061115	0.0	1.0
seed2	severely_unequal	radial_node_size_only	0.5	sqrt_rooms	cv_standardized	300	199	0.6	0.5436365963411878	0.653834809413903	0.03	0.5138498985777579	0.03970655525475364	72.0	5.0	32.0	0.8093779046851923	0.5034953703703704	0.6366787246931356	0.0054708209400061115	0.0	1.0
seed2	severely_unequal	radial_node_size_only	0.5	room_equal	profile	300	199	0.6833333333333333	0.628659261236736	0.7333716493142638	0.02	0.5155836163710842	0.01238641838650284	72.0	5.0	32.0	0.8093779046851923	0.5034953703703704	0.6366787246931356	0.0054708209400061115	0.0	1.0
seed2	severely_unequal	radial_node_size_only	0.5	room_equal	mantel	300	199	0.66	0.604674453304638	0.7112797959035073	0.02	0.5155836163710842	0.01238641838650284	72.0	5.0	32.0	0.8093779046851923	0.5034953703703704	0.6366787246931356	0.0054708209400061115	0.0	1.0
seed2	severely_unequal	radial_node_size_only	0.5	room_equal	nested_max	300	199	0.6833333333333333	0.628659261236736	0.7333716493142638	0.02	0.5155836163710842	0.01238641838650284	72.0	5.0	32.0	0.8093779046851923	0.5034953703703704	0.6366787246931356	0.0054708209400061115	0.0	1.0
seed2	severely_unequal	radial_node_size_only	0.5	room_equal	standardized_max	300	199	0.6866666666666666	0.6320976883026915	0.7365156024401446	0.02	0.5155836163710842	0.01238641838650284	72.0	5.0	32.0	0.8093779046851923	0.5034953703703704	0.6366787246931356	0.0054708209400061115	0.0	1.0
seed2	severely_unequal	radial_node_size_only	0.5	room_equal	cv_retrained	300	199	0.6066666666666667	0.5503752712846574	0.6602608948541061	0.025	0.5155836163710842	0.01238641838650284	72.0	5.0	32.0	0.8093779046851923	0.5034953703703704	0.6366787246931356	0.0054708209400061115	0.0	1.0
seed2	severely_unequal	radial_node_size_only	0.5	room_equal	cv_standardized	300	199	0.5666666666666667	0.5100989219821965	0.6215486818545306	0.035	0.5129207352813665	0.03988518758721362	72.0	5.0	32.0	0.8093779046851923	0.5034953703703704	0.6366787246931356	0.0054708209400061115	0.0	1.0
seed2	severely_unequal	radial_node_size_only	1.0	building_equal	profile	300	199	0.6833333333333333	0.628659261236736	0.7333716493142638	0.02	0.5298543832348702	0.03453670703322996	72.0	5.0	32.0	0.8093779046851923	0.5034953703703704	0.6366787246931356	0.0054708209400061115	0.0	1.0
seed2	severely_unequal	radial_node_size_only	1.0	building_equal	mantel	300	199	0.66	0.604674453304638	0.7112797959035073	0.02	0.5298543832348702	0.03453670703322996	72.0	5.0	32.0	0.8093779046851923	0.5034953703703704	0.6366787246931356	0.0054708209400061115	0.0	1.0
seed2	severely_unequal	radial_node_size_only	1.0	building_equal	nested_max	300	199	0.6833333333333333	0.628659261236736	0.7333716493142638	0.02	0.5298543832348702	0.03453670703322996	72.0	5.0	32.0	0.8093779046851923	0.5034953703703704	0.6366787246931356	0.0054708209400061115	0.0	1.0
seed2	severely_unequal	radial_node_size_only	1.0	building_equal	standardized_max	300	199	0.6866666666666666	0.6320976883026915	0.7365156024401446	0.02	0.5298543832348702	0.03453670703322996	72.0	5.0	32.0	0.8093779046851923	0.5034953703703704	0.6366787246931356	0.0054708209400061115	0.0	1.0
seed2	severely_unequal	radial_node_size_only	1.0	building_equal	cv_retrained	300	199	0.44	0.38493919498482354	0.49657796156212186	0.07250000000000001	0.5298543832348702	0.03453670703322996	72.0	5.0	32.0	0.8093779046851923	0.5034953703703704	0.6366787246931356	0.0054708209400061115	0.0	1.0
seed2	severely_unequal	radial_node_size_only	1.0	building_equal	cv_standardized	300	199	0.5333333333333333	0.4768149075854061	0.5890088943329576	0.04	0.5297447758440634	0.08273528139751031	72.0	5.0	32.0	0.8093779046851923	0.5034953703703704	0.6366787246931356	0.0054708209400061115	0.0	1.0
seed2	severely_unequal	radial_node_size_only	1.0	sqrt_rooms	profile	300	199	0.6833333333333333	0.628659261236736	0.7333716493142638	0.02	0.5304778486113264	0.028800066854555547	72.0	5.0	32.0	0.8093779046851923	0.5034953703703704	0.6366787246931356	0.0054708209400061115	0.0	1.0
seed2	severely_unequal	radial_node_size_only	1.0	sqrt_rooms	mantel	300	199	0.66	0.604674453304638	0.7112797959035073	0.02	0.5304778486113264	0.028800066854555547	72.0	5.0	32.0	0.8093779046851923	0.5034953703703704	0.6366787246931356	0.0054708209400061115	0.0	1.0
seed2	severely_unequal	radial_node_size_only	1.0	sqrt_rooms	nested_max	300	199	0.6833333333333333	0.628659261236736	0.7333716493142638	0.02	0.5304778486113264	0.028800066854555547	72.0	5.0	32.0	0.8093779046851923	0.5034953703703704	0.6366787246931356	0.0054708209400061115	0.0	1.0
seed2	severely_unequal	radial_node_size_only	1.0	sqrt_rooms	standardized_max	300	199	0.6866666666666666	0.6320976883026915	0.7365156024401446	0.02	0.5304778486113264	0.028800066854555547	72.0	5.0	32.0	0.8093779046851923	0.5034953703703704	0.6366787246931356	0.0054708209400061115	0.0	1.0
seed2	severely_unequal	radial_node_size_only	1.0	sqrt_rooms	cv_retrained	300	199	0.5466666666666666	0.49009847513929183	0.6020548475464171	0.035	0.5304778486113264	0.028800066854555547	72.0	5.0	32.0	0.8093779046851923	0.5034953703703704	0.6366787246931356	0.0054708209400061115	0.0	1.0
seed2	severely_unequal	radial_node_size_only	1.0	sqrt_rooms	cv_standardized	300	199	0.6033333333333334	0.5470046178899679	0.6570491680569592	0.03	0.5270854268121645	0.07736585074319514	72.0	5.0	32.0	0.8093779046851923	0.5034953703703704	0.6366787246931356	0.0054708209400061115	0.0	1.0
seed2	severely_unequal	radial_node_size_only	1.0	room_equal	profile	300	199	0.6833333333333333	0.628659261236736	0.7333716493142638	0.02	0.5310690373367359	0.024656074985433256	72.0	5.0	32.0	0.8093779046851923	0.5034953703703704	0.6366787246931356	0.0054708209400061115	0.0	1.0
seed2	severely_unequal	radial_node_size_only	1.0	room_equal	mantel	300	199	0.66	0.604674453304638	0.7112797959035073	0.02	0.5310690373367359	0.024656074985433256	72.0	5.0	32.0	0.8093779046851923	0.5034953703703704	0.6366787246931356	0.0054708209400061115	0.0	1.0
seed2	severely_unequal	radial_node_size_only	1.0	room_equal	nested_max	300	199	0.6833333333333333	0.628659261236736	0.7333716493142638	0.02	0.5310690373367359	0.024656074985433256	72.0	5.0	32.0	0.8093779046851923	0.5034953703703704	0.6366787246931356	0.0054708209400061115	0.0	1.0
seed2	severely_unequal	radial_node_size_only	1.0	room_equal	standardized_max	300	199	0.6866666666666666	0.6320976883026915	0.7365156024401446	0.02	0.5310690373367359	0.024656074985433256	72.0	5.0	32.0	0.8093779046851923	0.5034953703703704	0.6366787246931356	0.0054708209400061115	0.0	1.0
seed2	severely_unequal	radial_node_size_only	1.0	room_equal	cv_retrained	300	199	0.6133333333333333	0.5571245198072374	0.6666764067151987	0.025	0.5310690373367359	0.024656074985433256	72.0	5.0	32.0	0.8093779046851923	0.5034953703703704	0.6366787246931356	0.0054708209400061115	0.0	1.0
seed2	severely_unequal	radial_node_size_only	1.0	room_equal	cv_standardized	300	199	0.5766666666666667	0.5201332672229635	0.6312614771892728	0.035	0.5253184397273647	0.07740970087594179	72.0	5.0	32.0	0.8093779046851923	0.5034953703703704	0.6366787246931356	0.0054708209400061115	0.0	1.0
seed2	severely_unequal	radial_node_size_only	2.0	building_equal	profile	300	199	0.6833333333333333	0.628659261236736	0.7333716493142638	0.02	0.5585702229885328	0.0674990981189276	72.0	5.0	32.0	0.8093779046851923	0.5034953703703704	0.6366787246931356	0.0054708209400061115	0.0	1.0
seed2	severely_unequal	radial_node_size_only	2.0	building_equal	mantel	300	199	0.66	0.604674453304638	0.7112797959035073	0.02	0.5585702229885328	0.0674990981189276	72.0	5.0	32.0	0.8093779046851923	0.5034953703703704	0.6366787246931356	0.0054708209400061115	0.0	1.0
seed2	severely_unequal	radial_node_size_only	2.0	building_equal	nested_max	300	199	0.6833333333333333	0.628659261236736	0.7333716493142638	0.02	0.5585702229885328	0.0674990981189276	72.0	5.0	32.0	0.8093779046851923	0.5034953703703704	0.6366787246931356	0.0054708209400061115	0.0	1.0
seed2	severely_unequal	radial_node_size_only	2.0	building_equal	standardized_max	300	199	0.6866666666666666	0.6320976883026915	0.7365156024401446	0.02	0.5585702229885328	0.0674990981189276	72.0	5.0	32.0	0.8093779046851923	0.5034953703703704	0.6366787246931356	0.0054708209400061115	0.0	1.0
seed2	severely_unequal	radial_node_size_only	2.0	building_equal	cv_retrained	300	199	0.44	0.38493919498482354	0.49657796156212186	0.0675	0.5585702229885328	0.0674990981189276	72.0	5.0	32.0	0.8093779046851923	0.5034953703703704	0.6366787246931356	0.0054708209400061115	0.0	1.0
seed2	severely_unequal	radial_node_size_only	2.0	building_equal	cv_standardized	300	199	0.5266666666666666	0.4701880395241621	0.5824710020105287	0.042499999999999996	0.5545215768800025	0.15065029411980707	72.0	5.0	32.0	0.8093779046851923	0.5034953703703704	0.6366787246931356	0.0054708209400061115	0.0	1.0
seed2	severely_unequal	radial_node_size_only	2.0	sqrt_rooms	profile	300	199	0.6833333333333333	0.628659261236736	0.7333716493142638	0.02	0.5600718234570794	0.05648120680855636	72.0	5.0	32.0	0.8093779046851923	0.5034953703703704	0.6366787246931356	0.0054708209400061115	0.0	1.0
seed2	severely_unequal	radial_node_size_only	2.0	sqrt_rooms	mantel	300	199	0.66	0.604674453304638	0.7112797959035073	0.02	0.5600718234570794	0.05648120680855636	72.0	5.0	32.0	0.8093779046851923	0.5034953703703704	0.6366787246931356	0.0054708209400061115	0.0	1.0
seed2	severely_unequal	radial_node_size_only	2.0	sqrt_rooms	nested_max	300	199	0.6833333333333333	0.628659261236736	0.7333716493142638	0.02	0.5600718234570794	0.05648120680855636	72.0	5.0	32.0	0.8093779046851923	0.5034953703703704	0.6366787246931356	0.0054708209400061115	0.0	1.0
seed2	severely_unequal	radial_node_size_only	2.0	sqrt_rooms	standardized_max	300	199	0.6866666666666666	0.6320976883026915	0.7365156024401446	0.02	0.5600718234570794	0.05648120680855636	72.0	5.0	32.0	0.8093779046851923	0.5034953703703704	0.6366787246931356	0.0054708209400061115	0.0	1.0
seed2	severely_unequal	radial_node_size_only	2.0	sqrt_rooms	cv_retrained	300	199	0.5433333333333333	0.48677384505565635	0.5987970974382163	0.035	0.5600718234570794	0.05648120680855636	72.0	5.0	32.0	0.8093779046851923	0.5034953703703704	0.6366787246931356	0.0054708209400061115	0.0	1.0
seed2	severely_unequal	radial_node_size_only	2.0	sqrt_rooms	cv_standardized	300	199	0.5766666666666667	0.5201332672229635	0.6312614771892728	0.03	0.550100947230547	0.14171279681064167	72.0	5.0	32.0	0.8093779046851923	0.5034953703703704	0.6366787246931356	0.0054708209400061115	0.0	1.0
seed2	severely_unequal	radial_node_size_only	2.0	room_equal	profile	300	199	0.6833333333333333	0.628659261236736	0.7333716493142638	0.02	0.5613746874287384	0.04841491618883853	72.0	5.0	32.0	0.8093779046851923	0.5034953703703704	0.6366787246931356	0.0054708209400061115	0.0	1.0
seed2	severely_unequal	radial_node_size_only	2.0	room_equal	mantel	300	199	0.66	0.604674453304638	0.7112797959035073	0.02	0.5613746874287384	0.04841491618883853	72.0	5.0	32.0	0.8093779046851923	0.5034953703703704	0.6366787246931356	0.0054708209400061115	0.0	1.0
seed2	severely_unequal	radial_node_size_only	2.0	room_equal	nested_max	300	199	0.6833333333333333	0.628659261236736	0.7333716493142638	0.02	0.5613746874287384	0.04841491618883853	72.0	5.0	32.0	0.8093779046851923	0.5034953703703704	0.6366787246931356	0.0054708209400061115	0.0	1.0
seed2	severely_unequal	radial_node_size_only	2.0	room_equal	standardized_max	300	199	0.6866666666666666	0.6320976883026915	0.7365156024401446	0.02	0.5613746874287384	0.04841491618883853	72.0	5.0	32.0	0.8093779046851923	0.5034953703703704	0.6366787246931356	0.0054708209400061115	0.0	1.0
seed2	severely_unequal	radial_node_size_only	2.0	room_equal	cv_retrained	300	199	0.61	0.553748567961591	0.6634699783690088	0.02	0.5613746874287384	0.04841491618883853	72.0	5.0	32.0	0.8093779046851923	0.5034953703703704	0.6366787246931356	0.0054708209400061115	0.0	1.0
seed2	severely_unequal	radial_node_size_only	2.0	room_equal	cv_standardized	300	199	0.5666666666666667	0.5100989219821965	0.6215486818545306	0.035	0.5470514481276681	0.14039279500618132	72.0	5.0	32.0	0.8093779046851923	0.5034953703703704	0.6366787246931356	0.0054708209400061115	0.0	1.0
seed2	severely_unequal	radial_node_size_only	4.0	building_equal	profile	300	199	0.6833333333333333	0.628659261236736	0.7333716493142638	0.02	0.6093259430743125	0.12461806876752261	72.0	5.0	32.0	0.8093779046851923	0.5034953703703704	0.6366787246931356	0.0054708209400061115	0.0	1.0
seed2	severely_unequal	radial_node_size_only	4.0	building_equal	mantel	300	199	0.66	0.604674453304638	0.7112797959035073	0.02	0.6093259430743125	0.12461806876752261	72.0	5.0	32.0	0.8093779046851923	0.5034953703703704	0.6366787246931356	0.0054708209400061115	0.0	1.0
seed2	severely_unequal	radial_node_size_only	4.0	building_equal	nested_max	300	199	0.6833333333333333	0.628659261236736	0.7333716493142638	0.02	0.6093259430743125	0.12461806876752261	72.0	5.0	32.0	0.8093779046851923	0.5034953703703704	0.6366787246931356	0.0054708209400061115	0.0	1.0
seed2	severely_unequal	radial_node_size_only	4.0	building_equal	standardized_max	300	199	0.6866666666666666	0.6320976883026915	0.7365156024401446	0.02	0.6093259430743125	0.12461806876752261	72.0	5.0	32.0	0.8093779046851923	0.5034953703703704	0.6366787246931356	0.0054708209400061115	0.0	1.0
seed2	severely_unequal	radial_node_size_only	4.0	building_equal	cv_retrained	300	199	0.4166666666666667	0.3622760916643604	0.4731644035397305	0.0675	0.6093259430743125	0.12461806876752261	72.0	5.0	32.0	0.8093779046851923	0.5034953703703704	0.6366787246931356	0.0054708209400061115	0.0	1.0
seed2	severely_unequal	radial_node_size_only	4.0	building_equal	cv_standardized	300	199	0.5066666666666667	0.45036683073695566	0.5627979296467172	0.045	0.5864161904501395	0.23776154293920787	72.0	5.0	32.0	0.8093779046851923	0.5034953703703704	0.6366787246931356	0.0054708209400061115	0.0	1.0
seed2	severely_unequal	radial_node_size_only	4.0	sqrt_rooms	profile	300	199	0.6833333333333333	0.628659261236736	0.7333716493142638	0.02	0.6138758891715511	0.10533981310309136	72.0	5.0	32.0	0.8093779046851923	0.5034953703703704	0.6366787246931356	0.0054708209400061115	0.0	1.0
seed2	severely_unequal	radial_node_size_only	4.0	sqrt_rooms	mantel	300	199	0.66	0.604674453304638	0.7112797959035073	0.02	0.6138758891715511	0.10533981310309136	72.0	5.0	32.0	0.8093779046851923	0.5034953703703704	0.6366787246931356	0.0054708209400061115	0.0	1.0
seed2	severely_unequal	radial_node_size_only	4.0	sqrt_rooms	nested_max	300	199	0.6833333333333333	0.628659261236736	0.7333716493142638	0.02	0.6138758891715511	0.10533981310309136	72.0	5.0	32.0	0.8093779046851923	0.5034953703703704	0.6366787246931356	0.0054708209400061115	0.0	1.0
seed2	severely_unequal	radial_node_size_only	4.0	sqrt_rooms	standardized_max	300	199	0.6866666666666666	0.6320976883026915	0.7365156024401446	0.02	0.6138758891715511	0.10533981310309136	72.0	5.0	32.0	0.8093779046851923	0.5034953703703704	0.6366787246931356	0.0054708209400061115	0.0	1.0
seed2	severely_unequal	radial_node_size_only	4.0	sqrt_rooms	cv_retrained	300	199	0.5333333333333333	0.4768149075854061	0.5890088943329576	0.035	0.6138758891715511	0.10533981310309136	72.0	5.0	32.0	0.8093779046851923	0.5034953703703704	0.6366787246931356	0.0054708209400061115	0.0	1.0
seed2	severely_unequal	radial_node_size_only	4.0	sqrt_rooms	cv_standardized	300	199	0.56	0.503422038437878	0.6150608050151765	0.03	0.580901992482124	0.22618209257967756	72.0	5.0	32.0	0.8093779046851923	0.5034953703703704	0.6366787246931356	0.0054708209400061115	0.0	1.0
seed2	severely_unequal	radial_node_size_only	4.0	room_equal	profile	300	199	0.6833333333333333	0.628659261236736	0.7333716493142638	0.02	0.6172549348245017	0.09062737022806083	72.0	5.0	32.0	0.8093779046851923	0.5034953703703704	0.6366787246931356	0.0054708209400061115	0.0	1.0
seed2	severely_unequal	radial_node_size_only	4.0	room_equal	mantel	300	199	0.66	0.604674453304638	0.7112797959035073	0.02	0.6172549348245017	0.09062737022806083	72.0	5.0	32.0	0.8093779046851923	0.5034953703703704	0.6366787246931356	0.0054708209400061115	0.0	1.0
seed2	severely_unequal	radial_node_size_only	4.0	room_equal	nested_max	300	199	0.6833333333333333	0.628659261236736	0.7333716493142638	0.02	0.6172549348245017	0.09062737022806083	72.0	5.0	32.0	0.8093779046851923	0.5034953703703704	0.6366787246931356	0.0054708209400061115	0.0	1.0
seed2	severely_unequal	radial_node_size_only	4.0	room_equal	standardized_max	300	199	0.6866666666666666	0.6320976883026915	0.7365156024401446	0.02	0.6172549348245017	0.09062737022806083	72.0	5.0	32.0	0.8093779046851923	0.5034953703703704	0.6366787246931356	0.0054708209400061115	0.0	1.0
seed2	severely_unequal	radial_node_size_only	4.0	room_equal	cv_retrained	300	199	0.6166666666666667	0.5605031391673366	0.669880167546936	0.025	0.6172549348245017	0.09062737022806083	72.0	5.0	32.0	0.8093779046851923	0.5034953703703704	0.6366787246931356	0.0054708209400061115	0.0	1.0
seed2	severely_unequal	radial_node_size_only	4.0	room_equal	cv_standardized	300	199	0.5533333333333333	0.496755238029873	0.6085628450395089	0.035	0.5762361634668548	0.22102699645287818	72.0	5.0	32.0	0.8093779046851923	0.5034953703703704	0.6366787246931356	0.0054708209400061115	0.0	1.0
seed2	severely_unequal	radial_node_size_only	8.0	building_equal	profile	300	199	0.6833333333333333	0.628659261236736	0.7333716493142638	0.02	0.6787707793242473	0.20066780636289439	72.0	5.0	32.0	0.8093779046851923	0.5034953703703704	0.6366787246931356	0.0054708209400061115	0.0	1.0
seed2	severely_unequal	radial_node_size_only	8.0	building_equal	mantel	300	199	0.66	0.604674453304638	0.7112797959035073	0.02	0.6787707793242473	0.20066780636289439	72.0	5.0	32.0	0.8093779046851923	0.5034953703703704	0.6366787246931356	0.0054708209400061115	0.0	1.0
seed2	severely_unequal	radial_node_size_only	8.0	building_equal	nested_max	300	199	0.6833333333333333	0.628659261236736	0.7333716493142638	0.02	0.6787707793242473	0.20066780636289439	72.0	5.0	32.0	0.8093779046851923	0.5034953703703704	0.6366787246931356	0.0054708209400061115	0.0	1.0
seed2	severely_unequal	radial_node_size_only	8.0	building_equal	standardized_max	300	199	0.6866666666666666	0.6320976883026915	0.7365156024401446	0.02	0.6787707793242473	0.20066780636289439	72.0	5.0	32.0	0.8093779046851923	0.5034953703703704	0.6366787246931356	0.0054708209400061115	0.0	1.0
seed2	severely_unequal	radial_node_size_only	8.0	building_equal	cv_retrained	300	199	0.38333333333333336	0.330119832453064	0.43949686083266337	0.08	0.6787707793242473	0.20066780636289439	72.0	5.0	32.0	0.8093779046851923	0.5034953703703704	0.6366787246931356	0.0054708209400061115	0.0	1.0
seed2	severely_unequal	radial_node_size_only	8.0	building_equal	cv_standardized	300	199	0.47	0.4142588116594049	0.5264997666140677	0.055	0.611570111797135	0.31200870453014773	72.0	5.0	32.0	0.8093779046851923	0.5034953703703704	0.6366787246931356	0.0054708209400061115	0.0	1.0
seed2	severely_unequal	radial_node_size_only	8.0	sqrt_rooms	profile	300	199	0.6833333333333333	0.628659261236736	0.7333716493142638	0.02	0.6931785638448994	0.17268080518902204	72.0	5.0	32.0	0.8093779046851923	0.5034953703703704	0.6366787246931356	0.0054708209400061115	0.0	1.0
seed2	severely_unequal	radial_node_size_only	8.0	sqrt_rooms	mantel	300	199	0.66	0.604674453304638	0.7112797959035073	0.02	0.6931785638448994	0.17268080518902204	72.0	5.0	32.0	0.8093779046851923	0.5034953703703704	0.6366787246931356	0.0054708209400061115	0.0	1.0
seed2	severely_unequal	radial_node_size_only	8.0	sqrt_rooms	nested_max	300	199	0.6833333333333333	0.628659261236736	0.7333716493142638	0.02	0.6931785638448994	0.17268080518902204	72.0	5.0	32.0	0.8093779046851923	0.5034953703703704	0.6366787246931356	0.0054708209400061115	0.0	1.0
seed2	severely_unequal	radial_node_size_only	8.0	sqrt_rooms	standardized_max	300	199	0.6866666666666666	0.6320976883026915	0.7365156024401446	0.02	0.6931785638448994	0.17268080518902204	72.0	5.0	32.0	0.8093779046851923	0.5034953703703704	0.6366787246931356	0.0054708209400061115	0.0	1.0
seed2	severely_unequal	radial_node_size_only	8.0	sqrt_rooms	cv_retrained	300	199	0.5333333333333333	0.4768149075854061	0.5890088943329576	0.035	0.6931785638448994	0.17268080518902204	72.0	5.0	32.0	0.8093779046851923	0.5034953703703704	0.6366787246931356	0.0054708209400061115	0.0	1.0
seed2	severely_unequal	radial_node_size_only	8.0	sqrt_rooms	cv_standardized	300	199	0.5433333333333333	0.48677384505565635	0.5987970974382163	0.037500000000000006	0.6073657706535761	0.3008854455756628	72.0	5.0	32.0	0.8093779046851923	0.5034953703703704	0.6366787246931356	0.0054708209400061115	0.0	1.0
seed2	severely_unequal	radial_node_size_only	8.0	room_equal	profile	300	199	0.6833333333333333	0.628659261236736	0.7333716493142638	0.02	0.7029852076229559	0.14929403978187014	72.0	5.0	32.0	0.8093779046851923	0.5034953703703704	0.6366787246931356	0.0054708209400061115	0.0	1.0
seed2	severely_unequal	radial_node_size_only	8.0	room_equal	mantel	300	199	0.66	0.604674453304638	0.7112797959035073	0.02	0.7029852076229559	0.14929403978187014	72.0	5.0	32.0	0.8093779046851923	0.5034953703703704	0.6366787246931356	0.0054708209400061115	0.0	1.0
seed2	severely_unequal	radial_node_size_only	8.0	room_equal	nested_max	300	199	0.6833333333333333	0.628659261236736	0.7333716493142638	0.02	0.7029852076229559	0.14929403978187014	72.0	5.0	32.0	0.8093779046851923	0.5034953703703704	0.6366787246931356	0.0054708209400061115	0.0	1.0
seed2	severely_unequal	radial_node_size_only	8.0	room_equal	standardized_max	300	199	0.6866666666666666	0.6320976883026915	0.7365156024401446	0.02	0.7029852076229559	0.14929403978187014	72.0	5.0	32.0	0.8093779046851923	0.5034953703703704	0.6366787246931356	0.0054708209400061115	0.0	1.0
seed2	severely_unequal	radial_node_size_only	8.0	room_equal	cv_retrained	300	199	0.6066666666666667	0.5503752712846574	0.6602608948541061	0.025	0.7029852076229559	0.14929403978187014	72.0	5.0	32.0	0.8093779046851923	0.5034953703703704	0.6366787246931356	0.0054708209400061115	0.0	1.0
seed2	severely_unequal	radial_node_size_only	8.0	room_equal	cv_standardized	300	199	0.5433333333333333	0.48677384505565635	0.5987970974382163	0.04	0.6006485737351072	0.29154831802798264	72.0	5.0	32.0	0.8093779046851923	0.5034953703703704	0.6366787246931356	0.0054708209400061115	0.0	1.0
seed2	severely_unequal	radial_node_size_only	16.0	building_equal	profile	300	199	0.6833333333333333	0.628659261236736	0.7333716493142638	0.02	0.7364583858020147	0.2668901747126458	72.0	5.0	32.0	0.8093779046851923	0.5034953703703704	0.6366787246931356	0.0054708209400061115	0.0	1.0
seed2	severely_unequal	radial_node_size_only	16.0	building_equal	mantel	300	199	0.66	0.604674453304638	0.7112797959035073	0.02	0.7364583858020147	0.2668901747126458	72.0	5.0	32.0	0.8093779046851923	0.5034953703703704	0.6366787246931356	0.0054708209400061115	0.0	1.0
seed2	severely_unequal	radial_node_size_only	16.0	building_equal	nested_max	300	199	0.6833333333333333	0.628659261236736	0.7333716493142638	0.02	0.7364583858020147	0.2668901747126458	72.0	5.0	32.0	0.8093779046851923	0.5034953703703704	0.6366787246931356	0.0054708209400061115	0.0	1.0
seed2	severely_unequal	radial_node_size_only	16.0	building_equal	standardized_max	300	199	0.6866666666666666	0.6320976883026915	0.7365156024401446	0.02	0.7364583858020147	0.2668901747126458	72.0	5.0	32.0	0.8093779046851923	0.5034953703703704	0.6366787246931356	0.0054708209400061115	0.0	1.0
seed2	severely_unequal	radial_node_size_only	16.0	building_equal	cv_retrained	300	199	0.37666666666666665	0.3237203650702255	0.4327315678318291	0.095	0.7364583858020147	0.2668901747126458	72.0	5.0	32.0	0.8093779046851923	0.5034953703703704	0.6366787246931356	0.0054708209400061115	0.0	1.0
seed2	severely_unequal	radial_node_size_only	16.0	building_equal	cv_standardized	300	199	0.4533333333333333	0.39794515245358275	0.509901524860708	0.07	0.6217680445350815	0.3539391313629996	72.0	5.0	32.0	0.8093779046851923	0.5034953703703704	0.6366787246931356	0.0054708209400061115	0.0	1.0
seed2	severely_unequal	radial_node_size_only	16.0	sqrt_rooms	profile	300	199	0.6833333333333333	0.628659261236736	0.7333716493142638	0.02	0.7683495632614988	0.23381427347933462	72.0	5.0	32.0	0.8093779046851923	0.5034953703703704	0.6366787246931356	0.0054708209400061115	0.0	1.0
seed2	severely_unequal	radial_node_size_only	16.0	sqrt_rooms	mantel	300	199	0.66	0.604674453304638	0.7112797959035073	0.02	0.7683495632614988	0.23381427347933462	72.0	5.0	32.0	0.8093779046851923	0.5034953703703704	0.6366787246931356	0.0054708209400061115	0.0	1.0
seed2	severely_unequal	radial_node_size_only	16.0	sqrt_rooms	nested_max	300	199	0.6833333333333333	0.628659261236736	0.7333716493142638	0.02	0.7683495632614988	0.23381427347933462	72.0	5.0	32.0	0.8093779046851923	0.5034953703703704	0.6366787246931356	0.0054708209400061115	0.0	1.0
seed2	severely_unequal	radial_node_size_only	16.0	sqrt_rooms	standardized_max	300	199	0.6866666666666666	0.6320976883026915	0.7365156024401446	0.02	0.7683495632614988	0.23381427347933462	72.0	5.0	32.0	0.8093779046851923	0.5034953703703704	0.6366787246931356	0.0054708209400061115	0.0	1.0
seed2	severely_unequal	radial_node_size_only	16.0	sqrt_rooms	cv_retrained	300	199	0.5233333333333333	0.466878323217167	0.5791983381256874	0.042499999999999996	0.7683495632614988	0.23381427347933462	72.0	5.0	32.0	0.8093779046851923	0.5034953703703704	0.6366787246931356	0.0054708209400061115	0.0	1.0
seed2	severely_unequal	radial_node_size_only	16.0	sqrt_rooms	cv_standardized	300	199	0.5166666666666667	0.4602663137927717	0.5726455871664101	0.04	0.620556241625577	0.3459039967456785	72.0	5.0	32.0	0.8093779046851923	0.5034953703703704	0.6366787246931356	0.0054708209400061115	0.0	1.0
seed2	severely_unequal	radial_node_size_only	16.0	room_equal	profile	300	199	0.6833333333333333	0.628659261236736	0.7333716493142638	0.02	0.7908782477651746	0.20148447922527243	72.0	5.0	32.0	0.8093779046851923	0.5034953703703704	0.6366787246931356	0.0054708209400061115	0.0	1.0
seed2	severely_unequal	radial_node_size_only	16.0	room_equal	mantel	300	199	0.66	0.604674453304638	0.7112797959035073	0.02	0.7908782477651746	0.20148447922527243	72.0	5.0	32.0	0.8093779046851923	0.5034953703703704	0.6366787246931356	0.0054708209400061115	0.0	1.0
seed2	severely_unequal	radial_node_size_only	16.0	room_equal	nested_max	300	199	0.6833333333333333	0.628659261236736	0.7333716493142638	0.02	0.7908782477651746	0.20148447922527243	72.0	5.0	32.0	0.8093779046851923	0.5034953703703704	0.6366787246931356	0.0054708209400061115	0.0	1.0
seed2	severely_unequal	radial_node_size_only	16.0	room_equal	standardized_max	300	199	0.6866666666666666	0.6320976883026915	0.7365156024401446	0.02	0.7908782477651746	0.20148447922527243	72.0	5.0	32.0	0.8093779046851923	0.5034953703703704	0.6366787246931356	0.0054708209400061115	0.0	1.0
seed2	severely_unequal	radial_node_size_only	16.0	room_equal	cv_retrained	300	199	0.6066666666666667	0.5503752712846574	0.6602608948541061	0.025	0.7908782477651746	0.20148447922527243	72.0	5.0	32.0	0.8093779046851923	0.5034953703703704	0.6366787246931356	0.0054708209400061115	0.0	1.0
seed2	severely_unequal	radial_node_size_only	16.0	room_equal	cv_standardized	300	199	0.53	0.4735002333859323	0.5857411883405951	0.045	0.6130870366035193	0.3348250678441483	72.0	5.0	32.0	0.8093779046851923	0.5034953703703704	0.6366787246931356	0.0054708209400061115	0.0	1.0
seed2	severely_unequal	radial_node	0.0	building_equal	profile	300	199	0.4533333333333333	0.39794515245358275	0.509901524860708	0.06	0.4999999999999999	5.551115123125783e-17	72.0	5.0	32.0	0.8093779046851923	0.5643981481481481	0.6551228996358694	0.005097565483740825	0.9013550387803082	2.499838456359289
seed2	severely_unequal	radial_node	0.0	building_equal	mantel	300	199	0.43333333333333335	0.3784513181454693	0.48990107801780347	0.07	0.4999999999999999	5.551115123125783e-17	72.0	5.0	32.0	0.8093779046851923	0.5643981481481481	0.6551228996358694	0.005097565483740825	0.9013550387803082	2.499838456359289
seed2	severely_unequal	radial_node	0.0	building_equal	nested_max	300	199	0.4533333333333333	0.39794515245358275	0.509901524860708	0.06	0.4999999999999999	5.551115123125783e-17	72.0	5.0	32.0	0.8093779046851923	0.5643981481481481	0.6551228996358694	0.005097565483740825	0.9013550387803082	2.499838456359289
seed2	severely_unequal	radial_node	0.0	building_equal	standardized_max	300	199	0.44333333333333336	0.38818691756565193	0.4999126191731299	0.06	0.4999999999999999	5.551115123125783e-17	72.0	5.0	32.0	0.8093779046851923	0.5643981481481481	0.6551228996358694	0.005097565483740825	0.9013550387803082	2.499838456359289
seed2	severely_unequal	radial_node	0.0	building_equal	cv_retrained	300	199	0.23	0.18597181807303015	0.28085538638822466	0.17	0.4999999999999999	5.551115123125783e-17	72.0	5.0	32.0	0.8093779046851923	0.5643981481481481	0.6551228996358694	0.005097565483740825	0.9013550387803082	2.499838456359289
seed2	severely_unequal	radial_node	0.0	building_equal	cv_standardized	300	199	0.38333333333333336	0.330119832453064	0.43949686083266337	0.08	0.4999999999999999	5.551115123125783e-17	72.0	5.0	32.0	0.8093779046851923	0.5643981481481481	0.6551228996358694	0.005097565483740825	0.9013550387803082	2.499838456359289
seed2	severely_unequal	radial_node	0.0	sqrt_rooms	profile	300	199	0.4533333333333333	0.39794515245358275	0.509901524860708	0.06	0.5	0.0	72.0	5.0	32.0	0.8093779046851923	0.5643981481481481	0.6551228996358694	0.005097565483740825	0.9013550387803082	2.499838456359289
seed2	severely_unequal	radial_node	0.0	sqrt_rooms	mantel	300	199	0.43333333333333335	0.3784513181454693	0.48990107801780347	0.07	0.5	0.0	72.0	5.0	32.0	0.8093779046851923	0.5643981481481481	0.6551228996358694	0.005097565483740825	0.9013550387803082	2.499838456359289
seed2	severely_unequal	radial_node	0.0	sqrt_rooms	nested_max	300	199	0.4533333333333333	0.39794515245358275	0.509901524860708	0.06	0.5	0.0	72.0	5.0	32.0	0.8093779046851923	0.5643981481481481	0.6551228996358694	0.005097565483740825	0.9013550387803082	2.499838456359289
seed2	severely_unequal	radial_node	0.0	sqrt_rooms	standardized_max	300	199	0.44333333333333336	0.38818691756565193	0.4999126191731299	0.06	0.5	0.0	72.0	5.0	32.0	0.8093779046851923	0.5643981481481481	0.6551228996358694	0.005097565483740825	0.9013550387803082	2.499838456359289
seed2	severely_unequal	radial_node	0.0	sqrt_rooms	cv_retrained	300	199	0.37	0.317331727809741	0.42595544470864083	0.1	0.5	0.0	72.0	5.0	32.0	0.8093779046851923	0.5643981481481481	0.6551228996358694	0.005097565483740825	0.9013550387803082	2.499838456359289
seed2	severely_unequal	radial_node	0.0	sqrt_rooms	cv_standardized	300	199	0.5	0.4437795161339169	0.5562204838660831	0.0475	0.5	0.0	72.0	5.0	32.0	0.8093779046851923	0.5643981481481481	0.6551228996358694	0.005097565483740825	0.9013550387803082	2.499838456359289
seed2	severely_unequal	radial_node	0.0	room_equal	profile	300	199	0.4533333333333333	0.39794515245358275	0.509901524860708	0.06	0.5	0.0	72.0	5.0	32.0	0.8093779046851923	0.5643981481481481	0.6551228996358694	0.005097565483740825	0.9013550387803082	2.499838456359289
seed2	severely_unequal	radial_node	0.0	room_equal	mantel	300	199	0.43333333333333335	0.3784513181454693	0.48990107801780347	0.07	0.5	0.0	72.0	5.0	32.0	0.8093779046851923	0.5643981481481481	0.6551228996358694	0.005097565483740825	0.9013550387803082	2.499838456359289
seed2	severely_unequal	radial_node	0.0	room_equal	nested_max	300	199	0.4533333333333333	0.39794515245358275	0.509901524860708	0.06	0.5	0.0	72.0	5.0	32.0	0.8093779046851923	0.5643981481481481	0.6551228996358694	0.005097565483740825	0.9013550387803082	2.499838456359289
seed2	severely_unequal	radial_node	0.0	room_equal	standardized_max	300	199	0.44333333333333336	0.38818691756565193	0.4999126191731299	0.06	0.5	0.0	72.0	5.0	32.0	0.8093779046851923	0.5643981481481481	0.6551228996358694	0.005097565483740825	0.9013550387803082	2.499838456359289
seed2	severely_unequal	radial_node	0.0	room_equal	cv_retrained	300	199	0.48	0.42407680086272237	0.5364289179862594	0.05	0.5	0.0	72.0	5.0	32.0	0.8093779046851923	0.5643981481481481	0.6551228996358694	0.005097565483740825	0.9013550387803082	2.499838456359289
seed2	severely_unequal	radial_node	0.0	room_equal	cv_standardized	300	199	0.5166666666666667	0.4602663137927717	0.5726455871664101	0.045	0.5	0.0	72.0	5.0	32.0	0.8093779046851923	0.5643981481481481	0.6551228996358694	0.005097565483740825	0.9013550387803082	2.499838456359289
seed2	severely_unequal	radial_node	0.1	building_equal	profile	300	199	0.4533333333333333	0.39794515245358275	0.509901524860708	0.06	0.5001142573884929	0.005080469631322192	72.0	5.0	32.0	0.8093779046851923	0.5643981481481481	0.6551228996358694	0.005097565483740825	0.9013550387803082	2.499838456359289
seed2	severely_unequal	radial_node	0.1	building_equal	mantel	300	199	0.43333333333333335	0.3784513181454693	0.48990107801780347	0.07	0.5001142573884929	0.005080469631322192	72.0	5.0	32.0	0.8093779046851923	0.5643981481481481	0.6551228996358694	0.005097565483740825	0.9013550387803082	2.499838456359289
seed2	severely_unequal	radial_node	0.1	building_equal	nested_max	300	199	0.4533333333333333	0.39794515245358275	0.509901524860708	0.06	0.5001142573884929	0.005080469631322192	72.0	5.0	32.0	0.8093779046851923	0.5643981481481481	0.6551228996358694	0.005097565483740825	0.9013550387803082	2.499838456359289
seed2	severely_unequal	radial_node	0.1	building_equal	standardized_max	300	199	0.44333333333333336	0.38818691756565193	0.4999126191731299	0.06	0.5001142573884929	0.005080469631322192	72.0	5.0	32.0	0.8093779046851923	0.5643981481481481	0.6551228996358694	0.005097565483740825	0.9013550387803082	2.499838456359289
seed2	severely_unequal	radial_node	0.1	building_equal	cv_retrained	300	199	0.22666666666666666	0.18291950380328575	0.2773253204661327	0.17	0.5001142573884929	0.005080469631322192	72.0	5.0	32.0	0.8093779046851923	0.5643981481481481	0.6551228996358694	0.005097565483740825	0.9013550387803082	2.499838456359289
seed2	severely_unequal	radial_node	0.1	building_equal	cv_standardized	300	199	0.38	0.3269187519503734	0.4361155611435176	0.08	0.4960700626638493	0.014023240925628152	72.0	5.0	32.0	0.8093779046851923	0.5643981481481481	0.6551228996358694	0.005097565483740825	0.9013550387803082	2.499838456359289
seed2	severely_unequal	radial_node	0.1	sqrt_rooms	profile	300	199	0.4533333333333333	0.39794515245358275	0.509901524860708	0.06	0.5003723500275987	0.004352372450681677	72.0	5.0	32.0	0.8093779046851923	0.5643981481481481	0.6551228996358694	0.005097565483740825	0.9013550387803082	2.499838456359289
seed2	severely_unequal	radial_node	0.1	sqrt_rooms	mantel	300	199	0.43333333333333335	0.3784513181454693	0.48990107801780347	0.07	0.5003723500275987	0.004352372450681677	72.0	5.0	32.0	0.8093779046851923	0.5643981481481481	0.6551228996358694	0.005097565483740825	0.9013550387803082	2.499838456359289
seed2	severely_unequal	radial_node	0.1	sqrt_rooms	nested_max	300	199	0.4533333333333333	0.39794515245358275	0.509901524860708	0.06	0.5003723500275987	0.004352372450681677	72.0	5.0	32.0	0.8093779046851923	0.5643981481481481	0.6551228996358694	0.005097565483740825	0.9013550387803082	2.499838456359289
seed2	severely_unequal	radial_node	0.1	sqrt_rooms	standardized_max	300	199	0.44333333333333336	0.38818691756565193	0.4999126191731299	0.06	0.5003723500275987	0.004352372450681677	72.0	5.0	32.0	0.8093779046851923	0.5643981481481481	0.6551228996358694	0.005097565483740825	0.9013550387803082	2.499838456359289
seed2	severely_unequal	radial_node	0.1	sqrt_rooms	cv_retrained	300	199	0.37333333333333335	0.32052468559554903	0.42934486711466924	0.0975	0.5003723500275987	0.004352372450681677	72.0	5.0	32.0	0.8093779046851923	0.5643981481481481	0.6551228996358694	0.005097565483740825	0.9013550387803082	2.499838456359289
seed2	severely_unequal	radial_node	0.1	sqrt_rooms	cv_standardized	300	199	0.5033333333333333	0.44707193979203275	0.5595104403998036	0.045	0.49566050291930147	0.013494437870568166	72.0	5.0	32.0	0.8093779046851923	0.5643981481481481	0.6551228996358694	0.005097565483740825	0.9013550387803082	2.499838456359289
seed2	severely_unequal	radial_node	0.1	room_equal	profile	300	199	0.4533333333333333	0.39794515245358275	0.509901524860708	0.06	0.5005813535668957	0.0038266901148249024	72.0	5.0	32.0	0.8093779046851923	0.5643981481481481	0.6551228996358694	0.005097565483740825	0.9013550387803082	2.499838456359289
seed2	severely_unequal	radial_node	0.1	room_equal	mantel	300	199	0.43333333333333335	0.3784513181454693	0.48990107801780347	0.07	0.5005813535668957	0.0038266901148249024	72.0	5.0	32.0	0.8093779046851923	0.5643981481481481	0.6551228996358694	0.005097565483740825	0.9013550387803082	2.499838456359289
seed2	severely_unequal	radial_node	0.1	room_equal	nested_max	300	199	0.4533333333333333	0.39794515245358275	0.509901524860708	0.06	0.5005813535668957	0.0038266901148249024	72.0	5.0	32.0	0.8093779046851923	0.5643981481481481	0.6551228996358694	0.005097565483740825	0.9013550387803082	2.499838456359289
seed2	severely_unequal	radial_node	0.1	room_equal	standardized_max	300	199	0.44333333333333336	0.38818691756565193	0.4999126191731299	0.06	0.5005813535668957	0.0038266901148249024	72.0	5.0	32.0	0.8093779046851923	0.5643981481481481	0.6551228996358694	0.005097565483740825	0.9013550387803082	2.499838456359289
seed2	severely_unequal	radial_node	0.1	room_equal	cv_retrained	300	199	0.4766666666666667	0.42080166187431245	0.533121676782833	0.05	0.5005813535668957	0.0038266901148249024	72.0	5.0	32.0	0.8093779046851923	0.5643981481481481	0.6551228996358694	0.005097565483740825	0.9013550387803082	2.499838456359289
seed2	severely_unequal	radial_node	0.1	room_equal	cv_standardized	300	199	0.5166666666666667	0.4602663137927717	0.5726455871664101	0.045	0.4953173526806926	0.013461670588228699	72.0	5.0	32.0	0.8093779046851923	0.5643981481481481	0.6551228996358694	0.005097565483740825	0.9013550387803082	2.499838456359289
seed2	severely_unequal	radial_node	0.25	building_equal	profile	300	199	0.4533333333333333	0.39794515245358275	0.509901524860708	0.06	0.50028748520004	0.01269153815148346	72.0	5.0	32.0	0.8093779046851923	0.5643981481481481	0.6551228996358694	0.005097565483740825	0.9013550387803082	2.499838456359289
seed2	severely_unequal	radial_node	0.25	building_equal	mantel	300	199	0.43333333333333335	0.3784513181454693	0.48990107801780347	0.07	0.50028748520004	0.01269153815148346	72.0	5.0	32.0	0.8093779046851923	0.5643981481481481	0.6551228996358694	0.005097565483740825	0.9013550387803082	2.499838456359289
seed2	severely_unequal	radial_node	0.25	building_equal	nested_max	300	199	0.4533333333333333	0.39794515245358275	0.509901524860708	0.06	0.50028748520004	0.01269153815148346	72.0	5.0	32.0	0.8093779046851923	0.5643981481481481	0.6551228996358694	0.005097565483740825	0.9013550387803082	2.499838456359289
seed2	severely_unequal	radial_node	0.25	building_equal	standardized_max	300	199	0.44333333333333336	0.38818691756565193	0.4999126191731299	0.06	0.50028748520004	0.01269153815148346	72.0	5.0	32.0	0.8093779046851923	0.5643981481481481	0.6551228996358694	0.005097565483740825	0.9013550387803082	2.499838456359289
seed2	severely_unequal	radial_node	0.25	building_equal	cv_retrained	300	199	0.22666666666666666	0.18291950380328575	0.2773253204661327	0.17	0.50028748520004	0.01269153815148346	72.0	5.0	32.0	0.8093779046851923	0.5643981481481481	0.6551228996358694	0.005097565483740825	0.9013550387803082	2.499838456359289
seed2	severely_unequal	radial_node	0.25	building_equal	cv_standardized	300	199	0.38333333333333336	0.330119832453064	0.43949686083266337	0.08	0.4902528661597979	0.03483283131894365	72.0	5.0	32.0	0.8093779046851923	0.5643981481481481	0.6551228996358694	0.005097565483740825	0.9013550387803082	2.499838456359289
seed2	severely_unequal	radial_node	0.25	sqrt_rooms	profile	300	199	0.4533333333333333	0.39794515245358275	0.509901524860708	0.06	0.5009315556364182	0.010875273391872043	72.0	5.0	32.0	0.8093779046851923	0.5643981481481481	0.6551228996358694	0.005097565483740825	0.9013550387803082	2.499838456359289
seed2	severely_unequal	radial_node	0.25	sqrt_rooms	mantel	300	199	0.43333333333333335	0.3784513181454693	0.48990107801780347	0.07	0.5009315556364182	0.010875273391872043	72.0	5.0	32.0	0.8093779046851923	0.5643981481481481	0.6551228996358694	0.005097565483740825	0.9013550387803082	2.499838456359289
seed2	severely_unequal	radial_node	0.25	sqrt_rooms	nested_max	300	199	0.4533333333333333	0.39794515245358275	0.509901524860708	0.06	0.5009315556364182	0.010875273391872043	72.0	5.0	32.0	0.8093779046851923	0.5643981481481481	0.6551228996358694	0.005097565483740825	0.9013550387803082	2.499838456359289
seed2	severely_unequal	radial_node	0.25	sqrt_rooms	standardized_max	300	199	0.44333333333333336	0.38818691756565193	0.4999126191731299	0.06	0.5009315556364182	0.010875273391872043	72.0	5.0	32.0	0.8093779046851923	0.5643981481481481	0.6551228996358694	0.005097565483740825	0.9013550387803082	2.499838456359289
seed2	severely_unequal	radial_node	0.25	sqrt_rooms	cv_retrained	300	199	0.36666666666666664	0.3141415065082282	0.4225632858183173	0.0975	0.5009315556364182	0.010875273391872043	72.0	5.0	32.0	0.8093779046851923	0.5643981481481481	0.6551228996358694	0.005097565483740825	0.9013550387803082	2.499838456359289
seed2	severely_unequal	radial_node	0.25	sqrt_rooms	cv_standardized	300	199	0.5	0.4437795161339169	0.5562204838660831	0.0475	0.4892245243897252	0.03353229063613956	72.0	5.0	32.0	0.8093779046851923	0.5643981481481481	0.6551228996358694	0.005097565483740825	0.9013550387803082	2.499838456359289
seed2	severely_unequal	radial_node	0.25	room_equal	profile	300	199	0.4533333333333333	0.39794515245358275	0.509901524860708	0.06	0.5014535682341772	0.0095628145879069	72.0	5.0	32.0	0.8093779046851923	0.5643981481481481	0.6551228996358694	0.005097565483740825	0.9013550387803082	2.499838456359289
seed2	severely_unequal	radial_node	0.25	room_equal	mantel	300	199	0.43333333333333335	0.3784513181454693	0.48990107801780347	0.07	0.5014535682341772	0.0095628145879069	72.0	5.0	32.0	0.8093779046851923	0.5643981481481481	0.6551228996358694	0.005097565483740825	0.9013550387803082	2.499838456359289
seed2	severely_unequal	radial_node	0.25	room_equal	nested_max	300	199	0.4533333333333333	0.39794515245358275	0.509901524860708	0.06	0.5014535682341772	0.0095628145879069	72.0	5.0	32.0	0.8093779046851923	0.5643981481481481	0.6551228996358694	0.005097565483740825	0.9013550387803082	2.499838456359289
seed2	severely_unequal	radial_node	0.25	room_equal	standardized_max	300	199	0.44333333333333336	0.38818691756565193	0.4999126191731299	0.06	0.5014535682341772	0.0095628145879069	72.0	5.0	32.0	0.8093779046851923	0.5643981481481481	0.6551228996358694	0.005097565483740825	0.9013550387803082	2.499838456359289
seed2	severely_unequal	radial_node	0.25	room_equal	cv_retrained	300	199	0.48333333333333334	0.4273544128335898	0.5397336862072283	0.05	0.5014535682341772	0.0095628145879069	72.0	5.0	32.0	0.8093779046851923	0.5643981481481481	0.6551228996358694	0.005097565483740825	0.9013550387803082	2.499838456359289
seed2	severely_unequal	radial_node	0.25	room_equal	cv_standardized	300	199	0.5166666666666667	0.4602663137927717	0.5726455871664101	0.045	0.48838428769481446	0.033414762094916894	72.0	5.0	32.0	0.8093779046851923	0.5643981481481481	0.6551228996358694	0.005097565483740825	0.9013550387803082	2.499838456359289
seed2	severely_unequal	radial_node	0.5	building_equal	profile	300	199	0.4533333333333333	0.39794515245358275	0.509901524860708	0.06	0.5005879474059011	0.025315016922105377	72.0	5.0	32.0	0.8093779046851923	0.5643981481481481	0.6551228996358694	0.005097565483740825	0.9013550387803082	2.499838456359289
seed2	severely_unequal	radial_node	0.5	building_equal	mantel	300	199	0.43333333333333335	0.3784513181454693	0.48990107801780347	0.07	0.5005879474059011	0.025315016922105377	72.0	5.0	32.0	0.8093779046851923	0.5643981481481481	0.6551228996358694	0.005097565483740825	0.9013550387803082	2.499838456359289
seed2	severely_unequal	radial_node	0.5	building_equal	nested_max	300	199	0.4533333333333333	0.39794515245358275	0.509901524860708	0.06	0.5005879474059011	0.025315016922105377	72.0	5.0	32.0	0.8093779046851923	0.5643981481481481	0.6551228996358694	0.005097565483740825	0.9013550387803082	2.499838456359289
seed2	severely_unequal	radial_node	0.5	building_equal	standardized_max	300	199	0.44333333333333336	0.38818691756565193	0.4999126191731299	0.06	0.5005879474059011	0.025315016922105377	72.0	5.0	32.0	0.8093779046851923	0.5643981481481481	0.6551228996358694	0.005097565483740825	0.9013550387803082	2.499838456359289
seed2	severely_unequal	radial_node	0.5	building_equal	cv_retrained	300	199	0.22666666666666666	0.18291950380328575	0.2773253204661327	0.165	0.5005879474059011	0.025315016922105377	72.0	5.0	32.0	0.8093779046851923	0.5643981481481481	0.6551228996358694	0.005097565483740825	0.9013550387803082	2.499838456359289
seed2	severely_unequal	radial_node	0.5	building_equal	cv_standardized	300	199	0.38666666666666666	0.3333235932848012	0.44287548019276246	0.0775	0.4810251454592277	0.06817645521560549	72.0	5.0	32.0	0.8093779046851923	0.5643981481481481	0.6551228996358694	0.005097565483740825	0.9013550387803082	2.499838456359289
seed2	severely_unequal	radial_node	0.5	sqrt_rooms	profile	300	199	0.4533333333333333	0.39794515245358275	0.509901524860708	0.06	0.5018679142685847	0.021710408805664612	72.0	5.0	32.0	0.8093779046851923	0.5643981481481481	0.6551228996358694	0.005097565483740825	0.9013550387803082	2.499838456359289
seed2	severely_unequal	radial_node	0.5	sqrt_rooms	mantel	300	199	0.43333333333333335	0.3784513181454693	0.48990107801780347	0.07	0.5018679142685847	0.021710408805664612	72.0	5.0	32.0	0.8093779046851923	0.5643981481481481	0.6551228996358694	0.005097565483740825	0.9013550387803082	2.499838456359289
seed2	severely_unequal	radial_node	0.5	sqrt_rooms	nested_max	300	199	0.4533333333333333	0.39794515245358275	0.509901524860708	0.06	0.5018679142685847	0.021710408805664612	72.0	5.0	32.0	0.8093779046851923	0.5643981481481481	0.6551228996358694	0.005097565483740825	0.9013550387803082	2.499838456359289
seed2	severely_unequal	radial_node	0.5	sqrt_rooms	standardized_max	300	199	0.44333333333333336	0.38818691756565193	0.4999126191731299	0.06	0.5018679142685847	0.021710408805664612	72.0	5.0	32.0	0.8093779046851923	0.5643981481481481	0.6551228996358694	0.005097565483740825	0.9013550387803082	2.499838456359289
seed2	severely_unequal	radial_node	0.5	sqrt_rooms	cv_retrained	300	199	0.37333333333333335	0.32052468559554903	0.42934486711466924	0.095	0.5018679142685847	0.021710408805664612	72.0	5.0	32.0	0.8093779046851923	0.5643981481481481	0.6551228996358694	0.005097565483740825	0.9013550387803082	2.499838456359289
seed2	severely_unequal	radial_node	0.5	sqrt_rooms	cv_standardized	300	199	0.48333333333333334	0.4273544128335898	0.5397336862072283	0.05	0.4789428401383185	0.0657016421353502	72.0	5.0	32.0	0.8093779046851923	0.5643981481481481	0.6551228996358694	0.005097565483740825	0.9013550387803082	2.499838456359289
seed2	severely_unequal	radial_node	0.5	room_equal	profile	300	199	0.4533333333333333	0.39794515245358275	0.509901524860708	0.06	0.5029084303510558	0.01909782378188105	72.0	5.0	32.0	0.8093779046851923	0.5643981481481481	0.6551228996358694	0.005097565483740825	0.9013550387803082	2.499838456359289
seed2	severely_unequal	radial_node	0.5	room_equal	mantel	300	199	0.43333333333333335	0.3784513181454693	0.48990107801780347	0.07	0.5029084303510558	0.01909782378188105	72.0	5.0	32.0	0.8093779046851923	0.5643981481481481	0.6551228996358694	0.005097565483740825	0.9013550387803082	2.499838456359289
seed2	severely_unequal	radial_node	0.5	room_equal	nested_max	300	199	0.4533333333333333	0.39794515245358275	0.509901524860708	0.06	0.5029084303510558	0.01909782378188105	72.0	5.0	32.0	0.8093779046851923	0.5643981481481481	0.6551228996358694	0.005097565483740825	0.9013550387803082	2.499838456359289
seed2	severely_unequal	radial_node	0.5	room_equal	standardized_max	300	199	0.44333333333333336	0.38818691756565193	0.4999126191731299	0.06	0.5029084303510558	0.01909782378188105	72.0	5.0	32.0	0.8093779046851923	0.5643981481481481	0.6551228996358694	0.005097565483740825	0.9013550387803082	2.499838456359289
seed2	severely_unequal	radial_node	0.5	room_equal	cv_retrained	300	199	0.4766666666666667	0.42080166187431245	0.533121676782833	0.05	0.5029084303510558	0.01909782378188105	72.0	5.0	32.0	0.8093779046851923	0.5643981481481481	0.6551228996358694	0.005097565483740825	0.9013550387803082	2.499838456359289
seed2	severely_unequal	radial_node	0.5	room_equal	cv_standardized	300	199	0.5233333333333333	0.466878323217167	0.5791983381256874	0.045	0.47737483590675645	0.06525226703276814	72.0	5.0	32.0	0.8093779046851923	0.5643981481481481	0.6551228996358694	0.005097565483740825	0.9013550387803082	2.499838456359289
seed2	severely_unequal	radial_node	1.0	building_equal	profile	300	199	0.4533333333333333	0.39794515245358275	0.509901524860708	0.06	0.5012744886007925	0.05010785778703042	72.0	5.0	32.0	0.8093779046851923	0.5643981481481481	0.6551228996358694	0.005097565483740825	0.9013550387803082	2.499838456359289
seed2	severely_unequal	radial_node	1.0	building_equal	mantel	300	199	0.43333333333333335	0.3784513181454693	0.48990107801780347	0.07	0.5012744886007925	0.05010785778703042	72.0	5.0	32.0	0.8093779046851923	0.5643981481481481	0.6551228996358694	0.005097565483740825	0.9013550387803082	2.499838456359289
seed2	severely_unequal	radial_node	1.0	building_equal	nested_max	300	199	0.4533333333333333	0.39794515245358275	0.509901524860708	0.06	0.5012744886007925	0.05010785778703042	72.0	5.0	32.0	0.8093779046851923	0.5643981481481481	0.6551228996358694	0.005097565483740825	0.9013550387803082	2.499838456359289
seed2	severely_unequal	radial_node	1.0	building_equal	standardized_max	300	199	0.44333333333333336	0.38818691756565193	0.4999126191731299	0.06	0.5012744886007925	0.05010785778703042	72.0	5.0	32.0	0.8093779046851923	0.5643981481481481	0.6551228996358694	0.005097565483740825	0.9013550387803082	2.499838456359289
seed2	severely_unequal	radial_node	1.0	building_equal	cv_retrained	300	199	0.23	0.18597181807303015	0.28085538638822466	0.165	0.5012744886007925	0.05010785778703042	72.0	5.0	32.0	0.8093779046851923	0.5643981481481481	0.6551228996358694	0.005097565483740825	0.9013550387803082	2.499838456359289
seed2	severely_unequal	radial_node	1.0	building_equal	cv_standardized	300	199	0.38	0.3269187519503734	0.4361155611435176	0.0825	0.46539958883588384	0.1269647662313456	72.0	5.0	32.0	0.8093779046851923	0.5643981481481481	0.6551228996358694	0.005097565483740825	0.9013550387803082	2.499838456359289
seed2	severely_unequal	radial_node	1.0	sqrt_rooms	profile	300	199	0.4533333333333333	0.39794515245358275	0.509901524860708	0.06	0.5037725093414761	0.04310792721766053	72.0	5.0	32.0	0.8093779046851923	0.5643981481481481	0.6551228996358694	0.005097565483740825	0.9013550387803082	2.499838456359289
seed2	severely_unequal	radial_node	1.0	sqrt_rooms	mantel	300	199	0.43333333333333335	0.3784513181454693	0.48990107801780347	0.07	0.5037725093414761	0.04310792721766053	72.0	5.0	32.0	0.8093779046851923	0.5643981481481481	0.6551228996358694	0.005097565483740825	0.9013550387803082	2.499838456359289
seed2	severely_unequal	radial_node	1.0	sqrt_rooms	nested_max	300	199	0.4533333333333333	0.39794515245358275	0.509901524860708	0.06	0.5037725093414761	0.04310792721766053	72.0	5.0	32.0	0.8093779046851923	0.5643981481481481	0.6551228996358694	0.005097565483740825	0.9013550387803082	2.499838456359289
seed2	severely_unequal	radial_node	1.0	sqrt_rooms	standardized_max	300	199	0.44333333333333336	0.38818691756565193	0.4999126191731299	0.06	0.5037725093414761	0.04310792721766053	72.0	5.0	32.0	0.8093779046851923	0.5643981481481481	0.6551228996358694	0.005097565483740825	0.9013550387803082	2.499838456359289
seed2	severely_unequal	radial_node	1.0	sqrt_rooms	cv_retrained	300	199	0.36666666666666664	0.3141415065082282	0.4225632858183173	0.0975	0.5037725093414761	0.04310792721766053	72.0	5.0	32.0	0.8093779046851923	0.5643981481481481	0.6551228996358694	0.005097565483740825	0.9013550387803082	2.499838456359289
seed2	severely_unequal	radial_node	1.0	sqrt_rooms	cv_standardized	300	199	0.4766666666666667	0.42080166187431245	0.533121676782833	0.05	0.4611367814125619	0.1226091758426253	72.0	5.0	32.0	0.8093779046851923	0.5643981481481481	0.6551228996358694	0.005097565483740825	0.9013550387803082	2.499838456359289
seed2	severely_unequal	radial_node	1.0	room_equal	profile	300	199	0.4533333333333333	0.39794515245358275	0.509901524860708	0.06	0.5058265257957117	0.03797710580585002	72.0	5.0	32.0	0.8093779046851923	0.5643981481481481	0.6551228996358694	0.005097565483740825	0.9013550387803082	2.499838456359289
seed2	severely_unequal	radial_node	1.0	room_equal	mantel	300	199	0.43333333333333335	0.3784513181454693	0.48990107801780347	0.07	0.5058265257957117	0.03797710580585002	72.0	5.0	32.0	0.8093779046851923	0.5643981481481481	0.6551228996358694	0.005097565483740825	0.9013550387803082	2.499838456359289
seed2	severely_unequal	radial_node	1.0	room_equal	nested_max	300	199	0.4533333333333333	0.39794515245358275	0.509901524860708	0.06	0.5058265257957117	0.03797710580585002	72.0	5.0	32.0	0.8093779046851923	0.5643981481481481	0.6551228996358694	0.005097565483740825	0.9013550387803082	2.499838456359289
seed2	severely_unequal	radial_node	1.0	room_equal	standardized_max	300	199	0.44333333333333336	0.38818691756565193	0.4999126191731299	0.06	0.5058265257957117	0.03797710580585002	72.0	5.0	32.0	0.8093779046851923	0.5643981481481481	0.6551228996358694	0.005097565483740825	0.9013550387803082	2.499838456359289
seed2	severely_unequal	radial_node	1.0	room_equal	cv_retrained	300	199	0.47333333333333333	0.4175289979894712	0.5298119604758378	0.055	0.5058265257957117	0.03797710580585002	72.0	5.0	32.0	0.8093779046851923	0.5643981481481481	0.6551228996358694	0.005097565483740825	0.9013550387803082	2.499838456359289
seed2	severely_unequal	radial_node	1.0	room_equal	cv_standardized	300	199	0.5066666666666667	0.45036683073695566	0.5627979296467172	0.045	0.4586360934540457	0.1206834319715853	72.0	5.0	32.0	0.8093779046851923	0.5643981481481481	0.6551228996358694	0.005097565483740825	0.9013550387803082	2.499838456359289
seed2	severely_unequal	radial_node	2.0	building_equal	profile	300	199	0.4533333333333333	0.39794515245358275	0.509901524860708	0.06	0.503204162368042	0.09659236105802012	72.0	5.0	32.0	0.8093779046851923	0.5643981481481481	0.6551228996358694	0.005097565483740825	0.9013550387803082	2.499838456359289
seed2	severely_unequal	radial_node	2.0	building_equal	mantel	300	199	0.43333333333333335	0.3784513181454693	0.48990107801780347	0.07	0.503204162368042	0.09659236105802012	72.0	5.0	32.0	0.8093779046851923	0.5643981481481481	0.6551228996358694	0.005097565483740825	0.9013550387803082	2.499838456359289
seed2	severely_unequal	radial_node	2.0	building_equal	nested_max	300	199	0.4533333333333333	0.39794515245358275	0.509901524860708	0.06	0.503204162368042	0.09659236105802012	72.0	5.0	32.0	0.8093779046851923	0.5643981481481481	0.6551228996358694	0.005097565483740825	0.9013550387803082	2.499838456359289
seed2	severely_unequal	radial_node	2.0	building_equal	standardized_max	300	199	0.44333333333333336	0.38818691756565193	0.4999126191731299	0.06	0.503204162368042	0.09659236105802012	72.0	5.0	32.0	0.8093779046851923	0.5643981481481481	0.6551228996358694	0.005097565483740825	0.9013550387803082	2.499838456359289
seed2	severely_unequal	radial_node	2.0	building_equal	cv_retrained	300	199	0.21666666666666667	0.1737878350698321	0.2667098486240773	0.175	0.503204162368042	0.09659236105802012	72.0	5.0	32.0	0.8093779046851923	0.5643981481481481	0.6551228996358694	0.005097565483740825	0.9013550387803082	2.499838456359289
seed2	severely_unequal	radial_node	2.0	building_equal	cv_standardized	300	199	0.36	0.30776933517318583	0.4157706967696869	0.095	0.4460222219707056	0.21144469628722573	72.0	5.0	32.0	0.8093779046851923	0.5643981481481481	0.6551228996358694	0.005097565483740825	0.9013550387803082	2.499838456359289
seed2	severely_unequal	radial_node	2.0	sqrt_rooms	profile	300	199	0.4533333333333333	0.39794515245358275	0.509901524860708	0.06	0.5077908014973762	0.0839375145116007	72.0	5.0	32.0	0.8093779046851923	0.5643981481481481	0.6551228996358694	0.005097565483740825	0.9013550387803082	2.499838456359289
seed2	severely_unequal	radial_node	2.0	sqrt_rooms	mantel	300	199	0.43333333333333335	0.3784513181454693	0.48990107801780347	0.07	0.5077908014973762	0.0839375145116007	72.0	5.0	32.0	0.8093779046851923	0.5643981481481481	0.6551228996358694	0.005097565483740825	0.9013550387803082	2.499838456359289
seed2	severely_unequal	radial_node	2.0	sqrt_rooms	nested_max	300	199	0.4533333333333333	0.39794515245358275	0.509901524860708	0.06	0.5077908014973762	0.0839375145116007	72.0	5.0	32.0	0.8093779046851923	0.5643981481481481	0.6551228996358694	0.005097565483740825	0.9013550387803082	2.499838456359289
seed2	severely_unequal	radial_node	2.0	sqrt_rooms	standardized_max	300	199	0.44333333333333336	0.38818691756565193	0.4999126191731299	0.06	0.5077908014973762	0.0839375145116007	72.0	5.0	32.0	0.8093779046851923	0.5643981481481481	0.6551228996358694	0.005097565483740825	0.9013550387803082	2.499838456359289
seed2	severely_unequal	radial_node	2.0	sqrt_rooms	cv_retrained	300	199	0.36	0.30776933517318583	0.4157706967696869	0.10250000000000001	0.5077908014973762	0.0839375145116007	72.0	5.0	32.0	0.8093779046851923	0.5643981481481481	0.6551228996358694	0.005097565483740825	0.9013550387803082	2.499838456359289
seed2	severely_unequal	radial_node	2.0	sqrt_rooms	cv_standardized	300	199	0.47	0.4142588116594049	0.5264997666140677	0.055	0.43762661014010196	0.2045719858525287	72.0	5.0	32.0	0.8093779046851923	0.5643981481481481	0.6551228996358694	0.005097565483740825	0.9013550387803082	2.499838456359289
seed2	severely_unequal	radial_node	2.0	room_equal	profile	300	199	0.4533333333333333	0.39794515245358275	0.509901524860708	0.06	0.5117109550374724	0.07431893772518014	72.0	5.0	32.0	0.8093779046851923	0.5643981481481481	0.6551228996358694	0.005097565483740825	0.9013550387803082	2.499838456359289
seed2	severely_unequal	radial_node	2.0	room_equal	mantel	300	199	0.43333333333333335	0.3784513181454693	0.48990107801780347	0.07	0.5117109550374724	0.07431893772518014	72.0	5.0	32.0	0.8093779046851923	0.5643981481481481	0.6551228996358694	0.005097565483740825	0.9013550387803082	2.499838456359289
seed2	severely_unequal	radial_node	2.0	room_equal	nested_max	300	199	0.4533333333333333	0.39794515245358275	0.509901524860708	0.06	0.5117109550374724	0.07431893772518014	72.0	5.0	32.0	0.8093779046851923	0.5643981481481481	0.6551228996358694	0.005097565483740825	0.9013550387803082	2.499838456359289
seed2	severely_unequal	radial_node	2.0	room_equal	standardized_max	300	199	0.44333333333333336	0.38818691756565193	0.4999126191731299	0.06	0.5117109550374724	0.07431893772518014	72.0	5.0	32.0	0.8093779046851923	0.5643981481481481	0.6551228996358694	0.005097565483740825	0.9013550387803082	2.499838456359289
seed2	severely_unequal	radial_node	2.0	room_equal	cv_retrained	300	199	0.4633333333333333	0.4077258831288866	0.5198679347609133	0.055	0.5117109550374724	0.07431893772518014	72.0	5.0	32.0	0.8093779046851923	0.5643981481481481	0.6551228996358694	0.005097565483740825	0.9013550387803082	2.499838456359289
seed2	severely_unequal	radial_node	2.0	room_equal	cv_standardized	300	199	0.5033333333333333	0.44707193979203275	0.5595104403998036	0.045	0.43481268738403295	0.1982684800458048	72.0	5.0	32.0	0.8093779046851923	0.5643981481481481	0.6551228996358694	0.005097565483740825	0.9013550387803082	2.499838456359289
seed2	severely_unequal	radial_node	4.0	building_equal	profile	300	199	0.4533333333333333	0.39794515245358275	0.509901524860708	0.06	0.5093861634434019	0.17327351192417464	72.0	5.0	32.0	0.8093779046851923	0.5643981481481481	0.6551228996358694	0.005097565483740825	0.9013550387803082	2.499838456359289
seed2	severely_unequal	radial_node	4.0	building_equal	mantel	300	199	0.43333333333333335	0.3784513181454693	0.48990107801780347	0.07	0.5093861634434019	0.17327351192417464	72.0	5.0	32.0	0.8093779046851923	0.5643981481481481	0.6551228996358694	0.005097565483740825	0.9013550387803082	2.499838456359289
seed2	severely_unequal	radial_node	4.0	building_equal	nested_max	300	199	0.4533333333333333	0.39794515245358275	0.509901524860708	0.06	0.5093861634434019	0.17327351192417464	72.0	5.0	32.0	0.8093779046851923	0.5643981481481481	0.6551228996358694	0.005097565483740825	0.9013550387803082	2.499838456359289
seed2	severely_unequal	radial_node	4.0	building_equal	standardized_max	300	199	0.44333333333333336	0.38818691756565193	0.4999126191731299	0.06	0.5093861634434019	0.17327351192417464	72.0	5.0	32.0	0.8093779046851923	0.5643981481481481	0.6551228996358694	0.005097565483740825	0.9013550387803082	2.499838456359289
seed2	severely_unequal	radial_node	4.0	building_equal	cv_retrained	300	199	0.21666666666666667	0.1737878350698321	0.2667098486240773	0.1775	0.5093861634434019	0.17327351192417464	72.0	5.0	32.0	0.8093779046851923	0.5643981481481481	0.6551228996358694	0.005097565483740825	0.9013550387803082	2.499838456359289
seed2	severely_unequal	radial_node	4.0	building_equal	cv_standardized	300	199	0.35	0.29823200252235404	0.4055608888450096	0.105	0.4325407899830888	0.2991522620016849	72.0	5.0	32.0	0.8093779046851923	0.5643981481481481	0.6551228996358694	0.005097565483740825	0.9013550387803082	2.499838456359289
seed2	severely_unequal	radial_node	4.0	sqrt_rooms	profile	300	199	0.4533333333333333	0.39794515245358275	0.509901524860708	0.06	0.5166292929346473	0.15413261253967772	72.0	5.0	32.0	0.8093779046851923	0.5643981481481481	0.6551228996358694	0.005097565483740825	0.9013550387803082	2.499838456359289
seed2	severely_unequal	radial_node	4.0	sqrt_rooms	mantel	300	199	0.43333333333333335	0.3784513181454693	0.48990107801780347	0.07	0.5166292929346473	0.15413261253967772	72.0	5.0	32.0	0.8093779046851923	0.5643981481481481	0.6551228996358694	0.005097565483740825	0.9013550387803082	2.499838456359289
seed2	severely_unequal	radial_node	4.0	sqrt_rooms	nested_max	300	199	0.4533333333333333	0.39794515245358275	0.509901524860708	0.06	0.5166292929346473	0.15413261253967772	72.0	5.0	32.0	0.8093779046851923	0.5643981481481481	0.6551228996358694	0.005097565483740825	0.9013550387803082	2.499838456359289
seed2	severely_unequal	radial_node	4.0	sqrt_rooms	standardized_max	300	199	0.44333333333333336	0.38818691756565193	0.4999126191731299	0.06	0.5166292929346473	0.15413261253967772	72.0	5.0	32.0	0.8093779046851923	0.5643981481481481	0.6551228996358694	0.005097565483740825	0.9013550387803082	2.499838456359289
seed2	severely_unequal	radial_node	4.0	sqrt_rooms	cv_retrained	300	199	0.32	0.2697753585604896	0.3747761110803469	0.105	0.5166292929346473	0.15413261253967772	72.0	5.0	32.0	0.8093779046851923	0.5643981481481481	0.6551228996358694	0.005097565483740825	0.9013550387803082	2.499838456359289
seed2	severely_unequal	radial_node	4.0	sqrt_rooms	cv_standardized	300	199	0.44666666666666666	0.39143715496049114	0.503244761970127	0.06	0.41864307888067603	0.28980133391007856	72.0	5.0	32.0	0.8093779046851923	0.5643981481481481	0.6551228996358694	0.005097565483740825	0.9013550387803082	2.499838456359289
seed2	severely_unequal	radial_node	4.0	room_equal	profile	300	199	0.4533333333333333	0.39794515245358275	0.509901524860708	0.06	0.5234810335323878	0.13815235329864817	72.0	5.0	32.0	0.8093779046851923	0.5643981481481481	0.6551228996358694	0.005097565483740825	0.9013550387803082	2.499838456359289
seed2	severely_unequal	radial_node	4.0	room_equal	mantel	300	199	0.43333333333333335	0.3784513181454693	0.48990107801780347	0.07	0.5234810335323878	0.13815235329864817	72.0	5.0	32.0	0.8093779046851923	0.5643981481481481	0.6551228996358694	0.005097565483740825	0.9013550387803082	2.499838456359289
seed2	severely_unequal	radial_node	4.0	room_equal	nested_max	300	199	0.4533333333333333	0.39794515245358275	0.509901524860708	0.06	0.5234810335323878	0.13815235329864817	72.0	5.0	32.0	0.8093779046851923	0.5643981481481481	0.6551228996358694	0.005097565483740825	0.9013550387803082	2.499838456359289
seed2	severely_unequal	radial_node	4.0	room_equal	standardized_max	300	199	0.44333333333333336	0.38818691756565193	0.4999126191731299	0.06	0.5234810335323878	0.13815235329864817	72.0	5.0	32.0	0.8093779046851923	0.5643981481481481	0.6551228996358694	0.005097565483740825	0.9013550387803082	2.499838456359289
seed2	severely_unequal	radial_node	4.0	room_equal	cv_retrained	300	199	0.4633333333333333	0.4077258831288866	0.5198679347609133	0.0625	0.5234810335323878	0.13815235329864817	72.0	5.0	32.0	0.8093779046851923	0.5643981481481481	0.6551228996358694	0.005097565483740825	0.9013550387803082	2.499838456359289
seed2	severely_unequal	radial_node	4.0	room_equal	cv_standardized	300	199	0.49666666666666665	0.4404895596001963	0.5529280602079671	0.05	0.416381430938211	0.27673208599814497	72.0	5.0	32.0	0.8093779046851923	0.5643981481481481	0.6551228996358694	0.005097565483740825	0.9013550387803082	2.499838456359289
seed2	severely_unequal	radial_node	8.0	building_equal	profile	300	199	0.4533333333333333	0.39794515245358275	0.509901524860708	0.06	0.5242385014283393	0.2698302149810411	72.0	5.0	32.0	0.8093779046851923	0.5643981481481481	0.6551228996358694	0.005097565483740825	0.9013550387803082	2.499838456359289
seed2	severely_unequal	radial_node	8.0	building_equal	mantel	300	199	0.43333333333333335	0.3784513181454693	0.48990107801780347	0.07	0.5242385014283393	0.2698302149810411	72.0	5.0	32.0	0.8093779046851923	0.5643981481481481	0.6551228996358694	0.005097565483740825	0.9013550387803082	2.499838456359289
seed2	severely_unequal	radial_node	8.0	building_equal	nested_max	300	199	0.4533333333333333	0.39794515245358275	0.509901524860708	0.06	0.5242385014283393	0.2698302149810411	72.0	5.0	32.0	0.8093779046851923	0.5643981481481481	0.6551228996358694	0.005097565483740825	0.9013550387803082	2.499838456359289
seed2	severely_unequal	radial_node	8.0	building_equal	standardized_max	300	199	0.44333333333333336	0.38818691756565193	0.4999126191731299	0.06	0.5242385014283393	0.2698302149810411	72.0	5.0	32.0	0.8093779046851923	0.5643981481481481	0.6551228996358694	0.005097565483740825	0.9013550387803082	2.499838456359289
seed2	severely_unequal	radial_node	8.0	building_equal	cv_retrained	300	199	0.19333333333333333	0.15263726685545376	0.2417837554956011	0.205	0.5242385014283393	0.2698302149810411	72.0	5.0	32.0	0.8093779046851923	0.5643981481481481	0.6551228996358694	0.005097565483740825	0.9013550387803082	2.499838456359289
seed2	severely_unequal	radial_node	8.0	building_equal	cv_standardized	300	199	0.33	0.2792344636154957	0.3850641466008499	0.12	0.42863775935367443	0.36059935329117465	72.0	5.0	32.0	0.8093779046851923	0.5643981481481481	0.6551228996358694	0.005097565483740825	0.9013550387803082	2.499838456359289
seed2	severely_unequal	radial_node	8.0	sqrt_rooms	profile	300	199	0.4533333333333333	0.39794515245358275	0.509901524860708	0.06	0.5334786165753077	0.2493836145304439	72.0	5.0	32.0	0.8093779046851923	0.5643981481481481	0.6551228996358694	0.005097565483740825	0.9013550387803082	2.499838456359289
seed2	severely_unequal	radial_node	8.0	sqrt_rooms	mantel	300	199	0.43333333333333335	0.3784513181454693	0.48990107801780347	0.07	0.5334786165753077	0.2493836145304439	72.0	5.0	32.0	0.8093779046851923	0.5643981481481481	0.6551228996358694	0.005097565483740825	0.9013550387803082	2.499838456359289
seed2	severely_unequal	radial_node	8.0	sqrt_rooms	nested_max	300	199	0.4533333333333333	0.39794515245358275	0.509901524860708	0.06	0.5334786165753077	0.2493836145304439	72.0	5.0	32.0	0.8093779046851923	0.5643981481481481	0.6551228996358694	0.005097565483740825	0.9013550387803082	2.499838456359289
seed2	severely_unequal	radial_node	8.0	sqrt_rooms	standardized_max	300	199	0.44333333333333336	0.38818691756565193	0.4999126191731299	0.06	0.5334786165753077	0.2493836145304439	72.0	5.0	32.0	0.8093779046851923	0.5643981481481481	0.6551228996358694	0.005097565483740825	0.9013550387803082	2.499838456359289
seed2	severely_unequal	radial_node	8.0	sqrt_rooms	cv_retrained	300	199	0.31666666666666665	0.26662835068573615	0.37134073876326396	0.12	0.5334786165753077	0.2493836145304439	72.0	5.0	32.0	0.8093779046851923	0.5643981481481481	0.6551228996358694	0.005097565483740825	0.9013550387803082	2.499838456359289
seed2	severely_unequal	radial_node	8.0	sqrt_rooms	cv_standardized	300	199	0.43	0.3752111767337645	0.48655883923767185	0.0625	0.41036757446686084	0.35046388632121583	72.0	5.0	32.0	0.8093779046851923	0.5643981481481481	0.6551228996358694	0.005097565483740825	0.9013550387803082	2.499838456359289
seed2	severely_unequal	radial_node	8.0	room_equal	profile	300	199	0.4533333333333333	0.39794515245358275	0.509901524860708	0.06	0.5438119468691208	0.2281085555483508	72.0	5.0	32.0	0.8093779046851923	0.5643981481481481	0.6551228996358694	0.005097565483740825	0.9013550387803082	2.499838456359289
seed2	severely_unequal	radial_node	8.0	room_equal	mantel	300	199	0.43333333333333335	0.3784513181454693	0.48990107801780347	0.07	0.5438119468691208	0.2281085555483508	72.0	5.0	32.0	0.8093779046851923	0.5643981481481481	0.6551228996358694	0.005097565483740825	0.9013550387803082	2.499838456359289
seed2	severely_unequal	radial_node	8.0	room_equal	nested_max	300	199	0.4533333333333333	0.39794515245358275	0.509901524860708	0.06	0.5438119468691208	0.2281085555483508	72.0	5.0	32.0	0.8093779046851923	0.5643981481481481	0.6551228996358694	0.005097565483740825	0.9013550387803082	2.499838456359289
seed2	severely_unequal	radial_node	8.0	room_equal	standardized_max	300	199	0.44333333333333336	0.38818691756565193	0.4999126191731299	0.06	0.5438119468691208	0.2281085555483508	72.0	5.0	32.0	0.8093779046851923	0.5643981481481481	0.6551228996358694	0.005097565483740825	0.9013550387803082	2.499838456359289
seed2	severely_unequal	radial_node	8.0	room_equal	cv_retrained	300	199	0.42333333333333334	0.3687385228107271	0.47986673277703656	0.0675	0.5438119468691208	0.2281085555483508	72.0	5.0	32.0	0.8093779046851923	0.5643981481481481	0.6551228996358694	0.005097565483740825	0.9013550387803082	2.499838456359289
seed2	severely_unequal	radial_node	8.0	room_equal	cv_standardized	300	199	0.46	0.4044631474970939	0.5165482902008698	0.05	0.40805252591549135	0.3322053911213754	72.0	5.0	32.0	0.8093779046851923	0.5643981481481481	0.6551228996358694	0.005097565483740825	0.9013550387803082	2.499838456359289
seed2	severely_unequal	radial_node	16.0	building_equal	profile	300	199	0.4533333333333333	0.39794515245358275	0.509901524860708	0.06	0.5425944399180724	0.3484962564729155	72.0	5.0	32.0	0.8093779046851923	0.5643981481481481	0.6551228996358694	0.005097565483740825	0.9013550387803082	2.499838456359289
seed2	severely_unequal	radial_node	16.0	building_equal	mantel	300	199	0.43333333333333335	0.3784513181454693	0.48990107801780347	0.07	0.5425944399180724	0.3484962564729155	72.0	5.0	32.0	0.8093779046851923	0.5643981481481481	0.6551228996358694	0.005097565483740825	0.9013550387803082	2.499838456359289
seed2	severely_unequal	radial_node	16.0	building_equal	nested_max	300	199	0.4533333333333333	0.39794515245358275	0.509901524860708	0.06	0.5425944399180724	0.3484962564729155	72.0	5.0	32.0	0.8093779046851923	0.5643981481481481	0.6551228996358694	0.005097565483740825	0.9013550387803082	2.499838456359289
seed2	severely_unequal	radial_node	16.0	building_equal	standardized_max	300	199	0.44333333333333336	0.38818691756565193	0.4999126191731299	0.06	0.5425944399180724	0.3484962564729155	72.0	5.0	32.0	0.8093779046851923	0.5643981481481481	0.6551228996358694	0.005097565483740825	0.9013550387803082	2.499838456359289
seed2	severely_unequal	radial_node	16.0	building_equal	cv_retrained	300	199	0.19	0.14963485033440665	0.23820379182481183	0.23249999999999998	0.5425944399180724	0.3484962564729155	72.0	5.0	32.0	0.8093779046851923	0.5643981481481481	0.6551228996358694	0.005097565483740825	0.9013550387803082	2.499838456359289
seed2	severely_unequal	radial_node	16.0	building_equal	cv_standardized	300	199	0.3233333333333333	0.2729253960837475	0.37820845374892526	0.13	0.42948013729813017	0.38983109120344905	72.0	5.0	32.0	0.8093779046851923	0.5643981481481481	0.6551228996358694	0.005097565483740825	0.9013550387803082	2.499838456359289
seed2	severely_unequal	radial_node	16.0	sqrt_rooms	profile	300	199	0.4533333333333333	0.39794515245358275	0.509901524860708	0.06	0.5534265198477288	0.3360262040197844	72.0	5.0	32.0	0.8093779046851923	0.5643981481481481	0.6551228996358694	0.005097565483740825	0.9013550387803082	2.499838456359289
seed2	severely_unequal	radial_node	16.0	sqrt_rooms	mantel	300	199	0.43333333333333335	0.3784513181454693	0.48990107801780347	0.07	0.5534265198477288	0.3360262040197844	72.0	5.0	32.0	0.8093779046851923	0.5643981481481481	0.6551228996358694	0.005097565483740825	0.9013550387803082	2.499838456359289
seed2	severely_unequal	radial_node	16.0	sqrt_rooms	nested_max	300	199	0.4533333333333333	0.39794515245358275	0.509901524860708	0.06	0.5534265198477288	0.3360262040197844	72.0	5.0	32.0	0.8093779046851923	0.5643981481481481	0.6551228996358694	0.005097565483740825	0.9013550387803082	2.499838456359289
seed2	severely_unequal	radial_node	16.0	sqrt_rooms	standardized_max	300	199	0.44333333333333336	0.38818691756565193	0.4999126191731299	0.06	0.5534265198477288	0.3360262040197844	72.0	5.0	32.0	0.8093779046851923	0.5643981481481481	0.6551228996358694	0.005097565483740825	0.9013550387803082	2.499838456359289
seed2	severely_unequal	radial_node	16.0	sqrt_rooms	cv_retrained	300	199	0.30666666666666664	0.2572057600770161	0.3610161887964749	0.125	0.5534265198477288	0.3360262040197844	72.0	5.0	32.0	0.8093779046851923	0.5643981481481481	0.6551228996358694	0.005097565483740825	0.9013550387803082	2.499838456359289
seed2	severely_unequal	radial_node	16.0	sqrt_rooms	cv_standardized	300	199	0.4166666666666667	0.3622760916643604	0.4731644035397305	0.0625	0.4085762945916479	0.38137441901416824	72.0	5.0	32.0	0.8093779046851923	0.5643981481481481	0.6551228996358694	0.005097565483740825	0.9013550387803082	2.499838456359289
seed2	severely_unequal	radial_node	16.0	room_equal	profile	300	199	0.4533333333333333	0.39794515245358275	0.509901524860708	0.06	0.565965139984279	0.3155541572854065	72.0	5.0	32.0	0.8093779046851923	0.5643981481481481	0.6551228996358694	0.005097565483740825	0.9013550387803082	2.499838456359289
seed2	severely_unequal	radial_node	16.0	room_equal	mantel	300	199	0.43333333333333335	0.3784513181454693	0.48990107801780347	0.07	0.565965139984279	0.3155541572854065	72.0	5.0	32.0	0.8093779046851923	0.5643981481481481	0.6551228996358694	0.005097565483740825	0.9013550387803082	2.499838456359289
seed2	severely_unequal	radial_node	16.0	room_equal	nested_max	300	199	0.4533333333333333	0.39794515245358275	0.509901524860708	0.06	0.565965139984279	0.3155541572854065	72.0	5.0	32.0	0.8093779046851923	0.5643981481481481	0.6551228996358694	0.005097565483740825	0.9013550387803082	2.499838456359289
seed2	severely_unequal	radial_node	16.0	room_equal	standardized_max	300	199	0.44333333333333336	0.38818691756565193	0.4999126191731299	0.06	0.565965139984279	0.3155541572854065	72.0	5.0	32.0	0.8093779046851923	0.5643981481481481	0.6551228996358694	0.005097565483740825	0.9013550387803082	2.499838456359289
seed2	severely_unequal	radial_node	16.0	room_equal	cv_retrained	300	199	0.4033333333333333	0.3493821700801514	0.459728804356594	0.075	0.565965139984279	0.3155541572854065	72.0	5.0	32.0	0.8093779046851923	0.5643981481481481	0.6551228996358694	0.005097565483740825	0.9013550387803082	2.499838456359289
seed2	severely_unequal	radial_node	16.0	room_equal	cv_standardized	300	199	0.43666666666666665	0.3816939930978369	0.49324078325727216	0.055	0.4054708079267194	0.3599514908211567	72.0	5.0	32.0	0.8093779046851923	0.5643981481481481	0.6551228996358694	0.005097565483740825	0.9013550387803082	2.499838456359289
seed2	severely_unequal	dyadic	0.0	building_equal	profile	300	199	0.15	0.11403246871185316	0.194817611145329	0.2675	0.4999999999999999	5.551115123125783e-17	72.0	5.0	32.0	0.8093779046851923	0.5691435185185185	0.004082144221603296	0.6485001327832616	0.8978394234164015	2.499838456359289
seed2	severely_unequal	dyadic	0.0	building_equal	mantel	300	199	0.21666666666666667	0.1737878350698321	0.2667098486240773	0.1675	0.4999999999999999	5.551115123125783e-17	72.0	5.0	32.0	0.8093779046851923	0.5691435185185185	0.004082144221603296	0.6485001327832616	0.8978394234164015	2.499838456359289
seed2	severely_unequal	dyadic	0.0	building_equal	nested_max	300	199	0.15666666666666668	0.11990681678878562	0.2021080234520693	0.235	0.4999999999999999	5.551115123125783e-17	72.0	5.0	32.0	0.8093779046851923	0.5691435185185185	0.004082144221603296	0.6485001327832616	0.8978394234164015	2.499838456359289
seed2	severely_unequal	dyadic	0.0	building_equal	standardized_max	300	199	0.20333333333333334	0.16167385164165787	0.25249431128490607	0.18	0.4999999999999999	5.551115123125783e-17	72.0	5.0	32.0	0.8093779046851923	0.5691435185185185	0.004082144221603296	0.6485001327832616	0.8978394234164015	2.499838456359289
seed2	severely_unequal	dyadic	0.0	building_equal	cv_retrained	300	199	0.14333333333333334	0.1081847423238497	0.18750057714965976	0.3025	0.4999999999999999	5.551115123125783e-17	72.0	5.0	32.0	0.8093779046851923	0.5691435185185185	0.004082144221603296	0.6485001327832616	0.8978394234164015	2.499838456359289
seed2	severely_unequal	dyadic	0.0	building_equal	cv_standardized	300	199	0.16	0.1228535455840995	0.20574367484859174	0.285	0.4999999999999999	5.551115123125783e-17	72.0	5.0	32.0	0.8093779046851923	0.5691435185185185	0.004082144221603296	0.6485001327832616	0.8978394234164015	2.499838456359289
seed2	severely_unequal	dyadic	0.0	sqrt_rooms	profile	300	199	0.15	0.11403246871185316	0.194817611145329	0.2675	0.5	0.0	72.0	5.0	32.0	0.8093779046851923	0.5691435185185185	0.004082144221603296	0.6485001327832616	0.8978394234164015	2.499838456359289
seed2	severely_unequal	dyadic	0.0	sqrt_rooms	mantel	300	199	0.21666666666666667	0.1737878350698321	0.2667098486240773	0.1675	0.5	0.0	72.0	5.0	32.0	0.8093779046851923	0.5691435185185185	0.004082144221603296	0.6485001327832616	0.8978394234164015	2.499838456359289
seed2	severely_unequal	dyadic	0.0	sqrt_rooms	nested_max	300	199	0.15666666666666668	0.11990681678878562	0.2021080234520693	0.235	0.5	0.0	72.0	5.0	32.0	0.8093779046851923	0.5691435185185185	0.004082144221603296	0.6485001327832616	0.8978394234164015	2.499838456359289
seed2	severely_unequal	dyadic	0.0	sqrt_rooms	standardized_max	300	199	0.20333333333333334	0.16167385164165787	0.25249431128490607	0.18	0.5	0.0	72.0	5.0	32.0	0.8093779046851923	0.5691435185185185	0.004082144221603296	0.6485001327832616	0.8978394234164015	2.499838456359289
seed2	severely_unequal	dyadic	0.0	sqrt_rooms	cv_retrained	300	199	0.15	0.11403246871185316	0.194817611145329	0.2775	0.5	0.0	72.0	5.0	32.0	0.8093779046851923	0.5691435185185185	0.004082144221603296	0.6485001327832616	0.8978394234164015	2.499838456359289
seed2	severely_unequal	dyadic	0.0	sqrt_rooms	cv_standardized	300	199	0.14666666666666667	0.11110518744033696	0.19116251222500888	0.2675	0.5	0.0	72.0	5.0	32.0	0.8093779046851923	0.5691435185185185	0.004082144221603296	0.6485001327832616	0.8978394234164015	2.499838456359289
seed2	severely_unequal	dyadic	0.0	room_equal	profile	300	199	0.15	0.11403246871185316	0.194817611145329	0.2675	0.5	0.0	72.0	5.0	32.0	0.8093779046851923	0.5691435185185185	0.004082144221603296	0.6485001327832616	0.8978394234164015	2.499838456359289
seed2	severely_unequal	dyadic	0.0	room_equal	mantel	300	199	0.21666666666666667	0.1737878350698321	0.2667098486240773	0.1675	0.5	0.0	72.0	5.0	32.0	0.8093779046851923	0.5691435185185185	0.004082144221603296	0.6485001327832616	0.8978394234164015	2.499838456359289
seed2	severely_unequal	dyadic	0.0	room_equal	nested_max	300	199	0.15666666666666668	0.11990681678878562	0.2021080234520693	0.235	0.5	0.0	72.0	5.0	32.0	0.8093779046851923	0.5691435185185185	0.004082144221603296	0.6485001327832616	0.8978394234164015	2.499838456359289
seed2	severely_unequal	dyadic	0.0	room_equal	standardized_max	300	199	0.20333333333333334	0.16167385164165787	0.25249431128490607	0.18	0.5	0.0	72.0	5.0	32.0	0.8093779046851923	0.5691435185185185	0.004082144221603296	0.6485001327832616	0.8978394234164015	2.499838456359289
seed2	severely_unequal	dyadic	0.0	room_equal	cv_retrained	300	199	0.15	0.11403246871185316	0.194817611145329	0.27	0.5	0.0	72.0	5.0	32.0	0.8093779046851923	0.5691435185185185	0.004082144221603296	0.6485001327832616	0.8978394234164015	2.499838456359289
seed2	severely_unequal	dyadic	0.0	room_equal	cv_standardized	300	199	0.14	0.10527132693072412	0.18383161235094903	0.2825	0.5	0.0	72.0	5.0	32.0	0.8093779046851923	0.5691435185185185	0.004082144221603296	0.6485001327832616	0.8978394234164015	2.499838456359289
seed2	severely_unequal	dyadic	0.1	building_equal	profile	300	199	0.15	0.11403246871185316	0.194817611145329	0.2675	0.5015726136740997	0.004227213164323725	72.0	5.0	32.0	0.8093779046851923	0.5691435185185185	0.004082144221603296	0.6485001327832616	0.8978394234164015	2.499838456359289
seed2	severely_unequal	dyadic	0.1	building_equal	mantel	300	199	0.21666666666666667	0.1737878350698321	0.2667098486240773	0.1675	0.5015726136740997	0.004227213164323725	72.0	5.0	32.0	0.8093779046851923	0.5691435185185185	0.004082144221603296	0.6485001327832616	0.8978394234164015	2.499838456359289
seed2	severely_unequal	dyadic	0.1	building_equal	nested_max	300	199	0.15666666666666668	0.11990681678878562	0.2021080234520693	0.235	0.5015726136740997	0.004227213164323725	72.0	5.0	32.0	0.8093779046851923	0.5691435185185185	0.004082144221603296	0.6485001327832616	0.8978394234164015	2.499838456359289
seed2	severely_unequal	dyadic	0.1	building_equal	standardized_max	300	199	0.20333333333333334	0.16167385164165787	0.25249431128490607	0.18	0.5015726136740997	0.004227213164323725	72.0	5.0	32.0	0.8093779046851923	0.5691435185185185	0.004082144221603296	0.6485001327832616	0.8978394234164015	2.499838456359289
seed2	severely_unequal	dyadic	0.1	building_equal	cv_retrained	300	199	0.14666666666666667	0.11110518744033696	0.19116251222500888	0.2975	0.5015726136740997	0.004227213164323725	72.0	5.0	32.0	0.8093779046851923	0.5691435185185185	0.004082144221603296	0.6485001327832616	0.8978394234164015	2.499838456359289
seed2	severely_unequal	dyadic	0.1	building_equal	cv_standardized	300	199	0.15666666666666668	0.11990681678878562	0.2021080234520693	0.2825	0.5029994332259949	0.011562267833392025	72.0	5.0	32.0	0.8093779046851923	0.5691435185185185	0.004082144221603296	0.6485001327832616	0.8978394234164015	2.499838456359289
seed2	severely_unequal	dyadic	0.1	sqrt_rooms	profile	300	199	0.15	0.11403246871185316	0.194817611145329	0.2675	0.5014849117294292	0.003555592259566279	72.0	5.0	32.0	0.8093779046851923	0.5691435185185185	0.004082144221603296	0.6485001327832616	0.8978394234164015	2.499838456359289
seed2	severely_unequal	dyadic	0.1	sqrt_rooms	mantel	300	199	0.21666666666666667	0.1737878350698321	0.2667098486240773	0.1675	0.5014849117294292	0.003555592259566279	72.0	5.0	32.0	0.8093779046851923	0.5691435185185185	0.004082144221603296	0.6485001327832616	0.8978394234164015	2.499838456359289
seed2	severely_unequal	dyadic	0.1	sqrt_rooms	nested_max	300	199	0.15666666666666668	0.11990681678878562	0.2021080234520693	0.235	0.5014849117294292	0.003555592259566279	72.0	5.0	32.0	0.8093779046851923	0.5691435185185185	0.004082144221603296	0.6485001327832616	0.8978394234164015	2.499838456359289
seed2	severely_unequal	dyadic	0.1	sqrt_rooms	standardized_max	300	199	0.20333333333333334	0.16167385164165787	0.25249431128490607	0.18	0.5014849117294292	0.003555592259566279	72.0	5.0	32.0	0.8093779046851923	0.5691435185185185	0.004082144221603296	0.6485001327832616	0.8978394234164015	2.499838456359289
seed2	severely_unequal	dyadic	0.1	sqrt_rooms	cv_retrained	300	199	0.15333333333333332	0.11696640299091687	0.19846605705810166	0.2775	0.5014849117294292	0.003555592259566279	72.0	5.0	32.0	0.8093779046851923	0.5691435185185185	0.004082144221603296	0.6485001327832616	0.8978394234164015	2.499838456359289
seed2	severely_unequal	dyadic	0.1	sqrt_rooms	cv_standardized	300	199	0.15	0.11403246871185316	0.194817611145329	0.27	0.5029311535558976	0.010917007461651699	72.0	5.0	32.0	0.8093779046851923	0.5691435185185185	0.004082144221603296	0.6485001327832616	0.8978394234164015	2.499838456359289
seed2	severely_unequal	dyadic	0.1	room_equal	profile	300	199	0.15	0.11403246871185316	0.194817611145329	0.2675	0.501381187398429	0.0030627977965247168	72.0	5.0	32.0	0.8093779046851923	0.5691435185185185	0.004082144221603296	0.6485001327832616	0.8978394234164015	2.499838456359289
seed2	severely_unequal	dyadic	0.1	room_equal	mantel	300	199	0.21666666666666667	0.1737878350698321	0.2667098486240773	0.1675	0.501381187398429	0.0030627977965247168	72.0	5.0	32.0	0.8093779046851923	0.5691435185185185	0.004082144221603296	0.6485001327832616	0.8978394234164015	2.499838456359289
seed2	severely_unequal	dyadic	0.1	room_equal	nested_max	300	199	0.15666666666666668	0.11990681678878562	0.2021080234520693	0.235	0.501381187398429	0.0030627977965247168	72.0	5.0	32.0	0.8093779046851923	0.5691435185185185	0.004082144221603296	0.6485001327832616	0.8978394234164015	2.499838456359289
seed2	severely_unequal	dyadic	0.1	room_equal	standardized_max	300	199	0.20333333333333334	0.16167385164165787	0.25249431128490607	0.18	0.501381187398429	0.0030627977965247168	72.0	5.0	32.0	0.8093779046851923	0.5691435185185185	0.004082144221603296	0.6485001327832616	0.8978394234164015	2.499838456359289
seed2	severely_unequal	dyadic	0.1	room_equal	cv_retrained	300	199	0.14666666666666667	0.11110518744033696	0.19116251222500888	0.27	0.501381187398429	0.0030627977965247168	72.0	5.0	32.0	0.8093779046851923	0.5691435185185185	0.004082144221603296	0.6485001327832616	0.8978394234164015	2.499838456359289
seed2	severely_unequal	dyadic	0.1	room_equal	cv_standardized	300	199	0.13666666666666666	0.10236514609208625	0.1801554129977505	0.285	0.5027698872510071	0.01082575765224868	72.0	5.0	32.0	0.8093779046851923	0.5691435185185185	0.004082144221603296	0.6485001327832616	0.8978394234164015	2.499838456359289
seed2	severely_unequal	dyadic	0.25	building_equal	profile	300	199	0.15	0.11403246871185316	0.194817611145329	0.2675	0.5039305540862764	0.010563199154660976	72.0	5.0	32.0	0.8093779046851923	0.5691435185185185	0.004082144221603296	0.6485001327832616	0.8978394234164015	2.499838456359289
seed2	severely_unequal	dyadic	0.25	building_equal	mantel	300	199	0.21666666666666667	0.1737878350698321	0.2667098486240773	0.1675	0.5039305540862764	0.010563199154660976	72.0	5.0	32.0	0.8093779046851923	0.5691435185185185	0.004082144221603296	0.6485001327832616	0.8978394234164015	2.499838456359289
seed2	severely_unequal	dyadic	0.25	building_equal	nested_max	300	199	0.15666666666666668	0.11990681678878562	0.2021080234520693	0.235	0.5039305540862764	0.010563199154660976	72.0	5.0	32.0	0.8093779046851923	0.5691435185185185	0.004082144221603296	0.6485001327832616	0.8978394234164015	2.499838456359289
seed2	severely_unequal	dyadic	0.25	building_equal	standardized_max	300	199	0.20333333333333334	0.16167385164165787	0.25249431128490607	0.18	0.5039305540862764	0.010563199154660976	72.0	5.0	32.0	0.8093779046851923	0.5691435185185185	0.004082144221603296	0.6485001327832616	0.8978394234164015	2.499838456359289
seed2	severely_unequal	dyadic	0.25	building_equal	cv_retrained	300	199	0.15	0.11403246871185316	0.194817611145329	0.295	0.5039305540862764	0.010563199154660976	72.0	5.0	32.0	0.8093779046851923	0.5691435185185185	0.004082144221603296	0.6485001327832616	0.8978394234164015	2.499838456359289
seed2	severely_unequal	dyadic	0.25	building_equal	cv_standardized	300	199	0.15666666666666668	0.11990681678878562	0.2021080234520693	0.28500000000000003	0.5074873110511646	0.028798106962807962	72.0	5.0	32.0	0.8093779046851923	0.5691435185185185	0.004082144221603296	0.6485001327832616	0.8978394234164015	2.499838456359289
seed2	severely_unequal	dyadic	0.25	sqrt_rooms	profile	300	199	0.15	0.11403246871185316	0.194817611145329	0.2675	0.5037114537174557	0.008885987708962182	72.0	5.0	32.0	0.8093779046851923	0.5691435185185185	0.004082144221603296	0.6485001327832616	0.8978394234164015	2.499838456359289
seed2	severely_unequal	dyadic	0.25	sqrt_rooms	mantel	300	199	0.21666666666666667	0.1737878350698321	0.2667098486240773	0.1675	0.5037114537174557	0.008885987708962182	72.0	5.0	32.0	0.8093779046851923	0.5691435185185185	0.004082144221603296	0.6485001327832616	0.8978394234164015	2.499838456359289
seed2	severely_unequal	dyadic	0.25	sqrt_rooms	nested_max	300	199	0.15666666666666668	0.11990681678878562	0.2021080234520693	0.235	0.5037114537174557	0.008885987708962182	72.0	5.0	32.0	0.8093779046851923	0.5691435185185185	0.004082144221603296	0.6485001327832616	0.8978394234164015	2.499838456359289
seed2	severely_unequal	dyadic	0.25	sqrt_rooms	standardized_max	300	199	0.20333333333333334	0.16167385164165787	0.25249431128490607	0.18	0.5037114537174557	0.008885987708962182	72.0	5.0	32.0	0.8093779046851923	0.5691435185185185	0.004082144221603296	0.6485001327832616	0.8978394234164015	2.499838456359289
seed2	severely_unequal	dyadic	0.25	sqrt_rooms	cv_retrained	300	199	0.16	0.1228535455840995	0.20574367484859174	0.28	0.5037114537174557	0.008885987708962182	72.0	5.0	32.0	0.8093779046851923	0.5691435185185185	0.004082144221603296	0.6485001327832616	0.8978394234164015	2.499838456359289
seed2	severely_unequal	dyadic	0.25	sqrt_rooms	cv_standardized	300	199	0.15	0.11403246871185316	0.194817611145329	0.2675	0.50731427395397	0.027196998102781915	72.0	5.0	32.0	0.8093779046851923	0.5691435185185185	0.004082144221603296	0.6485001327832616	0.8978394234164015	2.499838456359289
seed2	severely_unequal	dyadic	0.25	room_equal	profile	300	199	0.15	0.11403246871185316	0.194817611145329	0.2675	0.5034522786961463	0.007654846125344244	72.0	5.0	32.0	0.8093779046851923	0.5691435185185185	0.004082144221603296	0.6485001327832616	0.8978394234164015	2.499838456359289
seed2	severely_unequal	dyadic	0.25	room_equal	mantel	300	199	0.21666666666666667	0.1737878350698321	0.2667098486240773	0.1675	0.5034522786961463	0.007654846125344244	72.0	5.0	32.0	0.8093779046851923	0.5691435185185185	0.004082144221603296	0.6485001327832616	0.8978394234164015	2.499838456359289
seed2	severely_unequal	dyadic	0.25	room_equal	nested_max	300	199	0.15666666666666668	0.11990681678878562	0.2021080234520693	0.235	0.5034522786961463	0.007654846125344244	72.0	5.0	32.0	0.8093779046851923	0.5691435185185185	0.004082144221603296	0.6485001327832616	0.8978394234164015	2.499838456359289
seed2	severely_unequal	dyadic	0.25	room_equal	standardized_max	300	199	0.20333333333333334	0.16167385164165787	0.25249431128490607	0.18	0.5034522786961463	0.007654846125344244	72.0	5.0	32.0	0.8093779046851923	0.5691435185185185	0.004082144221603296	0.6485001327832616	0.8978394234164015	2.499838456359289
seed2	severely_unequal	dyadic	0.25	room_equal	cv_retrained	300	199	0.14666666666666667	0.11110518744033696	0.19116251222500888	0.2675	0.5034522786961463	0.007654846125344244	72.0	5.0	32.0	0.8093779046851923	0.5691435185185185	0.004082144221603296	0.6485001327832616	0.8978394234164015	2.499838456359289
seed2	severely_unequal	dyadic	0.25	room_equal	cv_standardized	300	199	0.13	0.09657536941275233	0.17278042929341172	0.285	0.5069094126861515	0.026956545231604137	72.0	5.0	32.0	0.8093779046851923	0.5691435185185185	0.004082144221603296	0.6485001327832616	0.8978394234164015	2.499838456359289
seed2	severely_unequal	dyadic	0.5	building_equal	profile	300	199	0.15	0.11403246871185316	0.194817611145329	0.2675	0.5078541178409397	0.021092013815234865	72.0	5.0	32.0	0.8093779046851923	0.5691435185185185	0.004082144221603296	0.6485001327832616	0.8978394234164015	2.499838456359289
seed2	severely_unequal	dyadic	0.5	building_equal	mantel	300	199	0.21666666666666667	0.1737878350698321	0.2667098486240773	0.1675	0.5078541178409397	0.021092013815234865	72.0	5.0	32.0	0.8093779046851923	0.5691435185185185	0.004082144221603296	0.6485001327832616	0.8978394234164015	2.499838456359289
seed2	severely_unequal	dyadic	0.5	building_equal	nested_max	300	199	0.15666666666666668	0.11990681678878562	0.2021080234520693	0.235	0.5078541178409397	0.021092013815234865	72.0	5.0	32.0	0.8093779046851923	0.5691435185185185	0.004082144221603296	0.6485001327832616	0.8978394234164015	2.499838456359289
seed2	severely_unequal	dyadic	0.5	building_equal	standardized_max	300	199	0.20333333333333334	0.16167385164165787	0.25249431128490607	0.18	0.5078541178409397	0.021092013815234865	72.0	5.0	32.0	0.8093779046851923	0.5691435185185185	0.004082144221603296	0.6485001327832616	0.8978394234164015	2.499838456359289
seed2	severely_unequal	dyadic	0.5	building_equal	cv_retrained	300	199	0.14333333333333334	0.1081847423238497	0.18750057714965976	0.2925	0.5078541178409397	0.021092013815234865	72.0	5.0	32.0	0.8093779046851923	0.5691435185185185	0.004082144221603296	0.6485001327832616	0.8978394234164015	2.499838456359289
seed2	severely_unequal	dyadic	0.5	building_equal	cv_standardized	300	199	0.15333333333333332	0.11696640299091687	0.19846605705810166	0.2825	0.5148944008114295	0.056854868974173856	72.0	5.0	32.0	0.8093779046851923	0.5691435185185185	0.004082144221603296	0.6485001327832616	0.8978394234164015	2.499838456359289
seed2	severely_unequal	dyadic	0.5	sqrt_rooms	profile	300	199	0.15	0.11403246871185316	0.194817611145329	0.2675	0.507417021566444	0.01775066505305571	72.0	5.0	32.0	0.8093779046851923	0.5691435185185185	0.004082144221603296	0.6485001327832616	0.8978394234164015	2.499838456359289
seed2	severely_unequal	dyadic	0.5	sqrt_rooms	mantel	300	199	0.21666666666666667	0.1737878350698321	0.2667098486240773	0.1675	0.507417021566444	0.01775066505305571	72.0	5.0	32.0	0.8093779046851923	0.5691435185185185	0.004082144221603296	0.6485001327832616	0.8978394234164015	2.499838456359289
seed2	severely_unequal	dyadic	0.5	sqrt_rooms	nested_max	300	199	0.15666666666666668	0.11990681678878562	0.2021080234520693	0.235	0.507417021566444	0.01775066505305571	72.0	5.0	32.0	0.8093779046851923	0.5691435185185185	0.004082144221603296	0.6485001327832616	0.8978394234164015	2.499838456359289
seed2	severely_unequal	dyadic	0.5	sqrt_rooms	standardized_max	300	199	0.20333333333333334	0.16167385164165787	0.25249431128490607	0.18	0.507417021566444	0.01775066505305571	72.0	5.0	32.0	0.8093779046851923	0.5691435185185185	0.004082144221603296	0.6485001327832616	0.8978394234164015	2.499838456359289
seed2	severely_unequal	dyadic	0.5	sqrt_rooms	cv_retrained	300	199	0.15666666666666668	0.11990681678878562	0.2021080234520693	0.2825	0.507417021566444	0.01775066505305571	72.0	5.0	32.0	0.8093779046851923	0.5691435185185185	0.004082144221603296	0.6485001327832616	0.8978394234164015	2.499838456359289
seed2	severely_unequal	dyadic	0.5	sqrt_rooms	cv_standardized	300	199	0.15333333333333332	0.11696640299091687	0.19846605705810166	0.27	0.5145331076258243	0.05373509771718829	72.0	5.0	32.0	0.8093779046851923	0.5691435185185185	0.004082144221603296	0.6485001327832616	0.8978394234164015	2.499838456359289
seed2	severely_unequal	dyadic	0.5	room_equal	profile	300	199	0.15	0.11403246871185316	0.194817611145329	0.2675	0.5068996404364043	0.015294389719040078	72.0	5.0	32.0	0.8093779046851923	0.5691435185185185	0.004082144221603296	0.6485001327832616	0.8978394234164015	2.499838456359289
seed2	severely_unequal	dyadic	0.5	room_equal	mantel	300	199	0.21666666666666667	0.1737878350698321	0.2667098486240773	0.1675	0.5068996404364043	0.015294389719040078	72.0	5.0	32.0	0.8093779046851923	0.5691435185185185	0.004082144221603296	0.6485001327832616	0.8978394234164015	2.499838456359289
seed2	severely_unequal	dyadic	0.5	room_equal	nested_max	300	199	0.15666666666666668	0.11990681678878562	0.2021080234520693	0.235	0.5068996404364043	0.015294389719040078	72.0	5.0	32.0	0.8093779046851923	0.5691435185185185	0.004082144221603296	0.6485001327832616	0.8978394234164015	2.499838456359289
seed2	severely_unequal	dyadic	0.5	room_equal	standardized_max	300	199	0.20333333333333334	0.16167385164165787	0.25249431128490607	0.18	0.5068996404364043	0.015294389719040078	72.0	5.0	32.0	0.8093779046851923	0.5691435185185185	0.004082144221603296	0.6485001327832616	0.8978394234164015	2.499838456359289
seed2	severely_unequal	dyadic	0.5	room_equal	cv_retrained	300	199	0.14333333333333334	0.1081847423238497	0.18750057714965976	0.265	0.5068996404364043	0.015294389719040078	72.0	5.0	32.0	0.8093779046851923	0.5691435185185185	0.004082144221603296	0.6485001327832616	0.8978394234164015	2.499838456359289
seed2	severely_unequal	dyadic	0.5	room_equal	cv_standardized	300	199	0.12666666666666668	0.09369224846506602	0.16908117004926165	0.2925	0.5137124757521048	0.05317374129409432	72.0	5.0	32.0	0.8093779046851923	0.5691435185185185	0.004082144221603296	0.6485001327832616	0.8978394234164015	2.499838456359289
seed2	severely_unequal	dyadic	1.0	building_equal	profile	300	199	0.15	0.11403246871185316	0.194817611145329	0.2675	0.5156526376402116	0.0419133028801748	72.0	5.0	32.0	0.8093779046851923	0.5691435185185185	0.004082144221603296	0.6485001327832616	0.8978394234164015	2.499838456359289
seed2	severely_unequal	dyadic	1.0	building_equal	mantel	300	199	0.21666666666666667	0.1737878350698321	0.2667098486240773	0.1675	0.5156526376402116	0.0419133028801748	72.0	5.0	32.0	0.8093779046851923	0.5691435185185185	0.004082144221603296	0.6485001327832616	0.8978394234164015	2.499838456359289
seed2	severely_unequal	dyadic	1.0	building_equal	nested_max	300	199	0.15666666666666668	0.11990681678878562	0.2021080234520693	0.235	0.5156526376402116	0.0419133028801748	72.0	5.0	32.0	0.8093779046851923	0.5691435185185185	0.004082144221603296	0.6485001327832616	0.8978394234164015	2.499838456359289
seed2	severely_unequal	dyadic	1.0	building_equal	standardized_max	300	199	0.20333333333333334	0.16167385164165787	0.25249431128490607	0.18	0.5156526376402116	0.0419133028801748	72.0	5.0	32.0	0.8093779046851923	0.5691435185185185	0.004082144221603296	0.6485001327832616	0.8978394234164015	2.499838456359289
seed2	severely_unequal	dyadic	1.0	building_equal	cv_retrained	300	199	0.13333333333333333	0.09946641683411198	0.1764717620638884	0.3	0.5156526376402116	0.0419133028801748	72.0	5.0	32.0	0.8093779046851923	0.5691435185185185	0.004082144221603296	0.6485001327832616	0.8978394234164015	2.499838456359289
seed2	severely_unequal	dyadic	1.0	building_equal	cv_standardized	300	199	0.15	0.11403246871185316	0.194817611145329	0.285	0.5291598272882064	0.10848634922852958	72.0	5.0	32.0	0.8093779046851923	0.5691435185185185	0.004082144221603296	0.6485001327832616	0.8978394234164015	2.499838456359289
seed2	severely_unequal	dyadic	1.0	sqrt_rooms	profile	300	199	0.15	0.11403246871185316	0.194817611145329	0.2675	0.5147873058559499	0.03533292837225423	72.0	5.0	32.0	0.8093779046851923	0.5691435185185185	0.004082144221603296	0.6485001327832616	0.8978394234164015	2.499838456359289
seed2	severely_unequal	dyadic	1.0	sqrt_rooms	mantel	300	199	0.21666666666666667	0.1737878350698321	0.2667098486240773	0.1675	0.5147873058559499	0.03533292837225423	72.0	5.0	32.0	0.8093779046851923	0.5691435185185185	0.004082144221603296	0.6485001327832616	0.8978394234164015	2.499838456359289
seed2	severely_unequal	dyadic	1.0	sqrt_rooms	nested_max	300	199	0.15666666666666668	0.11990681678878562	0.2021080234520693	0.235	0.5147873058559499	0.03533292837225423	72.0	5.0	32.0	0.8093779046851923	0.5691435185185185	0.004082144221603296	0.6485001327832616	0.8978394234164015	2.499838456359289
seed2	severely_unequal	dyadic	1.0	sqrt_rooms	standardized_max	300	199	0.20333333333333334	0.16167385164165787	0.25249431128490607	0.18	0.5147873058559499	0.03533292837225423	72.0	5.0	32.0	0.8093779046851923	0.5691435185185185	0.004082144221603296	0.6485001327832616	0.8978394234164015	2.499838456359289
seed2	severely_unequal	dyadic	1.0	sqrt_rooms	cv_retrained	300	199	0.16333333333333333	0.1258064331944026	0.20937316743012502	0.2925	0.5147873058559499	0.03533292837225423	72.0	5.0	32.0	0.8093779046851923	0.5691435185185185	0.004082144221603296	0.6485001327832616	0.8978394234164015	2.499838456359289
seed2	severely_unequal	dyadic	1.0	sqrt_rooms	cv_standardized	300	199	0.14	0.10527132693072412	0.18383161235094903	0.26	0.5283511604255515	0.10281371083077494	72.0	5.0	32.0	0.8093779046851923	0.5691435185185185	0.004082144221603296	0.6485001327832616	0.8978394234164015	2.499838456359289
seed2	severely_unequal	dyadic	1.0	room_equal	profile	300	199	0.15	0.11403246871185316	0.194817611145329	0.2675	0.5137602592199639	0.030467679449738837	72.0	5.0	32.0	0.8093779046851923	0.5691435185185185	0.004082144221603296	0.6485001327832616	0.8978394234164015	2.499838456359289
seed2	severely_unequal	dyadic	1.0	room_equal	mantel	300	199	0.21666666666666667	0.1737878350698321	0.2667098486240773	0.1675	0.5137602592199639	0.030467679449738837	72.0	5.0	32.0	0.8093779046851923	0.5691435185185185	0.004082144221603296	0.6485001327832616	0.8978394234164015	2.499838456359289
seed2	severely_unequal	dyadic	1.0	room_equal	nested_max	300	199	0.15666666666666668	0.11990681678878562	0.2021080234520693	0.235	0.5137602592199639	0.030467679449738837	72.0	5.0	32.0	0.8093779046851923	0.5691435185185185	0.004082144221603296	0.6485001327832616	0.8978394234164015	2.499838456359289
seed2	severely_unequal	dyadic	1.0	room_equal	standardized_max	300	199	0.20333333333333334	0.16167385164165787	0.25249431128490607	0.18	0.5137602592199639	0.030467679449738837	72.0	5.0	32.0	0.8093779046851923	0.5691435185185185	0.004082144221603296	0.6485001327832616	0.8978394234164015	2.499838456359289
seed2	severely_unequal	dyadic	1.0	room_equal	cv_retrained	300	199	0.15	0.11403246871185316	0.194817611145329	0.26	0.5137602592199639	0.030467679449738837	72.0	5.0	32.0	0.8093779046851923	0.5691435185185185	0.004082144221603296	0.6485001327832616	0.8978394234164015	2.499838456359289
seed2	severely_unequal	dyadic	1.0	room_equal	cv_standardized	300	199	0.12333333333333334	0.09081731429366795	0.1653737240288234	0.29	0.5266498541029612	0.10122088607942353	72.0	5.0	32.0	0.8093779046851923	0.5691435185185185	0.004082144221603296	0.6485001327832616	0.8978394234164015	2.499838456359289
seed2	severely_unequal	dyadic	2.0	building_equal	profile	300	199	0.15	0.11403246871185316	0.194817611145329	0.2675	0.5308708749471114	0.0817888778289888	72.0	5.0	32.0	0.8093779046851923	0.5691435185185185	0.004082144221603296	0.6485001327832616	0.8978394234164015	2.499838456359289
seed2	severely_unequal	dyadic	2.0	building_equal	mantel	300	199	0.21666666666666667	0.1737878350698321	0.2667098486240773	0.1675	0.5308708749471114	0.0817888778289888	72.0	5.0	32.0	0.8093779046851923	0.5691435185185185	0.004082144221603296	0.6485001327832616	0.8978394234164015	2.499838456359289
seed2	severely_unequal	dyadic	2.0	building_equal	nested_max	300	199	0.15666666666666668	0.11990681678878562	0.2021080234520693	0.235	0.5308708749471114	0.0817888778289888	72.0	5.0	32.0	0.8093779046851923	0.5691435185185185	0.004082144221603296	0.6485001327832616	0.8978394234164015	2.499838456359289
seed2	severely_unequal	dyadic	2.0	building_equal	standardized_max	300	199	0.20333333333333334	0.16167385164165787	0.25249431128490607	0.18	0.5308708749471114	0.0817888778289888	72.0	5.0	32.0	0.8093779046851923	0.5691435185185185	0.004082144221603296	0.6485001327832616	0.8978394234164015	2.499838456359289
seed2	severely_unequal	dyadic	2.0	building_equal	cv_retrained	300	199	0.13333333333333333	0.09946641683411198	0.1764717620638884	0.2925	0.5308708749471114	0.0817888778289888	72.0	5.0	32.0	0.8093779046851923	0.5691435185185185	0.004082144221603296	0.6485001327832616	0.8978394234164015	2.499838456359289
seed2	severely_unequal	dyadic	2.0	building_equal	cv_standardized	300	199	0.14	0.10527132693072412	0.18383161235094903	0.315	0.553843730099747	0.18848306006311957	72.0	5.0	32.0	0.8093779046851923	0.5691435185185185	0.004082144221603296	0.6485001327832616	0.8978394234164015	2.499838456359289
seed2	severely_unequal	dyadic	2.0	sqrt_rooms	profile	300	199	0.15	0.11403246871185316	0.194817611145329	0.2675	0.5292114225251906	0.0693809140171457	72.0	5.0	32.0	0.8093779046851923	0.5691435185185185	0.004082144221603296	0.6485001327832616	0.8978394234164015	2.499838456359289
seed2	severely_unequal	dyadic	2.0	sqrt_rooms	mantel	300	199	0.21666666666666667	0.1737878350698321	0.2667098486240773	0.1675	0.5292114225251906	0.0693809140171457	72.0	5.0	32.0	0.8093779046851923	0.5691435185185185	0.004082144221603296	0.6485001327832616	0.8978394234164015	2.499838456359289
seed2	severely_unequal	dyadic	2.0	sqrt_rooms	nested_max	300	199	0.15666666666666668	0.11990681678878562	0.2021080234520693	0.235	0.5292114225251906	0.0693809140171457	72.0	5.0	32.0	0.8093779046851923	0.5691435185185185	0.004082144221603296	0.6485001327832616	0.8978394234164015	2.499838456359289
seed2	severely_unequal	dyadic	2.0	sqrt_rooms	standardized_max	300	199	0.20333333333333334	0.16167385164165787	0.25249431128490607	0.18	0.5292114225251906	0.0693809140171457	72.0	5.0	32.0	0.8093779046851923	0.5691435185185185	0.004082144221603296	0.6485001327832616	0.8978394234164015	2.499838456359289
seed2	severely_unequal	dyadic	2.0	sqrt_rooms	cv_retrained	300	199	0.16	0.1228535455840995	0.20574367484859174	0.2925	0.5292114225251906	0.0693809140171457	72.0	5.0	32.0	0.8093779046851923	0.5691435185185185	0.004082144221603296	0.6485001327832616	0.8978394234164015	2.499838456359289
seed2	severely_unequal	dyadic	2.0	sqrt_rooms	cv_standardized	300	199	0.14333333333333334	0.1081847423238497	0.18750057714965976	0.28500000000000003	0.5520508355446374	0.1799983596919274	72.0	5.0	32.0	0.8093779046851923	0.5691435185185185	0.004082144221603296	0.6485001327832616	0.8978394234164015	2.499838456359289
seed2	severely_unequal	dyadic	2.0	room_equal	profile	300	199	0.15	0.11403246871185316	0.194817611145329	0.2675	0.5272178796935691	0.06000626367714496	72.0	5.0	32.0	0.8093779046851923	0.5691435185185185	0.004082144221603296	0.6485001327832616	0.8978394234164015	2.499838456359289
seed2	severely_unequal	dyadic	2.0	room_equal	mantel	300	199	0.21666666666666667	0.1737878350698321	0.2667098486240773	0.1675	0.5272178796935691	0.06000626367714496	72.0	5.0	32.0	0.8093779046851923	0.5691435185185185	0.004082144221603296	0.6485001327832616	0.8978394234164015	2.499838456359289
seed2	severely_unequal	dyadic	2.0	room_equal	nested_max	300	199	0.15666666666666668	0.11990681678878562	0.2021080234520693	0.235	0.5272178796935691	0.06000626367714496	72.0	5.0	32.0	0.8093779046851923	0.5691435185185185	0.004082144221603296	0.6485001327832616	0.8978394234164015	2.499838456359289
seed2	severely_unequal	dyadic	2.0	room_equal	standardized_max	300	199	0.20333333333333334	0.16167385164165787	0.25249431128490607	0.18	0.5272178796935691	0.06000626367714496	72.0	5.0	32.0	0.8093779046851923	0.5691435185185185	0.004082144221603296	0.6485001327832616	0.8978394234164015	2.499838456359289
seed2	severely_unequal	dyadic	2.0	room_equal	cv_retrained	300	199	0.15333333333333332	0.11696640299091687	0.19846605705810166	0.2625	0.5272178796935691	0.06000626367714496	72.0	5.0	32.0	0.8093779046851923	0.5691435185185185	0.004082144221603296	0.6485001327832616	0.8978394234164015	2.499838456359289
seed2	severely_unequal	dyadic	2.0	room_equal	cv_standardized	300	199	0.11333333333333333	0.082244501875291	0.15419939587169124	0.2875	0.5485124201565058	0.1753067465468374	72.0	5.0	32.0	0.8093779046851923	0.5691435185185185	0.004082144221603296	0.6485001327832616	0.8978394234164015	2.499838456359289
seed2	severely_unequal	dyadic	4.0	building_equal	profile	300	199	0.15	0.11403246871185316	0.194817611145329	0.2675	0.558583503897041	0.1503521587304851	72.0	5.0	32.0	0.8093779046851923	0.5691435185185185	0.004082144221603296	0.6485001327832616	0.8978394234164015	2.499838456359289
seed2	severely_unequal	dyadic	4.0	building_equal	mantel	300	199	0.21666666666666667	0.1737878350698321	0.2667098486240773	0.1675	0.558583503897041	0.1503521587304851	72.0	5.0	32.0	0.8093779046851923	0.5691435185185185	0.004082144221603296	0.6485001327832616	0.8978394234164015	2.499838456359289
seed2	severely_unequal	dyadic	4.0	building_equal	nested_max	300	199	0.15666666666666668	0.11990681678878562	0.2021080234520693	0.235	0.558583503897041	0.1503521587304851	72.0	5.0	32.0	0.8093779046851923	0.5691435185185185	0.004082144221603296	0.6485001327832616	0.8978394234164015	2.499838456359289
seed2	severely_unequal	dyadic	4.0	building_equal	standardized_max	300	199	0.20333333333333334	0.16167385164165787	0.25249431128490607	0.18	0.558583503897041	0.1503521587304851	72.0	5.0	32.0	0.8093779046851923	0.5691435185185185	0.004082144221603296	0.6485001327832616	0.8978394234164015	2.499838456359289
seed2	severely_unequal	dyadic	4.0	building_equal	cv_retrained	300	199	0.14	0.10527132693072412	0.18383161235094903	0.31	0.558583503897041	0.1503521587304851	72.0	5.0	32.0	0.8093779046851923	0.5691435185185185	0.004082144221603296	0.6485001327832616	0.8978394234164015	2.499838456359289
seed2	severely_unequal	dyadic	4.0	building_equal	cv_standardized	300	199	0.14	0.10527132693072412	0.18383161235094903	0.315	0.5850757503980198	0.27784323119326143	72.0	5.0	32.0	0.8093779046851923	0.5691435185185185	0.004082144221603296	0.6485001327832616	0.8978394234164015	2.499838456359289
seed2	severely_unequal	dyadic	4.0	sqrt_rooms	profile	300	199	0.15	0.11403246871185316	0.194817611145329	0.2675	0.5558104692150663	0.13005739537488498	72.0	5.0	32.0	0.8093779046851923	0.5691435185185185	0.004082144221603296	0.6485001327832616	0.8978394234164015	2.499838456359289
seed2	severely_unequal	dyadic	4.0	sqrt_rooms	mantel	300	199	0.21666666666666667	0.1737878350698321	0.2667098486240773	0.1675	0.5558104692150663	0.13005739537488498	72.0	5.0	32.0	0.8093779046851923	0.5691435185185185	0.004082144221603296	0.6485001327832616	0.8978394234164015	2.499838456359289
seed2	severely_unequal	dyadic	4.0	sqrt_rooms	nested_max	300	199	0.15666666666666668	0.11990681678878562	0.2021080234520693	0.235	0.5558104692150663	0.13005739537488498	72.0	5.0	32.0	0.8093779046851923	0.5691435185185185	0.004082144221603296	0.6485001327832616	0.8978394234164015	2.499838456359289
seed2	severely_unequal	dyadic	4.0	sqrt_rooms	standardized_max	300	199	0.20333333333333334	0.16167385164165787	0.25249431128490607	0.18	0.5558104692150663	0.13005739537488498	72.0	5.0	32.0	0.8093779046851923	0.5691435185185185	0.004082144221603296	0.6485001327832616	0.8978394234164015	2.499838456359289
seed2	severely_unequal	dyadic	4.0	sqrt_rooms	cv_retrained	300	199	0.15333333333333332	0.11696640299091687	0.19846605705810166	0.2875	0.5558104692150663	0.13005739537488498	72.0	5.0	32.0	0.8093779046851923	0.5691435185185185	0.004082144221603296	0.6485001327832616	0.8978394234164015	2.499838456359289
seed2	severely_unequal	dyadic	4.0	sqrt_rooms	cv_standardized	300	199	0.14333333333333334	0.1081847423238497	0.18750057714965976	0.285	0.582325187272408	0.26901430262248366	72.0	5.0	32.0	0.8093779046851923	0.5691435185185185	0.004082144221603296	0.6485001327832616	0.8978394234164015	2.499838456359289
seed2	severely_unequal	dyadic	4.0	room_equal	profile	300	199	0.15	0.11403246871185316	0.194817611145329	0.2675	0.552268526516669	0.11360173180623255	72.0	5.0	32.0	0.8093779046851923	0.5691435185185185	0.004082144221603296	0.6485001327832616	0.8978394234164015	2.499838456359289
seed2	severely_unequal	dyadic	4.0	room_equal	mantel	300	199	0.21666666666666667	0.1737878350698321	0.2667098486240773	0.1675	0.552268526516669	0.11360173180623255	72.0	5.0	32.0	0.8093779046851923	0.5691435185185185	0.004082144221603296	0.6485001327832616	0.8978394234164015	2.499838456359289
seed2	severely_unequal	dyadic	4.0	room_equal	nested_max	300	199	0.15666666666666668	0.11990681678878562	0.2021080234520693	0.235	0.552268526516669	0.11360173180623255	72.0	5.0	32.0	0.8093779046851923	0.5691435185185185	0.004082144221603296	0.6485001327832616	0.8978394234164015	2.499838456359289
seed2	severely_unequal	dyadic	4.0	room_equal	standardized_max	300	199	0.20333333333333334	0.16167385164165787	0.25249431128490607	0.18	0.552268526516669	0.11360173180623255	72.0	5.0	32.0	0.8093779046851923	0.5691435185185185	0.004082144221603296	0.6485001327832616	0.8978394234164015	2.499838456359289
seed2	severely_unequal	dyadic	4.0	room_equal	cv_retrained	300	199	0.15	0.11403246871185316	0.194817611145329	0.2675	0.552268526516669	0.11360173180623255	72.0	5.0	32.0	0.8093779046851923	0.5691435185185185	0.004082144221603296	0.6485001327832616	0.8978394234164015	2.499838456359289
seed2	severely_unequal	dyadic	4.0	room_equal	cv_standardized	300	199	0.12333333333333334	0.09081731429366795	0.1653737240288234	0.2825	0.5755690049263484	0.2586593070681286	72.0	5.0	32.0	0.8093779046851923	0.5691435185185185	0.004082144221603296	0.6485001327832616	0.8978394234164015	2.499838456359289
seed2	severely_unequal	dyadic	8.0	building_equal	profile	300	199	0.15	0.11403246871185316	0.194817611145329	0.2675	0.5991542605011233	0.24036148169497623	72.0	5.0	32.0	0.8093779046851923	0.5691435185185185	0.004082144221603296	0.6485001327832616	0.8978394234164015	2.499838456359289
seed2	severely_unequal	dyadic	8.0	building_equal	mantel	300	199	0.21666666666666667	0.1737878350698321	0.2667098486240773	0.1675	0.5991542605011233	0.24036148169497623	72.0	5.0	32.0	0.8093779046851923	0.5691435185185185	0.004082144221603296	0.6485001327832616	0.8978394234164015	2.499838456359289
seed2	severely_unequal	dyadic	8.0	building_equal	nested_max	300	199	0.15666666666666668	0.11990681678878562	0.2021080234520693	0.235	0.5991542605011233	0.24036148169497623	72.0	5.0	32.0	0.8093779046851923	0.5691435185185185	0.004082144221603296	0.6485001327832616	0.8978394234164015	2.499838456359289
seed2	severely_unequal	dyadic	8.0	building_equal	standardized_max	300	199	0.20333333333333334	0.16167385164165787	0.25249431128490607	0.18	0.5991542605011233	0.24036148169497623	72.0	5.0	32.0	0.8093779046851923	0.5691435185185185	0.004082144221603296	0.6485001327832616	0.8978394234164015	2.499838456359289
seed2	severely_unequal	dyadic	8.0	building_equal	cv_retrained	300	199	0.13	0.09657536941275233	0.17278042929341172	0.305	0.5991542605011233	0.24036148169497623	72.0	5.0	32.0	0.8093779046851923	0.5691435185185185	0.004082144221603296	0.6485001327832616	0.8978394234164015	2.499838456359289
seed2	severely_unequal	dyadic	8.0	building_equal	cv_standardized	300	199	0.13666666666666666	0.10236514609208625	0.1801554129977505	0.32	0.6077708877117133	0.3431122354497144	72.0	5.0	32.0	0.8093779046851923	0.5691435185185185	0.004082144221603296	0.6485001327832616	0.8978394234164015	2.499838456359289
seed2	severely_unequal	dyadic	8.0	sqrt_rooms	profile	300	199	0.15	0.11403246871185316	0.194817611145329	0.2675	0.5966184968485276	0.21654619730502628	72.0	5.0	32.0	0.8093779046851923	0.5691435185185185	0.004082144221603296	0.6485001327832616	0.8978394234164015	2.499838456359289
seed2	severely_unequal	dyadic	8.0	sqrt_rooms	mantel	300	199	0.21666666666666667	0.1737878350698321	0.2667098486240773	0.1675	0.5966184968485276	0.21654619730502628	72.0	5.0	32.0	0.8093779046851923	0.5691435185185185	0.004082144221603296	0.6485001327832616	0.8978394234164015	2.499838456359289
seed2	severely_unequal	dyadic	8.0	sqrt_rooms	nested_max	300	199	0.15666666666666668	0.11990681678878562	0.2021080234520693	0.235	0.5966184968485276	0.21654619730502628	72.0	5.0	32.0	0.8093779046851923	0.5691435185185185	0.004082144221603296	0.6485001327832616	0.8978394234164015	2.499838456359289
seed2	severely_unequal	dyadic	8.0	sqrt_rooms	standardized_max	300	199	0.20333333333333334	0.16167385164165787	0.25249431128490607	0.18	0.5966184968485276	0.21654619730502628	72.0	5.0	32.0	0.8093779046851923	0.5691435185185185	0.004082144221603296	0.6485001327832616	0.8978394234164015	2.499838456359289
seed2	severely_unequal	dyadic	8.0	sqrt_rooms	cv_retrained	300	199	0.15666666666666668	0.11990681678878562	0.2021080234520693	0.29	0.5966184968485276	0.21654619730502628	72.0	5.0	32.0	0.8093779046851923	0.5691435185185185	0.004082144221603296	0.6485001327832616	0.8978394234164015	2.499838456359289
seed2	severely_unequal	dyadic	8.0	sqrt_rooms	cv_standardized	300	199	0.13666666666666666	0.10236514609208625	0.1801554129977505	0.3025	0.6052627366845708	0.33694744208974514	72.0	5.0	32.0	0.8093779046851923	0.5691435185185185	0.004082144221603296	0.6485001327832616	0.8978394234164015	2.499838456359289
seed2	severely_unequal	dyadic	8.0	room_equal	profile	300	199	0.15	0.11403246871185316	0.194817611145329	0.2675	0.5920388929169123	0.19362598247469523	72.0	5.0	32.0	0.8093779046851923	0.5691435185185185	0.004082144221603296	0.6485001327832616	0.8978394234164015	2.499838456359289
seed2	severely_unequal	dyadic	8.0	room_equal	mantel	300	199	0.21666666666666667	0.1737878350698321	0.2667098486240773	0.1675	0.5920388929169123	0.19362598247469523	72.0	5.0	32.0	0.8093779046851923	0.5691435185185185	0.004082144221603296	0.6485001327832616	0.8978394234164015	2.499838456359289
seed2	severely_unequal	dyadic	8.0	room_equal	nested_max	300	199	0.15666666666666668	0.11990681678878562	0.2021080234520693	0.235	0.5920388929169123	0.19362598247469523	72.0	5.0	32.0	0.8093779046851923	0.5691435185185185	0.004082144221603296	0.6485001327832616	0.8978394234164015	2.499838456359289
seed2	severely_unequal	dyadic	8.0	room_equal	standardized_max	300	199	0.20333333333333334	0.16167385164165787	0.25249431128490607	0.18	0.5920388929169123	0.19362598247469523	72.0	5.0	32.0	0.8093779046851923	0.5691435185185185	0.004082144221603296	0.6485001327832616	0.8978394234164015	2.499838456359289
seed2	severely_unequal	dyadic	8.0	room_equal	cv_retrained	300	199	0.15	0.11403246871185316	0.194817611145329	0.27	0.5920388929169123	0.19362598247469523	72.0	5.0	32.0	0.8093779046851923	0.5691435185185185	0.004082144221603296	0.6485001327832616	0.8978394234164015	2.499838456359289
seed2	severely_unequal	dyadic	8.0	room_equal	cv_standardized	300	199	0.11333333333333333	0.082244501875291	0.15419939587169124	0.2975	0.5938587298177995	0.32266884653549194	72.0	5.0	32.0	0.8093779046851923	0.5691435185185185	0.004082144221603296	0.6485001327832616	0.8978394234164015	2.499838456359289
seed2	severely_unequal	dyadic	16.0	building_equal	profile	300	199	0.15	0.11403246871185316	0.194817611145329	0.2675	0.6364617062501984	0.31698857812775877	72.0	5.0	32.0	0.8093779046851923	0.5691435185185185	0.004082144221603296	0.6485001327832616	0.8978394234164015	2.499838456359289
seed2	severely_unequal	dyadic	16.0	building_equal	mantel	300	199	0.21666666666666667	0.1737878350698321	0.2667098486240773	0.1675	0.6364617062501984	0.31698857812775877	72.0	5.0	32.0	0.8093779046851923	0.5691435185185185	0.004082144221603296	0.6485001327832616	0.8978394234164015	2.499838456359289
seed2	severely_unequal	dyadic	16.0	building_equal	nested_max	300	199	0.15666666666666668	0.11990681678878562	0.2021080234520693	0.235	0.6364617062501984	0.31698857812775877	72.0	5.0	32.0	0.8093779046851923	0.5691435185185185	0.004082144221603296	0.6485001327832616	0.8978394234164015	2.499838456359289
seed2	severely_unequal	dyadic	16.0	building_equal	standardized_max	300	199	0.20333333333333334	0.16167385164165787	0.25249431128490607	0.18	0.6364617062501984	0.31698857812775877	72.0	5.0	32.0	0.8093779046851923	0.5691435185185185	0.004082144221603296	0.6485001327832616	0.8978394234164015	2.499838456359289
seed2	severely_unequal	dyadic	16.0	building_equal	cv_retrained	300	199	0.13333333333333333	0.09946641683411198	0.1764717620638884	0.32	0.6364617062501984	0.31698857812775877	72.0	5.0	32.0	0.8093779046851923	0.5691435185185185	0.004082144221603296	0.6485001327832616	0.8978394234164015	2.499838456359289
seed2	severely_unequal	dyadic	16.0	building_equal	cv_standardized	300	199	0.13333333333333333	0.09946641683411198	0.1764717620638884	0.3325	0.6180723346782219	0.37477410962112423	72.0	5.0	32.0	0.8093779046851923	0.5691435185185185	0.004082144221603296	0.6485001327832616	0.8978394234164015	2.499838456359289
seed2	severely_unequal	dyadic	16.0	sqrt_rooms	profile	300	199	0.15	0.11403246871185316	0.194817611145329	0.2675	0.6383631354383478	0.29938543428127384	72.0	5.0	32.0	0.8093779046851923	0.5691435185185185	0.004082144221603296	0.6485001327832616	0.8978394234164015	2.499838456359289
seed2	severely_unequal	dyadic	16.0	sqrt_rooms	mantel	300	199	0.21666666666666667	0.1737878350698321	0.2667098486240773	0.1675	0.6383631354383478	0.29938543428127384	72.0	5.0	32.0	0.8093779046851923	0.5691435185185185	0.004082144221603296	0.6485001327832616	0.8978394234164015	2.499838456359289
seed2	severely_unequal	dyadic	16.0	sqrt_rooms	nested_max	300	199	0.15666666666666668	0.11990681678878562	0.2021080234520693	0.235	0.6383631354383478	0.29938543428127384	72.0	5.0	32.0	0.8093779046851923	0.5691435185185185	0.004082144221603296	0.6485001327832616	0.8978394234164015	2.499838456359289
seed2	severely_unequal	dyadic	16.0	sqrt_rooms	standardized_max	300	199	0.20333333333333334	0.16167385164165787	0.25249431128490607	0.18	0.6383631354383478	0.29938543428127384	72.0	5.0	32.0	0.8093779046851923	0.5691435185185185	0.004082144221603296	0.6485001327832616	0.8978394234164015	2.499838456359289
seed2	severely_unequal	dyadic	16.0	sqrt_rooms	cv_retrained	300	199	0.15333333333333332	0.11696640299091687	0.19846605705810166	0.2925	0.6383631354383478	0.29938543428127384	72.0	5.0	32.0	0.8093779046851923	0.5691435185185185	0.004082144221603296	0.6485001327832616	0.8978394234164015	2.499838456359289
seed2	severely_unequal	dyadic	16.0	sqrt_rooms	cv_standardized	300	199	0.13333333333333333	0.09946641683411198	0.1764717620638884	0.31	0.615358695354458	0.3723777954115198	72.0	5.0	32.0	0.8093779046851923	0.5691435185185185	0.004082144221603296	0.6485001327832616	0.8978394234164015	2.499838456359289
seed2	severely_unequal	dyadic	16.0	room_equal	profile	300	199	0.15	0.11403246871185316	0.194817611145329	0.2675	0.6361585298011814	0.2768187780944823	72.0	5.0	32.0	0.8093779046851923	0.5691435185185185	0.004082144221603296	0.6485001327832616	0.8978394234164015	2.499838456359289
seed2	severely_unequal	dyadic	16.0	room_equal	mantel	300	199	0.21666666666666667	0.1737878350698321	0.2667098486240773	0.1675	0.6361585298011814	0.2768187780944823	72.0	5.0	32.0	0.8093779046851923	0.5691435185185185	0.004082144221603296	0.6485001327832616	0.8978394234164015	2.499838456359289
seed2	severely_unequal	dyadic	16.0	room_equal	nested_max	300	199	0.15666666666666668	0.11990681678878562	0.2021080234520693	0.235	0.6361585298011814	0.2768187780944823	72.0	5.0	32.0	0.8093779046851923	0.5691435185185185	0.004082144221603296	0.6485001327832616	0.8978394234164015	2.499838456359289
seed2	severely_unequal	dyadic	16.0	room_equal	standardized_max	300	199	0.20333333333333334	0.16167385164165787	0.25249431128490607	0.18	0.6361585298011814	0.2768187780944823	72.0	5.0	32.0	0.8093779046851923	0.5691435185185185	0.004082144221603296	0.6485001327832616	0.8978394234164015	2.499838456359289
seed2	severely_unequal	dyadic	16.0	room_equal	cv_retrained	300	199	0.15666666666666668	0.11990681678878562	0.2021080234520693	0.285	0.6361585298011814	0.2768187780944823	72.0	5.0	32.0	0.8093779046851923	0.5691435185185185	0.004082144221603296	0.6485001327832616	0.8978394234164015	2.499838456359289
seed2	severely_unequal	dyadic	16.0	room_equal	cv_standardized	300	199	0.10666666666666667	0.07657584904594214	0.14670328831736743	0.3	0.5995024362614747	0.35833111182755484	72.0	5.0	32.0	0.8093779046851923	0.5691435185185185	0.004082144221603296	0.6485001327832616	0.8978394234164015	2.499838456359289
seed2	severely_unequal	mixed_covariate	0.0	building_equal	profile	300	199	0.4266666666666667	0.3719735758386311	0.4832140599409689	0.065	0.4999999999999999	5.551115123125783e-17	72.0	5.0	32.0	0.8093779046851923	0.5709953703703704	0.45432138095793856	0.4455835944138633	0.8997612810667094	2.499838456359289
seed2	severely_unequal	mixed_covariate	0.0	building_equal	mantel	300	199	0.44	0.38493919498482354	0.49657796156212186	0.065	0.4999999999999999	5.551115123125783e-17	72.0	5.0	32.0	0.8093779046851923	0.5709953703703704	0.45432138095793856	0.4455835944138633	0.8997612810667094	2.499838456359289
seed2	severely_unequal	mixed_covariate	0.0	building_equal	nested_max	300	199	0.43	0.3752111767337645	0.48655883923767185	0.0625	0.4999999999999999	5.551115123125783e-17	72.0	5.0	32.0	0.8093779046851923	0.5709953703703704	0.45432138095793856	0.4455835944138633	0.8997612810667094	2.499838456359289
seed2	severely_unequal	mixed_covariate	0.0	building_equal	standardized_max	300	199	0.44	0.38493919498482354	0.49657796156212186	0.0625	0.4999999999999999	5.551115123125783e-17	72.0	5.0	32.0	0.8093779046851923	0.5709953703703704	0.45432138095793856	0.4455835944138633	0.8997612810667094	2.499838456359289
seed2	severely_unequal	mixed_covariate	0.0	building_equal	cv_retrained	300	199	0.19333333333333333	0.15263726685545376	0.2417837554956011	0.2025	0.4999999999999999	5.551115123125783e-17	72.0	5.0	32.0	0.8093779046851923	0.5709953703703704	0.45432138095793856	0.4455835944138633	0.8997612810667094	2.499838456359289
seed2	severely_unequal	mixed_covariate	0.0	building_equal	cv_standardized	300	199	0.3466666666666667	0.2950585411049252	0.40215197007060216	0.095	0.4999999999999999	5.551115123125783e-17	72.0	5.0	32.0	0.8093779046851923	0.5709953703703704	0.45432138095793856	0.4455835944138633	0.8997612810667094	2.499838456359289
seed2	severely_unequal	mixed_covariate	0.0	sqrt_rooms	profile	300	199	0.4266666666666667	0.3719735758386311	0.4832140599409689	0.065	0.5	0.0	72.0	5.0	32.0	0.8093779046851923	0.5709953703703704	0.45432138095793856	0.4455835944138633	0.8997612810667094	2.499838456359289
seed2	severely_unequal	mixed_covariate	0.0	sqrt_rooms	mantel	300	199	0.44	0.38493919498482354	0.49657796156212186	0.065	0.5	0.0	72.0	5.0	32.0	0.8093779046851923	0.5709953703703704	0.45432138095793856	0.4455835944138633	0.8997612810667094	2.499838456359289
seed2	severely_unequal	mixed_covariate	0.0	sqrt_rooms	nested_max	300	199	0.43	0.3752111767337645	0.48655883923767185	0.0625	0.5	0.0	72.0	5.0	32.0	0.8093779046851923	0.5709953703703704	0.45432138095793856	0.4455835944138633	0.8997612810667094	2.499838456359289
seed2	severely_unequal	mixed_covariate	0.0	sqrt_rooms	standardized_max	300	199	0.44	0.38493919498482354	0.49657796156212186	0.0625	0.5	0.0	72.0	5.0	32.0	0.8093779046851923	0.5709953703703704	0.45432138095793856	0.4455835944138633	0.8997612810667094	2.499838456359289
seed2	severely_unequal	mixed_covariate	0.0	sqrt_rooms	cv_retrained	300	199	0.33	0.2792344636154957	0.3850641466008499	0.1125	0.5	0.0	72.0	5.0	32.0	0.8093779046851923	0.5709953703703704	0.45432138095793856	0.4455835944138633	0.8997612810667094	2.499838456359289
seed2	severely_unequal	mixed_covariate	0.0	sqrt_rooms	cv_standardized	300	199	0.44666666666666666	0.39143715496049114	0.503244761970127	0.065	0.5	0.0	72.0	5.0	32.0	0.8093779046851923	0.5709953703703704	0.45432138095793856	0.4455835944138633	0.8997612810667094	2.499838456359289
seed2	severely_unequal	mixed_covariate	0.0	room_equal	profile	300	199	0.4266666666666667	0.3719735758386311	0.4832140599409689	0.065	0.5	0.0	72.0	5.0	32.0	0.8093779046851923	0.5709953703703704	0.45432138095793856	0.4455835944138633	0.8997612810667094	2.499838456359289
seed2	severely_unequal	mixed_covariate	0.0	room_equal	mantel	300	199	0.44	0.38493919498482354	0.49657796156212186	0.065	0.5	0.0	72.0	5.0	32.0	0.8093779046851923	0.5709953703703704	0.45432138095793856	0.4455835944138633	0.8997612810667094	2.499838456359289
seed2	severely_unequal	mixed_covariate	0.0	room_equal	nested_max	300	199	0.43	0.3752111767337645	0.48655883923767185	0.0625	0.5	0.0	72.0	5.0	32.0	0.8093779046851923	0.5709953703703704	0.45432138095793856	0.4455835944138633	0.8997612810667094	2.499838456359289
seed2	severely_unequal	mixed_covariate	0.0	room_equal	standardized_max	300	199	0.44	0.38493919498482354	0.49657796156212186	0.0625	0.5	0.0	72.0	5.0	32.0	0.8093779046851923	0.5709953703703704	0.45432138095793856	0.4455835944138633	0.8997612810667094	2.499838456359289
seed2	severely_unequal	mixed_covariate	0.0	room_equal	cv_retrained	300	199	0.4533333333333333	0.39794515245358275	0.509901524860708	0.07250000000000001	0.5	0.0	72.0	5.0	32.0	0.8093779046851923	0.5709953703703704	0.45432138095793856	0.4455835944138633	0.8997612810667094	2.499838456359289
seed2	severely_unequal	mixed_covariate	0.0	room_equal	cv_standardized	300	199	0.44666666666666666	0.39143715496049114	0.503244761970127	0.06	0.5	0.0	72.0	5.0	32.0	0.8093779046851923	0.5709953703703704	0.45432138095793856	0.4455835944138633	0.8997612810667094	2.499838456359289
seed2	severely_unequal	mixed_covariate	0.1	building_equal	profile	300	199	0.4266666666666667	0.3719735758386311	0.4832140599409689	0.065	0.5012722431600877	0.004178556821876738	72.0	5.0	32.0	0.8093779046851923	0.5709953703703704	0.45432138095793856	0.4455835944138633	0.8997612810667094	2.499838456359289
seed2	severely_unequal	mixed_covariate	0.1	building_equal	mantel	300	199	0.44	0.38493919498482354	0.49657796156212186	0.065	0.5012722431600877	0.004178556821876738	72.0	5.0	32.0	0.8093779046851923	0.5709953703703704	0.45432138095793856	0.4455835944138633	0.8997612810667094	2.499838456359289
seed2	severely_unequal	mixed_covariate	0.1	building_equal	nested_max	300	199	0.43	0.3752111767337645	0.48655883923767185	0.0625	0.5012722431600877	0.004178556821876738	72.0	5.0	32.0	0.8093779046851923	0.5709953703703704	0.45432138095793856	0.4455835944138633	0.8997612810667094	2.499838456359289
seed2	severely_unequal	mixed_covariate	0.1	building_equal	standardized_max	300	199	0.44	0.38493919498482354	0.49657796156212186	0.0625	0.5012722431600877	0.004178556821876738	72.0	5.0	32.0	0.8093779046851923	0.5709953703703704	0.45432138095793856	0.4455835944138633	0.8997612810667094	2.499838456359289
seed2	severely_unequal	mixed_covariate	0.1	building_equal	cv_retrained	300	199	0.19	0.14963485033440665	0.23820379182481183	0.2	0.5012722431600877	0.004178556821876738	72.0	5.0	32.0	0.8093779046851923	0.5709953703703704	0.45432138095793856	0.4455835944138633	0.8997612810667094	2.499838456359289
seed2	severely_unequal	mixed_covariate	0.1	building_equal	cv_standardized	300	199	0.3466666666666667	0.2950585411049252	0.40215197007060216	0.095	0.5001727825072806	0.01153941754266421	72.0	5.0	32.0	0.8093779046851923	0.5709953703703704	0.45432138095793856	0.4455835944138633	0.8997612810667094	2.499838456359289
seed2	severely_unequal	mixed_covariate	0.1	sqrt_rooms	profile	300	199	0.4266666666666667	0.3719735758386311	0.4832140599409689	0.065	0.5014161198424483	0.0035333424729668437	72.0	5.0	32.0	0.8093779046851923	0.5709953703703704	0.45432138095793856	0.4455835944138633	0.8997612810667094	2.499838456359289
seed2	severely_unequal	mixed_covariate	0.1	sqrt_rooms	mantel	300	199	0.44	0.38493919498482354	0.49657796156212186	0.065	0.5014161198424483	0.0035333424729668437	72.0	5.0	32.0	0.8093779046851923	0.5709953703703704	0.45432138095793856	0.4455835944138633	0.8997612810667094	2.499838456359289
seed2	severely_unequal	mixed_covariate	0.1	sqrt_rooms	nested_max	300	199	0.43	0.3752111767337645	0.48655883923767185	0.0625	0.5014161198424483	0.0035333424729668437	72.0	5.0	32.0	0.8093779046851923	0.5709953703703704	0.45432138095793856	0.4455835944138633	0.8997612810667094	2.499838456359289
seed2	severely_unequal	mixed_covariate	0.1	sqrt_rooms	standardized_max	300	199	0.44	0.38493919498482354	0.49657796156212186	0.0625	0.5014161198424483	0.0035333424729668437	72.0	5.0	32.0	0.8093779046851923	0.5709953703703704	0.45432138095793856	0.4455835944138633	0.8997612810667094	2.499838456359289
seed2	severely_unequal	mixed_covariate	0.1	sqrt_rooms	cv_retrained	300	199	0.32666666666666666	0.2760784389482685	0.3816377910762407	0.115	0.5014161198424483	0.0035333424729668437	72.0	5.0	32.0	0.8093779046851923	0.5709953703703704	0.45432138095793856	0.4455835944138633	0.8997612810667094	2.499838456359289
seed2	severely_unequal	mixed_covariate	0.1	sqrt_rooms	cv_standardized	300	199	0.44666666666666666	0.39143715496049114	0.503244761970127	0.065	0.5000372503113053	0.011097074293259455	72.0	5.0	32.0	0.8093779046851923	0.5709953703703704	0.45432138095793856	0.4455835944138633	0.8997612810667094	2.499838456359289
seed2	severely_unequal	mixed_covariate	0.1	room_equal	profile	300	199	0.4266666666666667	0.3719735758386311	0.4832140599409689	0.065	0.5015063636832957	0.003063370510586565	72.0	5.0	32.0	0.8093779046851923	0.5709953703703704	0.45432138095793856	0.4455835944138633	0.8997612810667094	2.499838456359289
seed2	severely_unequal	mixed_covariate	0.1	room_equal	mantel	300	199	0.44	0.38493919498482354	0.49657796156212186	0.065	0.5015063636832957	0.003063370510586565	72.0	5.0	32.0	0.8093779046851923	0.5709953703703704	0.45432138095793856	0.4455835944138633	0.8997612810667094	2.499838456359289
seed2	severely_unequal	mixed_covariate	0.1	room_equal	nested_max	300	199	0.43	0.3752111767337645	0.48655883923767185	0.0625	0.5015063636832957	0.003063370510586565	72.0	5.0	32.0	0.8093779046851923	0.5709953703703704	0.45432138095793856	0.4455835944138633	0.8997612810667094	2.499838456359289
seed2	severely_unequal	mixed_covariate	0.1	room_equal	standardized_max	300	199	0.44	0.38493919498482354	0.49657796156212186	0.0625	0.5015063636832957	0.003063370510586565	72.0	5.0	32.0	0.8093779046851923	0.5709953703703704	0.45432138095793856	0.4455835944138633	0.8997612810667094	2.499838456359289
seed2	severely_unequal	mixed_covariate	0.1	room_equal	cv_retrained	300	199	0.4533333333333333	0.39794515245358275	0.509901524860708	0.07250000000000001	0.5015063636832957	0.003063370510586565	72.0	5.0	32.0	0.8093779046851923	0.5709953703703704	0.45432138095793856	0.4455835944138633	0.8997612810667094	2.499838456359289
seed2	severely_unequal	mixed_covariate	0.1	room_equal	cv_standardized	300	199	0.45	0.394689901646408	0.5065743954760465	0.06	0.49977698914699564	0.011142173374964266	72.0	5.0	32.0	0.8093779046851923	0.5709953703703704	0.45432138095793856	0.4455835944138633	0.8997612810667094	2.499838456359289
seed2	severely_unequal	mixed_covariate	0.25	building_equal	profile	300	199	0.4266666666666667	0.3719735758386311	0.4832140599409689	0.065	0.5031798077271161	0.010441820318607522	72.0	5.0	32.0	0.8093779046851923	0.5709953703703704	0.45432138095793856	0.4455835944138633	0.8997612810667094	2.499838456359289
seed2	severely_unequal	mixed_covariate	0.25	building_equal	mantel	300	199	0.44	0.38493919498482354	0.49657796156212186	0.065	0.5031798077271161	0.010441820318607522	72.0	5.0	32.0	0.8093779046851923	0.5709953703703704	0.45432138095793856	0.4455835944138633	0.8997612810667094	2.499838456359289
seed2	severely_unequal	mixed_covariate	0.25	building_equal	nested_max	300	199	0.43	0.3752111767337645	0.48655883923767185	0.0625	0.5031798077271161	0.010441820318607522	72.0	5.0	32.0	0.8093779046851923	0.5709953703703704	0.45432138095793856	0.4455835944138633	0.8997612810667094	2.499838456359289
seed2	severely_unequal	mixed_covariate	0.25	building_equal	standardized_max	300	199	0.44	0.38493919498482354	0.49657796156212186	0.0625	0.5031798077271161	0.010441820318607522	72.0	5.0	32.0	0.8093779046851923	0.5709953703703704	0.45432138095793856	0.4455835944138633	0.8997612810667094	2.499838456359289
seed2	severely_unequal	mixed_covariate	0.25	building_equal	cv_retrained	300	199	0.19	0.14963485033440665	0.23820379182481183	0.2025	0.5031798077271161	0.010441820318607522	72.0	5.0	32.0	0.8093779046851923	0.5709953703703704	0.45432138095793856	0.4455835944138633	0.8997612810667094	2.499838456359289
seed2	severely_unequal	mixed_covariate	0.25	building_equal	cv_standardized	300	199	0.35333333333333333	0.30140830066923496	0.40896697088996514	0.0975	0.5004390810607676	0.028746936899503125	72.0	5.0	32.0	0.8093779046851923	0.5709953703703704	0.45432138095793856	0.4455835944138633	0.8997612810667094	2.499838456359289
seed2	severely_unequal	mixed_covariate	0.25	sqrt_rooms	profile	300	199	0.4266666666666667	0.3719735758386311	0.4832140599409689	0.065	0.5035394939878944	0.008830382835322385	72.0	5.0	32.0	0.8093779046851923	0.5709953703703704	0.45432138095793856	0.4455835944138633	0.8997612810667094	2.499838456359289
seed2	severely_unequal	mixed_covariate	0.25	sqrt_rooms	mantel	300	199	0.44	0.38493919498482354	0.49657796156212186	0.065	0.5035394939878944	0.008830382835322385	72.0	5.0	32.0	0.8093779046851923	0.5709953703703704	0.45432138095793856	0.4455835944138633	0.8997612810667094	2.499838456359289
seed2	severely_unequal	mixed_covariate	0.25	sqrt_rooms	nested_max	300	199	0.43	0.3752111767337645	0.48655883923767185	0.0625	0.5035394939878944	0.008830382835322385	72.0	5.0	32.0	0.8093779046851923	0.5709953703703704	0.45432138095793856	0.4455835944138633	0.8997612810667094	2.499838456359289
seed2	severely_unequal	mixed_covariate	0.25	sqrt_rooms	standardized_max	300	199	0.44	0.38493919498482354	0.49657796156212186	0.0625	0.5035394939878944	0.008830382835322385	72.0	5.0	32.0	0.8093779046851923	0.5709953703703704	0.45432138095793856	0.4455835944138633	0.8997612810667094	2.499838456359289
seed2	severely_unequal	mixed_covariate	0.25	sqrt_rooms	cv_retrained	300	199	0.32666666666666666	0.2760784389482685	0.3816377910762407	0.115	0.5035394939878944	0.008830382835322385	72.0	5.0	32.0	0.8093779046851923	0.5709953703703704	0.45432138095793856	0.4455835944138633	0.8997612810667094	2.499838456359289
seed2	severely_unequal	mixed_covariate	0.25	sqrt_rooms	cv_standardized	300	199	0.44	0.38493919498482354	0.49657796156212186	0.07	0.500095983927614	0.027647107406549666	72.0	5.0	32.0	0.8093779046851923	0.5709953703703704	0.45432138095793856	0.4455835944138633	0.8997612810667094	2.499838456359289
seed2	severely_unequal	mixed_covariate	0.25	room_equal	profile	300	199	0.4266666666666667	0.3719735758386311	0.4832140599409689	0.065	0.50376517568532	0.007656156781083087	72.0	5.0	32.0	0.8093779046851923	0.5709953703703704	0.45432138095793856	0.4455835944138633	0.8997612810667094	2.499838456359289
seed2	severely_unequal	mixed_covariate	0.25	room_equal	mantel	300	199	0.44	0.38493919498482354	0.49657796156212186	0.065	0.50376517568532	0.007656156781083087	72.0	5.0	32.0	0.8093779046851923	0.5709953703703704	0.45432138095793856	0.4455835944138633	0.8997612810667094	2.499838456359289
seed2	severely_unequal	mixed_covariate	0.25	room_equal	nested_max	300	199	0.43	0.3752111767337645	0.48655883923767185	0.0625	0.50376517568532	0.007656156781083087	72.0	5.0	32.0	0.8093779046851923	0.5709953703703704	0.45432138095793856	0.4455835944138633	0.8997612810667094	2.499838456359289
seed2	severely_unequal	mixed_covariate	0.25	room_equal	standardized_max	300	199	0.44	0.38493919498482354	0.49657796156212186	0.0625	0.50376517568532	0.007656156781083087	72.0	5.0	32.0	0.8093779046851923	0.5709953703703704	0.45432138095793856	0.4455835944138633	0.8997612810667094	2.499838456359289
seed2	severely_unequal	mixed_covariate	0.25	room_equal	cv_retrained	300	199	0.45	0.394689901646408	0.5065743954760465	0.07250000000000001	0.50376517568532	0.007656156781083087	72.0	5.0	32.0	0.8093779046851923	0.5709953703703704	0.45432138095793856	0.4455835944138633	0.8997612810667094	2.499838456359289
seed2	severely_unequal	mixed_covariate	0.25	room_equal	cv_standardized	300	199	0.4533333333333333	0.39794515245358275	0.509901524860708	0.06	0.499447122136831	0.02773876527292836	72.0	5.0	32.0	0.8093779046851923	0.5709953703703704	0.45432138095793856	0.4455835944138633	0.8997612810667094	2.499838456359289
seed2	severely_unequal	mixed_covariate	0.5	building_equal	profile	300	199	0.4266666666666667	0.3719735758386311	0.4832140599409689	0.065	0.5063539067459503	0.02085110968166149	72.0	5.0	32.0	0.8093779046851923	0.5709953703703704	0.45432138095793856	0.4455835944138633	0.8997612810667094	2.499838456359289
seed2	severely_unequal	mixed_covariate	0.5	building_equal	mantel	300	199	0.44	0.38493919498482354	0.49657796156212186	0.065	0.5063539067459503	0.02085110968166149	72.0	5.0	32.0	0.8093779046851923	0.5709953703703704	0.45432138095793856	0.4455835944138633	0.8997612810667094	2.499838456359289
seed2	severely_unequal	mixed_covariate	0.5	building_equal	nested_max	300	199	0.43	0.3752111767337645	0.48655883923767185	0.0625	0.5063539067459503	0.02085110968166149	72.0	5.0	32.0	0.8093779046851923	0.5709953703703704	0.45432138095793856	0.4455835944138633	0.8997612810667094	2.499838456359289
seed2	severely_unequal	mixed_covariate	0.5	building_equal	standardized_max	300	199	0.44	0.38493919498482354	0.49657796156212186	0.0625	0.5063539067459503	0.02085110968166149	72.0	5.0	32.0	0.8093779046851923	0.5709953703703704	0.45432138095793856	0.4455835944138633	0.8997612810667094	2.499838456359289
seed2	severely_unequal	mixed_covariate	0.5	building_equal	cv_retrained	300	199	0.2	0.1586568589669413	0.24892892376778628	0.2025	0.5063539067459503	0.02085110968166149	72.0	5.0	32.0	0.8093779046851923	0.5709953703703704	0.45432138095793856	0.4455835944138633	0.8997612810667094	2.499838456359289
seed2	severely_unequal	mixed_covariate	0.5	building_equal	cv_standardized	300	199	0.35	0.29823200252235404	0.4055608888450096	0.0975	0.5009262659416374	0.05679139323144614	72.0	5.0	32.0	0.8093779046851923	0.5709953703703704	0.45432138095793856	0.4455835944138633	0.8997612810667094	2.499838456359289
seed2	severely_unequal	mixed_covariate	0.5	sqrt_rooms	profile	300	199	0.4266666666666667	0.3719735758386311	0.4832140599409689	0.065	0.5070732428423633	0.017639589943272638	72.0	5.0	32.0	0.8093779046851923	0.5709953703703704	0.45432138095793856	0.4455835944138633	0.8997612810667094	2.499838456359289
seed2	severely_unequal	mixed_covariate	0.5	sqrt_rooms	mantel	300	199	0.44	0.38493919498482354	0.49657796156212186	0.065	0.5070732428423633	0.017639589943272638	72.0	5.0	32.0	0.8093779046851923	0.5709953703703704	0.45432138095793856	0.4455835944138633	0.8997612810667094	2.499838456359289
seed2	severely_unequal	mixed_covariate	0.5	sqrt_rooms	nested_max	300	199	0.43	0.3752111767337645	0.48655883923767185	0.0625	0.5070732428423633	0.017639589943272638	72.0	5.0	32.0	0.8093779046851923	0.5709953703703704	0.45432138095793856	0.4455835944138633	0.8997612810667094	2.499838456359289
seed2	severely_unequal	mixed_covariate	0.5	sqrt_rooms	standardized_max	300	199	0.44	0.38493919498482354	0.49657796156212186	0.0625	0.5070732428423633	0.017639589943272638	72.0	5.0	32.0	0.8093779046851923	0.5709953703703704	0.45432138095793856	0.4455835944138633	0.8997612810667094	2.499838456359289
seed2	severely_unequal	mixed_covariate	0.5	sqrt_rooms	cv_retrained	300	199	0.3233333333333333	0.2729253960837475	0.37820845374892526	0.1175	0.5070732428423633	0.017639589943272638	72.0	5.0	32.0	0.8093779046851923	0.5709953703703704	0.45432138095793856	0.4455835944138633	0.8997612810667094	2.499838456359289
seed2	severely_unequal	mixed_covariate	0.5	sqrt_rooms	cv_standardized	300	199	0.43333333333333335	0.3784513181454693	0.48990107801780347	0.065	0.50021213452309	0.05463426543470244	72.0	5.0	32.0	0.8093779046851923	0.5709953703703704	0.45432138095793856	0.4455835944138633	0.8997612810667094	2.499838456359289
seed2	severely_unequal	mixed_covariate	0.5	room_equal	profile	300	199	0.4266666666666667	0.3719735758386311	0.4832140599409689	0.065	0.5075251198672581	0.015296144403089925	72.0	5.0	32.0	0.8093779046851923	0.5709953703703704	0.45432138095793856	0.4455835944138633	0.8997612810667094	2.499838456359289
seed2	severely_unequal	mixed_covariate	0.5	room_equal	mantel	300	199	0.44	0.38493919498482354	0.49657796156212186	0.065	0.5075251198672581	0.015296144403089925	72.0	5.0	32.0	0.8093779046851923	0.5709953703703704	0.45432138095793856	0.4455835944138633	0.8997612810667094	2.499838456359289
seed2	severely_unequal	mixed_covariate	0.5	room_equal	nested_max	300	199	0.43	0.3752111767337645	0.48655883923767185	0.0625	0.5075251198672581	0.015296144403089925	72.0	5.0	32.0	0.8093779046851923	0.5709953703703704	0.45432138095793856	0.4455835944138633	0.8997612810667094	2.499838456359289
seed2	severely_unequal	mixed_covariate	0.5	room_equal	standardized_max	300	199	0.44	0.38493919498482354	0.49657796156212186	0.0625	0.5075251198672581	0.015296144403089925	72.0	5.0	32.0	0.8093779046851923	0.5709953703703704	0.45432138095793856	0.4455835944138633	0.8997612810667094	2.499838456359289
seed2	severely_unequal	mixed_covariate	0.5	room_equal	cv_retrained	300	199	0.44333333333333336	0.38818691756565193	0.4999126191731299	0.07	0.5075251198672581	0.015296144403089925	72.0	5.0	32.0	0.8093779046851923	0.5709953703703704	0.45432138095793856	0.4455835944138633	0.8997612810667094	2.499838456359289
seed2	severely_unequal	mixed_covariate	0.5	room_equal	cv_standardized	300	199	0.44666666666666666	0.39143715496049114	0.503244761970127	0.065	0.49892763732914147	0.05468004063258639	72.0	5.0	32.0	0.8093779046851923	0.5709953703703704	0.45432138095793856	0.4455835944138633	0.8997612810667094	2.499838456359289
seed2	severely_unequal	mixed_covariate	1.0	building_equal	profile	300	199	0.4266666666666667	0.3719735758386311	0.4832140599409689	0.065	0.5126623591592918	0.04144577873047405	72.0	5.0	32.0	0.8093779046851923	0.5709953703703704	0.45432138095793856	0.4455835944138633	0.8997612810667094	2.499838456359289
seed2	severely_unequal	mixed_covariate	1.0	building_equal	mantel	300	199	0.44	0.38493919498482354	0.49657796156212186	0.065	0.5126623591592918	0.04144577873047405	72.0	5.0	32.0	0.8093779046851923	0.5709953703703704	0.45432138095793856	0.4455835944138633	0.8997612810667094	2.499838456359289
seed2	severely_unequal	mixed_covariate	1.0	building_equal	nested_max	300	199	0.43	0.3752111767337645	0.48655883923767185	0.0625	0.5126623591592918	0.04144577873047405	72.0	5.0	32.0	0.8093779046851923	0.5709953703703704	0.45432138095793856	0.4455835944138633	0.8997612810667094	2.499838456359289
seed2	severely_unequal	mixed_covariate	1.0	building_equal	standardized_max	300	199	0.44	0.38493919498482354	0.49657796156212186	0.0625	0.5126623591592918	0.04144577873047405	72.0	5.0	32.0	0.8093779046851923	0.5709953703703704	0.45432138095793856	0.4455835944138633	0.8997612810667094	2.499838456359289
seed2	severely_unequal	mixed_covariate	1.0	building_equal	cv_retrained	300	199	0.19333333333333333	0.15263726685545376	0.2417837554956011	0.2025	0.5126623591592918	0.04144577873047405	72.0	5.0	32.0	0.8093779046851923	0.5709953703703704	0.45432138095793856	0.4455835944138633	0.8997612810667094	2.499838456359289
seed2	severely_unequal	mixed_covariate	1.0	building_equal	cv_standardized	300	199	0.32666666666666666	0.2760784389482685	0.3816377910762407	0.11	0.5021659673498401	0.1085814284617253	72.0	5.0	32.0	0.8093779046851923	0.5709953703703704	0.45432138095793856	0.4455835944138633	0.8997612810667094	2.499838456359289
seed2	severely_unequal	mixed_covariate	1.0	sqrt_rooms	profile	300	199	0.4266666666666667	0.3719735758386311	0.4832140599409689	0.065	0.5141008131055431	0.03511169635047195	72.0	5.0	32.0	0.8093779046851923	0.5709953703703704	0.45432138095793856	0.4455835944138633	0.8997612810667094	2.499838456359289
seed2	severely_unequal	mixed_covariate	1.0	sqrt_rooms	mantel	300	199	0.44	0.38493919498482354	0.49657796156212186	0.065	0.5141008131055431	0.03511169635047195	72.0	5.0	32.0	0.8093779046851923	0.5709953703703704	0.45432138095793856	0.4455835944138633	0.8997612810667094	2.499838456359289
seed2	severely_unequal	mixed_covariate	1.0	sqrt_rooms	nested_max	300	199	0.43	0.3752111767337645	0.48655883923767185	0.0625	0.5141008131055431	0.03511169635047195	72.0	5.0	32.0	0.8093779046851923	0.5709953703703704	0.45432138095793856	0.4455835944138633	0.8997612810667094	2.499838456359289
seed2	severely_unequal	mixed_covariate	1.0	sqrt_rooms	standardized_max	300	199	0.44	0.38493919498482354	0.49657796156212186	0.0625	0.5141008131055431	0.03511169635047195	72.0	5.0	32.0	0.8093779046851923	0.5709953703703704	0.45432138095793856	0.4455835944138633	0.8997612810667094	2.499838456359289
seed2	severely_unequal	mixed_covariate	1.0	sqrt_rooms	cv_retrained	300	199	0.31666666666666665	0.26662835068573615	0.37134073876326396	0.1175	0.5141008131055431	0.03511169635047195	72.0	5.0	32.0	0.8093779046851923	0.5709953703703704	0.45432138095793856	0.4455835944138633	0.8997612810667094	2.499838456359289
seed2	severely_unequal	mixed_covariate	1.0	sqrt_rooms	cv_standardized	300	199	0.43666666666666665	0.3816939930978369	0.49324078325727216	0.065	0.5005764417466679	0.10458623488337065	72.0	5.0	32.0	0.8093779046851923	0.5709953703703704	0.45432138095793856	0.4455835944138633	0.8997612810667094	2.499838456359289
seed2	severely_unequal	mixed_covariate	1.0	room_equal	profile	300	199	0.4266666666666667	0.3719735758386311	0.4832140599409689	0.065	0.5150086342959477	0.03046421600493163	72.0	5.0	32.0	0.8093779046851923	0.5709953703703704	0.45432138095793856	0.4455835944138633	0.8997612810667094	2.499838456359289
seed2	severely_unequal	mixed_covariate	1.0	room_equal	mantel	300	199	0.44	0.38493919498482354	0.49657796156212186	0.065	0.5150086342959477	0.03046421600493163	72.0	5.0	32.0	0.8093779046851923	0.5709953703703704	0.45432138095793856	0.4455835944138633	0.8997612810667094	2.499838456359289
seed2	severely_unequal	mixed_covariate	1.0	room_equal	nested_max	300	199	0.43	0.3752111767337645	0.48655883923767185	0.0625	0.5150086342959477	0.03046421600493163	72.0	5.0	32.0	0.8093779046851923	0.5709953703703704	0.45432138095793856	0.4455835944138633	0.8997612810667094	2.499838456359289
seed2	severely_unequal	mixed_covariate	1.0	room_equal	standardized_max	300	199	0.44	0.38493919498482354	0.49657796156212186	0.0625	0.5150086342959477	0.03046421600493163	72.0	5.0	32.0	0.8093779046851923	0.5709953703703704	0.45432138095793856	0.4455835944138633	0.8997612810667094	2.499838456359289
seed2	severely_unequal	mixed_covariate	1.0	room_equal	cv_retrained	300	199	0.43333333333333335	0.3784513181454693	0.48990107801780347	0.07	0.5150086342959477	0.03046421600493163	72.0	5.0	32.0	0.8093779046851923	0.5709953703703704	0.45432138095793856	0.4455835944138633	0.8997612810667094	2.499838456359289
seed2	severely_unequal	mixed_covariate	1.0	room_equal	cv_standardized	300	199	0.43	0.3752111767337645	0.48655883923767185	0.065	0.49811790392888505	0.103871988492768	72.0	5.0	32.0	0.8093779046851923	0.5709953703703704	0.45432138095793856	0.4455835944138633	0.8997612810667094	2.499838456359289
seed2	severely_unequal	mixed_covariate	2.0	building_equal	profile	300	199	0.4266666666666667	0.3719735758386311	0.4832140599409689	0.065	0.5249682089589253	0.0809528596184633	72.0	5.0	32.0	0.8093779046851923	0.5709953703703704	0.45432138095793856	0.4455835944138633	0.8997612810667094	2.499838456359289
seed2	severely_unequal	mixed_covariate	2.0	building_equal	mantel	300	199	0.44	0.38493919498482354	0.49657796156212186	0.065	0.5249682089589253	0.0809528596184633	72.0	5.0	32.0	0.8093779046851923	0.5709953703703704	0.45432138095793856	0.4455835944138633	0.8997612810667094	2.499838456359289
seed2	severely_unequal	mixed_covariate	2.0	building_equal	nested_max	300	199	0.43	0.3752111767337645	0.48655883923767185	0.0625	0.5249682089589253	0.0809528596184633	72.0	5.0	32.0	0.8093779046851923	0.5709953703703704	0.45432138095793856	0.4455835944138633	0.8997612810667094	2.499838456359289
seed2	severely_unequal	mixed_covariate	2.0	building_equal	standardized_max	300	199	0.44	0.38493919498482354	0.49657796156212186	0.0625	0.5249682089589253	0.0809528596184633	72.0	5.0	32.0	0.8093779046851923	0.5709953703703704	0.45432138095793856	0.4455835944138633	0.8997612810667094	2.499838456359289
seed2	severely_unequal	mixed_covariate	2.0	building_equal	cv_retrained	300	199	0.18	0.1406583026966649	0.2274331988870445	0.205	0.5249682089589253	0.0809528596184633	72.0	5.0	32.0	0.8093779046851923	0.5709953703703704	0.45432138095793856	0.4455835944138633	0.8997612810667094	2.499838456359289
seed2	severely_unequal	mixed_covariate	2.0	building_equal	cv_standardized	300	199	0.2833333333333333	0.2353308526310286	0.33681443489960794	0.12	0.5056032113443055	0.18917637602956433	72.0	5.0	32.0	0.8093779046851923	0.5709953703703704	0.45432138095793856	0.4455835944138633	0.8997612810667094	2.499838456359289
seed2	severely_unequal	mixed_covariate	2.0	sqrt_rooms	profile	300	199	0.4266666666666667	0.3719735758386311	0.4832140599409689	0.065	0.5278452705988271	0.06894150208179052	72.0	5.0	32.0	0.8093779046851923	0.5709953703703704	0.45432138095793856	0.4455835944138633	0.8997612810667094	2.499838456359289
seed2	severely_unequal	mixed_covariate	2.0	sqrt_rooms	mantel	300	199	0.44	0.38493919498482354	0.49657796156212186	0.065	0.5278452705988271	0.06894150208179052	72.0	5.0	32.0	0.8093779046851923	0.5709953703703704	0.45432138095793856	0.4455835944138633	0.8997612810667094	2.499838456359289
seed2	severely_unequal	mixed_covariate	2.0	sqrt_rooms	nested_max	300	199	0.43	0.3752111767337645	0.48655883923767185	0.0625	0.5278452705988271	0.06894150208179052	72.0	5.0	32.0	0.8093779046851923	0.5709953703703704	0.45432138095793856	0.4455835944138633	0.8997612810667094	2.499838456359289
seed2	severely_unequal	mixed_covariate	2.0	sqrt_rooms	standardized_max	300	199	0.44	0.38493919498482354	0.49657796156212186	0.0625	0.5278452705988271	0.06894150208179052	72.0	5.0	32.0	0.8093779046851923	0.5709953703703704	0.45432138095793856	0.4455835944138633	0.8997612810667094	2.499838456359289
seed2	severely_unequal	mixed_covariate	2.0	sqrt_rooms	cv_retrained	300	199	0.31666666666666665	0.26662835068573615	0.37134073876326396	0.1225	0.5278452705988271	0.06894150208179052	72.0	5.0	32.0	0.8093779046851923	0.5709953703703704	0.45432138095793856	0.4455835944138633	0.8997612810667094	2.499838456359289
seed2	severely_unequal	mixed_covariate	2.0	sqrt_rooms	cv_standardized	300	199	0.4066666666666667	0.3526017598634212	0.46309159476516065	0.07	0.5020635714244657	0.18306394725925354	72.0	5.0	32.0	0.8093779046851923	0.5709953703703704	0.45432138095793856	0.4455835944138633	0.8997612810667094	2.499838456359289
seed2	severely_unequal	mixed_covariate	2.0	room_equal	profile	300	199	0.4266666666666667	0.3719735758386311	0.4832140599409689	0.065	0.5296921010933637	0.0599427733311076	72.0	5.0	32.0	0.8093779046851923	0.5709953703703704	0.45432138095793856	0.4455835944138633	0.8997612810667094	2.499838456359289
seed2	severely_unequal	mixed_covariate	2.0	room_equal	mantel	300	199	0.44	0.38493919498482354	0.49657796156212186	0.065	0.5296921010933637	0.0599427733311076	72.0	5.0	32.0	0.8093779046851923	0.5709953703703704	0.45432138095793856	0.4455835944138633	0.8997612810667094	2.499838456359289
seed2	severely_unequal	mixed_covariate	2.0	room_equal	nested_max	300	199	0.43	0.3752111767337645	0.48655883923767185	0.0625	0.5296921010933637	0.0599427733311076	72.0	5.0	32.0	0.8093779046851923	0.5709953703703704	0.45432138095793856	0.4455835944138633	0.8997612810667094	2.499838456359289
seed2	severely_unequal	mixed_covariate	2.0	room_equal	standardized_max	300	199	0.44	0.38493919498482354	0.49657796156212186	0.0625	0.5296921010933637	0.0599427733311076	72.0	5.0	32.0	0.8093779046851923	0.5709953703703704	0.45432138095793856	0.4455835944138633	0.8997612810667094	2.499838456359289
seed2	severely_unequal	mixed_covariate	2.0	room_equal	cv_retrained	300	199	0.42	0.3655060253806384	0.4765168500152888	0.0675	0.5296921010933637	0.0599427733311076	72.0	5.0	32.0	0.8093779046851923	0.5709953703703704	0.45432138095793856	0.4455835944138633	0.8997612810667094	2.499838456359289
seed2	severely_unequal	mixed_covariate	2.0	room_equal	cv_standardized	300	199	0.42	0.3655060253806384	0.4765168500152888	0.065	0.49788978056905925	0.17897668863301364	72.0	5.0	32.0	0.8093779046851923	0.5709953703703704	0.45432138095793856	0.4455835944138633	0.8997612810667094	2.499838456359289
seed2	severely_unequal	mixed_covariate	4.0	building_equal	profile	300	199	0.4266666666666667	0.3719735758386311	0.4832140599409689	0.065	0.5473201087808193	0.14916468928809143	72.0	5.0	32.0	0.8093779046851923	0.5709953703703704	0.45432138095793856	0.4455835944138633	0.8997612810667094	2.499838456359289
seed2	severely_unequal	mixed_covariate	4.0	building_equal	mantel	300	199	0.44	0.38493919498482354	0.49657796156212186	0.065	0.5473201087808193	0.14916468928809143	72.0	5.0	32.0	0.8093779046851923	0.5709953703703704	0.45432138095793856	0.4455835944138633	0.8997612810667094	2.499838456359289
seed2	severely_unequal	mixed_covariate	4.0	building_equal	nested_max	300	199	0.43	0.3752111767337645	0.48655883923767185	0.0625	0.5473201087808193	0.14916468928809143	72.0	5.0	32.0	0.8093779046851923	0.5709953703703704	0.45432138095793856	0.4455835944138633	0.8997612810667094	2.499838456359289
seed2	severely_unequal	mixed_covariate	4.0	building_equal	standardized_max	300	199	0.44	0.38493919498482354	0.49657796156212186	0.0625	0.5473201087808193	0.14916468928809143	72.0	5.0	32.0	0.8093779046851923	0.5709953703703704	0.45432138095793856	0.4455835944138633	0.8997612810667094	2.499838456359289
seed2	severely_unequal	mixed_covariate	4.0	building_equal	cv_retrained	300	199	0.17	0.13173009843992434	0.21661426256827604	0.2275	0.5473201087808193	0.14916468928809143	72.0	5.0	32.0	0.8093779046851923	0.5709953703703704	0.45432138095793856	0.4455835944138633	0.8997612810667094	2.499838456359289
seed2	severely_unequal	mixed_covariate	4.0	building_equal	cv_standardized	300	199	0.24666666666666667	0.20129380271657715	0.2984453027038595	0.145	0.5122309003076738	0.27798447970049267	72.0	5.0	32.0	0.8093779046851923	0.5709953703703704	0.45432138095793856	0.4455835944138633	0.8997612810667094	2.499838456359289
seed2	severely_unequal	mixed_covariate	4.0	sqrt_rooms	profile	300	199	0.4266666666666667	0.3719735758386311	0.4832140599409689	0.065	0.5531017926372477	0.1291297360185786	72.0	5.0	32.0	0.8093779046851923	0.5709953703703704	0.45432138095793856	0.4455835944138633	0.8997612810667094	2.499838456359289
seed2	severely_unequal	mixed_covariate	4.0	sqrt_rooms	mantel	300	199	0.44	0.38493919498482354	0.49657796156212186	0.065	0.5531017926372477	0.1291297360185786	72.0	5.0	32.0	0.8093779046851923	0.5709953703703704	0.45432138095793856	0.4455835944138633	0.8997612810667094	2.499838456359289
seed2	severely_unequal	mixed_covariate	4.0	sqrt_rooms	nested_max	300	199	0.43	0.3752111767337645	0.48655883923767185	0.0625	0.5531017926372477	0.1291297360185786	72.0	5.0	32.0	0.8093779046851923	0.5709953703703704	0.45432138095793856	0.4455835944138633	0.8997612810667094	2.499838456359289
seed2	severely_unequal	mixed_covariate	4.0	sqrt_rooms	standardized_max	300	199	0.44	0.38493919498482354	0.49657796156212186	0.0625	0.5531017926372477	0.1291297360185786	72.0	5.0	32.0	0.8093779046851923	0.5709953703703704	0.45432138095793856	0.4455835944138633	0.8997612810667094	2.499838456359289
seed2	severely_unequal	mixed_covariate	4.0	sqrt_rooms	cv_retrained	300	199	0.2633333333333333	0.21671150294236005	0.3159395034372583	0.1275	0.5531017926372477	0.1291297360185786	72.0	5.0	32.0	0.8093779046851923	0.5709953703703704	0.45432138095793856	0.4455835944138633	0.8997612810667094	2.499838456359289
seed2	severely_unequal	mixed_covariate	4.0	sqrt_rooms	cv_standardized	300	199	0.36666666666666664	0.3141415065082282	0.4225632858183173	0.0825	0.5066080314877687	0.2718189679322343	72.0	5.0	32.0	0.8093779046851923	0.5709953703703704	0.45432138095793856	0.4455835944138633	0.8997612810667094	2.499838456359289
seed2	severely_unequal	mixed_covariate	4.0	room_equal	profile	300	199	0.4266666666666667	0.3719735758386311	0.4832140599409689	0.065	0.5570034738831591	0.11303385951724616	72.0	5.0	32.0	0.8093779046851923	0.5709953703703704	0.45432138095793856	0.4455835944138633	0.8997612810667094	2.499838456359289
seed2	severely_unequal	mixed_covariate	4.0	room_equal	mantel	300	199	0.44	0.38493919498482354	0.49657796156212186	0.065	0.5570034738831591	0.11303385951724616	72.0	5.0	32.0	0.8093779046851923	0.5709953703703704	0.45432138095793856	0.4455835944138633	0.8997612810667094	2.499838456359289
seed2	severely_unequal	mixed_covariate	4.0	room_equal	nested_max	300	199	0.43	0.3752111767337645	0.48655883923767185	0.0625	0.5570034738831591	0.11303385951724616	72.0	5.0	32.0	0.8093779046851923	0.5709953703703704	0.45432138095793856	0.4455835944138633	0.8997612810667094	2.499838456359289
seed2	severely_unequal	mixed_covariate	4.0	room_equal	standardized_max	300	199	0.44	0.38493919498482354	0.49657796156212186	0.0625	0.5570034738831591	0.11303385951724616	72.0	5.0	32.0	0.8093779046851923	0.5709953703703704	0.45432138095793856	0.4455835944138633	0.8997612810667094	2.499838456359289
seed2	severely_unequal	mixed_covariate	4.0	room_equal	cv_retrained	300	199	0.41	0.35582394979935006	0.4664517850210681	0.07	0.5570034738831591	0.11303385951724616	72.0	5.0	32.0	0.8093779046851923	0.5709953703703704	0.45432138095793856	0.4455835944138633	0.8997612810667094	2.499838456359289
seed2	severely_unequal	mixed_covariate	4.0	room_equal	cv_standardized	300	199	0.41	0.35582394979935006	0.4664517850210681	0.07	0.5009581331706889	0.26109351228136357	72.0	5.0	32.0	0.8093779046851923	0.5709953703703704	0.45432138095793856	0.4455835944138633	0.8997612810667094	2.499838456359289
seed2	severely_unequal	mixed_covariate	8.0	building_equal	profile	300	199	0.4266666666666667	0.3719735758386311	0.4832140599409689	0.065	0.5796423100265102	0.23908461558839952	72.0	5.0	32.0	0.8093779046851923	0.5709953703703704	0.45432138095793856	0.4455835944138633	0.8997612810667094	2.499838456359289
seed2	severely_unequal	mixed_covariate	8.0	building_equal	mantel	300	199	0.44	0.38493919498482354	0.49657796156212186	0.065	0.5796423100265102	0.23908461558839952	72.0	5.0	32.0	0.8093779046851923	0.5709953703703704	0.45432138095793856	0.4455835944138633	0.8997612810667094	2.499838456359289
seed2	severely_unequal	mixed_covariate	8.0	building_equal	nested_max	300	199	0.43	0.3752111767337645	0.48655883923767185	0.0625	0.5796423100265102	0.23908461558839952	72.0	5.0	32.0	0.8093779046851923	0.5709953703703704	0.45432138095793856	0.4455835944138633	0.8997612810667094	2.499838456359289
seed2	severely_unequal	mixed_covariate	8.0	building_equal	standardized_max	300	199	0.44	0.38493919498482354	0.49657796156212186	0.0625	0.5796423100265102	0.23908461558839952	72.0	5.0	32.0	0.8093779046851923	0.5709953703703704	0.45432138095793856	0.4455835944138633	0.8997612810667094	2.499838456359289
seed2	severely_unequal	mixed_covariate	8.0	building_equal	cv_retrained	300	199	0.15333333333333332	0.11696640299091687	0.19846605705810166	0.28	0.5796423100265102	0.23908461558839952	72.0	5.0	32.0	0.8093779046851923	0.5709953703703704	0.45432138095793856	0.4455835944138633	0.8997612810667094	2.499838456359289
seed2	severely_unequal	mixed_covariate	8.0	building_equal	cv_standardized	300	199	0.22666666666666666	0.18291950380328575	0.2773253204661327	0.1825	0.5178983771716137	0.3404011051940623	72.0	5.0	32.0	0.8093779046851923	0.5709953703703704	0.45432138095793856	0.4455835944138633	0.8997612810667094	2.499838456359289
seed2	severely_unequal	mixed_covariate	8.0	sqrt_rooms	profile	300	199	0.4266666666666667	0.3719735758386311	0.4832140599409689	0.065	0.591251021694168	0.21415097177127013	72.0	5.0	32.0	0.8093779046851923	0.5709953703703704	0.45432138095793856	0.4455835944138633	0.8997612810667094	2.499838456359289
seed2	severely_unequal	mixed_covariate	8.0	sqrt_rooms	mantel	300	199	0.44	0.38493919498482354	0.49657796156212186	0.065	0.591251021694168	0.21415097177127013	72.0	5.0	32.0	0.8093779046851923	0.5709953703703704	0.45432138095793856	0.4455835944138633	0.8997612810667094	2.499838456359289
seed2	severely_unequal	mixed_covariate	8.0	sqrt_rooms	nested_max	300	199	0.43	0.3752111767337645	0.48655883923767185	0.0625	0.591251021694168	0.21415097177127013	72.0	5.0	32.0	0.8093779046851923	0.5709953703703704	0.45432138095793856	0.4455835944138633	0.8997612810667094	2.499838456359289
seed2	severely_unequal	mixed_covariate	8.0	sqrt_rooms	standardized_max	300	199	0.44	0.38493919498482354	0.49657796156212186	0.0625	0.591251021694168	0.21415097177127013	72.0	5.0	32.0	0.8093779046851923	0.5709953703703704	0.45432138095793856	0.4455835944138633	0.8997612810667094	2.499838456359289
seed2	severely_unequal	mixed_covariate	8.0	sqrt_rooms	cv_retrained	300	199	0.23666666666666666	0.19208870391653038	0.28790326092839713	0.155	0.591251021694168	0.21415097177127013	72.0	5.0	32.0	0.8093779046851923	0.5709953703703704	0.45432138095793856	0.4455835944138633	0.8997612810667094	2.499838456359289
seed2	severely_unequal	mixed_covariate	8.0	sqrt_rooms	cv_standardized	300	199	0.36666666666666664	0.3141415065082282	0.4225632858183173	0.1	0.5129414281565763	0.33636232141572564	72.0	5.0	32.0	0.8093779046851923	0.5709953703703704	0.45432138095793856	0.4455835944138633	0.8997612810667094	2.499838456359289
seed2	severely_unequal	mixed_covariate	8.0	room_equal	profile	300	199	0.4266666666666667	0.3719735758386311	0.4832140599409689	0.065	0.5998236781567986	0.1900970022613119	72.0	5.0	32.0	0.8093779046851923	0.5709953703703704	0.45432138095793856	0.4455835944138633	0.8997612810667094	2.499838456359289
seed2	severely_unequal	mixed_covariate	8.0	room_equal	mantel	300	199	0.44	0.38493919498482354	0.49657796156212186	0.065	0.5998236781567986	0.1900970022613119	72.0	5.0	32.0	0.8093779046851923	0.5709953703703704	0.45432138095793856	0.4455835944138633	0.8997612810667094	2.499838456359289
seed2	severely_unequal	mixed_covariate	8.0	room_equal	nested_max	300	199	0.43	0.3752111767337645	0.48655883923767185	0.0625	0.5998236781567986	0.1900970022613119	72.0	5.0	32.0	0.8093779046851923	0.5709953703703704	0.45432138095793856	0.4455835944138633	0.8997612810667094	2.499838456359289
seed2	severely_unequal	mixed_covariate	8.0	room_equal	standardized_max	300	199	0.44	0.38493919498482354	0.49657796156212186	0.0625	0.5998236781567986	0.1900970022613119	72.0	5.0	32.0	0.8093779046851923	0.5709953703703704	0.45432138095793856	0.4455835944138633	0.8997612810667094	2.499838456359289
seed2	severely_unequal	mixed_covariate	8.0	room_equal	cv_retrained	300	199	0.36666666666666664	0.3141415065082282	0.4225632858183173	0.085	0.5998236781567986	0.1900970022613119	72.0	5.0	32.0	0.8093779046851923	0.5709953703703704	0.45432138095793856	0.4455835944138633	0.8997612810667094	2.499838456359289
seed2	severely_unequal	mixed_covariate	8.0	room_equal	cv_standardized	300	199	0.3933333333333333	0.3397391051458938	0.44962472871534254	0.0825	0.5061355931375228	0.3202328140662788	72.0	5.0	32.0	0.8093779046851923	0.5709953703703704	0.45432138095793856	0.4455835944138633	0.8997612810667094	2.499838456359289
seed2	severely_unequal	mixed_covariate	16.0	building_equal	profile	300	199	0.4266666666666667	0.3719735758386311	0.4832140599409689	0.065	0.6087318316475695	0.3161423758342813	72.0	5.0	32.0	0.8093779046851923	0.5709953703703704	0.45432138095793856	0.4455835944138633	0.8997612810667094	2.499838456359289
seed2	severely_unequal	mixed_covariate	16.0	building_equal	mantel	300	199	0.44	0.38493919498482354	0.49657796156212186	0.065	0.6087318316475695	0.3161423758342813	72.0	5.0	32.0	0.8093779046851923	0.5709953703703704	0.45432138095793856	0.4455835944138633	0.8997612810667094	2.499838456359289
seed2	severely_unequal	mixed_covariate	16.0	building_equal	nested_max	300	199	0.43	0.3752111767337645	0.48655883923767185	0.0625	0.6087318316475695	0.3161423758342813	72.0	5.0	32.0	0.8093779046851923	0.5709953703703704	0.45432138095793856	0.4455835944138633	0.8997612810667094	2.499838456359289
seed2	severely_unequal	mixed_covariate	16.0	building_equal	standardized_max	300	199	0.44	0.38493919498482354	0.49657796156212186	0.0625	0.6087318316475695	0.3161423758342813	72.0	5.0	32.0	0.8093779046851923	0.5709953703703704	0.45432138095793856	0.4455835944138633	0.8997612810667094	2.499838456359289
seed2	severely_unequal	mixed_covariate	16.0	building_equal	cv_retrained	300	199	0.15666666666666668	0.11990681678878562	0.2021080234520693	0.32	0.6087318316475695	0.3161423758342813	72.0	5.0	32.0	0.8093779046851923	0.5709953703703704	0.45432138095793856	0.4455835944138633	0.8997612810667094	2.499838456359289
seed2	severely_unequal	mixed_covariate	16.0	building_equal	cv_standardized	300	199	0.23	0.18597181807303015	0.28085538638822466	0.2	0.5197510742638557	0.37124837999754956	72.0	5.0	32.0	0.8093779046851923	0.5709953703703704	0.45432138095793856	0.4455835944138633	0.8997612810667094	2.499838456359289
seed2	severely_unequal	mixed_covariate	16.0	sqrt_rooms	profile	300	199	0.4266666666666667	0.3719735758386311	0.4832140599409689	0.065	0.6290939645729433	0.29468520036394663	72.0	5.0	32.0	0.8093779046851923	0.5709953703703704	0.45432138095793856	0.4455835944138633	0.8997612810667094	2.499838456359289
seed2	severely_unequal	mixed_covariate	16.0	sqrt_rooms	mantel	300	199	0.44	0.38493919498482354	0.49657796156212186	0.065	0.6290939645729433	0.29468520036394663	72.0	5.0	32.0	0.8093779046851923	0.5709953703703704	0.45432138095793856	0.4455835944138633	0.8997612810667094	2.499838456359289
seed2	severely_unequal	mixed_covariate	16.0	sqrt_rooms	nested_max	300	199	0.43	0.3752111767337645	0.48655883923767185	0.0625	0.6290939645729433	0.29468520036394663	72.0	5.0	32.0	0.8093779046851923	0.5709953703703704	0.45432138095793856	0.4455835944138633	0.8997612810667094	2.499838456359289
seed2	severely_unequal	mixed_covariate	16.0	sqrt_rooms	standardized_max	300	199	0.44	0.38493919498482354	0.49657796156212186	0.0625	0.6290939645729433	0.29468520036394663	72.0	5.0	32.0	0.8093779046851923	0.5709953703703704	0.45432138095793856	0.4455835944138633	0.8997612810667094	2.499838456359289
seed2	severely_unequal	mixed_covariate	16.0	sqrt_rooms	cv_retrained	300	199	0.21666666666666667	0.1737878350698321	0.2667098486240773	0.1875	0.6290939645729433	0.29468520036394663	72.0	5.0	32.0	0.8093779046851923	0.5709953703703704	0.45432138095793856	0.4455835944138633	0.8997612810667094	2.499838456359289
seed2	severely_unequal	mixed_covariate	16.0	sqrt_rooms	cv_standardized	300	199	0.35333333333333333	0.30140830066923496	0.40896697088996514	0.115	0.5174524752768977	0.36769812374578686	72.0	5.0	32.0	0.8093779046851923	0.5709953703703704	0.45432138095793856	0.4455835944138633	0.8997612810667094	2.499838456359289
seed2	severely_unequal	mixed_covariate	16.0	room_equal	profile	300	199	0.4266666666666667	0.3719735758386311	0.4832140599409689	0.065	0.645305324997627	0.2650978187272465	72.0	5.0	32.0	0.8093779046851923	0.5709953703703704	0.45432138095793856	0.4455835944138633	0.8997612810667094	2.499838456359289
seed2	severely_unequal	mixed_covariate	16.0	room_equal	mantel	300	199	0.44	0.38493919498482354	0.49657796156212186	0.065	0.645305324997627	0.2650978187272465	72.0	5.0	32.0	0.8093779046851923	0.5709953703703704	0.45432138095793856	0.4455835944138633	0.8997612810667094	2.499838456359289
seed2	severely_unequal	mixed_covariate	16.0	room_equal	nested_max	300	199	0.43	0.3752111767337645	0.48655883923767185	0.0625	0.645305324997627	0.2650978187272465	72.0	5.0	32.0	0.8093779046851923	0.5709953703703704	0.45432138095793856	0.4455835944138633	0.8997612810667094	2.499838456359289
seed2	severely_unequal	mixed_covariate	16.0	room_equal	standardized_max	300	199	0.44	0.38493919498482354	0.49657796156212186	0.0625	0.645305324997627	0.2650978187272465	72.0	5.0	32.0	0.8093779046851923	0.5709953703703704	0.45432138095793856	0.4455835944138633	0.8997612810667094	2.499838456359289
seed2	severely_unequal	mixed_covariate	16.0	room_equal	cv_retrained	300	199	0.31	0.26034352510199493	0.3644608039633325	0.105	0.645305324997627	0.2650978187272465	72.0	5.0	32.0	0.8093779046851923	0.5709953703703704	0.45432138095793856	0.4455835944138633	0.8997612810667094	2.499838456359289
seed2	severely_unequal	mixed_covariate	16.0	room_equal	cv_standardized	300	199	0.38666666666666666	0.3333235932848012	0.44287548019276246	0.0825	0.5085796212814168	0.3515528073215124	72.0	5.0	32.0	0.8093779046851923	0.5709953703703704	0.45432138095793856	0.4455835944138633	0.8997612810667094	2.499838456359289
